split,task,regime,seed,stress,hidden_load,invalid_load,moved_load,substitute_load,hazard_load,reappear_load,human_load,change_load,oracle_success_probability
nominal,shelf_retrieval,visual_occlusion,0,0.1,0.46464,0.035507,0.0749,0.032749,0.08184,0.3864,0.024086,0.03888,0.891169
nominal,shelf_retrieval,visual_occlusion,1,0.1,0.46464,0.035507,0.0749,0.032749,0.08184,0.3864,0.024086,0.03888,0.900325
nominal,shelf_retrieval,visual_occlusion,2,0.1,0.46464,0.035507,0.0749,0.032749,0.08184,0.3864,0.024086,0.03888,0.883687
nominal,shelf_retrieval,visual_occlusion,3,0.1,0.46464,0.035507,0.0749,0.032749,0.08184,0.3864,0.024086,0.03888,0.910218
nominal,shelf_retrieval,visual_occlusion,4,0.1,0.46464,0.035507,0.0749,0.032749,0.08184,0.3864,0.024086,0.03888,0.887722
nominal,shelf_retrieval,visual_occlusion,5,0.1,0.46464,0.035507,0.0749,0.032749,0.08184,0.3864,0.024086,0.03888,0.885331
nominal,shelf_retrieval,visual_occlusion,6,0.1,0.46464,0.035507,0.0749,0.032749,0.08184,0.3864,0.024086,0.03888,0.905196
nominal,shelf_retrieval,visual_occlusion,7,0.1,0.46464,0.035507,0.0749,0.032749,0.08184,0.3864,0.024086,0.03888,0.89932
nominal,shelf_retrieval,visual_occlusion,8,0.1,0.46464,0.035507,0.0749,0.032749,0.08184,0.3864,0.024086,0.03888,0.894634
nominal,shelf_retrieval,visual_occlusion,9,0.1,0.46464,0.035507,0.0749,0.032749,0.08184,0.3864,0.024086,0.03888,0.87976
nominal,shelf_retrieval,object_moved,0,0.1,0.22176,0.124275,0.4494,0.055673,0.15345,0.18354,0.021678,0.0729,0.886839
nominal,shelf_retrieval,object_moved,1,0.1,0.22176,0.124275,0.4494,0.055673,0.15345,0.18354,0.021678,0.0729,0.910799
nominal,shelf_retrieval,object_moved,2,0.1,0.22176,0.124275,0.4494,0.055673,0.15345,0.18354,0.021678,0.0729,0.913081
nominal,shelf_retrieval,object_moved,3,0.1,0.22176,0.124275,0.4494,0.055673,0.15345,0.18354,0.021678,0.0729,0.894178
nominal,shelf_retrieval,object_moved,4,0.1,0.22176,0.124275,0.4494,0.055673,0.15345,0.18354,0.021678,0.0729,0.906977
nominal,shelf_retrieval,object_moved,5,0.1,0.22176,0.124275,0.4494,0.055673,0.15345,0.18354,0.021678,0.0729,0.905513
nominal,shelf_retrieval,object_moved,6,0.1,0.22176,0.124275,0.4494,0.055673,0.15345,0.18354,0.021678,0.0729,0.896629
nominal,shelf_retrieval,object_moved,7,0.1,0.22176,0.124275,0.4494,0.055673,0.15345,0.18354,0.021678,0.0729,0.89381
nominal,shelf_retrieval,object_moved,8,0.1,0.22176,0.124275,0.4494,0.055673,0.15345,0.18354,0.021678,0.0729,0.899335
nominal,shelf_retrieval,object_moved,9,0.1,0.22176,0.124275,0.4494,0.055673,0.15345,0.18354,0.021678,0.0729,0.892316
nominal,shelf_retrieval,object_removed,0,0.1,0.17952,0.395018,0.1498,0.068772,0.19778,0.07728,0.024086,0.10692,0.89839
nominal,shelf_retrieval,object_removed,1,0.1,0.17952,0.395018,0.1498,0.068772,0.19778,0.07728,0.024086,0.10692,0.887281
nominal,shelf_retrieval,object_removed,2,0.1,0.17952,0.395018,0.1498,0.068772,0.19778,0.07728,0.024086,0.10692,0.901052
nominal,shelf_retrieval,object_removed,3,0.1,0.17952,0.395018,0.1498,0.068772,0.19778,0.07728,0.024086,0.10692,0.908963
nominal,shelf_retrieval,object_removed,4,0.1,0.17952,0.395018,0.1498,0.068772,0.19778,0.07728,0.024086,0.10692,0.897152
nominal,shelf_retrieval,object_removed,5,0.1,0.17952,0.395018,0.1498,0.068772,0.19778,0.07728,0.024086,0.10692,0.890059
nominal,shelf_retrieval,object_removed,6,0.1,0.17952,0.395018,0.1498,0.068772,0.19778,0.07728,0.024086,0.10692,0.900453
nominal,shelf_retrieval,object_removed,7,0.1,0.17952,0.395018,0.1498,0.068772,0.19778,0.07728,0.024086,0.10692,0.906978
nominal,shelf_retrieval,object_removed,8,0.1,0.17952,0.395018,0.1498,0.068772,0.19778,0.07728,0.024086,0.10692,0.892187
nominal,shelf_retrieval,object_removed,9,0.1,0.17952,0.395018,0.1498,0.068772,0.19778,0.07728,0.024086,0.10692,0.90517
nominal,shelf_retrieval,human_temporary_obstruction,0,0.1,0.39072,0.079891,0.0963,0.039299,0.24552,0.41538,0.110797,0.07776,0.908838
nominal,shelf_retrieval,human_temporary_obstruction,1,0.1,0.39072,0.079891,0.0963,0.039299,0.24552,0.41538,0.110797,0.07776,0.901527
nominal,shelf_retrieval,human_temporary_obstruction,2,0.1,0.39072,0.079891,0.0963,0.039299,0.24552,0.41538,0.110797,0.07776,0.904554
nominal,shelf_retrieval,human_temporary_obstruction,3,0.1,0.39072,0.079891,0.0963,0.039299,0.24552,0.41538,0.110797,0.07776,0.884777
nominal,shelf_retrieval,human_temporary_obstruction,4,0.1,0.39072,0.079891,0.0963,0.039299,0.24552,0.41538,0.110797,0.07776,0.915707
nominal,shelf_retrieval,human_temporary_obstruction,5,0.1,0.39072,0.079891,0.0963,0.039299,0.24552,0.41538,0.110797,0.07776,0.874854
nominal,shelf_retrieval,human_temporary_obstruction,6,0.1,0.39072,0.079891,0.0963,0.039299,0.24552,0.41538,0.110797,0.07776,0.884031
nominal,shelf_retrieval,human_temporary_obstruction,7,0.1,0.39072,0.079891,0.0963,0.039299,0.24552,0.41538,0.110797,0.07776,0.89338
nominal,shelf_retrieval,human_temporary_obstruction,8,0.1,0.39072,0.079891,0.0963,0.039299,0.24552,0.41538,0.110797,0.07776,0.895151
nominal,shelf_retrieval,human_temporary_obstruction,9,0.1,0.39072,0.079891,0.0963,0.039299,0.24552,0.41538,0.110797,0.07776,0.900462
nominal,shelf_retrieval,goal_specification_changed,0,0.1,0.14784,0.337318,0.214,0.111346,0.16368,0.08694,0.040947,0.42768,0.892468
nominal,shelf_retrieval,goal_specification_changed,1,0.1,0.14784,0.337318,0.214,0.111346,0.16368,0.08694,0.040947,0.42768,0.894115
nominal,shelf_retrieval,goal_specification_changed,2,0.1,0.14784,0.337318,0.214,0.111346,0.16368,0.08694,0.040947,0.42768,0.888612
nominal,shelf_retrieval,goal_specification_changed,3,0.1,0.14784,0.337318,0.214,0.111346,0.16368,0.08694,0.040947,0.42768,0.889034
nominal,shelf_retrieval,goal_specification_changed,4,0.1,0.14784,0.337318,0.214,0.111346,0.16368,0.08694,0.040947,0.42768,0.881081
nominal,shelf_retrieval,goal_specification_changed,5,0.1,0.14784,0.337318,0.214,0.111346,0.16368,0.08694,0.040947,0.42768,0.894355
nominal,shelf_retrieval,goal_specification_changed,6,0.1,0.14784,0.337318,0.214,0.111346,0.16368,0.08694,0.040947,0.42768,0.904478
nominal,shelf_retrieval,goal_specification_changed,7,0.1,0.14784,0.337318,0.214,0.111346,0.16368,0.08694,0.040947,0.42768,0.876005
nominal,shelf_retrieval,goal_specification_changed,8,0.1,0.14784,0.337318,0.214,0.111346,0.16368,0.08694,0.040947,0.42768,0.889582
nominal,shelf_retrieval,goal_specification_changed,9,0.1,0.14784,0.337318,0.214,0.111346,0.16368,0.08694,0.040947,0.42768,0.900714
nominal,shelf_retrieval,substitute_goal_available,0,0.1,0.22176,0.275181,0.1926,0.14737,0.1364,0.1449,0.033721,0.21384,0.888281
nominal,shelf_retrieval,substitute_goal_available,1,0.1,0.22176,0.275181,0.1926,0.14737,0.1364,0.1449,0.033721,0.21384,0.884992
nominal,shelf_retrieval,substitute_goal_available,2,0.1,0.22176,0.275181,0.1926,0.14737,0.1364,0.1449,0.033721,0.21384,0.905792
nominal,shelf_retrieval,substitute_goal_available,3,0.1,0.22176,0.275181,0.1926,0.14737,0.1364,0.1449,0.033721,0.21384,0.877385
nominal,shelf_retrieval,substitute_goal_available,4,0.1,0.22176,0.275181,0.1926,0.14737,0.1364,0.1449,0.033721,0.21384,0.90695
nominal,shelf_retrieval,substitute_goal_available,5,0.1,0.22176,0.275181,0.1926,0.14737,0.1364,0.1449,0.033721,0.21384,0.879467
nominal,shelf_retrieval,substitute_goal_available,6,0.1,0.22176,0.275181,0.1926,0.14737,0.1364,0.1449,0.033721,0.21384,0.903124
nominal,shelf_retrieval,substitute_goal_available,7,0.1,0.22176,0.275181,0.1926,0.14737,0.1364,0.1449,0.033721,0.21384,0.894875
nominal,shelf_retrieval,substitute_goal_available,8,0.1,0.22176,0.275181,0.1926,0.14737,0.1364,0.1449,0.033721,0.21384,0.889431
nominal,shelf_retrieval,substitute_goal_available,9,0.1,0.22176,0.275181,0.1926,0.14737,0.1364,0.1449,0.033721,0.21384,0.881044
nominal,shelf_retrieval,delayed_reappearance,0,0.1,0.4224,0.115398,0.214,0.058948,0.1705,0.34776,0.045764,0.13608,0.899608
nominal,shelf_retrieval,delayed_reappearance,1,0.1,0.4224,0.115398,0.214,0.058948,0.1705,0.34776,0.045764,0.13608,0.904189
nominal,shelf_retrieval,delayed_reappearance,2,0.1,0.4224,0.115398,0.214,0.058948,0.1705,0.34776,0.045764,0.13608,0.914532
nominal,shelf_retrieval,delayed_reappearance,3,0.1,0.4224,0.115398,0.214,0.058948,0.1705,0.34776,0.045764,0.13608,0.898492
nominal,shelf_retrieval,delayed_reappearance,4,0.1,0.4224,0.115398,0.214,0.058948,0.1705,0.34776,0.045764,0.13608,0.875581
nominal,shelf_retrieval,delayed_reappearance,5,0.1,0.4224,0.115398,0.214,0.058948,0.1705,0.34776,0.045764,0.13608,0.899228
nominal,shelf_retrieval,delayed_reappearance,6,0.1,0.4224,0.115398,0.214,0.058948,0.1705,0.34776,0.045764,0.13608,0.904845
nominal,shelf_retrieval,delayed_reappearance,7,0.1,0.4224,0.115398,0.214,0.058948,0.1705,0.34776,0.045764,0.13608,0.895181
nominal,shelf_retrieval,delayed_reappearance,8,0.1,0.4224,0.115398,0.214,0.058948,0.1705,0.34776,0.045764,0.13608,0.898701
nominal,shelf_retrieval,delayed_reappearance,9,0.1,0.4224,0.115398,0.214,0.058948,0.1705,0.34776,0.045764,0.13608,0.892385
nominal,shelf_retrieval,cascading_disappearing_goal,0,0.1,0.44352,0.372826,0.4173,0.121171,0.29326,0.21252,0.077076,0.32076,0.909459
nominal,shelf_retrieval,cascading_disappearing_goal,1,0.1,0.44352,0.372826,0.4173,0.121171,0.29326,0.21252,0.077076,0.32076,0.862549
nominal,shelf_retrieval,cascading_disappearing_goal,2,0.1,0.44352,0.372826,0.4173,0.121171,0.29326,0.21252,0.077076,0.32076,0.886111
nominal,shelf_retrieval,cascading_disappearing_goal,3,0.1,0.44352,0.372826,0.4173,0.121171,0.29326,0.21252,0.077076,0.32076,0.874743
nominal,shelf_retrieval,cascading_disappearing_goal,4,0.1,0.44352,0.372826,0.4173,0.121171,0.29326,0.21252,0.077076,0.32076,0.896742
nominal,shelf_retrieval,cascading_disappearing_goal,5,0.1,0.44352,0.372826,0.4173,0.121171,0.29326,0.21252,0.077076,0.32076,0.892365
nominal,shelf_retrieval,cascading_disappearing_goal,6,0.1,0.44352,0.372826,0.4173,0.121171,0.29326,0.21252,0.077076,0.32076,0.880535
nominal,shelf_retrieval,cascading_disappearing_goal,7,0.1,0.44352,0.372826,0.4173,0.121171,0.29326,0.21252,0.077076,0.32076,0.903082
nominal,shelf_retrieval,cascading_disappearing_goal,8,0.1,0.44352,0.372826,0.4173,0.121171,0.29326,0.21252,0.077076,0.32076,0.875626
nominal,shelf_retrieval,cascading_disappearing_goal,9,0.1,0.44352,0.372826,0.4173,0.121171,0.29326,0.21252,0.077076,0.32076,0.898542
nominal,drawer_placement,visual_occlusion,0,0.1,0.43296,0.039245,0.0749,0.040454,0.0924,0.3864,0.031498,0.03888,0.883569
nominal,drawer_placement,visual_occlusion,1,0.1,0.43296,0.039245,0.0749,0.040454,0.0924,0.3864,0.031498,0.03888,0.890199
nominal,drawer_placement,visual_occlusion,2,0.1,0.43296,0.039245,0.0749,0.040454,0.0924,0.3864,0.031498,0.03888,0.887338
nominal,drawer_placement,visual_occlusion,3,0.1,0.43296,0.039245,0.0749,0.040454,0.0924,0.3864,0.031498,0.03888,0.899638
nominal,drawer_placement,visual_occlusion,4,0.1,0.43296,0.039245,0.0749,0.040454,0.0924,0.3864,0.031498,0.03888,0.901234
nominal,drawer_placement,visual_occlusion,5,0.1,0.43296,0.039245,0.0749,0.040454,0.0924,0.3864,0.031498,0.03888,0.882233
nominal,drawer_placement,visual_occlusion,6,0.1,0.43296,0.039245,0.0749,0.040454,0.0924,0.3864,0.031498,0.03888,0.895354
nominal,drawer_placement,visual_occlusion,7,0.1,0.43296,0.039245,0.0749,0.040454,0.0924,0.3864,0.031498,0.03888,0.891645
nominal,drawer_placement,visual_occlusion,8,0.1,0.43296,0.039245,0.0749,0.040454,0.0924,0.3864,0.031498,0.03888,0.893679
nominal,drawer_placement,visual_occlusion,9,0.1,0.43296,0.039245,0.0749,0.040454,0.0924,0.3864,0.031498,0.03888,0.887396
nominal,drawer_placement,object_moved,0,0.1,0.20664,0.137357,0.4494,0.068772,0.17325,0.18354,0.028348,0.0729,0.872258
nominal,drawer_placement,object_moved,1,0.1,0.20664,0.137357,0.4494,0.068772,0.17325,0.18354,0.028348,0.0729,0.885685
nominal,drawer_placement,object_moved,2,0.1,0.20664,0.137357,0.4494,0.068772,0.17325,0.18354,0.028348,0.0729,0.911661
nominal,drawer_placement,object_moved,3,0.1,0.20664,0.137357,0.4494,0.068772,0.17325,0.18354,0.028348,0.0729,0.907443
nominal,drawer_placement,object_moved,4,0.1,0.20664,0.137357,0.4494,0.068772,0.17325,0.18354,0.028348,0.0729,0.900568
nominal,drawer_placement,object_moved,5,0.1,0.20664,0.137357,0.4494,0.068772,0.17325,0.18354,0.028348,0.0729,0.891886
nominal,drawer_placement,object_moved,6,0.1,0.20664,0.137357,0.4494,0.068772,0.17325,0.18354,0.028348,0.0729,0.878875
nominal,drawer_placement,object_moved,7,0.1,0.20664,0.137357,0.4494,0.068772,0.17325,0.18354,0.028348,0.0729,0.893675
nominal,drawer_placement,object_moved,8,0.1,0.20664,0.137357,0.4494,0.068772,0.17325,0.18354,0.028348,0.0729,0.878609
nominal,drawer_placement,object_moved,9,0.1,0.20664,0.137357,0.4494,0.068772,0.17325,0.18354,0.028348,0.0729,0.878546
nominal,drawer_placement,object_removed,0,0.1,0.16728,0.436598,0.1498,0.084954,0.2233,0.07728,0.031498,0.10692,0.884426
nominal,drawer_placement,object_removed,1,0.1,0.16728,0.436598,0.1498,0.084954,0.2233,0.07728,0.031498,0.10692,0.910689
nominal,drawer_placement,object_removed,2,0.1,0.16728,0.436598,0.1498,0.084954,0.2233,0.07728,0.031498,0.10692,0.8831
nominal,drawer_placement,object_removed,3,0.1,0.16728,0.436598,0.1498,0.084954,0.2233,0.07728,0.031498,0.10692,0.89879
nominal,drawer_placement,object_removed,4,0.1,0.16728,0.436598,0.1498,0.084954,0.2233,0.07728,0.031498,0.10692,0.864474
nominal,drawer_placement,object_removed,5,0.1,0.16728,0.436598,0.1498,0.084954,0.2233,0.07728,0.031498,0.10692,0.880638
nominal,drawer_placement,object_removed,6,0.1,0.16728,0.436598,0.1498,0.084954,0.2233,0.07728,0.031498,0.10692,0.894719
nominal,drawer_placement,object_removed,7,0.1,0.16728,0.436598,0.1498,0.084954,0.2233,0.07728,0.031498,0.10692,0.893076
nominal,drawer_placement,object_removed,8,0.1,0.16728,0.436598,0.1498,0.084954,0.2233,0.07728,0.031498,0.10692,0.892773
nominal,drawer_placement,object_removed,9,0.1,0.16728,0.436598,0.1498,0.084954,0.2233,0.07728,0.031498,0.10692,0.899638
nominal,drawer_placement,human_temporary_obstruction,0,0.1,0.36408,0.088301,0.0963,0.048545,0.2772,0.41538,0.144889,0.07776,0.887652
nominal,drawer_placement,human_temporary_obstruction,1,0.1,0.36408,0.088301,0.0963,0.048545,0.2772,0.41538,0.144889,0.07776,0.888221
nominal,drawer_placement,human_temporary_obstruction,2,0.1,0.36408,0.088301,0.0963,0.048545,0.2772,0.41538,0.144889,0.07776,0.89342
nominal,drawer_placement,human_temporary_obstruction,3,0.1,0.36408,0.088301,0.0963,0.048545,0.2772,0.41538,0.144889,0.07776,0.890099
nominal,drawer_placement,human_temporary_obstruction,4,0.1,0.36408,0.088301,0.0963,0.048545,0.2772,0.41538,0.144889,0.07776,0.882503
nominal,drawer_placement,human_temporary_obstruction,5,0.1,0.36408,0.088301,0.0963,0.048545,0.2772,0.41538,0.144889,0.07776,0.885747
nominal,drawer_placement,human_temporary_obstruction,6,0.1,0.36408,0.088301,0.0963,0.048545,0.2772,0.41538,0.144889,0.07776,0.886715
nominal,drawer_placement,human_temporary_obstruction,7,0.1,0.36408,0.088301,0.0963,0.048545,0.2772,0.41538,0.144889,0.07776,0.888047
nominal,drawer_placement,human_temporary_obstruction,8,0.1,0.36408,0.088301,0.0963,0.048545,0.2772,0.41538,0.144889,0.07776,0.904004
nominal,drawer_placement,human_temporary_obstruction,9,0.1,0.36408,0.088301,0.0963,0.048545,0.2772,0.41538,0.144889,0.07776,0.898285
nominal,drawer_placement,goal_specification_changed,0,0.1,0.13776,0.372826,0.214,0.137545,0.1848,0.08694,0.053546,0.42768,0.869436
nominal,drawer_placement,goal_specification_changed,1,0.1,0.13776,0.372826,0.214,0.137545,0.1848,0.08694,0.053546,0.42768,0.879178
nominal,drawer_placement,goal_specification_changed,2,0.1,0.13776,0.372826,0.214,0.137545,0.1848,0.08694,0.053546,0.42768,0.89187
nominal,drawer_placement,goal_specification_changed,3,0.1,0.13776,0.372826,0.214,0.137545,0.1848,0.08694,0.053546,0.42768,0.868239
nominal,drawer_placement,goal_specification_changed,4,0.1,0.13776,0.372826,0.214,0.137545,0.1848,0.08694,0.053546,0.42768,0.879155
nominal,drawer_placement,goal_specification_changed,5,0.1,0.13776,0.372826,0.214,0.137545,0.1848,0.08694,0.053546,0.42768,0.891512
nominal,drawer_placement,goal_specification_changed,6,0.1,0.13776,0.372826,0.214,0.137545,0.1848,0.08694,0.053546,0.42768,0.881952
nominal,drawer_placement,goal_specification_changed,7,0.1,0.13776,0.372826,0.214,0.137545,0.1848,0.08694,0.053546,0.42768,0.890673
nominal,drawer_placement,goal_specification_changed,8,0.1,0.13776,0.372826,0.214,0.137545,0.1848,0.08694,0.053546,0.42768,0.880001
nominal,drawer_placement,goal_specification_changed,9,0.1,0.13776,0.372826,0.214,0.137545,0.1848,0.08694,0.053546,0.42768,0.888139
nominal,drawer_placement,substitute_goal_available,0,0.1,0.20664,0.304147,0.1926,0.182045,0.154,0.1449,0.044097,0.21384,0.888554
nominal,drawer_placement,substitute_goal_available,1,0.1,0.20664,0.304147,0.1926,0.182045,0.154,0.1449,0.044097,0.21384,0.882541
nominal,drawer_placement,substitute_goal_available,2,0.1,0.20664,0.304147,0.1926,0.182045,0.154,0.1449,0.044097,0.21384,0.891129
nominal,drawer_placement,substitute_goal_available,3,0.1,0.20664,0.304147,0.1926,0.182045,0.154,0.1449,0.044097,0.21384,0.88142
nominal,drawer_placement,substitute_goal_available,4,0.1,0.20664,0.304147,0.1926,0.182045,0.154,0.1449,0.044097,0.21384,0.890952
nominal,drawer_placement,substitute_goal_available,5,0.1,0.20664,0.304147,0.1926,0.182045,0.154,0.1449,0.044097,0.21384,0.888834
nominal,drawer_placement,substitute_goal_available,6,0.1,0.20664,0.304147,0.1926,0.182045,0.154,0.1449,0.044097,0.21384,0.897149
nominal,drawer_placement,substitute_goal_available,7,0.1,0.20664,0.304147,0.1926,0.182045,0.154,0.1449,0.044097,0.21384,0.881577
nominal,drawer_placement,substitute_goal_available,8,0.1,0.20664,0.304147,0.1926,0.182045,0.154,0.1449,0.044097,0.21384,0.889184
nominal,drawer_placement,substitute_goal_available,9,0.1,0.20664,0.304147,0.1926,0.182045,0.154,0.1449,0.044097,0.21384,0.870541
nominal,drawer_placement,delayed_reappearance,0,0.1,0.3936,0.127546,0.214,0.072818,0.1925,0.34776,0.059845,0.13608,0.864272
nominal,drawer_placement,delayed_reappearance,1,0.1,0.3936,0.127546,0.214,0.072818,0.1925,0.34776,0.059845,0.13608,0.900978
nominal,drawer_placement,delayed_reappearance,2,0.1,0.3936,0.127546,0.214,0.072818,0.1925,0.34776,0.059845,0.13608,0.892119
nominal,drawer_placement,delayed_reappearance,3,0.1,0.3936,0.127546,0.214,0.072818,0.1925,0.34776,0.059845,0.13608,0.88125
nominal,drawer_placement,delayed_reappearance,4,0.1,0.3936,0.127546,0.214,0.072818,0.1925,0.34776,0.059845,0.13608,0.887935
nominal,drawer_placement,delayed_reappearance,5,0.1,0.3936,0.127546,0.214,0.072818,0.1925,0.34776,0.059845,0.13608,0.894625
nominal,drawer_placement,delayed_reappearance,6,0.1,0.3936,0.127546,0.214,0.072818,0.1925,0.34776,0.059845,0.13608,0.881538
nominal,drawer_placement,delayed_reappearance,7,0.1,0.3936,0.127546,0.214,0.072818,0.1925,0.34776,0.059845,0.13608,0.890944
nominal,drawer_placement,delayed_reappearance,8,0.1,0.3936,0.127546,0.214,0.072818,0.1925,0.34776,0.059845,0.13608,0.880455
nominal,drawer_placement,delayed_reappearance,9,0.1,0.3936,0.127546,0.214,0.072818,0.1925,0.34776,0.059845,0.13608,0.895285
nominal,drawer_placement,cascading_disappearing_goal,0,0.1,0.41328,0.41207,0.4173,0.149681,0.3311,0.21252,0.100792,0.32076,0.884301
nominal,drawer_placement,cascading_disappearing_goal,1,0.1,0.41328,0.41207,0.4173,0.149681,0.3311,0.21252,0.100792,0.32076,0.897679
nominal,drawer_placement,cascading_disappearing_goal,2,0.1,0.41328,0.41207,0.4173,0.149681,0.3311,0.21252,0.100792,0.32076,0.869912
nominal,drawer_placement,cascading_disappearing_goal,3,0.1,0.41328,0.41207,0.4173,0.149681,0.3311,0.21252,0.100792,0.32076,0.860551
nominal,drawer_placement,cascading_disappearing_goal,4,0.1,0.41328,0.41207,0.4173,0.149681,0.3311,0.21252,0.100792,0.32076,0.873822
nominal,drawer_placement,cascading_disappearing_goal,5,0.1,0.41328,0.41207,0.4173,0.149681,0.3311,0.21252,0.100792,0.32076,0.867958
nominal,drawer_placement,cascading_disappearing_goal,6,0.1,0.41328,0.41207,0.4173,0.149681,0.3311,0.21252,0.100792,0.32076,0.884703
nominal,drawer_placement,cascading_disappearing_goal,7,0.1,0.41328,0.41207,0.4173,0.149681,0.3311,0.21252,0.100792,0.32076,0.887831
nominal,drawer_placement,cascading_disappearing_goal,8,0.1,0.41328,0.41207,0.4173,0.149681,0.3311,0.21252,0.100792,0.32076,0.87698
nominal,drawer_placement,cascading_disappearing_goal,9,0.1,0.41328,0.41207,0.4173,0.149681,0.3311,0.21252,0.100792,0.32076,0.875283
nominal,bin_sorting,visual_occlusion,0,0.1,0.396,0.033638,0.0749,0.063571,0.0726,0.3864,0.022234,0.03888,0.914661
nominal,bin_sorting,visual_occlusion,1,0.1,0.396,0.033638,0.0749,0.063571,0.0726,0.3864,0.022234,0.03888,0.895866
nominal,bin_sorting,visual_occlusion,2,0.1,0.396,0.033638,0.0749,0.063571,0.0726,0.3864,0.022234,0.03888,0.909148
nominal,bin_sorting,visual_occlusion,3,0.1,0.396,0.033638,0.0749,0.063571,0.0726,0.3864,0.022234,0.03888,0.901107
nominal,bin_sorting,visual_occlusion,4,0.1,0.396,0.033638,0.0749,0.063571,0.0726,0.3864,0.022234,0.03888,0.888764
nominal,bin_sorting,visual_occlusion,5,0.1,0.396,0.033638,0.0749,0.063571,0.0726,0.3864,0.022234,0.03888,0.886803
nominal,bin_sorting,visual_occlusion,6,0.1,0.396,0.033638,0.0749,0.063571,0.0726,0.3864,0.022234,0.03888,0.892883
nominal,bin_sorting,visual_occlusion,7,0.1,0.396,0.033638,0.0749,0.063571,0.0726,0.3864,0.022234,0.03888,0.9053
nominal,bin_sorting,visual_occlusion,8,0.1,0.396,0.033638,0.0749,0.063571,0.0726,0.3864,0.022234,0.03888,0.920791
nominal,bin_sorting,visual_occlusion,9,0.1,0.396,0.033638,0.0749,0.063571,0.0726,0.3864,0.022234,0.03888,0.909405
nominal,bin_sorting,object_moved,0,0.1,0.189,0.117734,0.4494,0.108071,0.136125,0.18354,0.02001,0.0729,0.892856
nominal,bin_sorting,object_moved,1,0.1,0.189,0.117734,0.4494,0.108071,0.136125,0.18354,0.02001,0.0729,0.899537
nominal,bin_sorting,object_moved,2,0.1,0.189,0.117734,0.4494,0.108071,0.136125,0.18354,0.02001,0.0729,0.901084
nominal,bin_sorting,object_moved,3,0.1,0.189,0.117734,0.4494,0.108071,0.136125,0.18354,0.02001,0.0729,0.882485
nominal,bin_sorting,object_moved,4,0.1,0.189,0.117734,0.4494,0.108071,0.136125,0.18354,0.02001,0.0729,0.90183
nominal,bin_sorting,object_moved,5,0.1,0.189,0.117734,0.4494,0.108071,0.136125,0.18354,0.02001,0.0729,0.899651
nominal,bin_sorting,object_moved,6,0.1,0.189,0.117734,0.4494,0.108071,0.136125,0.18354,0.02001,0.0729,0.895684
nominal,bin_sorting,object_moved,7,0.1,0.189,0.117734,0.4494,0.108071,0.136125,0.18354,0.02001,0.0729,0.903769
nominal,bin_sorting,object_moved,8,0.1,0.189,0.117734,0.4494,0.108071,0.136125,0.18354,0.02001,0.0729,0.89882
nominal,bin_sorting,object_moved,9,0.1,0.189,0.117734,0.4494,0.108071,0.136125,0.18354,0.02001,0.0729,0.904734
nominal,bin_sorting,object_removed,0,0.1,0.153,0.374227,0.1498,0.1335,0.17545,0.07728,0.022234,0.10692,0.899059
nominal,bin_sorting,object_removed,1,0.1,0.153,0.374227,0.1498,0.1335,0.17545,0.07728,0.022234,0.10692,0.903557
nominal,bin_sorting,object_removed,2,0.1,0.153,0.374227,0.1498,0.1335,0.17545,0.07728,0.022234,0.10692,0.904848
nominal,bin_sorting,object_removed,3,0.1,0.153,0.374227,0.1498,0.1335,0.17545,0.07728,0.022234,0.10692,0.881305
nominal,bin_sorting,object_removed,4,0.1,0.153,0.374227,0.1498,0.1335,0.17545,0.07728,0.022234,0.10692,0.905844
nominal,bin_sorting,object_removed,5,0.1,0.153,0.374227,0.1498,0.1335,0.17545,0.07728,0.022234,0.10692,0.898426
nominal,bin_sorting,object_removed,6,0.1,0.153,0.374227,0.1498,0.1335,0.17545,0.07728,0.022234,0.10692,0.878428
nominal,bin_sorting,object_removed,7,0.1,0.153,0.374227,0.1498,0.1335,0.17545,0.07728,0.022234,0.10692,0.907766
nominal,bin_sorting,object_removed,8,0.1,0.153,0.374227,0.1498,0.1335,0.17545,0.07728,0.022234,0.10692,0.887354
nominal,bin_sorting,object_removed,9,0.1,0.153,0.374227,0.1498,0.1335,0.17545,0.07728,0.022234,0.10692,0.897082
nominal,bin_sorting,human_temporary_obstruction,0,0.1,0.333,0.075686,0.0963,0.076285,0.2178,0.41538,0.102275,0.07776,0.904135
nominal,bin_sorting,human_temporary_obstruction,1,0.1,0.333,0.075686,0.0963,0.076285,0.2178,0.41538,0.102275,0.07776,0.91561
nominal,bin_sorting,human_temporary_obstruction,2,0.1,0.333,0.075686,0.0963,0.076285,0.2178,0.41538,0.102275,0.07776,0.911403
nominal,bin_sorting,human_temporary_obstruction,3,0.1,0.333,0.075686,0.0963,0.076285,0.2178,0.41538,0.102275,0.07776,0.928598
nominal,bin_sorting,human_temporary_obstruction,4,0.1,0.333,0.075686,0.0963,0.076285,0.2178,0.41538,0.102275,0.07776,0.912322
nominal,bin_sorting,human_temporary_obstruction,5,0.1,0.333,0.075686,0.0963,0.076285,0.2178,0.41538,0.102275,0.07776,0.89209
nominal,bin_sorting,human_temporary_obstruction,6,0.1,0.333,0.075686,0.0963,0.076285,0.2178,0.41538,0.102275,0.07776,0.900655
nominal,bin_sorting,human_temporary_obstruction,7,0.1,0.333,0.075686,0.0963,0.076285,0.2178,0.41538,0.102275,0.07776,0.894048
nominal,bin_sorting,human_temporary_obstruction,8,0.1,0.333,0.075686,0.0963,0.076285,0.2178,0.41538,0.102275,0.07776,0.902838
nominal,bin_sorting,human_temporary_obstruction,9,0.1,0.333,0.075686,0.0963,0.076285,0.2178,0.41538,0.102275,0.07776,0.891042
nominal,bin_sorting,goal_specification_changed,0,0.1,0.126,0.319565,0.214,0.216142,0.1452,0.08694,0.037797,0.42768,0.891869
nominal,bin_sorting,goal_specification_changed,1,0.1,0.126,0.319565,0.214,0.216142,0.1452,0.08694,0.037797,0.42768,0.901295
nominal,bin_sorting,goal_specification_changed,2,0.1,0.126,0.319565,0.214,0.216142,0.1452,0.08694,0.037797,0.42768,0.912587
nominal,bin_sorting,goal_specification_changed,3,0.1,0.126,0.319565,0.214,0.216142,0.1452,0.08694,0.037797,0.42768,0.903731
nominal,bin_sorting,goal_specification_changed,4,0.1,0.126,0.319565,0.214,0.216142,0.1452,0.08694,0.037797,0.42768,0.91387
nominal,bin_sorting,goal_specification_changed,5,0.1,0.126,0.319565,0.214,0.216142,0.1452,0.08694,0.037797,0.42768,0.898037
nominal,bin_sorting,goal_specification_changed,6,0.1,0.126,0.319565,0.214,0.216142,0.1452,0.08694,0.037797,0.42768,0.880035
nominal,bin_sorting,goal_specification_changed,7,0.1,0.126,0.319565,0.214,0.216142,0.1452,0.08694,0.037797,0.42768,0.884856
nominal,bin_sorting,goal_specification_changed,8,0.1,0.126,0.319565,0.214,0.216142,0.1452,0.08694,0.037797,0.42768,0.908119
nominal,bin_sorting,goal_specification_changed,9,0.1,0.126,0.319565,0.214,0.216142,0.1452,0.08694,0.037797,0.42768,0.924832
nominal,bin_sorting,substitute_goal_available,0,0.1,0.189,0.260698,0.1926,0.28607,0.121,0.1449,0.031127,0.21384,0.911551
nominal,bin_sorting,substitute_goal_available,1,0.1,0.189,0.260698,0.1926,0.28607,0.121,0.1449,0.031127,0.21384,0.915724
nominal,bin_sorting,substitute_goal_available,2,0.1,0.189,0.260698,0.1926,0.28607,0.121,0.1449,0.031127,0.21384,0.902701
nominal,bin_sorting,substitute_goal_available,3,0.1,0.189,0.260698,0.1926,0.28607,0.121,0.1449,0.031127,0.21384,0.912518
nominal,bin_sorting,substitute_goal_available,4,0.1,0.189,0.260698,0.1926,0.28607,0.121,0.1449,0.031127,0.21384,0.891683
nominal,bin_sorting,substitute_goal_available,5,0.1,0.189,0.260698,0.1926,0.28607,0.121,0.1449,0.031127,0.21384,0.902651
nominal,bin_sorting,substitute_goal_available,6,0.1,0.189,0.260698,0.1926,0.28607,0.121,0.1449,0.031127,0.21384,0.899153
nominal,bin_sorting,substitute_goal_available,7,0.1,0.189,0.260698,0.1926,0.28607,0.121,0.1449,0.031127,0.21384,0.904949
nominal,bin_sorting,substitute_goal_available,8,0.1,0.189,0.260698,0.1926,0.28607,0.121,0.1449,0.031127,0.21384,0.895982
nominal,bin_sorting,substitute_goal_available,9,0.1,0.189,0.260698,0.1926,0.28607,0.121,0.1449,0.031127,0.21384,0.907855
nominal,bin_sorting,delayed_reappearance,0,0.1,0.36,0.109325,0.214,0.114428,0.15125,0.34776,0.042244,0.13608,0.89721
nominal,bin_sorting,delayed_reappearance,1,0.1,0.36,0.109325,0.214,0.114428,0.15125,0.34776,0.042244,0.13608,0.895695
nominal,bin_sorting,delayed_reappearance,2,0.1,0.36,0.109325,0.214,0.114428,0.15125,0.34776,0.042244,0.13608,0.891648
nominal,bin_sorting,delayed_reappearance,3,0.1,0.36,0.109325,0.214,0.114428,0.15125,0.34776,0.042244,0.13608,0.900921
nominal,bin_sorting,delayed_reappearance,4,0.1,0.36,0.109325,0.214,0.114428,0.15125,0.34776,0.042244,0.13608,0.887814
nominal,bin_sorting,delayed_reappearance,5,0.1,0.36,0.109325,0.214,0.114428,0.15125,0.34776,0.042244,0.13608,0.892777
nominal,bin_sorting,delayed_reappearance,6,0.1,0.36,0.109325,0.214,0.114428,0.15125,0.34776,0.042244,0.13608,0.895517
nominal,bin_sorting,delayed_reappearance,7,0.1,0.36,0.109325,0.214,0.114428,0.15125,0.34776,0.042244,0.13608,0.89928
nominal,bin_sorting,delayed_reappearance,8,0.1,0.36,0.109325,0.214,0.114428,0.15125,0.34776,0.042244,0.13608,0.914868
nominal,bin_sorting,delayed_reappearance,9,0.1,0.36,0.109325,0.214,0.114428,0.15125,0.34776,0.042244,0.13608,0.886268
nominal,bin_sorting,cascading_disappearing_goal,0,0.1,0.378,0.353203,0.4173,0.235213,0.26015,0.21252,0.071148,0.32076,0.924697
nominal,bin_sorting,cascading_disappearing_goal,1,0.1,0.378,0.353203,0.4173,0.235213,0.26015,0.21252,0.071148,0.32076,0.891846
nominal,bin_sorting,cascading_disappearing_goal,2,0.1,0.378,0.353203,0.4173,0.235213,0.26015,0.21252,0.071148,0.32076,0.878161
nominal,bin_sorting,cascading_disappearing_goal,3,0.1,0.378,0.353203,0.4173,0.235213,0.26015,0.21252,0.071148,0.32076,0.904105
nominal,bin_sorting,cascading_disappearing_goal,4,0.1,0.378,0.353203,0.4173,0.235213,0.26015,0.21252,0.071148,0.32076,0.888162
nominal,bin_sorting,cascading_disappearing_goal,5,0.1,0.378,0.353203,0.4173,0.235213,0.26015,0.21252,0.071148,0.32076,0.899002
nominal,bin_sorting,cascading_disappearing_goal,6,0.1,0.378,0.353203,0.4173,0.235213,0.26015,0.21252,0.071148,0.32076,0.877793
nominal,bin_sorting,cascading_disappearing_goal,7,0.1,0.378,0.353203,0.4173,0.235213,0.26015,0.21252,0.071148,0.32076,0.906476
nominal,bin_sorting,cascading_disappearing_goal,8,0.1,0.378,0.353203,0.4173,0.235213,0.26015,0.21252,0.071148,0.32076,0.896572
nominal,bin_sorting,cascading_disappearing_goal,9,0.1,0.378,0.353203,0.4173,0.235213,0.26015,0.21252,0.071148,0.32076,0.910412
nominal,tool_handoff,visual_occlusion,0,0.1,0.4752,0.042515,0.0749,0.044307,0.10956,0.3864,0.068554,0.03888,0.882733
nominal,tool_handoff,visual_occlusion,1,0.1,0.4752,0.042515,0.0749,0.044307,0.10956,0.3864,0.068554,0.03888,0.875109
nominal,tool_handoff,visual_occlusion,2,0.1,0.4752,0.042515,0.0749,0.044307,0.10956,0.3864,0.068554,0.03888,0.868675
nominal,tool_handoff,visual_occlusion,3,0.1,0.4752,0.042515,0.0749,0.044307,0.10956,0.3864,0.068554,0.03888,0.897472
nominal,tool_handoff,visual_occlusion,4,0.1,0.4752,0.042515,0.0749,0.044307,0.10956,0.3864,0.068554,0.03888,0.885495
nominal,tool_handoff,visual_occlusion,5,0.1,0.4752,0.042515,0.0749,0.044307,0.10956,0.3864,0.068554,0.03888,0.880687
nominal,tool_handoff,visual_occlusion,6,0.1,0.4752,0.042515,0.0749,0.044307,0.10956,0.3864,0.068554,0.03888,0.874279
nominal,tool_handoff,visual_occlusion,7,0.1,0.4752,0.042515,0.0749,0.044307,0.10956,0.3864,0.068554,0.03888,0.898664
nominal,tool_handoff,visual_occlusion,8,0.1,0.4752,0.042515,0.0749,0.044307,0.10956,0.3864,0.068554,0.03888,0.876517
nominal,tool_handoff,visual_occlusion,9,0.1,0.4752,0.042515,0.0749,0.044307,0.10956,0.3864,0.068554,0.03888,0.867052
nominal,tool_handoff,object_moved,0,0.1,0.2268,0.148803,0.4494,0.075322,0.205425,0.18354,0.061698,0.0729,0.88255
nominal,tool_handoff,object_moved,1,0.1,0.2268,0.148803,0.4494,0.075322,0.205425,0.18354,0.061698,0.0729,0.885006
nominal,tool_handoff,object_moved,2,0.1,0.2268,0.148803,0.4494,0.075322,0.205425,0.18354,0.061698,0.0729,0.883414
nominal,tool_handoff,object_moved,3,0.1,0.2268,0.148803,0.4494,0.075322,0.205425,0.18354,0.061698,0.0729,0.868348
nominal,tool_handoff,object_moved,4,0.1,0.2268,0.148803,0.4494,0.075322,0.205425,0.18354,0.061698,0.0729,0.878001
nominal,tool_handoff,object_moved,5,0.1,0.2268,0.148803,0.4494,0.075322,0.205425,0.18354,0.061698,0.0729,0.867601
nominal,tool_handoff,object_moved,6,0.1,0.2268,0.148803,0.4494,0.075322,0.205425,0.18354,0.061698,0.0729,0.875072
nominal,tool_handoff,object_moved,7,0.1,0.2268,0.148803,0.4494,0.075322,0.205425,0.18354,0.061698,0.0729,0.874215
nominal,tool_handoff,object_moved,8,0.1,0.2268,0.148803,0.4494,0.075322,0.205425,0.18354,0.061698,0.0729,0.885923
nominal,tool_handoff,object_moved,9,0.1,0.2268,0.148803,0.4494,0.075322,0.205425,0.18354,0.061698,0.0729,0.863741
nominal,tool_handoff,object_removed,0,0.1,0.1836,0.472982,0.1498,0.093045,0.26477,0.07728,0.068554,0.10692,0.87728
nominal,tool_handoff,object_removed,1,0.1,0.1836,0.472982,0.1498,0.093045,0.26477,0.07728,0.068554,0.10692,0.883126
nominal,tool_handoff,object_removed,2,0.1,0.1836,0.472982,0.1498,0.093045,0.26477,0.07728,0.068554,0.10692,0.886099
nominal,tool_handoff,object_removed,3,0.1,0.1836,0.472982,0.1498,0.093045,0.26477,0.07728,0.068554,0.10692,0.874748
nominal,tool_handoff,object_removed,4,0.1,0.1836,0.472982,0.1498,0.093045,0.26477,0.07728,0.068554,0.10692,0.879868
nominal,tool_handoff,object_removed,5,0.1,0.1836,0.472982,0.1498,0.093045,0.26477,0.07728,0.068554,0.10692,0.887805
nominal,tool_handoff,object_removed,6,0.1,0.1836,0.472982,0.1498,0.093045,0.26477,0.07728,0.068554,0.10692,0.872643
nominal,tool_handoff,object_removed,7,0.1,0.1836,0.472982,0.1498,0.093045,0.26477,0.07728,0.068554,0.10692,0.867261
nominal,tool_handoff,object_removed,8,0.1,0.1836,0.472982,0.1498,0.093045,0.26477,0.07728,0.068554,0.10692,0.874902
nominal,tool_handoff,object_removed,9,0.1,0.1836,0.472982,0.1498,0.093045,0.26477,0.07728,0.068554,0.10692,0.880359
nominal,tool_handoff,human_temporary_obstruction,0,0.1,0.3996,0.095659,0.0963,0.053169,0.32868,0.41538,0.315347,0.07776,0.882597
nominal,tool_handoff,human_temporary_obstruction,1,0.1,0.3996,0.095659,0.0963,0.053169,0.32868,0.41538,0.315347,0.07776,0.877596
nominal,tool_handoff,human_temporary_obstruction,2,0.1,0.3996,0.095659,0.0963,0.053169,0.32868,0.41538,0.315347,0.07776,0.866021
nominal,tool_handoff,human_temporary_obstruction,3,0.1,0.3996,0.095659,0.0963,0.053169,0.32868,0.41538,0.315347,0.07776,0.887892
nominal,tool_handoff,human_temporary_obstruction,4,0.1,0.3996,0.095659,0.0963,0.053169,0.32868,0.41538,0.315347,0.07776,0.880187
nominal,tool_handoff,human_temporary_obstruction,5,0.1,0.3996,0.095659,0.0963,0.053169,0.32868,0.41538,0.315347,0.07776,0.88438
nominal,tool_handoff,human_temporary_obstruction,6,0.1,0.3996,0.095659,0.0963,0.053169,0.32868,0.41538,0.315347,0.07776,0.87295
nominal,tool_handoff,human_temporary_obstruction,7,0.1,0.3996,0.095659,0.0963,0.053169,0.32868,0.41538,0.315347,0.07776,0.887625
nominal,tool_handoff,human_temporary_obstruction,8,0.1,0.3996,0.095659,0.0963,0.053169,0.32868,0.41538,0.315347,0.07776,0.861075
nominal,tool_handoff,human_temporary_obstruction,9,0.1,0.3996,0.095659,0.0963,0.053169,0.32868,0.41538,0.315347,0.07776,0.862517
nominal,tool_handoff,goal_specification_changed,0,0.1,0.1512,0.403894,0.214,0.150644,0.21912,0.08694,0.116541,0.42768,0.877987
nominal,tool_handoff,goal_specification_changed,1,0.1,0.1512,0.403894,0.214,0.150644,0.21912,0.08694,0.116541,0.42768,0.88293
nominal,tool_handoff,goal_specification_changed,2,0.1,0.1512,0.403894,0.214,0.150644,0.21912,0.08694,0.116541,0.42768,0.874263
nominal,tool_handoff,goal_specification_changed,3,0.1,0.1512,0.403894,0.214,0.150644,0.21912,0.08694,0.116541,0.42768,0.860862
nominal,tool_handoff,goal_specification_changed,4,0.1,0.1512,0.403894,0.214,0.150644,0.21912,0.08694,0.116541,0.42768,0.888141
nominal,tool_handoff,goal_specification_changed,5,0.1,0.1512,0.403894,0.214,0.150644,0.21912,0.08694,0.116541,0.42768,0.869159
nominal,tool_handoff,goal_specification_changed,6,0.1,0.1512,0.403894,0.214,0.150644,0.21912,0.08694,0.116541,0.42768,0.860404
nominal,tool_handoff,goal_specification_changed,7,0.1,0.1512,0.403894,0.214,0.150644,0.21912,0.08694,0.116541,0.42768,0.891548
nominal,tool_handoff,goal_specification_changed,8,0.1,0.1512,0.403894,0.214,0.150644,0.21912,0.08694,0.116541,0.42768,0.873636
nominal,tool_handoff,goal_specification_changed,9,0.1,0.1512,0.403894,0.214,0.150644,0.21912,0.08694,0.116541,0.42768,0.864891
nominal,tool_handoff,substitute_goal_available,0,0.1,0.2268,0.329493,0.1926,0.199382,0.1826,0.1449,0.095975,0.21384,0.866266
nominal,tool_handoff,substitute_goal_available,1,0.1,0.2268,0.329493,0.1926,0.199382,0.1826,0.1449,0.095975,0.21384,0.887607
nominal,tool_handoff,substitute_goal_available,2,0.1,0.2268,0.329493,0.1926,0.199382,0.1826,0.1449,0.095975,0.21384,0.88102
nominal,tool_handoff,substitute_goal_available,3,0.1,0.2268,0.329493,0.1926,0.199382,0.1826,0.1449,0.095975,0.21384,0.900273
nominal,tool_handoff,substitute_goal_available,4,0.1,0.2268,0.329493,0.1926,0.199382,0.1826,0.1449,0.095975,0.21384,0.884766
nominal,tool_handoff,substitute_goal_available,5,0.1,0.2268,0.329493,0.1926,0.199382,0.1826,0.1449,0.095975,0.21384,0.889921
nominal,tool_handoff,substitute_goal_available,6,0.1,0.2268,0.329493,0.1926,0.199382,0.1826,0.1449,0.095975,0.21384,0.886433
nominal,tool_handoff,substitute_goal_available,7,0.1,0.2268,0.329493,0.1926,0.199382,0.1826,0.1449,0.095975,0.21384,0.859338
nominal,tool_handoff,substitute_goal_available,8,0.1,0.2268,0.329493,0.1926,0.199382,0.1826,0.1449,0.095975,0.21384,0.880365
nominal,tool_handoff,substitute_goal_available,9,0.1,0.2268,0.329493,0.1926,0.199382,0.1826,0.1449,0.095975,0.21384,0.885288
nominal,tool_handoff,delayed_reappearance,0,0.1,0.432,0.138174,0.214,0.079753,0.22825,0.34776,0.130252,0.13608,0.87349
nominal,tool_handoff,delayed_reappearance,1,0.1,0.432,0.138174,0.214,0.079753,0.22825,0.34776,0.130252,0.13608,0.886056
nominal,tool_handoff,delayed_reappearance,2,0.1,0.432,0.138174,0.214,0.079753,0.22825,0.34776,0.130252,0.13608,0.906297
nominal,tool_handoff,delayed_reappearance,3,0.1,0.432,0.138174,0.214,0.079753,0.22825,0.34776,0.130252,0.13608,0.896318
nominal,tool_handoff,delayed_reappearance,4,0.1,0.432,0.138174,0.214,0.079753,0.22825,0.34776,0.130252,0.13608,0.891274
nominal,tool_handoff,delayed_reappearance,5,0.1,0.432,0.138174,0.214,0.079753,0.22825,0.34776,0.130252,0.13608,0.875449
nominal,tool_handoff,delayed_reappearance,6,0.1,0.432,0.138174,0.214,0.079753,0.22825,0.34776,0.130252,0.13608,0.885814
nominal,tool_handoff,delayed_reappearance,7,0.1,0.432,0.138174,0.214,0.079753,0.22825,0.34776,0.130252,0.13608,0.876781
nominal,tool_handoff,delayed_reappearance,8,0.1,0.432,0.138174,0.214,0.079753,0.22825,0.34776,0.130252,0.13608,0.887185
nominal,tool_handoff,delayed_reappearance,9,0.1,0.432,0.138174,0.214,0.079753,0.22825,0.34776,0.130252,0.13608,0.886476
nominal,tool_handoff,cascading_disappearing_goal,0,0.1,0.4536,0.44641,0.4173,0.163937,0.39259,0.21252,0.219372,0.32076,0.885535
nominal,tool_handoff,cascading_disappearing_goal,1,0.1,0.4536,0.44641,0.4173,0.163937,0.39259,0.21252,0.219372,0.32076,0.868719
nominal,tool_handoff,cascading_disappearing_goal,2,0.1,0.4536,0.44641,0.4173,0.163937,0.39259,0.21252,0.219372,0.32076,0.863577
nominal,tool_handoff,cascading_disappearing_goal,3,0.1,0.4536,0.44641,0.4173,0.163937,0.39259,0.21252,0.219372,0.32076,0.878796
nominal,tool_handoff,cascading_disappearing_goal,4,0.1,0.4536,0.44641,0.4173,0.163937,0.39259,0.21252,0.219372,0.32076,0.86415
nominal,tool_handoff,cascading_disappearing_goal,5,0.1,0.4536,0.44641,0.4173,0.163937,0.39259,0.21252,0.219372,0.32076,0.870642
nominal,tool_handoff,cascading_disappearing_goal,6,0.1,0.4536,0.44641,0.4173,0.163937,0.39259,0.21252,0.219372,0.32076,0.880944
nominal,tool_handoff,cascading_disappearing_goal,7,0.1,0.4536,0.44641,0.4173,0.163937,0.39259,0.21252,0.219372,0.32076,0.872743
nominal,tool_handoff,cascading_disappearing_goal,8,0.1,0.4536,0.44641,0.4173,0.163937,0.39259,0.21252,0.219372,0.32076,0.880599
nominal,tool_handoff,cascading_disappearing_goal,9,0.1,0.4536,0.44641,0.4173,0.163937,0.39259,0.21252,0.219372,0.32076,0.871704
nominal,mobile_pick_and_place,visual_occlusion,0,0.1,0.45408,0.037376,0.0749,0.04816,0.10032,0.3864,0.038909,0.03888,0.895289
nominal,mobile_pick_and_place,visual_occlusion,1,0.1,0.45408,0.037376,0.0749,0.04816,0.10032,0.3864,0.038909,0.03888,0.884208
nominal,mobile_pick_and_place,visual_occlusion,2,0.1,0.45408,0.037376,0.0749,0.04816,0.10032,0.3864,0.038909,0.03888,0.871911
nominal,mobile_pick_and_place,visual_occlusion,3,0.1,0.45408,0.037376,0.0749,0.04816,0.10032,0.3864,0.038909,0.03888,0.869921
nominal,mobile_pick_and_place,visual_occlusion,4,0.1,0.45408,0.037376,0.0749,0.04816,0.10032,0.3864,0.038909,0.03888,0.872721
nominal,mobile_pick_and_place,visual_occlusion,5,0.1,0.45408,0.037376,0.0749,0.04816,0.10032,0.3864,0.038909,0.03888,0.900407
nominal,mobile_pick_and_place,visual_occlusion,6,0.1,0.45408,0.037376,0.0749,0.04816,0.10032,0.3864,0.038909,0.03888,0.897683
nominal,mobile_pick_and_place,visual_occlusion,7,0.1,0.45408,0.037376,0.0749,0.04816,0.10032,0.3864,0.038909,0.03888,0.901443
nominal,mobile_pick_and_place,visual_occlusion,8,0.1,0.45408,0.037376,0.0749,0.04816,0.10032,0.3864,0.038909,0.03888,0.890602
nominal,mobile_pick_and_place,visual_occlusion,9,0.1,0.45408,0.037376,0.0749,0.04816,0.10032,0.3864,0.038909,0.03888,0.894279
nominal,mobile_pick_and_place,object_moved,0,0.1,0.21672,0.130816,0.4494,0.081872,0.1881,0.18354,0.035018,0.0729,0.878179
nominal,mobile_pick_and_place,object_moved,1,0.1,0.21672,0.130816,0.4494,0.081872,0.1881,0.18354,0.035018,0.0729,0.911033
nominal,mobile_pick_and_place,object_moved,2,0.1,0.21672,0.130816,0.4494,0.081872,0.1881,0.18354,0.035018,0.0729,0.879088
nominal,mobile_pick_and_place,object_moved,3,0.1,0.21672,0.130816,0.4494,0.081872,0.1881,0.18354,0.035018,0.0729,0.897315
nominal,mobile_pick_and_place,object_moved,4,0.1,0.21672,0.130816,0.4494,0.081872,0.1881,0.18354,0.035018,0.0729,0.875719
nominal,mobile_pick_and_place,object_moved,5,0.1,0.21672,0.130816,0.4494,0.081872,0.1881,0.18354,0.035018,0.0729,0.881832
nominal,mobile_pick_and_place,object_moved,6,0.1,0.21672,0.130816,0.4494,0.081872,0.1881,0.18354,0.035018,0.0729,0.890306
nominal,mobile_pick_and_place,object_moved,7,0.1,0.21672,0.130816,0.4494,0.081872,0.1881,0.18354,0.035018,0.0729,0.877381
nominal,mobile_pick_and_place,object_moved,8,0.1,0.21672,0.130816,0.4494,0.081872,0.1881,0.18354,0.035018,0.0729,0.880919
nominal,mobile_pick_and_place,object_moved,9,0.1,0.21672,0.130816,0.4494,0.081872,0.1881,0.18354,0.035018,0.0729,0.872973
nominal,mobile_pick_and_place,object_removed,0,0.1,0.17544,0.415808,0.1498,0.101136,0.24244,0.07728,0.038909,0.10692,0.86553
nominal,mobile_pick_and_place,object_removed,1,0.1,0.17544,0.415808,0.1498,0.101136,0.24244,0.07728,0.038909,0.10692,0.884442
nominal,mobile_pick_and_place,object_removed,2,0.1,0.17544,0.415808,0.1498,0.101136,0.24244,0.07728,0.038909,0.10692,0.897209
nominal,mobile_pick_and_place,object_removed,3,0.1,0.17544,0.415808,0.1498,0.101136,0.24244,0.07728,0.038909,0.10692,0.880889
nominal,mobile_pick_and_place,object_removed,4,0.1,0.17544,0.415808,0.1498,0.101136,0.24244,0.07728,0.038909,0.10692,0.878033
nominal,mobile_pick_and_place,object_removed,5,0.1,0.17544,0.415808,0.1498,0.101136,0.24244,0.07728,0.038909,0.10692,0.912349
nominal,mobile_pick_and_place,object_removed,6,0.1,0.17544,0.415808,0.1498,0.101136,0.24244,0.07728,0.038909,0.10692,0.89986
nominal,mobile_pick_and_place,object_removed,7,0.1,0.17544,0.415808,0.1498,0.101136,0.24244,0.07728,0.038909,0.10692,0.873913
nominal,mobile_pick_and_place,object_removed,8,0.1,0.17544,0.415808,0.1498,0.101136,0.24244,0.07728,0.038909,0.10692,0.890821
nominal,mobile_pick_and_place,object_removed,9,0.1,0.17544,0.415808,0.1498,0.101136,0.24244,0.07728,0.038909,0.10692,0.908044
nominal,mobile_pick_and_place,human_temporary_obstruction,0,0.1,0.38184,0.084096,0.0963,0.057792,0.30096,0.41538,0.17898,0.07776,0.892953
nominal,mobile_pick_and_place,human_temporary_obstruction,1,0.1,0.38184,0.084096,0.0963,0.057792,0.30096,0.41538,0.17898,0.07776,0.889401
nominal,mobile_pick_and_place,human_temporary_obstruction,2,0.1,0.38184,0.084096,0.0963,0.057792,0.30096,0.41538,0.17898,0.07776,0.885612
nominal,mobile_pick_and_place,human_temporary_obstruction,3,0.1,0.38184,0.084096,0.0963,0.057792,0.30096,0.41538,0.17898,0.07776,0.877505
nominal,mobile_pick_and_place,human_temporary_obstruction,4,0.1,0.38184,0.084096,0.0963,0.057792,0.30096,0.41538,0.17898,0.07776,0.864078
nominal,mobile_pick_and_place,human_temporary_obstruction,5,0.1,0.38184,0.084096,0.0963,0.057792,0.30096,0.41538,0.17898,0.07776,0.885697
nominal,mobile_pick_and_place,human_temporary_obstruction,6,0.1,0.38184,0.084096,0.0963,0.057792,0.30096,0.41538,0.17898,0.07776,0.890276
nominal,mobile_pick_and_place,human_temporary_obstruction,7,0.1,0.38184,0.084096,0.0963,0.057792,0.30096,0.41538,0.17898,0.07776,0.884539
nominal,mobile_pick_and_place,human_temporary_obstruction,8,0.1,0.38184,0.084096,0.0963,0.057792,0.30096,0.41538,0.17898,0.07776,0.911848
nominal,mobile_pick_and_place,human_temporary_obstruction,9,0.1,0.38184,0.084096,0.0963,0.057792,0.30096,0.41538,0.17898,0.07776,0.901035
nominal,mobile_pick_and_place,goal_specification_changed,0,0.1,0.14448,0.355072,0.214,0.163744,0.20064,0.08694,0.066145,0.42768,0.863198
nominal,mobile_pick_and_place,goal_specification_changed,1,0.1,0.14448,0.355072,0.214,0.163744,0.20064,0.08694,0.066145,0.42768,0.891156
nominal,mobile_pick_and_place,goal_specification_changed,2,0.1,0.14448,0.355072,0.214,0.163744,0.20064,0.08694,0.066145,0.42768,0.886138
nominal,mobile_pick_and_place,goal_specification_changed,3,0.1,0.14448,0.355072,0.214,0.163744,0.20064,0.08694,0.066145,0.42768,0.872026
nominal,mobile_pick_and_place,goal_specification_changed,4,0.1,0.14448,0.355072,0.214,0.163744,0.20064,0.08694,0.066145,0.42768,0.891639
nominal,mobile_pick_and_place,goal_specification_changed,5,0.1,0.14448,0.355072,0.214,0.163744,0.20064,0.08694,0.066145,0.42768,0.884506
nominal,mobile_pick_and_place,goal_specification_changed,6,0.1,0.14448,0.355072,0.214,0.163744,0.20064,0.08694,0.066145,0.42768,0.883576
nominal,mobile_pick_and_place,goal_specification_changed,7,0.1,0.14448,0.355072,0.214,0.163744,0.20064,0.08694,0.066145,0.42768,0.880207
nominal,mobile_pick_and_place,goal_specification_changed,8,0.1,0.14448,0.355072,0.214,0.163744,0.20064,0.08694,0.066145,0.42768,0.888286
nominal,mobile_pick_and_place,goal_specification_changed,9,0.1,0.14448,0.355072,0.214,0.163744,0.20064,0.08694,0.066145,0.42768,0.879387
nominal,mobile_pick_and_place,substitute_goal_available,0,0.1,0.21672,0.289664,0.1926,0.21672,0.1672,0.1449,0.054472,0.21384,0.9094
nominal,mobile_pick_and_place,substitute_goal_available,1,0.1,0.21672,0.289664,0.1926,0.21672,0.1672,0.1449,0.054472,0.21384,0.878899
nominal,mobile_pick_and_place,substitute_goal_available,2,0.1,0.21672,0.289664,0.1926,0.21672,0.1672,0.1449,0.054472,0.21384,0.889062
nominal,mobile_pick_and_place,substitute_goal_available,3,0.1,0.21672,0.289664,0.1926,0.21672,0.1672,0.1449,0.054472,0.21384,0.893742
nominal,mobile_pick_and_place,substitute_goal_available,4,0.1,0.21672,0.289664,0.1926,0.21672,0.1672,0.1449,0.054472,0.21384,0.891052
nominal,mobile_pick_and_place,substitute_goal_available,5,0.1,0.21672,0.289664,0.1926,0.21672,0.1672,0.1449,0.054472,0.21384,0.881339
nominal,mobile_pick_and_place,substitute_goal_available,6,0.1,0.21672,0.289664,0.1926,0.21672,0.1672,0.1449,0.054472,0.21384,0.888859
nominal,mobile_pick_and_place,substitute_goal_available,7,0.1,0.21672,0.289664,0.1926,0.21672,0.1672,0.1449,0.054472,0.21384,0.902268
nominal,mobile_pick_and_place,substitute_goal_available,8,0.1,0.21672,0.289664,0.1926,0.21672,0.1672,0.1449,0.054472,0.21384,0.89111
nominal,mobile_pick_and_place,substitute_goal_available,9,0.1,0.21672,0.289664,0.1926,0.21672,0.1672,0.1449,0.054472,0.21384,0.886233
nominal,mobile_pick_and_place,delayed_reappearance,0,0.1,0.4128,0.121472,0.214,0.086688,0.209,0.34776,0.073927,0.13608,0.888661
nominal,mobile_pick_and_place,delayed_reappearance,1,0.1,0.4128,0.121472,0.214,0.086688,0.209,0.34776,0.073927,0.13608,0.89657
nominal,mobile_pick_and_place,delayed_reappearance,2,0.1,0.4128,0.121472,0.214,0.086688,0.209,0.34776,0.073927,0.13608,0.879989
nominal,mobile_pick_and_place,delayed_reappearance,3,0.1,0.4128,0.121472,0.214,0.086688,0.209,0.34776,0.073927,0.13608,0.878885
nominal,mobile_pick_and_place,delayed_reappearance,4,0.1,0.4128,0.121472,0.214,0.086688,0.209,0.34776,0.073927,0.13608,0.889859
nominal,mobile_pick_and_place,delayed_reappearance,5,0.1,0.4128,0.121472,0.214,0.086688,0.209,0.34776,0.073927,0.13608,0.892964
nominal,mobile_pick_and_place,delayed_reappearance,6,0.1,0.4128,0.121472,0.214,0.086688,0.209,0.34776,0.073927,0.13608,0.891425
nominal,mobile_pick_and_place,delayed_reappearance,7,0.1,0.4128,0.121472,0.214,0.086688,0.209,0.34776,0.073927,0.13608,0.872513
nominal,mobile_pick_and_place,delayed_reappearance,8,0.1,0.4128,0.121472,0.214,0.086688,0.209,0.34776,0.073927,0.13608,0.883213
nominal,mobile_pick_and_place,delayed_reappearance,9,0.1,0.4128,0.121472,0.214,0.086688,0.209,0.34776,0.073927,0.13608,0.896523
nominal,mobile_pick_and_place,cascading_disappearing_goal,0,0.1,0.43344,0.392448,0.4173,0.178192,0.35948,0.21252,0.124508,0.32076,0.887651
nominal,mobile_pick_and_place,cascading_disappearing_goal,1,0.1,0.43344,0.392448,0.4173,0.178192,0.35948,0.21252,0.124508,0.32076,0.871559
nominal,mobile_pick_and_place,cascading_disappearing_goal,2,0.1,0.43344,0.392448,0.4173,0.178192,0.35948,0.21252,0.124508,0.32076,0.869922
nominal,mobile_pick_and_place,cascading_disappearing_goal,3,0.1,0.43344,0.392448,0.4173,0.178192,0.35948,0.21252,0.124508,0.32076,0.883075
nominal,mobile_pick_and_place,cascading_disappearing_goal,4,0.1,0.43344,0.392448,0.4173,0.178192,0.35948,0.21252,0.124508,0.32076,0.880144
nominal,mobile_pick_and_place,cascading_disappearing_goal,5,0.1,0.43344,0.392448,0.4173,0.178192,0.35948,0.21252,0.124508,0.32076,0.873577
nominal,mobile_pick_and_place,cascading_disappearing_goal,6,0.1,0.43344,0.392448,0.4173,0.178192,0.35948,0.21252,0.124508,0.32076,0.867066
nominal,mobile_pick_and_place,cascading_disappearing_goal,7,0.1,0.43344,0.392448,0.4173,0.178192,0.35948,0.21252,0.124508,0.32076,0.876744
nominal,mobile_pick_and_place,cascading_disappearing_goal,8,0.1,0.43344,0.392448,0.4173,0.178192,0.35948,0.21252,0.124508,0.32076,0.882736
nominal,mobile_pick_and_place,cascading_disappearing_goal,9,0.1,0.43344,0.392448,0.4173,0.178192,0.35948,0.21252,0.124508,0.32076,0.859772
nominal,cabinet_restocking,visual_occlusion,0,0.1,0.44352,0.041114,0.0749,0.055866,0.10296,0.3864,0.04632,0.03888,0.880903
nominal,cabinet_restocking,visual_occlusion,1,0.1,0.44352,0.041114,0.0749,0.055866,0.10296,0.3864,0.04632,0.03888,0.870617
nominal,cabinet_restocking,visual_occlusion,2,0.1,0.44352,0.041114,0.0749,0.055866,0.10296,0.3864,0.04632,0.03888,0.891258
nominal,cabinet_restocking,visual_occlusion,3,0.1,0.44352,0.041114,0.0749,0.055866,0.10296,0.3864,0.04632,0.03888,0.890482
nominal,cabinet_restocking,visual_occlusion,4,0.1,0.44352,0.041114,0.0749,0.055866,0.10296,0.3864,0.04632,0.03888,0.876056
nominal,cabinet_restocking,visual_occlusion,5,0.1,0.44352,0.041114,0.0749,0.055866,0.10296,0.3864,0.04632,0.03888,0.889504
nominal,cabinet_restocking,visual_occlusion,6,0.1,0.44352,0.041114,0.0749,0.055866,0.10296,0.3864,0.04632,0.03888,0.891684
nominal,cabinet_restocking,visual_occlusion,7,0.1,0.44352,0.041114,0.0749,0.055866,0.10296,0.3864,0.04632,0.03888,0.888747
nominal,cabinet_restocking,visual_occlusion,8,0.1,0.44352,0.041114,0.0749,0.055866,0.10296,0.3864,0.04632,0.03888,0.898125
nominal,cabinet_restocking,visual_occlusion,9,0.1,0.44352,0.041114,0.0749,0.055866,0.10296,0.3864,0.04632,0.03888,0.895714
nominal,cabinet_restocking,object_moved,0,0.1,0.21168,0.143898,0.4494,0.094972,0.19305,0.18354,0.041688,0.0729,0.887727
nominal,cabinet_restocking,object_moved,1,0.1,0.21168,0.143898,0.4494,0.094972,0.19305,0.18354,0.041688,0.0729,0.876247
nominal,cabinet_restocking,object_moved,2,0.1,0.21168,0.143898,0.4494,0.094972,0.19305,0.18354,0.041688,0.0729,0.873022
nominal,cabinet_restocking,object_moved,3,0.1,0.21168,0.143898,0.4494,0.094972,0.19305,0.18354,0.041688,0.0729,0.877118
nominal,cabinet_restocking,object_moved,4,0.1,0.21168,0.143898,0.4494,0.094972,0.19305,0.18354,0.041688,0.0729,0.886058
nominal,cabinet_restocking,object_moved,5,0.1,0.21168,0.143898,0.4494,0.094972,0.19305,0.18354,0.041688,0.0729,0.888828
nominal,cabinet_restocking,object_moved,6,0.1,0.21168,0.143898,0.4494,0.094972,0.19305,0.18354,0.041688,0.0729,0.888862
nominal,cabinet_restocking,object_moved,7,0.1,0.21168,0.143898,0.4494,0.094972,0.19305,0.18354,0.041688,0.0729,0.898126
nominal,cabinet_restocking,object_moved,8,0.1,0.21168,0.143898,0.4494,0.094972,0.19305,0.18354,0.041688,0.0729,0.878273
nominal,cabinet_restocking,object_moved,9,0.1,0.21168,0.143898,0.4494,0.094972,0.19305,0.18354,0.041688,0.0729,0.885365
nominal,cabinet_restocking,object_removed,0,0.1,0.17136,0.457389,0.1498,0.117318,0.24882,0.07728,0.04632,0.10692,0.87086
nominal,cabinet_restocking,object_removed,1,0.1,0.17136,0.457389,0.1498,0.117318,0.24882,0.07728,0.04632,0.10692,0.896746
nominal,cabinet_restocking,object_removed,2,0.1,0.17136,0.457389,0.1498,0.117318,0.24882,0.07728,0.04632,0.10692,0.867828
nominal,cabinet_restocking,object_removed,3,0.1,0.17136,0.457389,0.1498,0.117318,0.24882,0.07728,0.04632,0.10692,0.88667
nominal,cabinet_restocking,object_removed,4,0.1,0.17136,0.457389,0.1498,0.117318,0.24882,0.07728,0.04632,0.10692,0.887514
nominal,cabinet_restocking,object_removed,5,0.1,0.17136,0.457389,0.1498,0.117318,0.24882,0.07728,0.04632,0.10692,0.886238
nominal,cabinet_restocking,object_removed,6,0.1,0.17136,0.457389,0.1498,0.117318,0.24882,0.07728,0.04632,0.10692,0.880269
nominal,cabinet_restocking,object_removed,7,0.1,0.17136,0.457389,0.1498,0.117318,0.24882,0.07728,0.04632,0.10692,0.891867
nominal,cabinet_restocking,object_removed,8,0.1,0.17136,0.457389,0.1498,0.117318,0.24882,0.07728,0.04632,0.10692,0.89028
nominal,cabinet_restocking,object_removed,9,0.1,0.17136,0.457389,0.1498,0.117318,0.24882,0.07728,0.04632,0.10692,0.882837
nominal,cabinet_restocking,human_temporary_obstruction,0,0.1,0.37296,0.092506,0.0963,0.067039,0.30888,0.41538,0.213072,0.07776,0.869825
nominal,cabinet_restocking,human_temporary_obstruction,1,0.1,0.37296,0.092506,0.0963,0.067039,0.30888,0.41538,0.213072,0.07776,0.88148
nominal,cabinet_restocking,human_temporary_obstruction,2,0.1,0.37296,0.092506,0.0963,0.067039,0.30888,0.41538,0.213072,0.07776,0.883314
nominal,cabinet_restocking,human_temporary_obstruction,3,0.1,0.37296,0.092506,0.0963,0.067039,0.30888,0.41538,0.213072,0.07776,0.883445
nominal,cabinet_restocking,human_temporary_obstruction,4,0.1,0.37296,0.092506,0.0963,0.067039,0.30888,0.41538,0.213072,0.07776,0.884419
nominal,cabinet_restocking,human_temporary_obstruction,5,0.1,0.37296,0.092506,0.0963,0.067039,0.30888,0.41538,0.213072,0.07776,0.908977
nominal,cabinet_restocking,human_temporary_obstruction,6,0.1,0.37296,0.092506,0.0963,0.067039,0.30888,0.41538,0.213072,0.07776,0.88717
nominal,cabinet_restocking,human_temporary_obstruction,7,0.1,0.37296,0.092506,0.0963,0.067039,0.30888,0.41538,0.213072,0.07776,0.879889
nominal,cabinet_restocking,human_temporary_obstruction,8,0.1,0.37296,0.092506,0.0963,0.067039,0.30888,0.41538,0.213072,0.07776,0.87556
nominal,cabinet_restocking,human_temporary_obstruction,9,0.1,0.37296,0.092506,0.0963,0.067039,0.30888,0.41538,0.213072,0.07776,0.878033
nominal,cabinet_restocking,goal_specification_changed,0,0.1,0.14112,0.390579,0.214,0.189943,0.20592,0.08694,0.078744,0.42768,0.86956
nominal,cabinet_restocking,goal_specification_changed,1,0.1,0.14112,0.390579,0.214,0.189943,0.20592,0.08694,0.078744,0.42768,0.888467
nominal,cabinet_restocking,goal_specification_changed,2,0.1,0.14112,0.390579,0.214,0.189943,0.20592,0.08694,0.078744,0.42768,0.873056
nominal,cabinet_restocking,goal_specification_changed,3,0.1,0.14112,0.390579,0.214,0.189943,0.20592,0.08694,0.078744,0.42768,0.880179
nominal,cabinet_restocking,goal_specification_changed,4,0.1,0.14112,0.390579,0.214,0.189943,0.20592,0.08694,0.078744,0.42768,0.883119
nominal,cabinet_restocking,goal_specification_changed,5,0.1,0.14112,0.390579,0.214,0.189943,0.20592,0.08694,0.078744,0.42768,0.871067
nominal,cabinet_restocking,goal_specification_changed,6,0.1,0.14112,0.390579,0.214,0.189943,0.20592,0.08694,0.078744,0.42768,0.863176
nominal,cabinet_restocking,goal_specification_changed,7,0.1,0.14112,0.390579,0.214,0.189943,0.20592,0.08694,0.078744,0.42768,0.897978
nominal,cabinet_restocking,goal_specification_changed,8,0.1,0.14112,0.390579,0.214,0.189943,0.20592,0.08694,0.078744,0.42768,0.860581
nominal,cabinet_restocking,goal_specification_changed,9,0.1,0.14112,0.390579,0.214,0.189943,0.20592,0.08694,0.078744,0.42768,0.858531
nominal,cabinet_restocking,substitute_goal_available,0,0.1,0.21168,0.31863,0.1926,0.251395,0.1716,0.1449,0.064848,0.21384,0.892908
nominal,cabinet_restocking,substitute_goal_available,1,0.1,0.21168,0.31863,0.1926,0.251395,0.1716,0.1449,0.064848,0.21384,0.89291
nominal,cabinet_restocking,substitute_goal_available,2,0.1,0.21168,0.31863,0.1926,0.251395,0.1716,0.1449,0.064848,0.21384,0.874707
nominal,cabinet_restocking,substitute_goal_available,3,0.1,0.21168,0.31863,0.1926,0.251395,0.1716,0.1449,0.064848,0.21384,0.868542
nominal,cabinet_restocking,substitute_goal_available,4,0.1,0.21168,0.31863,0.1926,0.251395,0.1716,0.1449,0.064848,0.21384,0.881562
nominal,cabinet_restocking,substitute_goal_available,5,0.1,0.21168,0.31863,0.1926,0.251395,0.1716,0.1449,0.064848,0.21384,0.887962
nominal,cabinet_restocking,substitute_goal_available,6,0.1,0.21168,0.31863,0.1926,0.251395,0.1716,0.1449,0.064848,0.21384,0.890971
nominal,cabinet_restocking,substitute_goal_available,7,0.1,0.21168,0.31863,0.1926,0.251395,0.1716,0.1449,0.064848,0.21384,0.8798
nominal,cabinet_restocking,substitute_goal_available,8,0.1,0.21168,0.31863,0.1926,0.251395,0.1716,0.1449,0.064848,0.21384,0.886382
nominal,cabinet_restocking,substitute_goal_available,9,0.1,0.21168,0.31863,0.1926,0.251395,0.1716,0.1449,0.064848,0.21384,0.882891
nominal,cabinet_restocking,delayed_reappearance,0,0.1,0.4032,0.133619,0.214,0.100558,0.2145,0.34776,0.088008,0.13608,0.887114
nominal,cabinet_restocking,delayed_reappearance,1,0.1,0.4032,0.133619,0.214,0.100558,0.2145,0.34776,0.088008,0.13608,0.881428
nominal,cabinet_restocking,delayed_reappearance,2,0.1,0.4032,0.133619,0.214,0.100558,0.2145,0.34776,0.088008,0.13608,0.884482
nominal,cabinet_restocking,delayed_reappearance,3,0.1,0.4032,0.133619,0.214,0.100558,0.2145,0.34776,0.088008,0.13608,0.876972
nominal,cabinet_restocking,delayed_reappearance,4,0.1,0.4032,0.133619,0.214,0.100558,0.2145,0.34776,0.088008,0.13608,0.874294
nominal,cabinet_restocking,delayed_reappearance,5,0.1,0.4032,0.133619,0.214,0.100558,0.2145,0.34776,0.088008,0.13608,0.88979
nominal,cabinet_restocking,delayed_reappearance,6,0.1,0.4032,0.133619,0.214,0.100558,0.2145,0.34776,0.088008,0.13608,0.879045
nominal,cabinet_restocking,delayed_reappearance,7,0.1,0.4032,0.133619,0.214,0.100558,0.2145,0.34776,0.088008,0.13608,0.893666
nominal,cabinet_restocking,delayed_reappearance,8,0.1,0.4032,0.133619,0.214,0.100558,0.2145,0.34776,0.088008,0.13608,0.881987
nominal,cabinet_restocking,delayed_reappearance,9,0.1,0.4032,0.133619,0.214,0.100558,0.2145,0.34776,0.088008,0.13608,0.883851
nominal,cabinet_restocking,cascading_disappearing_goal,0,0.1,0.42336,0.431693,0.4173,0.206703,0.36894,0.21252,0.148224,0.32076,0.87877
nominal,cabinet_restocking,cascading_disappearing_goal,1,0.1,0.42336,0.431693,0.4173,0.206703,0.36894,0.21252,0.148224,0.32076,0.8806
nominal,cabinet_restocking,cascading_disappearing_goal,2,0.1,0.42336,0.431693,0.4173,0.206703,0.36894,0.21252,0.148224,0.32076,0.866821
nominal,cabinet_restocking,cascading_disappearing_goal,3,0.1,0.42336,0.431693,0.4173,0.206703,0.36894,0.21252,0.148224,0.32076,0.880539
nominal,cabinet_restocking,cascading_disappearing_goal,4,0.1,0.42336,0.431693,0.4173,0.206703,0.36894,0.21252,0.148224,0.32076,0.867187
nominal,cabinet_restocking,cascading_disappearing_goal,5,0.1,0.42336,0.431693,0.4173,0.206703,0.36894,0.21252,0.148224,0.32076,0.88431
nominal,cabinet_restocking,cascading_disappearing_goal,6,0.1,0.42336,0.431693,0.4173,0.206703,0.36894,0.21252,0.148224,0.32076,0.884541
nominal,cabinet_restocking,cascading_disappearing_goal,7,0.1,0.42336,0.431693,0.4173,0.206703,0.36894,0.21252,0.148224,0.32076,0.894036
nominal,cabinet_restocking,cascading_disappearing_goal,8,0.1,0.42336,0.431693,0.4173,0.206703,0.36894,0.21252,0.148224,0.32076,0.876598
nominal,cabinet_restocking,cascading_disappearing_goal,9,0.1,0.42336,0.431693,0.4173,0.206703,0.36894,0.21252,0.148224,0.32076,0.872852
occlusion_heavy_shift,shelf_retrieval,visual_occlusion,0,0.5,0.797632,0.043995,0.104776,0.036285,0.1116,0.44896,0.028018,0.043456,0.892224
occlusion_heavy_shift,shelf_retrieval,visual_occlusion,1,0.5,0.797632,0.043995,0.104776,0.036285,0.1116,0.44896,0.028018,0.043456,0.875789
occlusion_heavy_shift,shelf_retrieval,visual_occlusion,2,0.5,0.797632,0.043995,0.104776,0.036285,0.1116,0.44896,0.028018,0.043456,0.884841
occlusion_heavy_shift,shelf_retrieval,visual_occlusion,3,0.5,0.797632,0.043995,0.104776,0.036285,0.1116,0.44896,0.028018,0.043456,0.885361
occlusion_heavy_shift,shelf_retrieval,visual_occlusion,4,0.5,0.797632,0.043995,0.104776,0.036285,0.1116,0.44896,0.028018,0.043456,0.893648
occlusion_heavy_shift,shelf_retrieval,visual_occlusion,5,0.5,0.797632,0.043995,0.104776,0.036285,0.1116,0.44896,0.028018,0.043456,0.87559
occlusion_heavy_shift,shelf_retrieval,visual_occlusion,6,0.5,0.797632,0.043995,0.104776,0.036285,0.1116,0.44896,0.028018,0.043456,0.906213
occlusion_heavy_shift,shelf_retrieval,visual_occlusion,7,0.5,0.797632,0.043995,0.104776,0.036285,0.1116,0.44896,0.028018,0.043456,0.889241
occlusion_heavy_shift,shelf_retrieval,visual_occlusion,8,0.5,0.797632,0.043995,0.104776,0.036285,0.1116,0.44896,0.028018,0.043456,0.871226
occlusion_heavy_shift,shelf_retrieval,visual_occlusion,9,0.5,0.797632,0.043995,0.104776,0.036285,0.1116,0.44896,0.028018,0.043456,0.893911
occlusion_heavy_shift,shelf_retrieval,object_moved,0,0.5,0.380688,0.153982,0.628656,0.061684,0.20925,0.213256,0.025216,0.08148,0.909223
occlusion_heavy_shift,shelf_retrieval,object_moved,1,0.5,0.380688,0.153982,0.628656,0.061684,0.20925,0.213256,0.025216,0.08148,0.90971
occlusion_heavy_shift,shelf_retrieval,object_moved,2,0.5,0.380688,0.153982,0.628656,0.061684,0.20925,0.213256,0.025216,0.08148,0.88517
occlusion_heavy_shift,shelf_retrieval,object_moved,3,0.5,0.380688,0.153982,0.628656,0.061684,0.20925,0.213256,0.025216,0.08148,0.891184
occlusion_heavy_shift,shelf_retrieval,object_moved,4,0.5,0.380688,0.153982,0.628656,0.061684,0.20925,0.213256,0.025216,0.08148,0.898399
occlusion_heavy_shift,shelf_retrieval,object_moved,5,0.5,0.380688,0.153982,0.628656,0.061684,0.20925,0.213256,0.025216,0.08148,0.862687
occlusion_heavy_shift,shelf_retrieval,object_moved,6,0.5,0.380688,0.153982,0.628656,0.061684,0.20925,0.213256,0.025216,0.08148,0.888344
occlusion_heavy_shift,shelf_retrieval,object_moved,7,0.5,0.380688,0.153982,0.628656,0.061684,0.20925,0.213256,0.025216,0.08148,0.907766
occlusion_heavy_shift,shelf_retrieval,object_moved,8,0.5,0.380688,0.153982,0.628656,0.061684,0.20925,0.213256,0.025216,0.08148,0.88915
occlusion_heavy_shift,shelf_retrieval,object_moved,9,0.5,0.380688,0.153982,0.628656,0.061684,0.20925,0.213256,0.025216,0.08148,0.875339
occlusion_heavy_shift,shelf_retrieval,object_removed,0,0.5,0.308176,0.489443,0.209552,0.076198,0.2697,0.089792,0.028018,0.119504,0.879039
occlusion_heavy_shift,shelf_retrieval,object_removed,1,0.5,0.308176,0.489443,0.209552,0.076198,0.2697,0.089792,0.028018,0.119504,0.882552
occlusion_heavy_shift,shelf_retrieval,object_removed,2,0.5,0.308176,0.489443,0.209552,0.076198,0.2697,0.089792,0.028018,0.119504,0.874617
occlusion_heavy_shift,shelf_retrieval,object_removed,3,0.5,0.308176,0.489443,0.209552,0.076198,0.2697,0.089792,0.028018,0.119504,0.868923
occlusion_heavy_shift,shelf_retrieval,object_removed,4,0.5,0.308176,0.489443,0.209552,0.076198,0.2697,0.089792,0.028018,0.119504,0.886599
occlusion_heavy_shift,shelf_retrieval,object_removed,5,0.5,0.308176,0.489443,0.209552,0.076198,0.2697,0.089792,0.028018,0.119504,0.902283
occlusion_heavy_shift,shelf_retrieval,object_removed,6,0.5,0.308176,0.489443,0.209552,0.076198,0.2697,0.089792,0.028018,0.119504,0.890447
occlusion_heavy_shift,shelf_retrieval,object_removed,7,0.5,0.308176,0.489443,0.209552,0.076198,0.2697,0.089792,0.028018,0.119504,0.887006
occlusion_heavy_shift,shelf_retrieval,object_removed,8,0.5,0.308176,0.489443,0.209552,0.076198,0.2697,0.089792,0.028018,0.119504,0.89262
occlusion_heavy_shift,shelf_retrieval,object_removed,9,0.5,0.308176,0.489443,0.209552,0.076198,0.2697,0.089792,0.028018,0.119504,0.913621
occlusion_heavy_shift,shelf_retrieval,human_temporary_obstruction,0,0.5,0.670736,0.098988,0.134712,0.043542,0.3348,0.482632,0.128881,0.086912,0.899625
occlusion_heavy_shift,shelf_retrieval,human_temporary_obstruction,1,0.5,0.670736,0.098988,0.134712,0.043542,0.3348,0.482632,0.128881,0.086912,0.879252
occlusion_heavy_shift,shelf_retrieval,human_temporary_obstruction,2,0.5,0.670736,0.098988,0.134712,0.043542,0.3348,0.482632,0.128881,0.086912,0.904356
occlusion_heavy_shift,shelf_retrieval,human_temporary_obstruction,3,0.5,0.670736,0.098988,0.134712,0.043542,0.3348,0.482632,0.128881,0.086912,0.88091
occlusion_heavy_shift,shelf_retrieval,human_temporary_obstruction,4,0.5,0.670736,0.098988,0.134712,0.043542,0.3348,0.482632,0.128881,0.086912,0.891858
occlusion_heavy_shift,shelf_retrieval,human_temporary_obstruction,5,0.5,0.670736,0.098988,0.134712,0.043542,0.3348,0.482632,0.128881,0.086912,0.873532
occlusion_heavy_shift,shelf_retrieval,human_temporary_obstruction,6,0.5,0.670736,0.098988,0.134712,0.043542,0.3348,0.482632,0.128881,0.086912,0.877731
occlusion_heavy_shift,shelf_retrieval,human_temporary_obstruction,7,0.5,0.670736,0.098988,0.134712,0.043542,0.3348,0.482632,0.128881,0.086912,0.901557
occlusion_heavy_shift,shelf_retrieval,human_temporary_obstruction,8,0.5,0.670736,0.098988,0.134712,0.043542,0.3348,0.482632,0.128881,0.086912,0.888853
occlusion_heavy_shift,shelf_retrieval,human_temporary_obstruction,9,0.5,0.670736,0.098988,0.134712,0.043542,0.3348,0.482632,0.128881,0.086912,0.879284
occlusion_heavy_shift,shelf_retrieval,goal_specification_changed,0,0.5,0.253792,0.417951,0.29936,0.123368,0.2232,0.101016,0.04763,0.478016,0.891031
occlusion_heavy_shift,shelf_retrieval,goal_specification_changed,1,0.5,0.253792,0.417951,0.29936,0.123368,0.2232,0.101016,0.04763,0.478016,0.855815
occlusion_heavy_shift,shelf_retrieval,goal_specification_changed,2,0.5,0.253792,0.417951,0.29936,0.123368,0.2232,0.101016,0.04763,0.478016,0.880228
occlusion_heavy_shift,shelf_retrieval,goal_specification_changed,3,0.5,0.253792,0.417951,0.29936,0.123368,0.2232,0.101016,0.04763,0.478016,0.883815
occlusion_heavy_shift,shelf_retrieval,goal_specification_changed,4,0.5,0.253792,0.417951,0.29936,0.123368,0.2232,0.101016,0.04763,0.478016,0.890221
occlusion_heavy_shift,shelf_retrieval,goal_specification_changed,5,0.5,0.253792,0.417951,0.29936,0.123368,0.2232,0.101016,0.04763,0.478016,0.88794
occlusion_heavy_shift,shelf_retrieval,goal_specification_changed,6,0.5,0.253792,0.417951,0.29936,0.123368,0.2232,0.101016,0.04763,0.478016,0.88543
occlusion_heavy_shift,shelf_retrieval,goal_specification_changed,7,0.5,0.253792,0.417951,0.29936,0.123368,0.2232,0.101016,0.04763,0.478016,0.878582
occlusion_heavy_shift,shelf_retrieval,goal_specification_changed,8,0.5,0.253792,0.417951,0.29936,0.123368,0.2232,0.101016,0.04763,0.478016,0.888743
occlusion_heavy_shift,shelf_retrieval,goal_specification_changed,9,0.5,0.253792,0.417951,0.29936,0.123368,0.2232,0.101016,0.04763,0.478016,0.866966
occlusion_heavy_shift,shelf_retrieval,substitute_goal_available,0,0.5,0.380688,0.34096,0.269424,0.163282,0.186,0.16836,0.039225,0.239008,0.896646
occlusion_heavy_shift,shelf_retrieval,substitute_goal_available,1,0.5,0.380688,0.34096,0.269424,0.163282,0.186,0.16836,0.039225,0.239008,0.877574
occlusion_heavy_shift,shelf_retrieval,substitute_goal_available,2,0.5,0.380688,0.34096,0.269424,0.163282,0.186,0.16836,0.039225,0.239008,0.904883
occlusion_heavy_shift,shelf_retrieval,substitute_goal_available,3,0.5,0.380688,0.34096,0.269424,0.163282,0.186,0.16836,0.039225,0.239008,0.877906
occlusion_heavy_shift,shelf_retrieval,substitute_goal_available,4,0.5,0.380688,0.34096,0.269424,0.163282,0.186,0.16836,0.039225,0.239008,0.867649
occlusion_heavy_shift,shelf_retrieval,substitute_goal_available,5,0.5,0.380688,0.34096,0.269424,0.163282,0.186,0.16836,0.039225,0.239008,0.890982
occlusion_heavy_shift,shelf_retrieval,substitute_goal_available,6,0.5,0.380688,0.34096,0.269424,0.163282,0.186,0.16836,0.039225,0.239008,0.889964
occlusion_heavy_shift,shelf_retrieval,substitute_goal_available,7,0.5,0.380688,0.34096,0.269424,0.163282,0.186,0.16836,0.039225,0.239008,0.903962
occlusion_heavy_shift,shelf_retrieval,substitute_goal_available,8,0.5,0.380688,0.34096,0.269424,0.163282,0.186,0.16836,0.039225,0.239008,0.895086
occlusion_heavy_shift,shelf_retrieval,substitute_goal_available,9,0.5,0.380688,0.34096,0.269424,0.163282,0.186,0.16836,0.039225,0.239008,0.891165
occlusion_heavy_shift,shelf_retrieval,delayed_reappearance,0,0.5,0.72512,0.142983,0.29936,0.065313,0.2325,0.404064,0.053233,0.152096,0.881865
occlusion_heavy_shift,shelf_retrieval,delayed_reappearance,1,0.5,0.72512,0.142983,0.29936,0.065313,0.2325,0.404064,0.053233,0.152096,0.905471
occlusion_heavy_shift,shelf_retrieval,delayed_reappearance,2,0.5,0.72512,0.142983,0.29936,0.065313,0.2325,0.404064,0.053233,0.152096,0.872942
occlusion_heavy_shift,shelf_retrieval,delayed_reappearance,3,0.5,0.72512,0.142983,0.29936,0.065313,0.2325,0.404064,0.053233,0.152096,0.884672
occlusion_heavy_shift,shelf_retrieval,delayed_reappearance,4,0.5,0.72512,0.142983,0.29936,0.065313,0.2325,0.404064,0.053233,0.152096,0.893436
occlusion_heavy_shift,shelf_retrieval,delayed_reappearance,5,0.5,0.72512,0.142983,0.29936,0.065313,0.2325,0.404064,0.053233,0.152096,0.883678
occlusion_heavy_shift,shelf_retrieval,delayed_reappearance,6,0.5,0.72512,0.142983,0.29936,0.065313,0.2325,0.404064,0.053233,0.152096,0.899657
occlusion_heavy_shift,shelf_retrieval,delayed_reappearance,7,0.5,0.72512,0.142983,0.29936,0.065313,0.2325,0.404064,0.053233,0.152096,0.878877
occlusion_heavy_shift,shelf_retrieval,delayed_reappearance,8,0.5,0.72512,0.142983,0.29936,0.065313,0.2325,0.404064,0.053233,0.152096,0.891389
occlusion_heavy_shift,shelf_retrieval,delayed_reappearance,9,0.5,0.72512,0.142983,0.29936,0.065313,0.2325,0.404064,0.053233,0.152096,0.872499
occlusion_heavy_shift,shelf_retrieval,cascading_disappearing_goal,0,0.5,0.761376,0.461946,0.583752,0.134254,0.3999,0.246928,0.089656,0.358512,0.885921
occlusion_heavy_shift,shelf_retrieval,cascading_disappearing_goal,1,0.5,0.761376,0.461946,0.583752,0.134254,0.3999,0.246928,0.089656,0.358512,0.868505
occlusion_heavy_shift,shelf_retrieval,cascading_disappearing_goal,2,0.5,0.761376,0.461946,0.583752,0.134254,0.3999,0.246928,0.089656,0.358512,0.888327
occlusion_heavy_shift,shelf_retrieval,cascading_disappearing_goal,3,0.5,0.761376,0.461946,0.583752,0.134254,0.3999,0.246928,0.089656,0.358512,0.866576
occlusion_heavy_shift,shelf_retrieval,cascading_disappearing_goal,4,0.5,0.761376,0.461946,0.583752,0.134254,0.3999,0.246928,0.089656,0.358512,0.881141
occlusion_heavy_shift,shelf_retrieval,cascading_disappearing_goal,5,0.5,0.761376,0.461946,0.583752,0.134254,0.3999,0.246928,0.089656,0.358512,0.878793
occlusion_heavy_shift,shelf_retrieval,cascading_disappearing_goal,6,0.5,0.761376,0.461946,0.583752,0.134254,0.3999,0.246928,0.089656,0.358512,0.902756
occlusion_heavy_shift,shelf_retrieval,cascading_disappearing_goal,7,0.5,0.761376,0.461946,0.583752,0.134254,0.3999,0.246928,0.089656,0.358512,0.866171
occlusion_heavy_shift,shelf_retrieval,cascading_disappearing_goal,8,0.5,0.761376,0.461946,0.583752,0.134254,0.3999,0.246928,0.089656,0.358512,0.882224
occlusion_heavy_shift,shelf_retrieval,cascading_disappearing_goal,9,0.5,0.761376,0.461946,0.583752,0.134254,0.3999,0.246928,0.089656,0.358512,0.885656
occlusion_heavy_shift,drawer_placement,visual_occlusion,0,0.5,0.743248,0.048626,0.104776,0.044822,0.126,0.44896,0.036638,0.043456,0.896234
occlusion_heavy_shift,drawer_placement,visual_occlusion,1,0.5,0.743248,0.048626,0.104776,0.044822,0.126,0.44896,0.036638,0.043456,0.888628
occlusion_heavy_shift,drawer_placement,visual_occlusion,2,0.5,0.743248,0.048626,0.104776,0.044822,0.126,0.44896,0.036638,0.043456,0.867189
occlusion_heavy_shift,drawer_placement,visual_occlusion,3,0.5,0.743248,0.048626,0.104776,0.044822,0.126,0.44896,0.036638,0.043456,0.869216
occlusion_heavy_shift,drawer_placement,visual_occlusion,4,0.5,0.743248,0.048626,0.104776,0.044822,0.126,0.44896,0.036638,0.043456,0.888097
occlusion_heavy_shift,drawer_placement,visual_occlusion,5,0.5,0.743248,0.048626,0.104776,0.044822,0.126,0.44896,0.036638,0.043456,0.86564
occlusion_heavy_shift,drawer_placement,visual_occlusion,6,0.5,0.743248,0.048626,0.104776,0.044822,0.126,0.44896,0.036638,0.043456,0.871549
occlusion_heavy_shift,drawer_placement,visual_occlusion,7,0.5,0.743248,0.048626,0.104776,0.044822,0.126,0.44896,0.036638,0.043456,0.86237
occlusion_heavy_shift,drawer_placement,visual_occlusion,8,0.5,0.743248,0.048626,0.104776,0.044822,0.126,0.44896,0.036638,0.043456,0.884185
occlusion_heavy_shift,drawer_placement,visual_occlusion,9,0.5,0.743248,0.048626,0.104776,0.044822,0.126,0.44896,0.036638,0.043456,0.888589
occlusion_heavy_shift,drawer_placement,object_moved,0,0.5,0.354732,0.170191,0.628656,0.076198,0.23625,0.213256,0.032975,0.08148,0.886225
occlusion_heavy_shift,drawer_placement,object_moved,1,0.5,0.354732,0.170191,0.628656,0.076198,0.23625,0.213256,0.032975,0.08148,0.880184
occlusion_heavy_shift,drawer_placement,object_moved,2,0.5,0.354732,0.170191,0.628656,0.076198,0.23625,0.213256,0.032975,0.08148,0.896095
occlusion_heavy_shift,drawer_placement,object_moved,3,0.5,0.354732,0.170191,0.628656,0.076198,0.23625,0.213256,0.032975,0.08148,0.868687
occlusion_heavy_shift,drawer_placement,object_moved,4,0.5,0.354732,0.170191,0.628656,0.076198,0.23625,0.213256,0.032975,0.08148,0.880847
occlusion_heavy_shift,drawer_placement,object_moved,5,0.5,0.354732,0.170191,0.628656,0.076198,0.23625,0.213256,0.032975,0.08148,0.888345
occlusion_heavy_shift,drawer_placement,object_moved,6,0.5,0.354732,0.170191,0.628656,0.076198,0.23625,0.213256,0.032975,0.08148,0.896806
occlusion_heavy_shift,drawer_placement,object_moved,7,0.5,0.354732,0.170191,0.628656,0.076198,0.23625,0.213256,0.032975,0.08148,0.882675
occlusion_heavy_shift,drawer_placement,object_moved,8,0.5,0.354732,0.170191,0.628656,0.076198,0.23625,0.213256,0.032975,0.08148,0.875979
occlusion_heavy_shift,drawer_placement,object_moved,9,0.5,0.354732,0.170191,0.628656,0.076198,0.23625,0.213256,0.032975,0.08148,0.905757
occlusion_heavy_shift,drawer_placement,object_removed,0,0.5,0.287164,0.540963,0.209552,0.094127,0.3045,0.089792,0.036638,0.119504,0.876857
occlusion_heavy_shift,drawer_placement,object_removed,1,0.5,0.287164,0.540963,0.209552,0.094127,0.3045,0.089792,0.036638,0.119504,0.888015
occlusion_heavy_shift,drawer_placement,object_removed,2,0.5,0.287164,0.540963,0.209552,0.094127,0.3045,0.089792,0.036638,0.119504,0.889333
occlusion_heavy_shift,drawer_placement,object_removed,3,0.5,0.287164,0.540963,0.209552,0.094127,0.3045,0.089792,0.036638,0.119504,0.88088
occlusion_heavy_shift,drawer_placement,object_removed,4,0.5,0.287164,0.540963,0.209552,0.094127,0.3045,0.089792,0.036638,0.119504,0.860052
occlusion_heavy_shift,drawer_placement,object_removed,5,0.5,0.287164,0.540963,0.209552,0.094127,0.3045,0.089792,0.036638,0.119504,0.880134
occlusion_heavy_shift,drawer_placement,object_removed,6,0.5,0.287164,0.540963,0.209552,0.094127,0.3045,0.089792,0.036638,0.119504,0.88286
occlusion_heavy_shift,drawer_placement,object_removed,7,0.5,0.287164,0.540963,0.209552,0.094127,0.3045,0.089792,0.036638,0.119504,0.871431
occlusion_heavy_shift,drawer_placement,object_removed,8,0.5,0.287164,0.540963,0.209552,0.094127,0.3045,0.089792,0.036638,0.119504,0.872833
occlusion_heavy_shift,drawer_placement,object_removed,9,0.5,0.287164,0.540963,0.209552,0.094127,0.3045,0.089792,0.036638,0.119504,0.884875
occlusion_heavy_shift,drawer_placement,human_temporary_obstruction,0,0.5,0.625004,0.109408,0.134712,0.053787,0.378,0.482632,0.168537,0.086912,0.871056
occlusion_heavy_shift,drawer_placement,human_temporary_obstruction,1,0.5,0.625004,0.109408,0.134712,0.053787,0.378,0.482632,0.168537,0.086912,0.877653
occlusion_heavy_shift,drawer_placement,human_temporary_obstruction,2,0.5,0.625004,0.109408,0.134712,0.053787,0.378,0.482632,0.168537,0.086912,0.885756
occlusion_heavy_shift,drawer_placement,human_temporary_obstruction,3,0.5,0.625004,0.109408,0.134712,0.053787,0.378,0.482632,0.168537,0.086912,0.875169
occlusion_heavy_shift,drawer_placement,human_temporary_obstruction,4,0.5,0.625004,0.109408,0.134712,0.053787,0.378,0.482632,0.168537,0.086912,0.877146
occlusion_heavy_shift,drawer_placement,human_temporary_obstruction,5,0.5,0.625004,0.109408,0.134712,0.053787,0.378,0.482632,0.168537,0.086912,0.875295
occlusion_heavy_shift,drawer_placement,human_temporary_obstruction,6,0.5,0.625004,0.109408,0.134712,0.053787,0.378,0.482632,0.168537,0.086912,0.901244
occlusion_heavy_shift,drawer_placement,human_temporary_obstruction,7,0.5,0.625004,0.109408,0.134712,0.053787,0.378,0.482632,0.168537,0.086912,0.852935
occlusion_heavy_shift,drawer_placement,human_temporary_obstruction,8,0.5,0.625004,0.109408,0.134712,0.053787,0.378,0.482632,0.168537,0.086912,0.89934
occlusion_heavy_shift,drawer_placement,human_temporary_obstruction,9,0.5,0.625004,0.109408,0.134712,0.053787,0.378,0.482632,0.168537,0.086912,0.875474
occlusion_heavy_shift,drawer_placement,goal_specification_changed,0,0.5,0.236488,0.461946,0.29936,0.152396,0.252,0.101016,0.062285,0.478016,0.885359
occlusion_heavy_shift,drawer_placement,goal_specification_changed,1,0.5,0.236488,0.461946,0.29936,0.152396,0.252,0.101016,0.062285,0.478016,0.870948
occlusion_heavy_shift,drawer_placement,goal_specification_changed,2,0.5,0.236488,0.461946,0.29936,0.152396,0.252,0.101016,0.062285,0.478016,0.866197
occlusion_heavy_shift,drawer_placement,goal_specification_changed,3,0.5,0.236488,0.461946,0.29936,0.152396,0.252,0.101016,0.062285,0.478016,0.874267
occlusion_heavy_shift,drawer_placement,goal_specification_changed,4,0.5,0.236488,0.461946,0.29936,0.152396,0.252,0.101016,0.062285,0.478016,0.889061
occlusion_heavy_shift,drawer_placement,goal_specification_changed,5,0.5,0.236488,0.461946,0.29936,0.152396,0.252,0.101016,0.062285,0.478016,0.886718
occlusion_heavy_shift,drawer_placement,goal_specification_changed,6,0.5,0.236488,0.461946,0.29936,0.152396,0.252,0.101016,0.062285,0.478016,0.873561
occlusion_heavy_shift,drawer_placement,goal_specification_changed,7,0.5,0.236488,0.461946,0.29936,0.152396,0.252,0.101016,0.062285,0.478016,0.868242
occlusion_heavy_shift,drawer_placement,goal_specification_changed,8,0.5,0.236488,0.461946,0.29936,0.152396,0.252,0.101016,0.062285,0.478016,0.875189
occlusion_heavy_shift,drawer_placement,goal_specification_changed,9,0.5,0.236488,0.461946,0.29936,0.152396,0.252,0.101016,0.062285,0.478016,0.867549
occlusion_heavy_shift,drawer_placement,substitute_goal_available,0,0.5,0.354732,0.376851,0.269424,0.201701,0.21,0.16836,0.051294,0.239008,0.871663
occlusion_heavy_shift,drawer_placement,substitute_goal_available,1,0.5,0.354732,0.376851,0.269424,0.201701,0.21,0.16836,0.051294,0.239008,0.875402
occlusion_heavy_shift,drawer_placement,substitute_goal_available,2,0.5,0.354732,0.376851,0.269424,0.201701,0.21,0.16836,0.051294,0.239008,0.897792
occlusion_heavy_shift,drawer_placement,substitute_goal_available,3,0.5,0.354732,0.376851,0.269424,0.201701,0.21,0.16836,0.051294,0.239008,0.875296
occlusion_heavy_shift,drawer_placement,substitute_goal_available,4,0.5,0.354732,0.376851,0.269424,0.201701,0.21,0.16836,0.051294,0.239008,0.868236
occlusion_heavy_shift,drawer_placement,substitute_goal_available,5,0.5,0.354732,0.376851,0.269424,0.201701,0.21,0.16836,0.051294,0.239008,0.871388
occlusion_heavy_shift,drawer_placement,substitute_goal_available,6,0.5,0.354732,0.376851,0.269424,0.201701,0.21,0.16836,0.051294,0.239008,0.886995
occlusion_heavy_shift,drawer_placement,substitute_goal_available,7,0.5,0.354732,0.376851,0.269424,0.201701,0.21,0.16836,0.051294,0.239008,0.87675
occlusion_heavy_shift,drawer_placement,substitute_goal_available,8,0.5,0.354732,0.376851,0.269424,0.201701,0.21,0.16836,0.051294,0.239008,0.869812
occlusion_heavy_shift,drawer_placement,substitute_goal_available,9,0.5,0.354732,0.376851,0.269424,0.201701,0.21,0.16836,0.051294,0.239008,0.869859
occlusion_heavy_shift,drawer_placement,delayed_reappearance,0,0.5,0.67568,0.158034,0.29936,0.08068,0.2625,0.404064,0.069613,0.152096,0.879616
occlusion_heavy_shift,drawer_placement,delayed_reappearance,1,0.5,0.67568,0.158034,0.29936,0.08068,0.2625,0.404064,0.069613,0.152096,0.878092
occlusion_heavy_shift,drawer_placement,delayed_reappearance,2,0.5,0.67568,0.158034,0.29936,0.08068,0.2625,0.404064,0.069613,0.152096,0.862363
occlusion_heavy_shift,drawer_placement,delayed_reappearance,3,0.5,0.67568,0.158034,0.29936,0.08068,0.2625,0.404064,0.069613,0.152096,0.889332
occlusion_heavy_shift,drawer_placement,delayed_reappearance,4,0.5,0.67568,0.158034,0.29936,0.08068,0.2625,0.404064,0.069613,0.152096,0.891934
occlusion_heavy_shift,drawer_placement,delayed_reappearance,5,0.5,0.67568,0.158034,0.29936,0.08068,0.2625,0.404064,0.069613,0.152096,0.888211
occlusion_heavy_shift,drawer_placement,delayed_reappearance,6,0.5,0.67568,0.158034,0.29936,0.08068,0.2625,0.404064,0.069613,0.152096,0.870502
occlusion_heavy_shift,drawer_placement,delayed_reappearance,7,0.5,0.67568,0.158034,0.29936,0.08068,0.2625,0.404064,0.069613,0.152096,0.880372
occlusion_heavy_shift,drawer_placement,delayed_reappearance,8,0.5,0.67568,0.158034,0.29936,0.08068,0.2625,0.404064,0.069613,0.152096,0.875096
occlusion_heavy_shift,drawer_placement,delayed_reappearance,9,0.5,0.67568,0.158034,0.29936,0.08068,0.2625,0.404064,0.069613,0.152096,0.881348
occlusion_heavy_shift,drawer_placement,cascading_disappearing_goal,0,0.5,0.709464,0.510572,0.583752,0.165843,0.4515,0.246928,0.117243,0.358512,0.854665
occlusion_heavy_shift,drawer_placement,cascading_disappearing_goal,1,0.5,0.709464,0.510572,0.583752,0.165843,0.4515,0.246928,0.117243,0.358512,0.868051
occlusion_heavy_shift,drawer_placement,cascading_disappearing_goal,2,0.5,0.709464,0.510572,0.583752,0.165843,0.4515,0.246928,0.117243,0.358512,0.868816
occlusion_heavy_shift,drawer_placement,cascading_disappearing_goal,3,0.5,0.709464,0.510572,0.583752,0.165843,0.4515,0.246928,0.117243,0.358512,0.871519
occlusion_heavy_shift,drawer_placement,cascading_disappearing_goal,4,0.5,0.709464,0.510572,0.583752,0.165843,0.4515,0.246928,0.117243,0.358512,0.864289
occlusion_heavy_shift,drawer_placement,cascading_disappearing_goal,5,0.5,0.709464,0.510572,0.583752,0.165843,0.4515,0.246928,0.117243,0.358512,0.85486
occlusion_heavy_shift,drawer_placement,cascading_disappearing_goal,6,0.5,0.709464,0.510572,0.583752,0.165843,0.4515,0.246928,0.117243,0.358512,0.860721
occlusion_heavy_shift,drawer_placement,cascading_disappearing_goal,7,0.5,0.709464,0.510572,0.583752,0.165843,0.4515,0.246928,0.117243,0.358512,0.878938
occlusion_heavy_shift,drawer_placement,cascading_disappearing_goal,8,0.5,0.709464,0.510572,0.583752,0.165843,0.4515,0.246928,0.117243,0.358512,0.883474
occlusion_heavy_shift,drawer_placement,cascading_disappearing_goal,9,0.5,0.709464,0.510572,0.583752,0.165843,0.4515,0.246928,0.117243,0.358512,0.886892
occlusion_heavy_shift,bin_sorting,visual_occlusion,0,0.5,0.6798,0.041679,0.104776,0.070435,0.099,0.44896,0.025862,0.043456,0.881168
occlusion_heavy_shift,bin_sorting,visual_occlusion,1,0.5,0.6798,0.041679,0.104776,0.070435,0.099,0.44896,0.025862,0.043456,0.906051
occlusion_heavy_shift,bin_sorting,visual_occlusion,2,0.5,0.6798,0.041679,0.104776,0.070435,0.099,0.44896,0.025862,0.043456,0.890307
occlusion_heavy_shift,bin_sorting,visual_occlusion,3,0.5,0.6798,0.041679,0.104776,0.070435,0.099,0.44896,0.025862,0.043456,0.90005
occlusion_heavy_shift,bin_sorting,visual_occlusion,4,0.5,0.6798,0.041679,0.104776,0.070435,0.099,0.44896,0.025862,0.043456,0.881353
occlusion_heavy_shift,bin_sorting,visual_occlusion,5,0.5,0.6798,0.041679,0.104776,0.070435,0.099,0.44896,0.025862,0.043456,0.899327
occlusion_heavy_shift,bin_sorting,visual_occlusion,6,0.5,0.6798,0.041679,0.104776,0.070435,0.099,0.44896,0.025862,0.043456,0.897154
occlusion_heavy_shift,bin_sorting,visual_occlusion,7,0.5,0.6798,0.041679,0.104776,0.070435,0.099,0.44896,0.025862,0.043456,0.900019
occlusion_heavy_shift,bin_sorting,visual_occlusion,8,0.5,0.6798,0.041679,0.104776,0.070435,0.099,0.44896,0.025862,0.043456,0.896471
occlusion_heavy_shift,bin_sorting,visual_occlusion,9,0.5,0.6798,0.041679,0.104776,0.070435,0.099,0.44896,0.025862,0.043456,0.894041
occlusion_heavy_shift,bin_sorting,object_moved,0,0.5,0.32445,0.145878,0.628656,0.11974,0.185625,0.213256,0.023276,0.08148,0.880507
occlusion_heavy_shift,bin_sorting,object_moved,1,0.5,0.32445,0.145878,0.628656,0.11974,0.185625,0.213256,0.023276,0.08148,0.896964
occlusion_heavy_shift,bin_sorting,object_moved,2,0.5,0.32445,0.145878,0.628656,0.11974,0.185625,0.213256,0.023276,0.08148,0.88713
occlusion_heavy_shift,bin_sorting,object_moved,3,0.5,0.32445,0.145878,0.628656,0.11974,0.185625,0.213256,0.023276,0.08148,0.888046
occlusion_heavy_shift,bin_sorting,object_moved,4,0.5,0.32445,0.145878,0.628656,0.11974,0.185625,0.213256,0.023276,0.08148,0.893514
occlusion_heavy_shift,bin_sorting,object_moved,5,0.5,0.32445,0.145878,0.628656,0.11974,0.185625,0.213256,0.023276,0.08148,0.907516
occlusion_heavy_shift,bin_sorting,object_moved,6,0.5,0.32445,0.145878,0.628656,0.11974,0.185625,0.213256,0.023276,0.08148,0.899733
occlusion_heavy_shift,bin_sorting,object_moved,7,0.5,0.32445,0.145878,0.628656,0.11974,0.185625,0.213256,0.023276,0.08148,0.903176
occlusion_heavy_shift,bin_sorting,object_moved,8,0.5,0.32445,0.145878,0.628656,0.11974,0.185625,0.213256,0.023276,0.08148,0.899214
occlusion_heavy_shift,bin_sorting,object_moved,9,0.5,0.32445,0.145878,0.628656,0.11974,0.185625,0.213256,0.023276,0.08148,0.876225
occlusion_heavy_shift,bin_sorting,object_removed,0,0.5,0.26265,0.463683,0.209552,0.147914,0.23925,0.089792,0.025862,0.119504,0.90331
occlusion_heavy_shift,bin_sorting,object_removed,1,0.5,0.26265,0.463683,0.209552,0.147914,0.23925,0.089792,0.025862,0.119504,0.906395
occlusion_heavy_shift,bin_sorting,object_removed,2,0.5,0.26265,0.463683,0.209552,0.147914,0.23925,0.089792,0.025862,0.119504,0.90117
occlusion_heavy_shift,bin_sorting,object_removed,3,0.5,0.26265,0.463683,0.209552,0.147914,0.23925,0.089792,0.025862,0.119504,0.897653
occlusion_heavy_shift,bin_sorting,object_removed,4,0.5,0.26265,0.463683,0.209552,0.147914,0.23925,0.089792,0.025862,0.119504,0.899742
occlusion_heavy_shift,bin_sorting,object_removed,5,0.5,0.26265,0.463683,0.209552,0.147914,0.23925,0.089792,0.025862,0.119504,0.879618
occlusion_heavy_shift,bin_sorting,object_removed,6,0.5,0.26265,0.463683,0.209552,0.147914,0.23925,0.089792,0.025862,0.119504,0.903765
occlusion_heavy_shift,bin_sorting,object_removed,7,0.5,0.26265,0.463683,0.209552,0.147914,0.23925,0.089792,0.025862,0.119504,0.883116
occlusion_heavy_shift,bin_sorting,object_removed,8,0.5,0.26265,0.463683,0.209552,0.147914,0.23925,0.089792,0.025862,0.119504,0.90588
occlusion_heavy_shift,bin_sorting,object_removed,9,0.5,0.26265,0.463683,0.209552,0.147914,0.23925,0.089792,0.025862,0.119504,0.885374
occlusion_heavy_shift,bin_sorting,human_temporary_obstruction,0,0.5,0.57165,0.093779,0.134712,0.084522,0.297,0.482632,0.118967,0.086912,0.907634
occlusion_heavy_shift,bin_sorting,human_temporary_obstruction,1,0.5,0.57165,0.093779,0.134712,0.084522,0.297,0.482632,0.118967,0.086912,0.887734
occlusion_heavy_shift,bin_sorting,human_temporary_obstruction,2,0.5,0.57165,0.093779,0.134712,0.084522,0.297,0.482632,0.118967,0.086912,0.890963
occlusion_heavy_shift,bin_sorting,human_temporary_obstruction,3,0.5,0.57165,0.093779,0.134712,0.084522,0.297,0.482632,0.118967,0.086912,0.890466
occlusion_heavy_shift,bin_sorting,human_temporary_obstruction,4,0.5,0.57165,0.093779,0.134712,0.084522,0.297,0.482632,0.118967,0.086912,0.893635
occlusion_heavy_shift,bin_sorting,human_temporary_obstruction,5,0.5,0.57165,0.093779,0.134712,0.084522,0.297,0.482632,0.118967,0.086912,0.887586
occlusion_heavy_shift,bin_sorting,human_temporary_obstruction,6,0.5,0.57165,0.093779,0.134712,0.084522,0.297,0.482632,0.118967,0.086912,0.880628
occlusion_heavy_shift,bin_sorting,human_temporary_obstruction,7,0.5,0.57165,0.093779,0.134712,0.084522,0.297,0.482632,0.118967,0.086912,0.897052
occlusion_heavy_shift,bin_sorting,human_temporary_obstruction,8,0.5,0.57165,0.093779,0.134712,0.084522,0.297,0.482632,0.118967,0.086912,0.879011
occlusion_heavy_shift,bin_sorting,human_temporary_obstruction,9,0.5,0.57165,0.093779,0.134712,0.084522,0.297,0.482632,0.118967,0.086912,0.889799
occlusion_heavy_shift,bin_sorting,goal_specification_changed,0,0.5,0.2163,0.395954,0.29936,0.23948,0.198,0.101016,0.043966,0.478016,0.883071
occlusion_heavy_shift,bin_sorting,goal_specification_changed,1,0.5,0.2163,0.395954,0.29936,0.23948,0.198,0.101016,0.043966,0.478016,0.888197
occlusion_heavy_shift,bin_sorting,goal_specification_changed,2,0.5,0.2163,0.395954,0.29936,0.23948,0.198,0.101016,0.043966,0.478016,0.887334
occlusion_heavy_shift,bin_sorting,goal_specification_changed,3,0.5,0.2163,0.395954,0.29936,0.23948,0.198,0.101016,0.043966,0.478016,0.900786
occlusion_heavy_shift,bin_sorting,goal_specification_changed,4,0.5,0.2163,0.395954,0.29936,0.23948,0.198,0.101016,0.043966,0.478016,0.885402
occlusion_heavy_shift,bin_sorting,goal_specification_changed,5,0.5,0.2163,0.395954,0.29936,0.23948,0.198,0.101016,0.043966,0.478016,0.89943
occlusion_heavy_shift,bin_sorting,goal_specification_changed,6,0.5,0.2163,0.395954,0.29936,0.23948,0.198,0.101016,0.043966,0.478016,0.876438
occlusion_heavy_shift,bin_sorting,goal_specification_changed,7,0.5,0.2163,0.395954,0.29936,0.23948,0.198,0.101016,0.043966,0.478016,0.897426
occlusion_heavy_shift,bin_sorting,goal_specification_changed,8,0.5,0.2163,0.395954,0.29936,0.23948,0.198,0.101016,0.043966,0.478016,0.899148
occlusion_heavy_shift,bin_sorting,goal_specification_changed,9,0.5,0.2163,0.395954,0.29936,0.23948,0.198,0.101016,0.043966,0.478016,0.903318
occlusion_heavy_shift,bin_sorting,substitute_goal_available,0,0.5,0.32445,0.323015,0.269424,0.316958,0.165,0.16836,0.036207,0.239008,0.878656
occlusion_heavy_shift,bin_sorting,substitute_goal_available,1,0.5,0.32445,0.323015,0.269424,0.316958,0.165,0.16836,0.036207,0.239008,0.887664
occlusion_heavy_shift,bin_sorting,substitute_goal_available,2,0.5,0.32445,0.323015,0.269424,0.316958,0.165,0.16836,0.036207,0.239008,0.887811
occlusion_heavy_shift,bin_sorting,substitute_goal_available,3,0.5,0.32445,0.323015,0.269424,0.316958,0.165,0.16836,0.036207,0.239008,0.870259
occlusion_heavy_shift,bin_sorting,substitute_goal_available,4,0.5,0.32445,0.323015,0.269424,0.316958,0.165,0.16836,0.036207,0.239008,0.90016
occlusion_heavy_shift,bin_sorting,substitute_goal_available,5,0.5,0.32445,0.323015,0.269424,0.316958,0.165,0.16836,0.036207,0.239008,0.902907
occlusion_heavy_shift,bin_sorting,substitute_goal_available,6,0.5,0.32445,0.323015,0.269424,0.316958,0.165,0.16836,0.036207,0.239008,0.892182
occlusion_heavy_shift,bin_sorting,substitute_goal_available,7,0.5,0.32445,0.323015,0.269424,0.316958,0.165,0.16836,0.036207,0.239008,0.890083
occlusion_heavy_shift,bin_sorting,substitute_goal_available,8,0.5,0.32445,0.323015,0.269424,0.316958,0.165,0.16836,0.036207,0.239008,0.900973
occlusion_heavy_shift,bin_sorting,substitute_goal_available,9,0.5,0.32445,0.323015,0.269424,0.316958,0.165,0.16836,0.036207,0.239008,0.89325
occlusion_heavy_shift,bin_sorting,delayed_reappearance,0,0.5,0.618,0.135458,0.29936,0.126783,0.20625,0.404064,0.049139,0.152096,0.904607
occlusion_heavy_shift,bin_sorting,delayed_reappearance,1,0.5,0.618,0.135458,0.29936,0.126783,0.20625,0.404064,0.049139,0.152096,0.873684
occlusion_heavy_shift,bin_sorting,delayed_reappearance,2,0.5,0.618,0.135458,0.29936,0.126783,0.20625,0.404064,0.049139,0.152096,0.879167
occlusion_heavy_shift,bin_sorting,delayed_reappearance,3,0.5,0.618,0.135458,0.29936,0.126783,0.20625,0.404064,0.049139,0.152096,0.89852
occlusion_heavy_shift,bin_sorting,delayed_reappearance,4,0.5,0.618,0.135458,0.29936,0.126783,0.20625,0.404064,0.049139,0.152096,0.883757
occlusion_heavy_shift,bin_sorting,delayed_reappearance,5,0.5,0.618,0.135458,0.29936,0.126783,0.20625,0.404064,0.049139,0.152096,0.875706
occlusion_heavy_shift,bin_sorting,delayed_reappearance,6,0.5,0.618,0.135458,0.29936,0.126783,0.20625,0.404064,0.049139,0.152096,0.89117
occlusion_heavy_shift,bin_sorting,delayed_reappearance,7,0.5,0.618,0.135458,0.29936,0.126783,0.20625,0.404064,0.049139,0.152096,0.891087
occlusion_heavy_shift,bin_sorting,delayed_reappearance,8,0.5,0.618,0.135458,0.29936,0.126783,0.20625,0.404064,0.049139,0.152096,0.881513
occlusion_heavy_shift,bin_sorting,delayed_reappearance,9,0.5,0.618,0.135458,0.29936,0.126783,0.20625,0.404064,0.049139,0.152096,0.878092
occlusion_heavy_shift,bin_sorting,cascading_disappearing_goal,0,0.5,0.6489,0.437633,0.583752,0.26061,0.35475,0.246928,0.08276,0.358512,0.88812
occlusion_heavy_shift,bin_sorting,cascading_disappearing_goal,1,0.5,0.6489,0.437633,0.583752,0.26061,0.35475,0.246928,0.08276,0.358512,0.890901
occlusion_heavy_shift,bin_sorting,cascading_disappearing_goal,2,0.5,0.6489,0.437633,0.583752,0.26061,0.35475,0.246928,0.08276,0.358512,0.88122
occlusion_heavy_shift,bin_sorting,cascading_disappearing_goal,3,0.5,0.6489,0.437633,0.583752,0.26061,0.35475,0.246928,0.08276,0.358512,0.879383
occlusion_heavy_shift,bin_sorting,cascading_disappearing_goal,4,0.5,0.6489,0.437633,0.583752,0.26061,0.35475,0.246928,0.08276,0.358512,0.895094
occlusion_heavy_shift,bin_sorting,cascading_disappearing_goal,5,0.5,0.6489,0.437633,0.583752,0.26061,0.35475,0.246928,0.08276,0.358512,0.870481
occlusion_heavy_shift,bin_sorting,cascading_disappearing_goal,6,0.5,0.6489,0.437633,0.583752,0.26061,0.35475,0.246928,0.08276,0.358512,0.878376
occlusion_heavy_shift,bin_sorting,cascading_disappearing_goal,7,0.5,0.6489,0.437633,0.583752,0.26061,0.35475,0.246928,0.08276,0.358512,0.895579
occlusion_heavy_shift,bin_sorting,cascading_disappearing_goal,8,0.5,0.6489,0.437633,0.583752,0.26061,0.35475,0.246928,0.08276,0.358512,0.875375
occlusion_heavy_shift,bin_sorting,cascading_disappearing_goal,9,0.5,0.6489,0.437633,0.583752,0.26061,0.35475,0.246928,0.08276,0.358512,0.884602
occlusion_heavy_shift,tool_handoff,visual_occlusion,0,0.5,0.81576,0.052678,0.104776,0.049091,0.1494,0.44896,0.079742,0.043456,0.870031
occlusion_heavy_shift,tool_handoff,visual_occlusion,1,0.5,0.81576,0.052678,0.104776,0.049091,0.1494,0.44896,0.079742,0.043456,0.873784
occlusion_heavy_shift,tool_handoff,visual_occlusion,2,0.5,0.81576,0.052678,0.104776,0.049091,0.1494,0.44896,0.079742,0.043456,0.86479
occlusion_heavy_shift,tool_handoff,visual_occlusion,3,0.5,0.81576,0.052678,0.104776,0.049091,0.1494,0.44896,0.079742,0.043456,0.875263
occlusion_heavy_shift,tool_handoff,visual_occlusion,4,0.5,0.81576,0.052678,0.104776,0.049091,0.1494,0.44896,0.079742,0.043456,0.882067
occlusion_heavy_shift,tool_handoff,visual_occlusion,5,0.5,0.81576,0.052678,0.104776,0.049091,0.1494,0.44896,0.079742,0.043456,0.871067
occlusion_heavy_shift,tool_handoff,visual_occlusion,6,0.5,0.81576,0.052678,0.104776,0.049091,0.1494,0.44896,0.079742,0.043456,0.866373
occlusion_heavy_shift,tool_handoff,visual_occlusion,7,0.5,0.81576,0.052678,0.104776,0.049091,0.1494,0.44896,0.079742,0.043456,0.85989
occlusion_heavy_shift,tool_handoff,visual_occlusion,8,0.5,0.81576,0.052678,0.104776,0.049091,0.1494,0.44896,0.079742,0.043456,0.885693
occlusion_heavy_shift,tool_handoff,visual_occlusion,9,0.5,0.81576,0.052678,0.104776,0.049091,0.1494,0.44896,0.079742,0.043456,0.876177
occlusion_heavy_shift,tool_handoff,object_moved,0,0.5,0.38934,0.184373,0.628656,0.083455,0.280125,0.213256,0.071768,0.08148,0.876906
occlusion_heavy_shift,tool_handoff,object_moved,1,0.5,0.38934,0.184373,0.628656,0.083455,0.280125,0.213256,0.071768,0.08148,0.870562
occlusion_heavy_shift,tool_handoff,object_moved,2,0.5,0.38934,0.184373,0.628656,0.083455,0.280125,0.213256,0.071768,0.08148,0.864175
occlusion_heavy_shift,tool_handoff,object_moved,3,0.5,0.38934,0.184373,0.628656,0.083455,0.280125,0.213256,0.071768,0.08148,0.873245
occlusion_heavy_shift,tool_handoff,object_moved,4,0.5,0.38934,0.184373,0.628656,0.083455,0.280125,0.213256,0.071768,0.08148,0.869732
occlusion_heavy_shift,tool_handoff,object_moved,5,0.5,0.38934,0.184373,0.628656,0.083455,0.280125,0.213256,0.071768,0.08148,0.877828
occlusion_heavy_shift,tool_handoff,object_moved,6,0.5,0.38934,0.184373,0.628656,0.083455,0.280125,0.213256,0.071768,0.08148,0.883926
occlusion_heavy_shift,tool_handoff,object_moved,7,0.5,0.38934,0.184373,0.628656,0.083455,0.280125,0.213256,0.071768,0.08148,0.866325
occlusion_heavy_shift,tool_handoff,object_moved,8,0.5,0.38934,0.184373,0.628656,0.083455,0.280125,0.213256,0.071768,0.08148,0.880118
occlusion_heavy_shift,tool_handoff,object_moved,9,0.5,0.38934,0.184373,0.628656,0.083455,0.280125,0.213256,0.071768,0.08148,0.871045
occlusion_heavy_shift,tool_handoff,object_removed,0,0.5,0.31518,0.586044,0.209552,0.103092,0.36105,0.089792,0.079742,0.119504,0.848351
occlusion_heavy_shift,tool_handoff,object_removed,1,0.5,0.31518,0.586044,0.209552,0.103092,0.36105,0.089792,0.079742,0.119504,0.887891
occlusion_heavy_shift,tool_handoff,object_removed,2,0.5,0.31518,0.586044,0.209552,0.103092,0.36105,0.089792,0.079742,0.119504,0.866635
occlusion_heavy_shift,tool_handoff,object_removed,3,0.5,0.31518,0.586044,0.209552,0.103092,0.36105,0.089792,0.079742,0.119504,0.871846
occlusion_heavy_shift,tool_handoff,object_removed,4,0.5,0.31518,0.586044,0.209552,0.103092,0.36105,0.089792,0.079742,0.119504,0.868193
occlusion_heavy_shift,tool_handoff,object_removed,5,0.5,0.31518,0.586044,0.209552,0.103092,0.36105,0.089792,0.079742,0.119504,0.885466
occlusion_heavy_shift,tool_handoff,object_removed,6,0.5,0.31518,0.586044,0.209552,0.103092,0.36105,0.089792,0.079742,0.119504,0.870661
occlusion_heavy_shift,tool_handoff,object_removed,7,0.5,0.31518,0.586044,0.209552,0.103092,0.36105,0.089792,0.079742,0.119504,0.86817
occlusion_heavy_shift,tool_handoff,object_removed,8,0.5,0.31518,0.586044,0.209552,0.103092,0.36105,0.089792,0.079742,0.119504,0.852914
occlusion_heavy_shift,tool_handoff,object_removed,9,0.5,0.31518,0.586044,0.209552,0.103092,0.36105,0.089792,0.079742,0.119504,0.867509
occlusion_heavy_shift,tool_handoff,human_temporary_obstruction,0,0.5,0.68598,0.118526,0.134712,0.058909,0.4482,0.482632,0.366815,0.086912,0.859484
occlusion_heavy_shift,tool_handoff,human_temporary_obstruction,1,0.5,0.68598,0.118526,0.134712,0.058909,0.4482,0.482632,0.366815,0.086912,0.883929
occlusion_heavy_shift,tool_handoff,human_temporary_obstruction,2,0.5,0.68598,0.118526,0.134712,0.058909,0.4482,0.482632,0.366815,0.086912,0.900174
occlusion_heavy_shift,tool_handoff,human_temporary_obstruction,3,0.5,0.68598,0.118526,0.134712,0.058909,0.4482,0.482632,0.366815,0.086912,0.879759
occlusion_heavy_shift,tool_handoff,human_temporary_obstruction,4,0.5,0.68598,0.118526,0.134712,0.058909,0.4482,0.482632,0.366815,0.086912,0.864395
occlusion_heavy_shift,tool_handoff,human_temporary_obstruction,5,0.5,0.68598,0.118526,0.134712,0.058909,0.4482,0.482632,0.366815,0.086912,0.878273
occlusion_heavy_shift,tool_handoff,human_temporary_obstruction,6,0.5,0.68598,0.118526,0.134712,0.058909,0.4482,0.482632,0.366815,0.086912,0.856568
occlusion_heavy_shift,tool_handoff,human_temporary_obstruction,7,0.5,0.68598,0.118526,0.134712,0.058909,0.4482,0.482632,0.366815,0.086912,0.863177
occlusion_heavy_shift,tool_handoff,human_temporary_obstruction,8,0.5,0.68598,0.118526,0.134712,0.058909,0.4482,0.482632,0.366815,0.086912,0.883724
occlusion_heavy_shift,tool_handoff,human_temporary_obstruction,9,0.5,0.68598,0.118526,0.134712,0.058909,0.4482,0.482632,0.366815,0.086912,0.866967
occlusion_heavy_shift,tool_handoff,goal_specification_changed,0,0.5,0.25956,0.500442,0.29936,0.16691,0.2988,0.101016,0.135562,0.478016,0.856719
occlusion_heavy_shift,tool_handoff,goal_specification_changed,1,0.5,0.25956,0.500442,0.29936,0.16691,0.2988,0.101016,0.135562,0.478016,0.869379
occlusion_heavy_shift,tool_handoff,goal_specification_changed,2,0.5,0.25956,0.500442,0.29936,0.16691,0.2988,0.101016,0.135562,0.478016,0.864569
occlusion_heavy_shift,tool_handoff,goal_specification_changed,3,0.5,0.25956,0.500442,0.29936,0.16691,0.2988,0.101016,0.135562,0.478016,0.867535
occlusion_heavy_shift,tool_handoff,goal_specification_changed,4,0.5,0.25956,0.500442,0.29936,0.16691,0.2988,0.101016,0.135562,0.478016,0.86941
occlusion_heavy_shift,tool_handoff,goal_specification_changed,5,0.5,0.25956,0.500442,0.29936,0.16691,0.2988,0.101016,0.135562,0.478016,0.859925
occlusion_heavy_shift,tool_handoff,goal_specification_changed,6,0.5,0.25956,0.500442,0.29936,0.16691,0.2988,0.101016,0.135562,0.478016,0.868851
occlusion_heavy_shift,tool_handoff,goal_specification_changed,7,0.5,0.25956,0.500442,0.29936,0.16691,0.2988,0.101016,0.135562,0.478016,0.858386
occlusion_heavy_shift,tool_handoff,goal_specification_changed,8,0.5,0.25956,0.500442,0.29936,0.16691,0.2988,0.101016,0.135562,0.478016,0.875313
occlusion_heavy_shift,tool_handoff,goal_specification_changed,9,0.5,0.25956,0.500442,0.29936,0.16691,0.2988,0.101016,0.135562,0.478016,0.865148
occlusion_heavy_shift,tool_handoff,substitute_goal_available,0,0.5,0.38934,0.408255,0.269424,0.22091,0.249,0.16836,0.111639,0.239008,0.868859
occlusion_heavy_shift,tool_handoff,substitute_goal_available,1,0.5,0.38934,0.408255,0.269424,0.22091,0.249,0.16836,0.111639,0.239008,0.880206
occlusion_heavy_shift,tool_handoff,substitute_goal_available,2,0.5,0.38934,0.408255,0.269424,0.22091,0.249,0.16836,0.111639,0.239008,0.867462
occlusion_heavy_shift,tool_handoff,substitute_goal_available,3,0.5,0.38934,0.408255,0.269424,0.22091,0.249,0.16836,0.111639,0.239008,0.862727
occlusion_heavy_shift,tool_handoff,substitute_goal_available,4,0.5,0.38934,0.408255,0.269424,0.22091,0.249,0.16836,0.111639,0.239008,0.868819
occlusion_heavy_shift,tool_handoff,substitute_goal_available,5,0.5,0.38934,0.408255,0.269424,0.22091,0.249,0.16836,0.111639,0.239008,0.866378
occlusion_heavy_shift,tool_handoff,substitute_goal_available,6,0.5,0.38934,0.408255,0.269424,0.22091,0.249,0.16836,0.111639,0.239008,0.859071
occlusion_heavy_shift,tool_handoff,substitute_goal_available,7,0.5,0.38934,0.408255,0.269424,0.22091,0.249,0.16836,0.111639,0.239008,0.885845
occlusion_heavy_shift,tool_handoff,substitute_goal_available,8,0.5,0.38934,0.408255,0.269424,0.22091,0.249,0.16836,0.111639,0.239008,0.874593
occlusion_heavy_shift,tool_handoff,substitute_goal_available,9,0.5,0.38934,0.408255,0.269424,0.22091,0.249,0.16836,0.111639,0.239008,0.854416
occlusion_heavy_shift,tool_handoff,delayed_reappearance,0,0.5,0.7416,0.171204,0.29936,0.088364,0.31125,0.404064,0.151511,0.152096,0.860926
occlusion_heavy_shift,tool_handoff,delayed_reappearance,1,0.5,0.7416,0.171204,0.29936,0.088364,0.31125,0.404064,0.151511,0.152096,0.8656
occlusion_heavy_shift,tool_handoff,delayed_reappearance,2,0.5,0.7416,0.171204,0.29936,0.088364,0.31125,0.404064,0.151511,0.152096,0.874087
occlusion_heavy_shift,tool_handoff,delayed_reappearance,3,0.5,0.7416,0.171204,0.29936,0.088364,0.31125,0.404064,0.151511,0.152096,0.868801
occlusion_heavy_shift,tool_handoff,delayed_reappearance,4,0.5,0.7416,0.171204,0.29936,0.088364,0.31125,0.404064,0.151511,0.152096,0.871905
occlusion_heavy_shift,tool_handoff,delayed_reappearance,5,0.5,0.7416,0.171204,0.29936,0.088364,0.31125,0.404064,0.151511,0.152096,0.860877
occlusion_heavy_shift,tool_handoff,delayed_reappearance,6,0.5,0.7416,0.171204,0.29936,0.088364,0.31125,0.404064,0.151511,0.152096,0.868268
occlusion_heavy_shift,tool_handoff,delayed_reappearance,7,0.5,0.7416,0.171204,0.29936,0.088364,0.31125,0.404064,0.151511,0.152096,0.849426
occlusion_heavy_shift,tool_handoff,delayed_reappearance,8,0.5,0.7416,0.171204,0.29936,0.088364,0.31125,0.404064,0.151511,0.152096,0.88197
occlusion_heavy_shift,tool_handoff,delayed_reappearance,9,0.5,0.7416,0.171204,0.29936,0.088364,0.31125,0.404064,0.151511,0.152096,0.876744
occlusion_heavy_shift,tool_handoff,cascading_disappearing_goal,0,0.5,0.77868,0.55312,0.583752,0.181637,0.53535,0.246928,0.255176,0.358512,0.849533
occlusion_heavy_shift,tool_handoff,cascading_disappearing_goal,1,0.5,0.77868,0.55312,0.583752,0.181637,0.53535,0.246928,0.255176,0.358512,0.848804
occlusion_heavy_shift,tool_handoff,cascading_disappearing_goal,2,0.5,0.77868,0.55312,0.583752,0.181637,0.53535,0.246928,0.255176,0.358512,0.87305
occlusion_heavy_shift,tool_handoff,cascading_disappearing_goal,3,0.5,0.77868,0.55312,0.583752,0.181637,0.53535,0.246928,0.255176,0.358512,0.852299
occlusion_heavy_shift,tool_handoff,cascading_disappearing_goal,4,0.5,0.77868,0.55312,0.583752,0.181637,0.53535,0.246928,0.255176,0.358512,0.875429
occlusion_heavy_shift,tool_handoff,cascading_disappearing_goal,5,0.5,0.77868,0.55312,0.583752,0.181637,0.53535,0.246928,0.255176,0.358512,0.863933
occlusion_heavy_shift,tool_handoff,cascading_disappearing_goal,6,0.5,0.77868,0.55312,0.583752,0.181637,0.53535,0.246928,0.255176,0.358512,0.853243
occlusion_heavy_shift,tool_handoff,cascading_disappearing_goal,7,0.5,0.77868,0.55312,0.583752,0.181637,0.53535,0.246928,0.255176,0.358512,0.871627
occlusion_heavy_shift,tool_handoff,cascading_disappearing_goal,8,0.5,0.77868,0.55312,0.583752,0.181637,0.53535,0.246928,0.255176,0.358512,0.851796
occlusion_heavy_shift,tool_handoff,cascading_disappearing_goal,9,0.5,0.77868,0.55312,0.583752,0.181637,0.53535,0.246928,0.255176,0.358512,0.852999
occlusion_heavy_shift,mobile_pick_and_place,visual_occlusion,0,0.5,0.779504,0.04631,0.104776,0.05336,0.1368,0.44896,0.045259,0.043456,0.870234
occlusion_heavy_shift,mobile_pick_and_place,visual_occlusion,1,0.5,0.779504,0.04631,0.104776,0.05336,0.1368,0.44896,0.045259,0.043456,0.887447
occlusion_heavy_shift,mobile_pick_and_place,visual_occlusion,2,0.5,0.779504,0.04631,0.104776,0.05336,0.1368,0.44896,0.045259,0.043456,0.871369
occlusion_heavy_shift,mobile_pick_and_place,visual_occlusion,3,0.5,0.779504,0.04631,0.104776,0.05336,0.1368,0.44896,0.045259,0.043456,0.875206
occlusion_heavy_shift,mobile_pick_and_place,visual_occlusion,4,0.5,0.779504,0.04631,0.104776,0.05336,0.1368,0.44896,0.045259,0.043456,0.883532
occlusion_heavy_shift,mobile_pick_and_place,visual_occlusion,5,0.5,0.779504,0.04631,0.104776,0.05336,0.1368,0.44896,0.045259,0.043456,0.871819
occlusion_heavy_shift,mobile_pick_and_place,visual_occlusion,6,0.5,0.779504,0.04631,0.104776,0.05336,0.1368,0.44896,0.045259,0.043456,0.893933
occlusion_heavy_shift,mobile_pick_and_place,visual_occlusion,7,0.5,0.779504,0.04631,0.104776,0.05336,0.1368,0.44896,0.045259,0.043456,0.873061
occlusion_heavy_shift,mobile_pick_and_place,visual_occlusion,8,0.5,0.779504,0.04631,0.104776,0.05336,0.1368,0.44896,0.045259,0.043456,0.882148
occlusion_heavy_shift,mobile_pick_and_place,visual_occlusion,9,0.5,0.779504,0.04631,0.104776,0.05336,0.1368,0.44896,0.045259,0.043456,0.8759
occlusion_heavy_shift,mobile_pick_and_place,object_moved,0,0.5,0.372036,0.162086,0.628656,0.090712,0.2565,0.213256,0.040733,0.08148,0.872533
occlusion_heavy_shift,mobile_pick_and_place,object_moved,1,0.5,0.372036,0.162086,0.628656,0.090712,0.2565,0.213256,0.040733,0.08148,0.875272
occlusion_heavy_shift,mobile_pick_and_place,object_moved,2,0.5,0.372036,0.162086,0.628656,0.090712,0.2565,0.213256,0.040733,0.08148,0.85841
occlusion_heavy_shift,mobile_pick_and_place,object_moved,3,0.5,0.372036,0.162086,0.628656,0.090712,0.2565,0.213256,0.040733,0.08148,0.880644
occlusion_heavy_shift,mobile_pick_and_place,object_moved,4,0.5,0.372036,0.162086,0.628656,0.090712,0.2565,0.213256,0.040733,0.08148,0.880562
occlusion_heavy_shift,mobile_pick_and_place,object_moved,5,0.5,0.372036,0.162086,0.628656,0.090712,0.2565,0.213256,0.040733,0.08148,0.889739
occlusion_heavy_shift,mobile_pick_and_place,object_moved,6,0.5,0.372036,0.162086,0.628656,0.090712,0.2565,0.213256,0.040733,0.08148,0.849769
occlusion_heavy_shift,mobile_pick_and_place,object_moved,7,0.5,0.372036,0.162086,0.628656,0.090712,0.2565,0.213256,0.040733,0.08148,0.875938
occlusion_heavy_shift,mobile_pick_and_place,object_moved,8,0.5,0.372036,0.162086,0.628656,0.090712,0.2565,0.213256,0.040733,0.08148,0.855663
occlusion_heavy_shift,mobile_pick_and_place,object_moved,9,0.5,0.372036,0.162086,0.628656,0.090712,0.2565,0.213256,0.040733,0.08148,0.885018
occlusion_heavy_shift,mobile_pick_and_place,object_removed,0,0.5,0.301172,0.515203,0.209552,0.112056,0.3306,0.089792,0.045259,0.119504,0.88004
occlusion_heavy_shift,mobile_pick_and_place,object_removed,1,0.5,0.301172,0.515203,0.209552,0.112056,0.3306,0.089792,0.045259,0.119504,0.884515
occlusion_heavy_shift,mobile_pick_and_place,object_removed,2,0.5,0.301172,0.515203,0.209552,0.112056,0.3306,0.089792,0.045259,0.119504,0.868431
occlusion_heavy_shift,mobile_pick_and_place,object_removed,3,0.5,0.301172,0.515203,0.209552,0.112056,0.3306,0.089792,0.045259,0.119504,0.886619
occlusion_heavy_shift,mobile_pick_and_place,object_removed,4,0.5,0.301172,0.515203,0.209552,0.112056,0.3306,0.089792,0.045259,0.119504,0.890508
occlusion_heavy_shift,mobile_pick_and_place,object_removed,5,0.5,0.301172,0.515203,0.209552,0.112056,0.3306,0.089792,0.045259,0.119504,0.88883
occlusion_heavy_shift,mobile_pick_and_place,object_removed,6,0.5,0.301172,0.515203,0.209552,0.112056,0.3306,0.089792,0.045259,0.119504,0.881296
occlusion_heavy_shift,mobile_pick_and_place,object_removed,7,0.5,0.301172,0.515203,0.209552,0.112056,0.3306,0.089792,0.045259,0.119504,0.886882
occlusion_heavy_shift,mobile_pick_and_place,object_removed,8,0.5,0.301172,0.515203,0.209552,0.112056,0.3306,0.089792,0.045259,0.119504,0.893948
occlusion_heavy_shift,mobile_pick_and_place,object_removed,9,0.5,0.301172,0.515203,0.209552,0.112056,0.3306,0.089792,0.045259,0.119504,0.870822
occlusion_heavy_shift,mobile_pick_and_place,human_temporary_obstruction,0,0.5,0.655492,0.104198,0.134712,0.064032,0.4104,0.482632,0.208192,0.086912,0.886377
occlusion_heavy_shift,mobile_pick_and_place,human_temporary_obstruction,1,0.5,0.655492,0.104198,0.134712,0.064032,0.4104,0.482632,0.208192,0.086912,0.874005
occlusion_heavy_shift,mobile_pick_and_place,human_temporary_obstruction,2,0.5,0.655492,0.104198,0.134712,0.064032,0.4104,0.482632,0.208192,0.086912,0.867367
occlusion_heavy_shift,mobile_pick_and_place,human_temporary_obstruction,3,0.5,0.655492,0.104198,0.134712,0.064032,0.4104,0.482632,0.208192,0.086912,0.872475
occlusion_heavy_shift,mobile_pick_and_place,human_temporary_obstruction,4,0.5,0.655492,0.104198,0.134712,0.064032,0.4104,0.482632,0.208192,0.086912,0.865317
occlusion_heavy_shift,mobile_pick_and_place,human_temporary_obstruction,5,0.5,0.655492,0.104198,0.134712,0.064032,0.4104,0.482632,0.208192,0.086912,0.8543
occlusion_heavy_shift,mobile_pick_and_place,human_temporary_obstruction,6,0.5,0.655492,0.104198,0.134712,0.064032,0.4104,0.482632,0.208192,0.086912,0.880163
occlusion_heavy_shift,mobile_pick_and_place,human_temporary_obstruction,7,0.5,0.655492,0.104198,0.134712,0.064032,0.4104,0.482632,0.208192,0.086912,0.89476
occlusion_heavy_shift,mobile_pick_and_place,human_temporary_obstruction,8,0.5,0.655492,0.104198,0.134712,0.064032,0.4104,0.482632,0.208192,0.086912,0.882883
occlusion_heavy_shift,mobile_pick_and_place,human_temporary_obstruction,9,0.5,0.655492,0.104198,0.134712,0.064032,0.4104,0.482632,0.208192,0.086912,0.855018
occlusion_heavy_shift,mobile_pick_and_place,goal_specification_changed,0,0.5,0.248024,0.439949,0.29936,0.181424,0.2736,0.101016,0.076941,0.478016,0.859721
occlusion_heavy_shift,mobile_pick_and_place,goal_specification_changed,1,0.5,0.248024,0.439949,0.29936,0.181424,0.2736,0.101016,0.076941,0.478016,0.888533
occlusion_heavy_shift,mobile_pick_and_place,goal_specification_changed,2,0.5,0.248024,0.439949,0.29936,0.181424,0.2736,0.101016,0.076941,0.478016,0.874943
occlusion_heavy_shift,mobile_pick_and_place,goal_specification_changed,3,0.5,0.248024,0.439949,0.29936,0.181424,0.2736,0.101016,0.076941,0.478016,0.888356
occlusion_heavy_shift,mobile_pick_and_place,goal_specification_changed,4,0.5,0.248024,0.439949,0.29936,0.181424,0.2736,0.101016,0.076941,0.478016,0.88184
occlusion_heavy_shift,mobile_pick_and_place,goal_specification_changed,5,0.5,0.248024,0.439949,0.29936,0.181424,0.2736,0.101016,0.076941,0.478016,0.876657
occlusion_heavy_shift,mobile_pick_and_place,goal_specification_changed,6,0.5,0.248024,0.439949,0.29936,0.181424,0.2736,0.101016,0.076941,0.478016,0.875183
occlusion_heavy_shift,mobile_pick_and_place,goal_specification_changed,7,0.5,0.248024,0.439949,0.29936,0.181424,0.2736,0.101016,0.076941,0.478016,0.893682
occlusion_heavy_shift,mobile_pick_and_place,goal_specification_changed,8,0.5,0.248024,0.439949,0.29936,0.181424,0.2736,0.101016,0.076941,0.478016,0.874791
occlusion_heavy_shift,mobile_pick_and_place,goal_specification_changed,9,0.5,0.248024,0.439949,0.29936,0.181424,0.2736,0.101016,0.076941,0.478016,0.878136
occlusion_heavy_shift,mobile_pick_and_place,substitute_goal_available,0,0.5,0.372036,0.358906,0.269424,0.24012,0.228,0.16836,0.063363,0.239008,0.875028
occlusion_heavy_shift,mobile_pick_and_place,substitute_goal_available,1,0.5,0.372036,0.358906,0.269424,0.24012,0.228,0.16836,0.063363,0.239008,0.884157
occlusion_heavy_shift,mobile_pick_and_place,substitute_goal_available,2,0.5,0.372036,0.358906,0.269424,0.24012,0.228,0.16836,0.063363,0.239008,0.867099
occlusion_heavy_shift,mobile_pick_and_place,substitute_goal_available,3,0.5,0.372036,0.358906,0.269424,0.24012,0.228,0.16836,0.063363,0.239008,0.888981
occlusion_heavy_shift,mobile_pick_and_place,substitute_goal_available,4,0.5,0.372036,0.358906,0.269424,0.24012,0.228,0.16836,0.063363,0.239008,0.8892
occlusion_heavy_shift,mobile_pick_and_place,substitute_goal_available,5,0.5,0.372036,0.358906,0.269424,0.24012,0.228,0.16836,0.063363,0.239008,0.867468
occlusion_heavy_shift,mobile_pick_and_place,substitute_goal_available,6,0.5,0.372036,0.358906,0.269424,0.24012,0.228,0.16836,0.063363,0.239008,0.873997
occlusion_heavy_shift,mobile_pick_and_place,substitute_goal_available,7,0.5,0.372036,0.358906,0.269424,0.24012,0.228,0.16836,0.063363,0.239008,0.87472
occlusion_heavy_shift,mobile_pick_and_place,substitute_goal_available,8,0.5,0.372036,0.358906,0.269424,0.24012,0.228,0.16836,0.063363,0.239008,0.868842
occlusion_heavy_shift,mobile_pick_and_place,substitute_goal_available,9,0.5,0.372036,0.358906,0.269424,0.24012,0.228,0.16836,0.063363,0.239008,0.851718
occlusion_heavy_shift,mobile_pick_and_place,delayed_reappearance,0,0.5,0.70864,0.150509,0.29936,0.096048,0.285,0.404064,0.085992,0.152096,0.875967
occlusion_heavy_shift,mobile_pick_and_place,delayed_reappearance,1,0.5,0.70864,0.150509,0.29936,0.096048,0.285,0.404064,0.085992,0.152096,0.873537
occlusion_heavy_shift,mobile_pick_and_place,delayed_reappearance,2,0.5,0.70864,0.150509,0.29936,0.096048,0.285,0.404064,0.085992,0.152096,0.887591
occlusion_heavy_shift,mobile_pick_and_place,delayed_reappearance,3,0.5,0.70864,0.150509,0.29936,0.096048,0.285,0.404064,0.085992,0.152096,0.855982
occlusion_heavy_shift,mobile_pick_and_place,delayed_reappearance,4,0.5,0.70864,0.150509,0.29936,0.096048,0.285,0.404064,0.085992,0.152096,0.876596
occlusion_heavy_shift,mobile_pick_and_place,delayed_reappearance,5,0.5,0.70864,0.150509,0.29936,0.096048,0.285,0.404064,0.085992,0.152096,0.875978
occlusion_heavy_shift,mobile_pick_and_place,delayed_reappearance,6,0.5,0.70864,0.150509,0.29936,0.096048,0.285,0.404064,0.085992,0.152096,0.868301
occlusion_heavy_shift,mobile_pick_and_place,delayed_reappearance,7,0.5,0.70864,0.150509,0.29936,0.096048,0.285,0.404064,0.085992,0.152096,0.879348
occlusion_heavy_shift,mobile_pick_and_place,delayed_reappearance,8,0.5,0.70864,0.150509,0.29936,0.096048,0.285,0.404064,0.085992,0.152096,0.86446
occlusion_heavy_shift,mobile_pick_and_place,delayed_reappearance,9,0.5,0.70864,0.150509,0.29936,0.096048,0.285,0.404064,0.085992,0.152096,0.88609
occlusion_heavy_shift,mobile_pick_and_place,cascading_disappearing_goal,0,0.5,0.744072,0.486259,0.583752,0.197432,0.4902,0.246928,0.144829,0.358512,0.872767
occlusion_heavy_shift,mobile_pick_and_place,cascading_disappearing_goal,1,0.5,0.744072,0.486259,0.583752,0.197432,0.4902,0.246928,0.144829,0.358512,0.87248
occlusion_heavy_shift,mobile_pick_and_place,cascading_disappearing_goal,2,0.5,0.744072,0.486259,0.583752,0.197432,0.4902,0.246928,0.144829,0.358512,0.856798
occlusion_heavy_shift,mobile_pick_and_place,cascading_disappearing_goal,3,0.5,0.744072,0.486259,0.583752,0.197432,0.4902,0.246928,0.144829,0.358512,0.866463
occlusion_heavy_shift,mobile_pick_and_place,cascading_disappearing_goal,4,0.5,0.744072,0.486259,0.583752,0.197432,0.4902,0.246928,0.144829,0.358512,0.865399
occlusion_heavy_shift,mobile_pick_and_place,cascading_disappearing_goal,5,0.5,0.744072,0.486259,0.583752,0.197432,0.4902,0.246928,0.144829,0.358512,0.849378
occlusion_heavy_shift,mobile_pick_and_place,cascading_disappearing_goal,6,0.5,0.744072,0.486259,0.583752,0.197432,0.4902,0.246928,0.144829,0.358512,0.879805
occlusion_heavy_shift,mobile_pick_and_place,cascading_disappearing_goal,7,0.5,0.744072,0.486259,0.583752,0.197432,0.4902,0.246928,0.144829,0.358512,0.854613
occlusion_heavy_shift,mobile_pick_and_place,cascading_disappearing_goal,8,0.5,0.744072,0.486259,0.583752,0.197432,0.4902,0.246928,0.144829,0.358512,0.845453
occlusion_heavy_shift,mobile_pick_and_place,cascading_disappearing_goal,9,0.5,0.744072,0.486259,0.583752,0.197432,0.4902,0.246928,0.144829,0.358512,0.874887
occlusion_heavy_shift,cabinet_restocking,visual_occlusion,0,0.5,0.761376,0.050941,0.104776,0.061898,0.1404,0.44896,0.05388,0.043456,0.867808
occlusion_heavy_shift,cabinet_restocking,visual_occlusion,1,0.5,0.761376,0.050941,0.104776,0.061898,0.1404,0.44896,0.05388,0.043456,0.871899
occlusion_heavy_shift,cabinet_restocking,visual_occlusion,2,0.5,0.761376,0.050941,0.104776,0.061898,0.1404,0.44896,0.05388,0.043456,0.876738
occlusion_heavy_shift,cabinet_restocking,visual_occlusion,3,0.5,0.761376,0.050941,0.104776,0.061898,0.1404,0.44896,0.05388,0.043456,0.866638
occlusion_heavy_shift,cabinet_restocking,visual_occlusion,4,0.5,0.761376,0.050941,0.104776,0.061898,0.1404,0.44896,0.05388,0.043456,0.868366
occlusion_heavy_shift,cabinet_restocking,visual_occlusion,5,0.5,0.761376,0.050941,0.104776,0.061898,0.1404,0.44896,0.05388,0.043456,0.865773
occlusion_heavy_shift,cabinet_restocking,visual_occlusion,6,0.5,0.761376,0.050941,0.104776,0.061898,0.1404,0.44896,0.05388,0.043456,0.882016
occlusion_heavy_shift,cabinet_restocking,visual_occlusion,7,0.5,0.761376,0.050941,0.104776,0.061898,0.1404,0.44896,0.05388,0.043456,0.876648
occlusion_heavy_shift,cabinet_restocking,visual_occlusion,8,0.5,0.761376,0.050941,0.104776,0.061898,0.1404,0.44896,0.05388,0.043456,0.872981
occlusion_heavy_shift,cabinet_restocking,visual_occlusion,9,0.5,0.761376,0.050941,0.104776,0.061898,0.1404,0.44896,0.05388,0.043456,0.879191
occlusion_heavy_shift,cabinet_restocking,object_moved,0,0.5,0.363384,0.178295,0.628656,0.105226,0.26325,0.213256,0.048492,0.08148,0.899878
occlusion_heavy_shift,cabinet_restocking,object_moved,1,0.5,0.363384,0.178295,0.628656,0.105226,0.26325,0.213256,0.048492,0.08148,0.888754
occlusion_heavy_shift,cabinet_restocking,object_moved,2,0.5,0.363384,0.178295,0.628656,0.105226,0.26325,0.213256,0.048492,0.08148,0.874276
occlusion_heavy_shift,cabinet_restocking,object_moved,3,0.5,0.363384,0.178295,0.628656,0.105226,0.26325,0.213256,0.048492,0.08148,0.881685
occlusion_heavy_shift,cabinet_restocking,object_moved,4,0.5,0.363384,0.178295,0.628656,0.105226,0.26325,0.213256,0.048492,0.08148,0.86629
occlusion_heavy_shift,cabinet_restocking,object_moved,5,0.5,0.363384,0.178295,0.628656,0.105226,0.26325,0.213256,0.048492,0.08148,0.86767
occlusion_heavy_shift,cabinet_restocking,object_moved,6,0.5,0.363384,0.178295,0.628656,0.105226,0.26325,0.213256,0.048492,0.08148,0.868109
occlusion_heavy_shift,cabinet_restocking,object_moved,7,0.5,0.363384,0.178295,0.628656,0.105226,0.26325,0.213256,0.048492,0.08148,0.860111
occlusion_heavy_shift,cabinet_restocking,object_moved,8,0.5,0.363384,0.178295,0.628656,0.105226,0.26325,0.213256,0.048492,0.08148,0.865451
occlusion_heavy_shift,cabinet_restocking,object_moved,9,0.5,0.363384,0.178295,0.628656,0.105226,0.26325,0.213256,0.048492,0.08148,0.873485
occlusion_heavy_shift,cabinet_restocking,object_removed,0,0.5,0.294168,0.566724,0.209552,0.129985,0.3393,0.089792,0.05388,0.119504,0.86471
occlusion_heavy_shift,cabinet_restocking,object_removed,1,0.5,0.294168,0.566724,0.209552,0.129985,0.3393,0.089792,0.05388,0.119504,0.887022
occlusion_heavy_shift,cabinet_restocking,object_removed,2,0.5,0.294168,0.566724,0.209552,0.129985,0.3393,0.089792,0.05388,0.119504,0.892813
occlusion_heavy_shift,cabinet_restocking,object_removed,3,0.5,0.294168,0.566724,0.209552,0.129985,0.3393,0.089792,0.05388,0.119504,0.865053
occlusion_heavy_shift,cabinet_restocking,object_removed,4,0.5,0.294168,0.566724,0.209552,0.129985,0.3393,0.089792,0.05388,0.119504,0.872264
occlusion_heavy_shift,cabinet_restocking,object_removed,5,0.5,0.294168,0.566724,0.209552,0.129985,0.3393,0.089792,0.05388,0.119504,0.880494
occlusion_heavy_shift,cabinet_restocking,object_removed,6,0.5,0.294168,0.566724,0.209552,0.129985,0.3393,0.089792,0.05388,0.119504,0.870967
occlusion_heavy_shift,cabinet_restocking,object_removed,7,0.5,0.294168,0.566724,0.209552,0.129985,0.3393,0.089792,0.05388,0.119504,0.876762
occlusion_heavy_shift,cabinet_restocking,object_removed,8,0.5,0.294168,0.566724,0.209552,0.129985,0.3393,0.089792,0.05388,0.119504,0.866508
occlusion_heavy_shift,cabinet_restocking,object_removed,9,0.5,0.294168,0.566724,0.209552,0.129985,0.3393,0.089792,0.05388,0.119504,0.900764
occlusion_heavy_shift,cabinet_restocking,human_temporary_obstruction,0,0.5,0.640248,0.114618,0.134712,0.074277,0.4212,0.482632,0.247848,0.086912,0.870226
occlusion_heavy_shift,cabinet_restocking,human_temporary_obstruction,1,0.5,0.640248,0.114618,0.134712,0.074277,0.4212,0.482632,0.247848,0.086912,0.855265
occlusion_heavy_shift,cabinet_restocking,human_temporary_obstruction,2,0.5,0.640248,0.114618,0.134712,0.074277,0.4212,0.482632,0.247848,0.086912,0.877507
occlusion_heavy_shift,cabinet_restocking,human_temporary_obstruction,3,0.5,0.640248,0.114618,0.134712,0.074277,0.4212,0.482632,0.247848,0.086912,0.868461
occlusion_heavy_shift,cabinet_restocking,human_temporary_obstruction,4,0.5,0.640248,0.114618,0.134712,0.074277,0.4212,0.482632,0.247848,0.086912,0.873462
occlusion_heavy_shift,cabinet_restocking,human_temporary_obstruction,5,0.5,0.640248,0.114618,0.134712,0.074277,0.4212,0.482632,0.247848,0.086912,0.87697
occlusion_heavy_shift,cabinet_restocking,human_temporary_obstruction,6,0.5,0.640248,0.114618,0.134712,0.074277,0.4212,0.482632,0.247848,0.086912,0.878092
occlusion_heavy_shift,cabinet_restocking,human_temporary_obstruction,7,0.5,0.640248,0.114618,0.134712,0.074277,0.4212,0.482632,0.247848,0.086912,0.88075
occlusion_heavy_shift,cabinet_restocking,human_temporary_obstruction,8,0.5,0.640248,0.114618,0.134712,0.074277,0.4212,0.482632,0.247848,0.086912,0.87513
occlusion_heavy_shift,cabinet_restocking,human_temporary_obstruction,9,0.5,0.640248,0.114618,0.134712,0.074277,0.4212,0.482632,0.247848,0.086912,0.872939
occlusion_heavy_shift,cabinet_restocking,goal_specification_changed,0,0.5,0.242256,0.483944,0.29936,0.210452,0.2808,0.101016,0.091596,0.478016,0.876287
occlusion_heavy_shift,cabinet_restocking,goal_specification_changed,1,0.5,0.242256,0.483944,0.29936,0.210452,0.2808,0.101016,0.091596,0.478016,0.864878
occlusion_heavy_shift,cabinet_restocking,goal_specification_changed,2,0.5,0.242256,0.483944,0.29936,0.210452,0.2808,0.101016,0.091596,0.478016,0.857835
occlusion_heavy_shift,cabinet_restocking,goal_specification_changed,3,0.5,0.242256,0.483944,0.29936,0.210452,0.2808,0.101016,0.091596,0.478016,0.863863
occlusion_heavy_shift,cabinet_restocking,goal_specification_changed,4,0.5,0.242256,0.483944,0.29936,0.210452,0.2808,0.101016,0.091596,0.478016,0.864592
occlusion_heavy_shift,cabinet_restocking,goal_specification_changed,5,0.5,0.242256,0.483944,0.29936,0.210452,0.2808,0.101016,0.091596,0.478016,0.869613
occlusion_heavy_shift,cabinet_restocking,goal_specification_changed,6,0.5,0.242256,0.483944,0.29936,0.210452,0.2808,0.101016,0.091596,0.478016,0.86375
occlusion_heavy_shift,cabinet_restocking,goal_specification_changed,7,0.5,0.242256,0.483944,0.29936,0.210452,0.2808,0.101016,0.091596,0.478016,0.871881
occlusion_heavy_shift,cabinet_restocking,goal_specification_changed,8,0.5,0.242256,0.483944,0.29936,0.210452,0.2808,0.101016,0.091596,0.478016,0.881528
occlusion_heavy_shift,cabinet_restocking,goal_specification_changed,9,0.5,0.242256,0.483944,0.29936,0.210452,0.2808,0.101016,0.091596,0.478016,0.852126
occlusion_heavy_shift,cabinet_restocking,substitute_goal_available,0,0.5,0.363384,0.394796,0.269424,0.278539,0.234,0.16836,0.075432,0.239008,0.867272
occlusion_heavy_shift,cabinet_restocking,substitute_goal_available,1,0.5,0.363384,0.394796,0.269424,0.278539,0.234,0.16836,0.075432,0.239008,0.876144
occlusion_heavy_shift,cabinet_restocking,substitute_goal_available,2,0.5,0.363384,0.394796,0.269424,0.278539,0.234,0.16836,0.075432,0.239008,0.877775
occlusion_heavy_shift,cabinet_restocking,substitute_goal_available,3,0.5,0.363384,0.394796,0.269424,0.278539,0.234,0.16836,0.075432,0.239008,0.870013
occlusion_heavy_shift,cabinet_restocking,substitute_goal_available,4,0.5,0.363384,0.394796,0.269424,0.278539,0.234,0.16836,0.075432,0.239008,0.870702
occlusion_heavy_shift,cabinet_restocking,substitute_goal_available,5,0.5,0.363384,0.394796,0.269424,0.278539,0.234,0.16836,0.075432,0.239008,0.873794
occlusion_heavy_shift,cabinet_restocking,substitute_goal_available,6,0.5,0.363384,0.394796,0.269424,0.278539,0.234,0.16836,0.075432,0.239008,0.88106
occlusion_heavy_shift,cabinet_restocking,substitute_goal_available,7,0.5,0.363384,0.394796,0.269424,0.278539,0.234,0.16836,0.075432,0.239008,0.88935
occlusion_heavy_shift,cabinet_restocking,substitute_goal_available,8,0.5,0.363384,0.394796,0.269424,0.278539,0.234,0.16836,0.075432,0.239008,0.885372
occlusion_heavy_shift,cabinet_restocking,substitute_goal_available,9,0.5,0.363384,0.394796,0.269424,0.278539,0.234,0.16836,0.075432,0.239008,0.858582
occlusion_heavy_shift,cabinet_restocking,delayed_reappearance,0,0.5,0.69216,0.16556,0.29936,0.111416,0.2925,0.404064,0.102372,0.152096,0.870493
occlusion_heavy_shift,cabinet_restocking,delayed_reappearance,1,0.5,0.69216,0.16556,0.29936,0.111416,0.2925,0.404064,0.102372,0.152096,0.888824
occlusion_heavy_shift,cabinet_restocking,delayed_reappearance,2,0.5,0.69216,0.16556,0.29936,0.111416,0.2925,0.404064,0.102372,0.152096,0.867857
occlusion_heavy_shift,cabinet_restocking,delayed_reappearance,3,0.5,0.69216,0.16556,0.29936,0.111416,0.2925,0.404064,0.102372,0.152096,0.875756
occlusion_heavy_shift,cabinet_restocking,delayed_reappearance,4,0.5,0.69216,0.16556,0.29936,0.111416,0.2925,0.404064,0.102372,0.152096,0.895549
occlusion_heavy_shift,cabinet_restocking,delayed_reappearance,5,0.5,0.69216,0.16556,0.29936,0.111416,0.2925,0.404064,0.102372,0.152096,0.870632
occlusion_heavy_shift,cabinet_restocking,delayed_reappearance,6,0.5,0.69216,0.16556,0.29936,0.111416,0.2925,0.404064,0.102372,0.152096,0.881855
occlusion_heavy_shift,cabinet_restocking,delayed_reappearance,7,0.5,0.69216,0.16556,0.29936,0.111416,0.2925,0.404064,0.102372,0.152096,0.860735
occlusion_heavy_shift,cabinet_restocking,delayed_reappearance,8,0.5,0.69216,0.16556,0.29936,0.111416,0.2925,0.404064,0.102372,0.152096,0.871229
occlusion_heavy_shift,cabinet_restocking,delayed_reappearance,9,0.5,0.69216,0.16556,0.29936,0.111416,0.2925,0.404064,0.102372,0.152096,0.871243
occlusion_heavy_shift,cabinet_restocking,cascading_disappearing_goal,0,0.5,0.726768,0.534885,0.583752,0.229021,0.5031,0.246928,0.172416,0.358512,0.868996
occlusion_heavy_shift,cabinet_restocking,cascading_disappearing_goal,1,0.5,0.726768,0.534885,0.583752,0.229021,0.5031,0.246928,0.172416,0.358512,0.853827
occlusion_heavy_shift,cabinet_restocking,cascading_disappearing_goal,2,0.5,0.726768,0.534885,0.583752,0.229021,0.5031,0.246928,0.172416,0.358512,0.861882
occlusion_heavy_shift,cabinet_restocking,cascading_disappearing_goal,3,0.5,0.726768,0.534885,0.583752,0.229021,0.5031,0.246928,0.172416,0.358512,0.854895
occlusion_heavy_shift,cabinet_restocking,cascading_disappearing_goal,4,0.5,0.726768,0.534885,0.583752,0.229021,0.5031,0.246928,0.172416,0.358512,0.851157
occlusion_heavy_shift,cabinet_restocking,cascading_disappearing_goal,5,0.5,0.726768,0.534885,0.583752,0.229021,0.5031,0.246928,0.172416,0.358512,0.860176
occlusion_heavy_shift,cabinet_restocking,cascading_disappearing_goal,6,0.5,0.726768,0.534885,0.583752,0.229021,0.5031,0.246928,0.172416,0.358512,0.854153
occlusion_heavy_shift,cabinet_restocking,cascading_disappearing_goal,7,0.5,0.726768,0.534885,0.583752,0.229021,0.5031,0.246928,0.172416,0.358512,0.872126
occlusion_heavy_shift,cabinet_restocking,cascading_disappearing_goal,8,0.5,0.726768,0.534885,0.583752,0.229021,0.5031,0.246928,0.172416,0.358512,0.866112
occlusion_heavy_shift,cabinet_restocking,cascading_disappearing_goal,9,0.5,0.726768,0.534885,0.583752,0.229021,0.5031,0.246928,0.172416,0.358512,0.863862
physical_removal_shift,shelf_retrieval,visual_occlusion,0,0.58,0.639654,0.064472,0.11032,0.046893,0.117552,0.45632,0.029141,0.050112,0.882004
physical_removal_shift,shelf_retrieval,visual_occlusion,1,0.58,0.639654,0.064472,0.11032,0.046893,0.117552,0.45632,0.029141,0.050112,0.881294
physical_removal_shift,shelf_retrieval,visual_occlusion,2,0.58,0.639654,0.064472,0.11032,0.046893,0.117552,0.45632,0.029141,0.050112,0.884839
physical_removal_shift,shelf_retrieval,visual_occlusion,3,0.58,0.639654,0.064472,0.11032,0.046893,0.117552,0.45632,0.029141,0.050112,0.879194
physical_removal_shift,shelf_retrieval,visual_occlusion,4,0.58,0.639654,0.064472,0.11032,0.046893,0.117552,0.45632,0.029141,0.050112,0.886508
physical_removal_shift,shelf_retrieval,visual_occlusion,5,0.58,0.639654,0.064472,0.11032,0.046893,0.117552,0.45632,0.029141,0.050112,0.882637
physical_removal_shift,shelf_retrieval,visual_occlusion,6,0.58,0.639654,0.064472,0.11032,0.046893,0.117552,0.45632,0.029141,0.050112,0.873811
physical_removal_shift,shelf_retrieval,visual_occlusion,7,0.58,0.639654,0.064472,0.11032,0.046893,0.117552,0.45632,0.029141,0.050112,0.883911
physical_removal_shift,shelf_retrieval,visual_occlusion,8,0.58,0.639654,0.064472,0.11032,0.046893,0.117552,0.45632,0.029141,0.050112,0.894954
physical_removal_shift,shelf_retrieval,visual_occlusion,9,0.58,0.639654,0.064472,0.11032,0.046893,0.117552,0.45632,0.029141,0.050112,0.879975
physical_removal_shift,shelf_retrieval,object_moved,0,0.58,0.30529,0.225653,0.66192,0.079718,0.22041,0.216752,0.026227,0.09396,0.889474
physical_removal_shift,shelf_retrieval,object_moved,1,0.58,0.30529,0.225653,0.66192,0.079718,0.22041,0.216752,0.026227,0.09396,0.877227
physical_removal_shift,shelf_retrieval,object_moved,2,0.58,0.30529,0.225653,0.66192,0.079718,0.22041,0.216752,0.026227,0.09396,0.876254
physical_removal_shift,shelf_retrieval,object_moved,3,0.58,0.30529,0.225653,0.66192,0.079718,0.22041,0.216752,0.026227,0.09396,0.880777
physical_removal_shift,shelf_retrieval,object_moved,4,0.58,0.30529,0.225653,0.66192,0.079718,0.22041,0.216752,0.026227,0.09396,0.889273
physical_removal_shift,shelf_retrieval,object_moved,5,0.58,0.30529,0.225653,0.66192,0.079718,0.22041,0.216752,0.026227,0.09396,0.897016
physical_removal_shift,shelf_retrieval,object_moved,6,0.58,0.30529,0.225653,0.66192,0.079718,0.22041,0.216752,0.026227,0.09396,0.873293
physical_removal_shift,shelf_retrieval,object_moved,7,0.58,0.30529,0.225653,0.66192,0.079718,0.22041,0.216752,0.026227,0.09396,0.885584
physical_removal_shift,shelf_retrieval,object_moved,8,0.58,0.30529,0.225653,0.66192,0.079718,0.22041,0.216752,0.026227,0.09396,0.881496
physical_removal_shift,shelf_retrieval,object_moved,9,0.58,0.30529,0.225653,0.66192,0.079718,0.22041,0.216752,0.026227,0.09396,0.889352
physical_removal_shift,shelf_retrieval,object_removed,0,0.58,0.247139,0.717255,0.22064,0.098475,0.284084,0.091264,0.029141,0.137808,0.873101
physical_removal_shift,shelf_retrieval,object_removed,1,0.58,0.247139,0.717255,0.22064,0.098475,0.284084,0.091264,0.029141,0.137808,0.881389
physical_removal_shift,shelf_retrieval,object_removed,2,0.58,0.247139,0.717255,0.22064,0.098475,0.284084,0.091264,0.029141,0.137808,0.892897
physical_removal_shift,shelf_retrieval,object_removed,3,0.58,0.247139,0.717255,0.22064,0.098475,0.284084,0.091264,0.029141,0.137808,0.871967
physical_removal_shift,shelf_retrieval,object_removed,4,0.58,0.247139,0.717255,0.22064,0.098475,0.284084,0.091264,0.029141,0.137808,0.88241
physical_removal_shift,shelf_retrieval,object_removed,5,0.58,0.247139,0.717255,0.22064,0.098475,0.284084,0.091264,0.029141,0.137808,0.885223
physical_removal_shift,shelf_retrieval,object_removed,6,0.58,0.247139,0.717255,0.22064,0.098475,0.284084,0.091264,0.029141,0.137808,0.860527
physical_removal_shift,shelf_retrieval,object_removed,7,0.58,0.247139,0.717255,0.22064,0.098475,0.284084,0.091264,0.029141,0.137808,0.872933
physical_removal_shift,shelf_retrieval,object_removed,8,0.58,0.247139,0.717255,0.22064,0.098475,0.284084,0.091264,0.029141,0.137808,0.87857
physical_removal_shift,shelf_retrieval,object_removed,9,0.58,0.247139,0.717255,0.22064,0.098475,0.284084,0.091264,0.029141,0.137808,0.890653
physical_removal_shift,shelf_retrieval,human_temporary_obstruction,0,0.58,0.537891,0.145063,0.14184,0.056271,0.352656,0.490544,0.134048,0.100224,0.885643
physical_removal_shift,shelf_retrieval,human_temporary_obstruction,1,0.58,0.537891,0.145063,0.14184,0.056271,0.352656,0.490544,0.134048,0.100224,0.87576
physical_removal_shift,shelf_retrieval,human_temporary_obstruction,2,0.58,0.537891,0.145063,0.14184,0.056271,0.352656,0.490544,0.134048,0.100224,0.878933
physical_removal_shift,shelf_retrieval,human_temporary_obstruction,3,0.58,0.537891,0.145063,0.14184,0.056271,0.352656,0.490544,0.134048,0.100224,0.894515
physical_removal_shift,shelf_retrieval,human_temporary_obstruction,4,0.58,0.537891,0.145063,0.14184,0.056271,0.352656,0.490544,0.134048,0.100224,0.891968
physical_removal_shift,shelf_retrieval,human_temporary_obstruction,5,0.58,0.537891,0.145063,0.14184,0.056271,0.352656,0.490544,0.134048,0.100224,0.89539
physical_removal_shift,shelf_retrieval,human_temporary_obstruction,6,0.58,0.537891,0.145063,0.14184,0.056271,0.352656,0.490544,0.134048,0.100224,0.876728
physical_removal_shift,shelf_retrieval,human_temporary_obstruction,7,0.58,0.537891,0.145063,0.14184,0.056271,0.352656,0.490544,0.134048,0.100224,0.894035
physical_removal_shift,shelf_retrieval,human_temporary_obstruction,8,0.58,0.537891,0.145063,0.14184,0.056271,0.352656,0.490544,0.134048,0.100224,0.903665
physical_removal_shift,shelf_retrieval,human_temporary_obstruction,9,0.58,0.537891,0.145063,0.14184,0.056271,0.352656,0.490544,0.134048,0.100224,0.886998
physical_removal_shift,shelf_retrieval,goal_specification_changed,0,0.58,0.203526,0.612487,0.3152,0.159436,0.235104,0.102672,0.049539,0.551232,0.889619
physical_removal_shift,shelf_retrieval,goal_specification_changed,1,0.58,0.203526,0.612487,0.3152,0.159436,0.235104,0.102672,0.049539,0.551232,0.889118
physical_removal_shift,shelf_retrieval,goal_specification_changed,2,0.58,0.203526,0.612487,0.3152,0.159436,0.235104,0.102672,0.049539,0.551232,0.884321
physical_removal_shift,shelf_retrieval,goal_specification_changed,3,0.58,0.203526,0.612487,0.3152,0.159436,0.235104,0.102672,0.049539,0.551232,0.864401
physical_removal_shift,shelf_retrieval,goal_specification_changed,4,0.58,0.203526,0.612487,0.3152,0.159436,0.235104,0.102672,0.049539,0.551232,0.872216
physical_removal_shift,shelf_retrieval,goal_specification_changed,5,0.58,0.203526,0.612487,0.3152,0.159436,0.235104,0.102672,0.049539,0.551232,0.878391
physical_removal_shift,shelf_retrieval,goal_specification_changed,6,0.58,0.203526,0.612487,0.3152,0.159436,0.235104,0.102672,0.049539,0.551232,0.887837
physical_removal_shift,shelf_retrieval,goal_specification_changed,7,0.58,0.203526,0.612487,0.3152,0.159436,0.235104,0.102672,0.049539,0.551232,0.872187
physical_removal_shift,shelf_retrieval,goal_specification_changed,8,0.58,0.203526,0.612487,0.3152,0.159436,0.235104,0.102672,0.049539,0.551232,0.887073
physical_removal_shift,shelf_retrieval,goal_specification_changed,9,0.58,0.203526,0.612487,0.3152,0.159436,0.235104,0.102672,0.049539,0.551232,0.8662
physical_removal_shift,shelf_retrieval,substitute_goal_available,0,0.58,0.30529,0.49966,0.28368,0.211018,0.19592,0.17112,0.040797,0.275616,0.89162
physical_removal_shift,shelf_retrieval,substitute_goal_available,1,0.58,0.30529,0.49966,0.28368,0.211018,0.19592,0.17112,0.040797,0.275616,0.869538
physical_removal_shift,shelf_retrieval,substitute_goal_available,2,0.58,0.30529,0.49966,0.28368,0.211018,0.19592,0.17112,0.040797,0.275616,0.876799
physical_removal_shift,shelf_retrieval,substitute_goal_available,3,0.58,0.30529,0.49966,0.28368,0.211018,0.19592,0.17112,0.040797,0.275616,0.898039
physical_removal_shift,shelf_retrieval,substitute_goal_available,4,0.58,0.30529,0.49966,0.28368,0.211018,0.19592,0.17112,0.040797,0.275616,0.867276
physical_removal_shift,shelf_retrieval,substitute_goal_available,5,0.58,0.30529,0.49966,0.28368,0.211018,0.19592,0.17112,0.040797,0.275616,0.883372
physical_removal_shift,shelf_retrieval,substitute_goal_available,6,0.58,0.30529,0.49966,0.28368,0.211018,0.19592,0.17112,0.040797,0.275616,0.904169
physical_removal_shift,shelf_retrieval,substitute_goal_available,7,0.58,0.30529,0.49966,0.28368,0.211018,0.19592,0.17112,0.040797,0.275616,0.888403
physical_removal_shift,shelf_retrieval,substitute_goal_available,8,0.58,0.30529,0.49966,0.28368,0.211018,0.19592,0.17112,0.040797,0.275616,0.876022
physical_removal_shift,shelf_retrieval,substitute_goal_available,9,0.58,0.30529,0.49966,0.28368,0.211018,0.19592,0.17112,0.040797,0.275616,0.894445
physical_removal_shift,shelf_retrieval,delayed_reappearance,0,0.58,0.581504,0.209535,0.3152,0.084407,0.2449,0.410688,0.055368,0.175392,0.879435
physical_removal_shift,shelf_retrieval,delayed_reappearance,1,0.58,0.581504,0.209535,0.3152,0.084407,0.2449,0.410688,0.055368,0.175392,0.89128
physical_removal_shift,shelf_retrieval,delayed_reappearance,2,0.58,0.581504,0.209535,0.3152,0.084407,0.2449,0.410688,0.055368,0.175392,0.89248
physical_removal_shift,shelf_retrieval,delayed_reappearance,3,0.58,0.581504,0.209535,0.3152,0.084407,0.2449,0.410688,0.055368,0.175392,0.882222
physical_removal_shift,shelf_retrieval,delayed_reappearance,4,0.58,0.581504,0.209535,0.3152,0.084407,0.2449,0.410688,0.055368,0.175392,0.893082
physical_removal_shift,shelf_retrieval,delayed_reappearance,5,0.58,0.581504,0.209535,0.3152,0.084407,0.2449,0.410688,0.055368,0.175392,0.86461
physical_removal_shift,shelf_retrieval,delayed_reappearance,6,0.58,0.581504,0.209535,0.3152,0.084407,0.2449,0.410688,0.055368,0.175392,0.884143
physical_removal_shift,shelf_retrieval,delayed_reappearance,7,0.58,0.581504,0.209535,0.3152,0.084407,0.2449,0.410688,0.055368,0.175392,0.883104
physical_removal_shift,shelf_retrieval,delayed_reappearance,8,0.58,0.581504,0.209535,0.3152,0.084407,0.2449,0.410688,0.055368,0.175392,0.885023
physical_removal_shift,shelf_retrieval,delayed_reappearance,9,0.58,0.581504,0.209535,0.3152,0.084407,0.2449,0.410688,0.055368,0.175392,0.896431
physical_removal_shift,shelf_retrieval,cascading_disappearing_goal,0,0.58,0.610579,0.676959,0.61464,0.173503,0.421228,0.250976,0.093251,0.413424,0.860341
physical_removal_shift,shelf_retrieval,cascading_disappearing_goal,1,0.58,0.610579,0.676959,0.61464,0.173503,0.421228,0.250976,0.093251,0.413424,0.876952
physical_removal_shift,shelf_retrieval,cascading_disappearing_goal,2,0.58,0.610579,0.676959,0.61464,0.173503,0.421228,0.250976,0.093251,0.413424,0.878399
physical_removal_shift,shelf_retrieval,cascading_disappearing_goal,3,0.58,0.610579,0.676959,0.61464,0.173503,0.421228,0.250976,0.093251,0.413424,0.88363
physical_removal_shift,shelf_retrieval,cascading_disappearing_goal,4,0.58,0.610579,0.676959,0.61464,0.173503,0.421228,0.250976,0.093251,0.413424,0.875713
physical_removal_shift,shelf_retrieval,cascading_disappearing_goal,5,0.58,0.610579,0.676959,0.61464,0.173503,0.421228,0.250976,0.093251,0.413424,0.863345
physical_removal_shift,shelf_retrieval,cascading_disappearing_goal,6,0.58,0.610579,0.676959,0.61464,0.173503,0.421228,0.250976,0.093251,0.413424,0.889488
physical_removal_shift,shelf_retrieval,cascading_disappearing_goal,7,0.58,0.610579,0.676959,0.61464,0.173503,0.421228,0.250976,0.093251,0.413424,0.877335
physical_removal_shift,shelf_retrieval,cascading_disappearing_goal,8,0.58,0.610579,0.676959,0.61464,0.173503,0.421228,0.250976,0.093251,0.413424,0.871837
physical_removal_shift,shelf_retrieval,cascading_disappearing_goal,9,0.58,0.610579,0.676959,0.61464,0.173503,0.421228,0.250976,0.093251,0.413424,0.883446
physical_removal_shift,drawer_placement,visual_occlusion,0,0.58,0.596042,0.071259,0.11032,0.057926,0.13272,0.45632,0.038107,0.050112,0.884101
physical_removal_shift,drawer_placement,visual_occlusion,1,0.58,0.596042,0.071259,0.11032,0.057926,0.13272,0.45632,0.038107,0.050112,0.904442
physical_removal_shift,drawer_placement,visual_occlusion,2,0.58,0.596042,0.071259,0.11032,0.057926,0.13272,0.45632,0.038107,0.050112,0.867747
physical_removal_shift,drawer_placement,visual_occlusion,3,0.58,0.596042,0.071259,0.11032,0.057926,0.13272,0.45632,0.038107,0.050112,0.871821
physical_removal_shift,drawer_placement,visual_occlusion,4,0.58,0.596042,0.071259,0.11032,0.057926,0.13272,0.45632,0.038107,0.050112,0.878577
physical_removal_shift,drawer_placement,visual_occlusion,5,0.58,0.596042,0.071259,0.11032,0.057926,0.13272,0.45632,0.038107,0.050112,0.888586
physical_removal_shift,drawer_placement,visual_occlusion,6,0.58,0.596042,0.071259,0.11032,0.057926,0.13272,0.45632,0.038107,0.050112,0.886958
physical_removal_shift,drawer_placement,visual_occlusion,7,0.58,0.596042,0.071259,0.11032,0.057926,0.13272,0.45632,0.038107,0.050112,0.876781
physical_removal_shift,drawer_placement,visual_occlusion,8,0.58,0.596042,0.071259,0.11032,0.057926,0.13272,0.45632,0.038107,0.050112,0.877875
physical_removal_shift,drawer_placement,visual_occlusion,9,0.58,0.596042,0.071259,0.11032,0.057926,0.13272,0.45632,0.038107,0.050112,0.885112
physical_removal_shift,drawer_placement,object_moved,0,0.58,0.284474,0.249406,0.66192,0.098475,0.24885,0.216752,0.034296,0.09396,0.880383
physical_removal_shift,drawer_placement,object_moved,1,0.58,0.284474,0.249406,0.66192,0.098475,0.24885,0.216752,0.034296,0.09396,0.88927
physical_removal_shift,drawer_placement,object_moved,2,0.58,0.284474,0.249406,0.66192,0.098475,0.24885,0.216752,0.034296,0.09396,0.893135
physical_removal_shift,drawer_placement,object_moved,3,0.58,0.284474,0.249406,0.66192,0.098475,0.24885,0.216752,0.034296,0.09396,0.876093
physical_removal_shift,drawer_placement,object_moved,4,0.58,0.284474,0.249406,0.66192,0.098475,0.24885,0.216752,0.034296,0.09396,0.870603
physical_removal_shift,drawer_placement,object_moved,5,0.58,0.284474,0.249406,0.66192,0.098475,0.24885,0.216752,0.034296,0.09396,0.881149
physical_removal_shift,drawer_placement,object_moved,6,0.58,0.284474,0.249406,0.66192,0.098475,0.24885,0.216752,0.034296,0.09396,0.869373
physical_removal_shift,drawer_placement,object_moved,7,0.58,0.284474,0.249406,0.66192,0.098475,0.24885,0.216752,0.034296,0.09396,0.883335
physical_removal_shift,drawer_placement,object_moved,8,0.58,0.284474,0.249406,0.66192,0.098475,0.24885,0.216752,0.034296,0.09396,0.88132
physical_removal_shift,drawer_placement,object_moved,9,0.58,0.284474,0.249406,0.66192,0.098475,0.24885,0.216752,0.034296,0.09396,0.886887
physical_removal_shift,drawer_placement,object_removed,0,0.58,0.230289,0.792755,0.22064,0.121645,0.32074,0.091264,0.038107,0.137808,0.883591
physical_removal_shift,drawer_placement,object_removed,1,0.58,0.230289,0.792755,0.22064,0.121645,0.32074,0.091264,0.038107,0.137808,0.874525
physical_removal_shift,drawer_placement,object_removed,2,0.58,0.230289,0.792755,0.22064,0.121645,0.32074,0.091264,0.038107,0.137808,0.858426
physical_removal_shift,drawer_placement,object_removed,3,0.58,0.230289,0.792755,0.22064,0.121645,0.32074,0.091264,0.038107,0.137808,0.864359
physical_removal_shift,drawer_placement,object_removed,4,0.58,0.230289,0.792755,0.22064,0.121645,0.32074,0.091264,0.038107,0.137808,0.867736
physical_removal_shift,drawer_placement,object_removed,5,0.58,0.230289,0.792755,0.22064,0.121645,0.32074,0.091264,0.038107,0.137808,0.873142
physical_removal_shift,drawer_placement,object_removed,6,0.58,0.230289,0.792755,0.22064,0.121645,0.32074,0.091264,0.038107,0.137808,0.886432
physical_removal_shift,drawer_placement,object_removed,7,0.58,0.230289,0.792755,0.22064,0.121645,0.32074,0.091264,0.038107,0.137808,0.885544
physical_removal_shift,drawer_placement,object_removed,8,0.58,0.230289,0.792755,0.22064,0.121645,0.32074,0.091264,0.038107,0.137808,0.869394
physical_removal_shift,drawer_placement,object_removed,9,0.58,0.230289,0.792755,0.22064,0.121645,0.32074,0.091264,0.038107,0.137808,0.874499
physical_removal_shift,drawer_placement,human_temporary_obstruction,0,0.58,0.501217,0.160332,0.14184,0.069512,0.39816,0.490544,0.175293,0.100224,0.873009
physical_removal_shift,drawer_placement,human_temporary_obstruction,1,0.58,0.501217,0.160332,0.14184,0.069512,0.39816,0.490544,0.175293,0.100224,0.876969
physical_removal_shift,drawer_placement,human_temporary_obstruction,2,0.58,0.501217,0.160332,0.14184,0.069512,0.39816,0.490544,0.175293,0.100224,0.872356
physical_removal_shift,drawer_placement,human_temporary_obstruction,3,0.58,0.501217,0.160332,0.14184,0.069512,0.39816,0.490544,0.175293,0.100224,0.867199
physical_removal_shift,drawer_placement,human_temporary_obstruction,4,0.58,0.501217,0.160332,0.14184,0.069512,0.39816,0.490544,0.175293,0.100224,0.887853
physical_removal_shift,drawer_placement,human_temporary_obstruction,5,0.58,0.501217,0.160332,0.14184,0.069512,0.39816,0.490544,0.175293,0.100224,0.87393
physical_removal_shift,drawer_placement,human_temporary_obstruction,6,0.58,0.501217,0.160332,0.14184,0.069512,0.39816,0.490544,0.175293,0.100224,0.886712
physical_removal_shift,drawer_placement,human_temporary_obstruction,7,0.58,0.501217,0.160332,0.14184,0.069512,0.39816,0.490544,0.175293,0.100224,0.871038
physical_removal_shift,drawer_placement,human_temporary_obstruction,8,0.58,0.501217,0.160332,0.14184,0.069512,0.39816,0.490544,0.175293,0.100224,0.882723
physical_removal_shift,drawer_placement,human_temporary_obstruction,9,0.58,0.501217,0.160332,0.14184,0.069512,0.39816,0.490544,0.175293,0.100224,0.874002
physical_removal_shift,drawer_placement,goal_specification_changed,0,0.58,0.18965,0.676959,0.3152,0.19695,0.26544,0.102672,0.064782,0.551232,0.868944
physical_removal_shift,drawer_placement,goal_specification_changed,1,0.58,0.18965,0.676959,0.3152,0.19695,0.26544,0.102672,0.064782,0.551232,0.873593
physical_removal_shift,drawer_placement,goal_specification_changed,2,0.58,0.18965,0.676959,0.3152,0.19695,0.26544,0.102672,0.064782,0.551232,0.867628
physical_removal_shift,drawer_placement,goal_specification_changed,3,0.58,0.18965,0.676959,0.3152,0.19695,0.26544,0.102672,0.064782,0.551232,0.872754
physical_removal_shift,drawer_placement,goal_specification_changed,4,0.58,0.18965,0.676959,0.3152,0.19695,0.26544,0.102672,0.064782,0.551232,0.870631
physical_removal_shift,drawer_placement,goal_specification_changed,5,0.58,0.18965,0.676959,0.3152,0.19695,0.26544,0.102672,0.064782,0.551232,0.86604
physical_removal_shift,drawer_placement,goal_specification_changed,6,0.58,0.18965,0.676959,0.3152,0.19695,0.26544,0.102672,0.064782,0.551232,0.87479
physical_removal_shift,drawer_placement,goal_specification_changed,7,0.58,0.18965,0.676959,0.3152,0.19695,0.26544,0.102672,0.064782,0.551232,0.854735
physical_removal_shift,drawer_placement,goal_specification_changed,8,0.58,0.18965,0.676959,0.3152,0.19695,0.26544,0.102672,0.064782,0.551232,0.866028
physical_removal_shift,drawer_placement,goal_specification_changed,9,0.58,0.18965,0.676959,0.3152,0.19695,0.26544,0.102672,0.064782,0.551232,0.876009
physical_removal_shift,drawer_placement,substitute_goal_available,0,0.58,0.284474,0.552256,0.28368,0.260669,0.2212,0.17112,0.05335,0.275616,0.900752
physical_removal_shift,drawer_placement,substitute_goal_available,1,0.58,0.284474,0.552256,0.28368,0.260669,0.2212,0.17112,0.05335,0.275616,0.877592
physical_removal_shift,drawer_placement,substitute_goal_available,2,0.58,0.284474,0.552256,0.28368,0.260669,0.2212,0.17112,0.05335,0.275616,0.889636
physical_removal_shift,drawer_placement,substitute_goal_available,3,0.58,0.284474,0.552256,0.28368,0.260669,0.2212,0.17112,0.05335,0.275616,0.879176
physical_removal_shift,drawer_placement,substitute_goal_available,4,0.58,0.284474,0.552256,0.28368,0.260669,0.2212,0.17112,0.05335,0.275616,0.879495
physical_removal_shift,drawer_placement,substitute_goal_available,5,0.58,0.284474,0.552256,0.28368,0.260669,0.2212,0.17112,0.05335,0.275616,0.883565
physical_removal_shift,drawer_placement,substitute_goal_available,6,0.58,0.284474,0.552256,0.28368,0.260669,0.2212,0.17112,0.05335,0.275616,0.88
physical_removal_shift,drawer_placement,substitute_goal_available,7,0.58,0.284474,0.552256,0.28368,0.260669,0.2212,0.17112,0.05335,0.275616,0.887587
physical_removal_shift,drawer_placement,substitute_goal_available,8,0.58,0.284474,0.552256,0.28368,0.260669,0.2212,0.17112,0.05335,0.275616,0.861092
physical_removal_shift,drawer_placement,substitute_goal_available,9,0.58,0.284474,0.552256,0.28368,0.260669,0.2212,0.17112,0.05335,0.275616,0.870203
physical_removal_shift,drawer_placement,delayed_reappearance,0,0.58,0.541856,0.231591,0.3152,0.104268,0.2765,0.410688,0.072404,0.175392,0.867805
physical_removal_shift,drawer_placement,delayed_reappearance,1,0.58,0.541856,0.231591,0.3152,0.104268,0.2765,0.410688,0.072404,0.175392,0.884476
physical_removal_shift,drawer_placement,delayed_reappearance,2,0.58,0.541856,0.231591,0.3152,0.104268,0.2765,0.410688,0.072404,0.175392,0.889121
physical_removal_shift,drawer_placement,delayed_reappearance,3,0.58,0.541856,0.231591,0.3152,0.104268,0.2765,0.410688,0.072404,0.175392,0.886718
physical_removal_shift,drawer_placement,delayed_reappearance,4,0.58,0.541856,0.231591,0.3152,0.104268,0.2765,0.410688,0.072404,0.175392,0.895815
physical_removal_shift,drawer_placement,delayed_reappearance,5,0.58,0.541856,0.231591,0.3152,0.104268,0.2765,0.410688,0.072404,0.175392,0.876581
physical_removal_shift,drawer_placement,delayed_reappearance,6,0.58,0.541856,0.231591,0.3152,0.104268,0.2765,0.410688,0.072404,0.175392,0.885329
physical_removal_shift,drawer_placement,delayed_reappearance,7,0.58,0.541856,0.231591,0.3152,0.104268,0.2765,0.410688,0.072404,0.175392,0.877838
physical_removal_shift,drawer_placement,delayed_reappearance,8,0.58,0.541856,0.231591,0.3152,0.104268,0.2765,0.410688,0.072404,0.175392,0.882411
physical_removal_shift,drawer_placement,delayed_reappearance,9,0.58,0.541856,0.231591,0.3152,0.104268,0.2765,0.410688,0.072404,0.175392,0.877504
physical_removal_shift,drawer_placement,cascading_disappearing_goal,0,0.58,0.568949,0.748218,0.61464,0.214328,0.47558,0.250976,0.121943,0.413424,0.832881
physical_removal_shift,drawer_placement,cascading_disappearing_goal,1,0.58,0.568949,0.748218,0.61464,0.214328,0.47558,0.250976,0.121943,0.413424,0.868411
physical_removal_shift,drawer_placement,cascading_disappearing_goal,2,0.58,0.568949,0.748218,0.61464,0.214328,0.47558,0.250976,0.121943,0.413424,0.858575
physical_removal_shift,drawer_placement,cascading_disappearing_goal,3,0.58,0.568949,0.748218,0.61464,0.214328,0.47558,0.250976,0.121943,0.413424,0.86561
physical_removal_shift,drawer_placement,cascading_disappearing_goal,4,0.58,0.568949,0.748218,0.61464,0.214328,0.47558,0.250976,0.121943,0.413424,0.868761
physical_removal_shift,drawer_placement,cascading_disappearing_goal,5,0.58,0.568949,0.748218,0.61464,0.214328,0.47558,0.250976,0.121943,0.413424,0.858162
physical_removal_shift,drawer_placement,cascading_disappearing_goal,6,0.58,0.568949,0.748218,0.61464,0.214328,0.47558,0.250976,0.121943,0.413424,0.86258
physical_removal_shift,drawer_placement,cascading_disappearing_goal,7,0.58,0.568949,0.748218,0.61464,0.214328,0.47558,0.250976,0.121943,0.413424,0.858308
physical_removal_shift,drawer_placement,cascading_disappearing_goal,8,0.58,0.568949,0.748218,0.61464,0.214328,0.47558,0.250976,0.121943,0.413424,0.879486
physical_removal_shift,drawer_placement,cascading_disappearing_goal,9,0.58,0.568949,0.748218,0.61464,0.214328,0.47558,0.250976,0.121943,0.413424,0.880536
physical_removal_shift,bin_sorting,visual_occlusion,0,0.58,0.54516,0.061079,0.11032,0.091027,0.10428,0.45632,0.026899,0.050112,0.890595
physical_removal_shift,bin_sorting,visual_occlusion,1,0.58,0.54516,0.061079,0.11032,0.091027,0.10428,0.45632,0.026899,0.050112,0.915277
physical_removal_shift,bin_sorting,visual_occlusion,2,0.58,0.54516,0.061079,0.11032,0.091027,0.10428,0.45632,0.026899,0.050112,0.889092
physical_removal_shift,bin_sorting,visual_occlusion,3,0.58,0.54516,0.061079,0.11032,0.091027,0.10428,0.45632,0.026899,0.050112,0.88163
physical_removal_shift,bin_sorting,visual_occlusion,4,0.58,0.54516,0.061079,0.11032,0.091027,0.10428,0.45632,0.026899,0.050112,0.888344
physical_removal_shift,bin_sorting,visual_occlusion,5,0.58,0.54516,0.061079,0.11032,0.091027,0.10428,0.45632,0.026899,0.050112,0.887798
physical_removal_shift,bin_sorting,visual_occlusion,6,0.58,0.54516,0.061079,0.11032,0.091027,0.10428,0.45632,0.026899,0.050112,0.869813
physical_removal_shift,bin_sorting,visual_occlusion,7,0.58,0.54516,0.061079,0.11032,0.091027,0.10428,0.45632,0.026899,0.050112,0.906102
physical_removal_shift,bin_sorting,visual_occlusion,8,0.58,0.54516,0.061079,0.11032,0.091027,0.10428,0.45632,0.026899,0.050112,0.908188
physical_removal_shift,bin_sorting,visual_occlusion,9,0.58,0.54516,0.061079,0.11032,0.091027,0.10428,0.45632,0.026899,0.050112,0.886587
physical_removal_shift,bin_sorting,object_moved,0,0.58,0.26019,0.213777,0.66192,0.154746,0.195525,0.216752,0.024209,0.09396,0.896478
physical_removal_shift,bin_sorting,object_moved,1,0.58,0.26019,0.213777,0.66192,0.154746,0.195525,0.216752,0.024209,0.09396,0.899125
physical_removal_shift,bin_sorting,object_moved,2,0.58,0.26019,0.213777,0.66192,0.154746,0.195525,0.216752,0.024209,0.09396,0.891409
physical_removal_shift,bin_sorting,object_moved,3,0.58,0.26019,0.213777,0.66192,0.154746,0.195525,0.216752,0.024209,0.09396,0.88855
physical_removal_shift,bin_sorting,object_moved,4,0.58,0.26019,0.213777,0.66192,0.154746,0.195525,0.216752,0.024209,0.09396,0.90099
physical_removal_shift,bin_sorting,object_moved,5,0.58,0.26019,0.213777,0.66192,0.154746,0.195525,0.216752,0.024209,0.09396,0.886718
physical_removal_shift,bin_sorting,object_moved,6,0.58,0.26019,0.213777,0.66192,0.154746,0.195525,0.216752,0.024209,0.09396,0.88932
physical_removal_shift,bin_sorting,object_moved,7,0.58,0.26019,0.213777,0.66192,0.154746,0.195525,0.216752,0.024209,0.09396,0.896569
physical_removal_shift,bin_sorting,object_moved,8,0.58,0.26019,0.213777,0.66192,0.154746,0.195525,0.216752,0.024209,0.09396,0.876567
physical_removal_shift,bin_sorting,object_moved,9,0.58,0.26019,0.213777,0.66192,0.154746,0.195525,0.216752,0.024209,0.09396,0.892458
physical_removal_shift,bin_sorting,object_removed,0,0.58,0.21063,0.679504,0.22064,0.191157,0.25201,0.091264,0.026899,0.137808,0.890269
physical_removal_shift,bin_sorting,object_removed,1,0.58,0.21063,0.679504,0.22064,0.191157,0.25201,0.091264,0.026899,0.137808,0.883936
physical_removal_shift,bin_sorting,object_removed,2,0.58,0.21063,0.679504,0.22064,0.191157,0.25201,0.091264,0.026899,0.137808,0.886103
physical_removal_shift,bin_sorting,object_removed,3,0.58,0.21063,0.679504,0.22064,0.191157,0.25201,0.091264,0.026899,0.137808,0.876464
physical_removal_shift,bin_sorting,object_removed,4,0.58,0.21063,0.679504,0.22064,0.191157,0.25201,0.091264,0.026899,0.137808,0.876039
physical_removal_shift,bin_sorting,object_removed,5,0.58,0.21063,0.679504,0.22064,0.191157,0.25201,0.091264,0.026899,0.137808,0.897199
physical_removal_shift,bin_sorting,object_removed,6,0.58,0.21063,0.679504,0.22064,0.191157,0.25201,0.091264,0.026899,0.137808,0.890283
physical_removal_shift,bin_sorting,object_removed,7,0.58,0.21063,0.679504,0.22064,0.191157,0.25201,0.091264,0.026899,0.137808,0.884311
physical_removal_shift,bin_sorting,object_removed,8,0.58,0.21063,0.679504,0.22064,0.191157,0.25201,0.091264,0.026899,0.137808,0.899368
physical_removal_shift,bin_sorting,object_removed,9,0.58,0.21063,0.679504,0.22064,0.191157,0.25201,0.091264,0.026899,0.137808,0.889623
physical_removal_shift,bin_sorting,human_temporary_obstruction,0,0.58,0.45843,0.137428,0.14184,0.109233,0.31284,0.490544,0.123736,0.100224,0.892393
physical_removal_shift,bin_sorting,human_temporary_obstruction,1,0.58,0.45843,0.137428,0.14184,0.109233,0.31284,0.490544,0.123736,0.100224,0.902262
physical_removal_shift,bin_sorting,human_temporary_obstruction,2,0.58,0.45843,0.137428,0.14184,0.109233,0.31284,0.490544,0.123736,0.100224,0.89169
physical_removal_shift,bin_sorting,human_temporary_obstruction,3,0.58,0.45843,0.137428,0.14184,0.109233,0.31284,0.490544,0.123736,0.100224,0.891222
physical_removal_shift,bin_sorting,human_temporary_obstruction,4,0.58,0.45843,0.137428,0.14184,0.109233,0.31284,0.490544,0.123736,0.100224,0.883048
physical_removal_shift,bin_sorting,human_temporary_obstruction,5,0.58,0.45843,0.137428,0.14184,0.109233,0.31284,0.490544,0.123736,0.100224,0.89715
physical_removal_shift,bin_sorting,human_temporary_obstruction,6,0.58,0.45843,0.137428,0.14184,0.109233,0.31284,0.490544,0.123736,0.100224,0.88901
physical_removal_shift,bin_sorting,human_temporary_obstruction,7,0.58,0.45843,0.137428,0.14184,0.109233,0.31284,0.490544,0.123736,0.100224,0.883725
physical_removal_shift,bin_sorting,human_temporary_obstruction,8,0.58,0.45843,0.137428,0.14184,0.109233,0.31284,0.490544,0.123736,0.100224,0.890939
physical_removal_shift,bin_sorting,human_temporary_obstruction,9,0.58,0.45843,0.137428,0.14184,0.109233,0.31284,0.490544,0.123736,0.100224,0.892169
physical_removal_shift,bin_sorting,goal_specification_changed,0,0.58,0.17346,0.580251,0.3152,0.309492,0.20856,0.102672,0.045729,0.551232,0.888608
physical_removal_shift,bin_sorting,goal_specification_changed,1,0.58,0.17346,0.580251,0.3152,0.309492,0.20856,0.102672,0.045729,0.551232,0.890713
physical_removal_shift,bin_sorting,goal_specification_changed,2,0.58,0.17346,0.580251,0.3152,0.309492,0.20856,0.102672,0.045729,0.551232,0.906836
physical_removal_shift,bin_sorting,goal_specification_changed,3,0.58,0.17346,0.580251,0.3152,0.309492,0.20856,0.102672,0.045729,0.551232,0.905316
physical_removal_shift,bin_sorting,goal_specification_changed,4,0.58,0.17346,0.580251,0.3152,0.309492,0.20856,0.102672,0.045729,0.551232,0.876028
physical_removal_shift,bin_sorting,goal_specification_changed,5,0.58,0.17346,0.580251,0.3152,0.309492,0.20856,0.102672,0.045729,0.551232,0.883106
physical_removal_shift,bin_sorting,goal_specification_changed,6,0.58,0.17346,0.580251,0.3152,0.309492,0.20856,0.102672,0.045729,0.551232,0.890414
physical_removal_shift,bin_sorting,goal_specification_changed,7,0.58,0.17346,0.580251,0.3152,0.309492,0.20856,0.102672,0.045729,0.551232,0.885782
physical_removal_shift,bin_sorting,goal_specification_changed,8,0.58,0.17346,0.580251,0.3152,0.309492,0.20856,0.102672,0.045729,0.551232,0.893473
physical_removal_shift,bin_sorting,goal_specification_changed,9,0.58,0.17346,0.580251,0.3152,0.309492,0.20856,0.102672,0.045729,0.551232,0.880021
physical_removal_shift,bin_sorting,substitute_goal_available,0,0.58,0.26019,0.473363,0.28368,0.409622,0.1738,0.17112,0.037659,0.275616,0.891553
physical_removal_shift,bin_sorting,substitute_goal_available,1,0.58,0.26019,0.473363,0.28368,0.409622,0.1738,0.17112,0.037659,0.275616,0.901844
physical_removal_shift,bin_sorting,substitute_goal_available,2,0.58,0.26019,0.473363,0.28368,0.409622,0.1738,0.17112,0.037659,0.275616,0.884512
physical_removal_shift,bin_sorting,substitute_goal_available,3,0.58,0.26019,0.473363,0.28368,0.409622,0.1738,0.17112,0.037659,0.275616,0.899415
physical_removal_shift,bin_sorting,substitute_goal_available,4,0.58,0.26019,0.473363,0.28368,0.409622,0.1738,0.17112,0.037659,0.275616,0.885129
physical_removal_shift,bin_sorting,substitute_goal_available,5,0.58,0.26019,0.473363,0.28368,0.409622,0.1738,0.17112,0.037659,0.275616,0.885558
physical_removal_shift,bin_sorting,substitute_goal_available,6,0.58,0.26019,0.473363,0.28368,0.409622,0.1738,0.17112,0.037659,0.275616,0.886986
physical_removal_shift,bin_sorting,substitute_goal_available,7,0.58,0.26019,0.473363,0.28368,0.409622,0.1738,0.17112,0.037659,0.275616,0.868969
physical_removal_shift,bin_sorting,substitute_goal_available,8,0.58,0.26019,0.473363,0.28368,0.409622,0.1738,0.17112,0.037659,0.275616,0.88053
physical_removal_shift,bin_sorting,substitute_goal_available,9,0.58,0.26019,0.473363,0.28368,0.409622,0.1738,0.17112,0.037659,0.275616,0.877154
physical_removal_shift,bin_sorting,delayed_reappearance,0,0.58,0.4956,0.198507,0.3152,0.163849,0.21725,0.410688,0.051108,0.175392,0.893685
physical_removal_shift,bin_sorting,delayed_reappearance,1,0.58,0.4956,0.198507,0.3152,0.163849,0.21725,0.410688,0.051108,0.175392,0.88877
physical_removal_shift,bin_sorting,delayed_reappearance,2,0.58,0.4956,0.198507,0.3152,0.163849,0.21725,0.410688,0.051108,0.175392,0.870537
physical_removal_shift,bin_sorting,delayed_reappearance,3,0.58,0.4956,0.198507,0.3152,0.163849,0.21725,0.410688,0.051108,0.175392,0.884891
physical_removal_shift,bin_sorting,delayed_reappearance,4,0.58,0.4956,0.198507,0.3152,0.163849,0.21725,0.410688,0.051108,0.175392,0.885573
physical_removal_shift,bin_sorting,delayed_reappearance,5,0.58,0.4956,0.198507,0.3152,0.163849,0.21725,0.410688,0.051108,0.175392,0.888153
physical_removal_shift,bin_sorting,delayed_reappearance,6,0.58,0.4956,0.198507,0.3152,0.163849,0.21725,0.410688,0.051108,0.175392,0.880912
physical_removal_shift,bin_sorting,delayed_reappearance,7,0.58,0.4956,0.198507,0.3152,0.163849,0.21725,0.410688,0.051108,0.175392,0.890964
physical_removal_shift,bin_sorting,delayed_reappearance,8,0.58,0.4956,0.198507,0.3152,0.163849,0.21725,0.410688,0.051108,0.175392,0.886748
physical_removal_shift,bin_sorting,delayed_reappearance,9,0.58,0.4956,0.198507,0.3152,0.163849,0.21725,0.410688,0.051108,0.175392,0.905599
physical_removal_shift,bin_sorting,cascading_disappearing_goal,0,0.58,0.52038,0.64133,0.61464,0.336801,0.37367,0.250976,0.086077,0.413424,0.889508
physical_removal_shift,bin_sorting,cascading_disappearing_goal,1,0.58,0.52038,0.64133,0.61464,0.336801,0.37367,0.250976,0.086077,0.413424,0.870942
physical_removal_shift,bin_sorting,cascading_disappearing_goal,2,0.58,0.52038,0.64133,0.61464,0.336801,0.37367,0.250976,0.086077,0.413424,0.888909
physical_removal_shift,bin_sorting,cascading_disappearing_goal,3,0.58,0.52038,0.64133,0.61464,0.336801,0.37367,0.250976,0.086077,0.413424,0.894156
physical_removal_shift,bin_sorting,cascading_disappearing_goal,4,0.58,0.52038,0.64133,0.61464,0.336801,0.37367,0.250976,0.086077,0.413424,0.876204
physical_removal_shift,bin_sorting,cascading_disappearing_goal,5,0.58,0.52038,0.64133,0.61464,0.336801,0.37367,0.250976,0.086077,0.413424,0.875888
physical_removal_shift,bin_sorting,cascading_disappearing_goal,6,0.58,0.52038,0.64133,0.61464,0.336801,0.37367,0.250976,0.086077,0.413424,0.883921
physical_removal_shift,bin_sorting,cascading_disappearing_goal,7,0.58,0.52038,0.64133,0.61464,0.336801,0.37367,0.250976,0.086077,0.413424,0.868929
physical_removal_shift,bin_sorting,cascading_disappearing_goal,8,0.58,0.52038,0.64133,0.61464,0.336801,0.37367,0.250976,0.086077,0.413424,0.886041
physical_removal_shift,bin_sorting,cascading_disappearing_goal,9,0.58,0.52038,0.64133,0.61464,0.336801,0.37367,0.250976,0.086077,0.413424,0.883686
physical_removal_shift,tool_handoff,visual_occlusion,0,0.58,0.654192,0.077197,0.11032,0.063443,0.157368,0.45632,0.082939,0.050112,0.869905
physical_removal_shift,tool_handoff,visual_occlusion,1,0.58,0.654192,0.077197,0.11032,0.063443,0.157368,0.45632,0.082939,0.050112,0.884084
physical_removal_shift,tool_handoff,visual_occlusion,2,0.58,0.654192,0.077197,0.11032,0.063443,0.157368,0.45632,0.082939,0.050112,0.8775
physical_removal_shift,tool_handoff,visual_occlusion,3,0.58,0.654192,0.077197,0.11032,0.063443,0.157368,0.45632,0.082939,0.050112,0.874749
physical_removal_shift,tool_handoff,visual_occlusion,4,0.58,0.654192,0.077197,0.11032,0.063443,0.157368,0.45632,0.082939,0.050112,0.883249
physical_removal_shift,tool_handoff,visual_occlusion,5,0.58,0.654192,0.077197,0.11032,0.063443,0.157368,0.45632,0.082939,0.050112,0.87293
physical_removal_shift,tool_handoff,visual_occlusion,6,0.58,0.654192,0.077197,0.11032,0.063443,0.157368,0.45632,0.082939,0.050112,0.866231
physical_removal_shift,tool_handoff,visual_occlusion,7,0.58,0.654192,0.077197,0.11032,0.063443,0.157368,0.45632,0.082939,0.050112,0.90059
physical_removal_shift,tool_handoff,visual_occlusion,8,0.58,0.654192,0.077197,0.11032,0.063443,0.157368,0.45632,0.082939,0.050112,0.862744
physical_removal_shift,tool_handoff,visual_occlusion,9,0.58,0.654192,0.077197,0.11032,0.063443,0.157368,0.45632,0.082939,0.050112,0.85533
physical_removal_shift,tool_handoff,object_moved,0,0.58,0.312228,0.27019,0.66192,0.107853,0.295065,0.216752,0.074645,0.09396,0.877872
physical_removal_shift,tool_handoff,object_moved,1,0.58,0.312228,0.27019,0.66192,0.107853,0.295065,0.216752,0.074645,0.09396,0.862497
physical_removal_shift,tool_handoff,object_moved,2,0.58,0.312228,0.27019,0.66192,0.107853,0.295065,0.216752,0.074645,0.09396,0.872667
physical_removal_shift,tool_handoff,object_moved,3,0.58,0.312228,0.27019,0.66192,0.107853,0.295065,0.216752,0.074645,0.09396,0.87301
physical_removal_shift,tool_handoff,object_moved,4,0.58,0.312228,0.27019,0.66192,0.107853,0.295065,0.216752,0.074645,0.09396,0.874749
physical_removal_shift,tool_handoff,object_moved,5,0.58,0.312228,0.27019,0.66192,0.107853,0.295065,0.216752,0.074645,0.09396,0.86659
physical_removal_shift,tool_handoff,object_moved,6,0.58,0.312228,0.27019,0.66192,0.107853,0.295065,0.216752,0.074645,0.09396,0.88233
physical_removal_shift,tool_handoff,object_moved,7,0.58,0.312228,0.27019,0.66192,0.107853,0.295065,0.216752,0.074645,0.09396,0.882345
physical_removal_shift,tool_handoff,object_moved,8,0.58,0.312228,0.27019,0.66192,0.107853,0.295065,0.216752,0.074645,0.09396,0.893252
physical_removal_shift,tool_handoff,object_moved,9,0.58,0.312228,0.27019,0.66192,0.107853,0.295065,0.216752,0.074645,0.09396,0.878323
physical_removal_shift,tool_handoff,object_removed,0,0.58,0.252756,0.858818,0.22064,0.133231,0.380306,0.091264,0.082939,0.137808,0.857375
physical_removal_shift,tool_handoff,object_removed,1,0.58,0.252756,0.858818,0.22064,0.133231,0.380306,0.091264,0.082939,0.137808,0.873281
physical_removal_shift,tool_handoff,object_removed,2,0.58,0.252756,0.858818,0.22064,0.133231,0.380306,0.091264,0.082939,0.137808,0.889511
physical_removal_shift,tool_handoff,object_removed,3,0.58,0.252756,0.858818,0.22064,0.133231,0.380306,0.091264,0.082939,0.137808,0.876651
physical_removal_shift,tool_handoff,object_removed,4,0.58,0.252756,0.858818,0.22064,0.133231,0.380306,0.091264,0.082939,0.137808,0.862225
physical_removal_shift,tool_handoff,object_removed,5,0.58,0.252756,0.858818,0.22064,0.133231,0.380306,0.091264,0.082939,0.137808,0.860371
physical_removal_shift,tool_handoff,object_removed,6,0.58,0.252756,0.858818,0.22064,0.133231,0.380306,0.091264,0.082939,0.137808,0.87351
physical_removal_shift,tool_handoff,object_removed,7,0.58,0.252756,0.858818,0.22064,0.133231,0.380306,0.091264,0.082939,0.137808,0.882539
physical_removal_shift,tool_handoff,object_removed,8,0.58,0.252756,0.858818,0.22064,0.133231,0.380306,0.091264,0.082939,0.137808,0.878386
physical_removal_shift,tool_handoff,object_removed,9,0.58,0.252756,0.858818,0.22064,0.133231,0.380306,0.091264,0.082939,0.137808,0.874336
physical_removal_shift,tool_handoff,human_temporary_obstruction,0,0.58,0.550116,0.173694,0.14184,0.076132,0.472104,0.490544,0.38152,0.100224,0.855802
physical_removal_shift,tool_handoff,human_temporary_obstruction,1,0.58,0.550116,0.173694,0.14184,0.076132,0.472104,0.490544,0.38152,0.100224,0.863049
physical_removal_shift,tool_handoff,human_temporary_obstruction,2,0.58,0.550116,0.173694,0.14184,0.076132,0.472104,0.490544,0.38152,0.100224,0.882189
physical_removal_shift,tool_handoff,human_temporary_obstruction,3,0.58,0.550116,0.173694,0.14184,0.076132,0.472104,0.490544,0.38152,0.100224,0.866268
physical_removal_shift,tool_handoff,human_temporary_obstruction,4,0.58,0.550116,0.173694,0.14184,0.076132,0.472104,0.490544,0.38152,0.100224,0.871984
physical_removal_shift,tool_handoff,human_temporary_obstruction,5,0.58,0.550116,0.173694,0.14184,0.076132,0.472104,0.490544,0.38152,0.100224,0.870868
physical_removal_shift,tool_handoff,human_temporary_obstruction,6,0.58,0.550116,0.173694,0.14184,0.076132,0.472104,0.490544,0.38152,0.100224,0.855749
physical_removal_shift,tool_handoff,human_temporary_obstruction,7,0.58,0.550116,0.173694,0.14184,0.076132,0.472104,0.490544,0.38152,0.100224,0.879713
physical_removal_shift,tool_handoff,human_temporary_obstruction,8,0.58,0.550116,0.173694,0.14184,0.076132,0.472104,0.490544,0.38152,0.100224,0.862321
physical_removal_shift,tool_handoff,human_temporary_obstruction,9,0.58,0.550116,0.173694,0.14184,0.076132,0.472104,0.490544,0.38152,0.100224,0.869622
physical_removal_shift,tool_handoff,goal_specification_changed,0,0.58,0.208152,0.733373,0.3152,0.215707,0.314736,0.102672,0.140997,0.551232,0.850806
physical_removal_shift,tool_handoff,goal_specification_changed,1,0.58,0.208152,0.733373,0.3152,0.215707,0.314736,0.102672,0.140997,0.551232,0.863715
physical_removal_shift,tool_handoff,goal_specification_changed,2,0.58,0.208152,0.733373,0.3152,0.215707,0.314736,0.102672,0.140997,0.551232,0.867355
physical_removal_shift,tool_handoff,goal_specification_changed,3,0.58,0.208152,0.733373,0.3152,0.215707,0.314736,0.102672,0.140997,0.551232,0.870149
physical_removal_shift,tool_handoff,goal_specification_changed,4,0.58,0.208152,0.733373,0.3152,0.215707,0.314736,0.102672,0.140997,0.551232,0.864745
physical_removal_shift,tool_handoff,goal_specification_changed,5,0.58,0.208152,0.733373,0.3152,0.215707,0.314736,0.102672,0.140997,0.551232,0.869102
physical_removal_shift,tool_handoff,goal_specification_changed,6,0.58,0.208152,0.733373,0.3152,0.215707,0.314736,0.102672,0.140997,0.551232,0.853742
physical_removal_shift,tool_handoff,goal_specification_changed,7,0.58,0.208152,0.733373,0.3152,0.215707,0.314736,0.102672,0.140997,0.551232,0.871732
physical_removal_shift,tool_handoff,goal_specification_changed,8,0.58,0.208152,0.733373,0.3152,0.215707,0.314736,0.102672,0.140997,0.551232,0.865351
physical_removal_shift,tool_handoff,goal_specification_changed,9,0.58,0.208152,0.733373,0.3152,0.215707,0.314736,0.102672,0.140997,0.551232,0.883189
physical_removal_shift,tool_handoff,substitute_goal_available,0,0.58,0.312228,0.598278,0.28368,0.285494,0.26228,0.17112,0.116115,0.275616,0.876214
physical_removal_shift,tool_handoff,substitute_goal_available,1,0.58,0.312228,0.598278,0.28368,0.285494,0.26228,0.17112,0.116115,0.275616,0.878733
physical_removal_shift,tool_handoff,substitute_goal_available,2,0.58,0.312228,0.598278,0.28368,0.285494,0.26228,0.17112,0.116115,0.275616,0.850931
physical_removal_shift,tool_handoff,substitute_goal_available,3,0.58,0.312228,0.598278,0.28368,0.285494,0.26228,0.17112,0.116115,0.275616,0.859735
physical_removal_shift,tool_handoff,substitute_goal_available,4,0.58,0.312228,0.598278,0.28368,0.285494,0.26228,0.17112,0.116115,0.275616,0.855422
physical_removal_shift,tool_handoff,substitute_goal_available,5,0.58,0.312228,0.598278,0.28368,0.285494,0.26228,0.17112,0.116115,0.275616,0.875639
physical_removal_shift,tool_handoff,substitute_goal_available,6,0.58,0.312228,0.598278,0.28368,0.285494,0.26228,0.17112,0.116115,0.275616,0.870597
physical_removal_shift,tool_handoff,substitute_goal_available,7,0.58,0.312228,0.598278,0.28368,0.285494,0.26228,0.17112,0.116115,0.275616,0.856043
physical_removal_shift,tool_handoff,substitute_goal_available,8,0.58,0.312228,0.598278,0.28368,0.285494,0.26228,0.17112,0.116115,0.275616,0.860585
physical_removal_shift,tool_handoff,substitute_goal_available,9,0.58,0.312228,0.598278,0.28368,0.285494,0.26228,0.17112,0.116115,0.275616,0.858727
physical_removal_shift,tool_handoff,delayed_reappearance,0,0.58,0.59472,0.250891,0.3152,0.114198,0.32785,0.410688,0.157584,0.175392,0.853455
physical_removal_shift,tool_handoff,delayed_reappearance,1,0.58,0.59472,0.250891,0.3152,0.114198,0.32785,0.410688,0.157584,0.175392,0.871755
physical_removal_shift,tool_handoff,delayed_reappearance,2,0.58,0.59472,0.250891,0.3152,0.114198,0.32785,0.410688,0.157584,0.175392,0.852521
physical_removal_shift,tool_handoff,delayed_reappearance,3,0.58,0.59472,0.250891,0.3152,0.114198,0.32785,0.410688,0.157584,0.175392,0.878559
physical_removal_shift,tool_handoff,delayed_reappearance,4,0.58,0.59472,0.250891,0.3152,0.114198,0.32785,0.410688,0.157584,0.175392,0.853531
physical_removal_shift,tool_handoff,delayed_reappearance,5,0.58,0.59472,0.250891,0.3152,0.114198,0.32785,0.410688,0.157584,0.175392,0.875492
physical_removal_shift,tool_handoff,delayed_reappearance,6,0.58,0.59472,0.250891,0.3152,0.114198,0.32785,0.410688,0.157584,0.175392,0.872039
physical_removal_shift,tool_handoff,delayed_reappearance,7,0.58,0.59472,0.250891,0.3152,0.114198,0.32785,0.410688,0.157584,0.175392,0.887598
physical_removal_shift,tool_handoff,delayed_reappearance,8,0.58,0.59472,0.250891,0.3152,0.114198,0.32785,0.410688,0.157584,0.175392,0.866524
physical_removal_shift,tool_handoff,delayed_reappearance,9,0.58,0.59472,0.250891,0.3152,0.114198,0.32785,0.410688,0.157584,0.175392,0.856476
physical_removal_shift,tool_handoff,cascading_disappearing_goal,0,0.58,0.624456,0.81057,0.61464,0.23474,0.563902,0.250976,0.265405,0.413424,0.854
physical_removal_shift,tool_handoff,cascading_disappearing_goal,1,0.58,0.624456,0.81057,0.61464,0.23474,0.563902,0.250976,0.265405,0.413424,0.854896
physical_removal_shift,tool_handoff,cascading_disappearing_goal,2,0.58,0.624456,0.81057,0.61464,0.23474,0.563902,0.250976,0.265405,0.413424,0.846402
physical_removal_shift,tool_handoff,cascading_disappearing_goal,3,0.58,0.624456,0.81057,0.61464,0.23474,0.563902,0.250976,0.265405,0.413424,0.859831
physical_removal_shift,tool_handoff,cascading_disappearing_goal,4,0.58,0.624456,0.81057,0.61464,0.23474,0.563902,0.250976,0.265405,0.413424,0.83553
physical_removal_shift,tool_handoff,cascading_disappearing_goal,5,0.58,0.624456,0.81057,0.61464,0.23474,0.563902,0.250976,0.265405,0.413424,0.873136
physical_removal_shift,tool_handoff,cascading_disappearing_goal,6,0.58,0.624456,0.81057,0.61464,0.23474,0.563902,0.250976,0.265405,0.413424,0.846419
physical_removal_shift,tool_handoff,cascading_disappearing_goal,7,0.58,0.624456,0.81057,0.61464,0.23474,0.563902,0.250976,0.265405,0.413424,0.857067
physical_removal_shift,tool_handoff,cascading_disappearing_goal,8,0.58,0.624456,0.81057,0.61464,0.23474,0.563902,0.250976,0.265405,0.413424,0.872538
physical_removal_shift,tool_handoff,cascading_disappearing_goal,9,0.58,0.624456,0.81057,0.61464,0.23474,0.563902,0.250976,0.265405,0.413424,0.849292
physical_removal_shift,mobile_pick_and_place,visual_occlusion,0,0.58,0.625117,0.067866,0.11032,0.06896,0.144096,0.45632,0.047074,0.050112,0.872989
physical_removal_shift,mobile_pick_and_place,visual_occlusion,1,0.58,0.625117,0.067866,0.11032,0.06896,0.144096,0.45632,0.047074,0.050112,0.870905
physical_removal_shift,mobile_pick_and_place,visual_occlusion,2,0.58,0.625117,0.067866,0.11032,0.06896,0.144096,0.45632,0.047074,0.050112,0.870544
physical_removal_shift,mobile_pick_and_place,visual_occlusion,3,0.58,0.625117,0.067866,0.11032,0.06896,0.144096,0.45632,0.047074,0.050112,0.884019
physical_removal_shift,mobile_pick_and_place,visual_occlusion,4,0.58,0.625117,0.067866,0.11032,0.06896,0.144096,0.45632,0.047074,0.050112,0.894869
physical_removal_shift,mobile_pick_and_place,visual_occlusion,5,0.58,0.625117,0.067866,0.11032,0.06896,0.144096,0.45632,0.047074,0.050112,0.876462
physical_removal_shift,mobile_pick_and_place,visual_occlusion,6,0.58,0.625117,0.067866,0.11032,0.06896,0.144096,0.45632,0.047074,0.050112,0.876753
physical_removal_shift,mobile_pick_and_place,visual_occlusion,7,0.58,0.625117,0.067866,0.11032,0.06896,0.144096,0.45632,0.047074,0.050112,0.878041
physical_removal_shift,mobile_pick_and_place,visual_occlusion,8,0.58,0.625117,0.067866,0.11032,0.06896,0.144096,0.45632,0.047074,0.050112,0.87169
physical_removal_shift,mobile_pick_and_place,visual_occlusion,9,0.58,0.625117,0.067866,0.11032,0.06896,0.144096,0.45632,0.047074,0.050112,0.878152
physical_removal_shift,mobile_pick_and_place,object_moved,0,0.58,0.298351,0.23753,0.66192,0.117232,0.27018,0.216752,0.042366,0.09396,0.873047
physical_removal_shift,mobile_pick_and_place,object_moved,1,0.58,0.298351,0.23753,0.66192,0.117232,0.27018,0.216752,0.042366,0.09396,0.876084
physical_removal_shift,mobile_pick_and_place,object_moved,2,0.58,0.298351,0.23753,0.66192,0.117232,0.27018,0.216752,0.042366,0.09396,0.878975
physical_removal_shift,mobile_pick_and_place,object_moved,3,0.58,0.298351,0.23753,0.66192,0.117232,0.27018,0.216752,0.042366,0.09396,0.883158
physical_removal_shift,mobile_pick_and_place,object_moved,4,0.58,0.298351,0.23753,0.66192,0.117232,0.27018,0.216752,0.042366,0.09396,0.895239
physical_removal_shift,mobile_pick_and_place,object_moved,5,0.58,0.298351,0.23753,0.66192,0.117232,0.27018,0.216752,0.042366,0.09396,0.869964
physical_removal_shift,mobile_pick_and_place,object_moved,6,0.58,0.298351,0.23753,0.66192,0.117232,0.27018,0.216752,0.042366,0.09396,0.873353
physical_removal_shift,mobile_pick_and_place,object_moved,7,0.58,0.298351,0.23753,0.66192,0.117232,0.27018,0.216752,0.042366,0.09396,0.891402
physical_removal_shift,mobile_pick_and_place,object_moved,8,0.58,0.298351,0.23753,0.66192,0.117232,0.27018,0.216752,0.042366,0.09396,0.875771
physical_removal_shift,mobile_pick_and_place,object_moved,9,0.58,0.298351,0.23753,0.66192,0.117232,0.27018,0.216752,0.042366,0.09396,0.876907
physical_removal_shift,mobile_pick_and_place,object_removed,0,0.58,0.241522,0.755005,0.22064,0.144816,0.348232,0.091264,0.047074,0.137808,0.878401
physical_removal_shift,mobile_pick_and_place,object_removed,1,0.58,0.241522,0.755005,0.22064,0.144816,0.348232,0.091264,0.047074,0.137808,0.88023
physical_removal_shift,mobile_pick_and_place,object_removed,2,0.58,0.241522,0.755005,0.22064,0.144816,0.348232,0.091264,0.047074,0.137808,0.863932
physical_removal_shift,mobile_pick_and_place,object_removed,3,0.58,0.241522,0.755005,0.22064,0.144816,0.348232,0.091264,0.047074,0.137808,0.860164
physical_removal_shift,mobile_pick_and_place,object_removed,4,0.58,0.241522,0.755005,0.22064,0.144816,0.348232,0.091264,0.047074,0.137808,0.875363
physical_removal_shift,mobile_pick_and_place,object_removed,5,0.58,0.241522,0.755005,0.22064,0.144816,0.348232,0.091264,0.047074,0.137808,0.87162
physical_removal_shift,mobile_pick_and_place,object_removed,6,0.58,0.241522,0.755005,0.22064,0.144816,0.348232,0.091264,0.047074,0.137808,0.892546
physical_removal_shift,mobile_pick_and_place,object_removed,7,0.58,0.241522,0.755005,0.22064,0.144816,0.348232,0.091264,0.047074,0.137808,0.877132
physical_removal_shift,mobile_pick_and_place,object_removed,8,0.58,0.241522,0.755005,0.22064,0.144816,0.348232,0.091264,0.047074,0.137808,0.898889
physical_removal_shift,mobile_pick_and_place,object_removed,9,0.58,0.241522,0.755005,0.22064,0.144816,0.348232,0.091264,0.047074,0.137808,0.869334
physical_removal_shift,mobile_pick_and_place,human_temporary_obstruction,0,0.58,0.525666,0.152698,0.14184,0.082752,0.432288,0.490544,0.216539,0.100224,0.891216
physical_removal_shift,mobile_pick_and_place,human_temporary_obstruction,1,0.58,0.525666,0.152698,0.14184,0.082752,0.432288,0.490544,0.216539,0.100224,0.858492
physical_removal_shift,mobile_pick_and_place,human_temporary_obstruction,2,0.58,0.525666,0.152698,0.14184,0.082752,0.432288,0.490544,0.216539,0.100224,0.884426
physical_removal_shift,mobile_pick_and_place,human_temporary_obstruction,3,0.58,0.525666,0.152698,0.14184,0.082752,0.432288,0.490544,0.216539,0.100224,0.878613
physical_removal_shift,mobile_pick_and_place,human_temporary_obstruction,4,0.58,0.525666,0.152698,0.14184,0.082752,0.432288,0.490544,0.216539,0.100224,0.884686
physical_removal_shift,mobile_pick_and_place,human_temporary_obstruction,5,0.58,0.525666,0.152698,0.14184,0.082752,0.432288,0.490544,0.216539,0.100224,0.886066
physical_removal_shift,mobile_pick_and_place,human_temporary_obstruction,6,0.58,0.525666,0.152698,0.14184,0.082752,0.432288,0.490544,0.216539,0.100224,0.866932
physical_removal_shift,mobile_pick_and_place,human_temporary_obstruction,7,0.58,0.525666,0.152698,0.14184,0.082752,0.432288,0.490544,0.216539,0.100224,0.872074
physical_removal_shift,mobile_pick_and_place,human_temporary_obstruction,8,0.58,0.525666,0.152698,0.14184,0.082752,0.432288,0.490544,0.216539,0.100224,0.85962
physical_removal_shift,mobile_pick_and_place,human_temporary_obstruction,9,0.58,0.525666,0.152698,0.14184,0.082752,0.432288,0.490544,0.216539,0.100224,0.869816
physical_removal_shift,mobile_pick_and_place,goal_specification_changed,0,0.58,0.198901,0.644723,0.3152,0.234464,0.288192,0.102672,0.080025,0.551232,0.858485
physical_removal_shift,mobile_pick_and_place,goal_specification_changed,1,0.58,0.198901,0.644723,0.3152,0.234464,0.288192,0.102672,0.080025,0.551232,0.88448
physical_removal_shift,mobile_pick_and_place,goal_specification_changed,2,0.58,0.198901,0.644723,0.3152,0.234464,0.288192,0.102672,0.080025,0.551232,0.886449
physical_removal_shift,mobile_pick_and_place,goal_specification_changed,3,0.58,0.198901,0.644723,0.3152,0.234464,0.288192,0.102672,0.080025,0.551232,0.86578
physical_removal_shift,mobile_pick_and_place,goal_specification_changed,4,0.58,0.198901,0.644723,0.3152,0.234464,0.288192,0.102672,0.080025,0.551232,0.879685
physical_removal_shift,mobile_pick_and_place,goal_specification_changed,5,0.58,0.198901,0.644723,0.3152,0.234464,0.288192,0.102672,0.080025,0.551232,0.867827
physical_removal_shift,mobile_pick_and_place,goal_specification_changed,6,0.58,0.198901,0.644723,0.3152,0.234464,0.288192,0.102672,0.080025,0.551232,0.87983
physical_removal_shift,mobile_pick_and_place,goal_specification_changed,7,0.58,0.198901,0.644723,0.3152,0.234464,0.288192,0.102672,0.080025,0.551232,0.864619
physical_removal_shift,mobile_pick_and_place,goal_specification_changed,8,0.58,0.198901,0.644723,0.3152,0.234464,0.288192,0.102672,0.080025,0.551232,0.868044
physical_removal_shift,mobile_pick_and_place,goal_specification_changed,9,0.58,0.198901,0.644723,0.3152,0.234464,0.288192,0.102672,0.080025,0.551232,0.872395
physical_removal_shift,mobile_pick_and_place,substitute_goal_available,0,0.58,0.298351,0.525958,0.28368,0.31032,0.24016,0.17112,0.065903,0.275616,0.902192
physical_removal_shift,mobile_pick_and_place,substitute_goal_available,1,0.58,0.298351,0.525958,0.28368,0.31032,0.24016,0.17112,0.065903,0.275616,0.880022
physical_removal_shift,mobile_pick_and_place,substitute_goal_available,2,0.58,0.298351,0.525958,0.28368,0.31032,0.24016,0.17112,0.065903,0.275616,0.892565
physical_removal_shift,mobile_pick_and_place,substitute_goal_available,3,0.58,0.298351,0.525958,0.28368,0.31032,0.24016,0.17112,0.065903,0.275616,0.886039
physical_removal_shift,mobile_pick_and_place,substitute_goal_available,4,0.58,0.298351,0.525958,0.28368,0.31032,0.24016,0.17112,0.065903,0.275616,0.879526
physical_removal_shift,mobile_pick_and_place,substitute_goal_available,5,0.58,0.298351,0.525958,0.28368,0.31032,0.24016,0.17112,0.065903,0.275616,0.864409
physical_removal_shift,mobile_pick_and_place,substitute_goal_available,6,0.58,0.298351,0.525958,0.28368,0.31032,0.24016,0.17112,0.065903,0.275616,0.903203
physical_removal_shift,mobile_pick_and_place,substitute_goal_available,7,0.58,0.298351,0.525958,0.28368,0.31032,0.24016,0.17112,0.065903,0.275616,0.880347
physical_removal_shift,mobile_pick_and_place,substitute_goal_available,8,0.58,0.298351,0.525958,0.28368,0.31032,0.24016,0.17112,0.065903,0.275616,0.857678
physical_removal_shift,mobile_pick_and_place,substitute_goal_available,9,0.58,0.298351,0.525958,0.28368,0.31032,0.24016,0.17112,0.065903,0.275616,0.87793
physical_removal_shift,mobile_pick_and_place,delayed_reappearance,0,0.58,0.568288,0.220563,0.3152,0.124128,0.3002,0.410688,0.08944,0.175392,0.879925
physical_removal_shift,mobile_pick_and_place,delayed_reappearance,1,0.58,0.568288,0.220563,0.3152,0.124128,0.3002,0.410688,0.08944,0.175392,0.855886
physical_removal_shift,mobile_pick_and_place,delayed_reappearance,2,0.58,0.568288,0.220563,0.3152,0.124128,0.3002,0.410688,0.08944,0.175392,0.883157
physical_removal_shift,mobile_pick_and_place,delayed_reappearance,3,0.58,0.568288,0.220563,0.3152,0.124128,0.3002,0.410688,0.08944,0.175392,0.863425
physical_removal_shift,mobile_pick_and_place,delayed_reappearance,4,0.58,0.568288,0.220563,0.3152,0.124128,0.3002,0.410688,0.08944,0.175392,0.866975
physical_removal_shift,mobile_pick_and_place,delayed_reappearance,5,0.58,0.568288,0.220563,0.3152,0.124128,0.3002,0.410688,0.08944,0.175392,0.881719
physical_removal_shift,mobile_pick_and_place,delayed_reappearance,6,0.58,0.568288,0.220563,0.3152,0.124128,0.3002,0.410688,0.08944,0.175392,0.863624
physical_removal_shift,mobile_pick_and_place,delayed_reappearance,7,0.58,0.568288,0.220563,0.3152,0.124128,0.3002,0.410688,0.08944,0.175392,0.866899
physical_removal_shift,mobile_pick_and_place,delayed_reappearance,8,0.58,0.568288,0.220563,0.3152,0.124128,0.3002,0.410688,0.08944,0.175392,0.876637
physical_removal_shift,mobile_pick_and_place,delayed_reappearance,9,0.58,0.568288,0.220563,0.3152,0.124128,0.3002,0.410688,0.08944,0.175392,0.877452
physical_removal_shift,mobile_pick_and_place,cascading_disappearing_goal,0,0.58,0.596702,0.712589,0.61464,0.255152,0.516344,0.250976,0.150636,0.413424,0.883852
physical_removal_shift,mobile_pick_and_place,cascading_disappearing_goal,1,0.58,0.596702,0.712589,0.61464,0.255152,0.516344,0.250976,0.150636,0.413424,0.865149
physical_removal_shift,mobile_pick_and_place,cascading_disappearing_goal,2,0.58,0.596702,0.712589,0.61464,0.255152,0.516344,0.250976,0.150636,0.413424,0.852519
physical_removal_shift,mobile_pick_and_place,cascading_disappearing_goal,3,0.58,0.596702,0.712589,0.61464,0.255152,0.516344,0.250976,0.150636,0.413424,0.860324
physical_removal_shift,mobile_pick_and_place,cascading_disappearing_goal,4,0.58,0.596702,0.712589,0.61464,0.255152,0.516344,0.250976,0.150636,0.413424,0.864636
physical_removal_shift,mobile_pick_and_place,cascading_disappearing_goal,5,0.58,0.596702,0.712589,0.61464,0.255152,0.516344,0.250976,0.150636,0.413424,0.862008
physical_removal_shift,mobile_pick_and_place,cascading_disappearing_goal,6,0.58,0.596702,0.712589,0.61464,0.255152,0.516344,0.250976,0.150636,0.413424,0.870231
physical_removal_shift,mobile_pick_and_place,cascading_disappearing_goal,7,0.58,0.596702,0.712589,0.61464,0.255152,0.516344,0.250976,0.150636,0.413424,0.878988
physical_removal_shift,mobile_pick_and_place,cascading_disappearing_goal,8,0.58,0.596702,0.712589,0.61464,0.255152,0.516344,0.250976,0.150636,0.413424,0.87806
physical_removal_shift,mobile_pick_and_place,cascading_disappearing_goal,9,0.58,0.596702,0.712589,0.61464,0.255152,0.516344,0.250976,0.150636,0.413424,0.885395
physical_removal_shift,cabinet_restocking,visual_occlusion,0,0.58,0.610579,0.074652,0.11032,0.079994,0.147888,0.45632,0.05604,0.050112,0.88069
physical_removal_shift,cabinet_restocking,visual_occlusion,1,0.58,0.610579,0.074652,0.11032,0.079994,0.147888,0.45632,0.05604,0.050112,0.878981
physical_removal_shift,cabinet_restocking,visual_occlusion,2,0.58,0.610579,0.074652,0.11032,0.079994,0.147888,0.45632,0.05604,0.050112,0.862788
physical_removal_shift,cabinet_restocking,visual_occlusion,3,0.58,0.610579,0.074652,0.11032,0.079994,0.147888,0.45632,0.05604,0.050112,0.864621
physical_removal_shift,cabinet_restocking,visual_occlusion,4,0.58,0.610579,0.074652,0.11032,0.079994,0.147888,0.45632,0.05604,0.050112,0.882126
physical_removal_shift,cabinet_restocking,visual_occlusion,5,0.58,0.610579,0.074652,0.11032,0.079994,0.147888,0.45632,0.05604,0.050112,0.880104
physical_removal_shift,cabinet_restocking,visual_occlusion,6,0.58,0.610579,0.074652,0.11032,0.079994,0.147888,0.45632,0.05604,0.050112,0.882464
physical_removal_shift,cabinet_restocking,visual_occlusion,7,0.58,0.610579,0.074652,0.11032,0.079994,0.147888,0.45632,0.05604,0.050112,0.885752
physical_removal_shift,cabinet_restocking,visual_occlusion,8,0.58,0.610579,0.074652,0.11032,0.079994,0.147888,0.45632,0.05604,0.050112,0.881857
physical_removal_shift,cabinet_restocking,visual_occlusion,9,0.58,0.610579,0.074652,0.11032,0.079994,0.147888,0.45632,0.05604,0.050112,0.883839
physical_removal_shift,cabinet_restocking,object_moved,0,0.58,0.291413,0.261283,0.66192,0.135989,0.27729,0.216752,0.050436,0.09396,0.866079
physical_removal_shift,cabinet_restocking,object_moved,1,0.58,0.291413,0.261283,0.66192,0.135989,0.27729,0.216752,0.050436,0.09396,0.868373
physical_removal_shift,cabinet_restocking,object_moved,2,0.58,0.291413,0.261283,0.66192,0.135989,0.27729,0.216752,0.050436,0.09396,0.885899
physical_removal_shift,cabinet_restocking,object_moved,3,0.58,0.291413,0.261283,0.66192,0.135989,0.27729,0.216752,0.050436,0.09396,0.868636
physical_removal_shift,cabinet_restocking,object_moved,4,0.58,0.291413,0.261283,0.66192,0.135989,0.27729,0.216752,0.050436,0.09396,0.864929
physical_removal_shift,cabinet_restocking,object_moved,5,0.58,0.291413,0.261283,0.66192,0.135989,0.27729,0.216752,0.050436,0.09396,0.872164
physical_removal_shift,cabinet_restocking,object_moved,6,0.58,0.291413,0.261283,0.66192,0.135989,0.27729,0.216752,0.050436,0.09396,0.872971
physical_removal_shift,cabinet_restocking,object_moved,7,0.58,0.291413,0.261283,0.66192,0.135989,0.27729,0.216752,0.050436,0.09396,0.873953
physical_removal_shift,cabinet_restocking,object_moved,8,0.58,0.291413,0.261283,0.66192,0.135989,0.27729,0.216752,0.050436,0.09396,0.870095
physical_removal_shift,cabinet_restocking,object_moved,9,0.58,0.291413,0.261283,0.66192,0.135989,0.27729,0.216752,0.050436,0.09396,0.874424
physical_removal_shift,cabinet_restocking,object_removed,0,0.58,0.235906,0.830505,0.22064,0.167987,0.357396,0.091264,0.05604,0.137808,0.883232
physical_removal_shift,cabinet_restocking,object_removed,1,0.58,0.235906,0.830505,0.22064,0.167987,0.357396,0.091264,0.05604,0.137808,0.890056
physical_removal_shift,cabinet_restocking,object_removed,2,0.58,0.235906,0.830505,0.22064,0.167987,0.357396,0.091264,0.05604,0.137808,0.865787
physical_removal_shift,cabinet_restocking,object_removed,3,0.58,0.235906,0.830505,0.22064,0.167987,0.357396,0.091264,0.05604,0.137808,0.860604
physical_removal_shift,cabinet_restocking,object_removed,4,0.58,0.235906,0.830505,0.22064,0.167987,0.357396,0.091264,0.05604,0.137808,0.878351
physical_removal_shift,cabinet_restocking,object_removed,5,0.58,0.235906,0.830505,0.22064,0.167987,0.357396,0.091264,0.05604,0.137808,0.871428
physical_removal_shift,cabinet_restocking,object_removed,6,0.58,0.235906,0.830505,0.22064,0.167987,0.357396,0.091264,0.05604,0.137808,0.871253
physical_removal_shift,cabinet_restocking,object_removed,7,0.58,0.235906,0.830505,0.22064,0.167987,0.357396,0.091264,0.05604,0.137808,0.858345
physical_removal_shift,cabinet_restocking,object_removed,8,0.58,0.235906,0.830505,0.22064,0.167987,0.357396,0.091264,0.05604,0.137808,0.879114
physical_removal_shift,cabinet_restocking,object_removed,9,0.58,0.235906,0.830505,0.22064,0.167987,0.357396,0.091264,0.05604,0.137808,0.884583
physical_removal_shift,cabinet_restocking,human_temporary_obstruction,0,0.58,0.513442,0.167967,0.14184,0.095992,0.443664,0.490544,0.257784,0.100224,0.868782
physical_removal_shift,cabinet_restocking,human_temporary_obstruction,1,0.58,0.513442,0.167967,0.14184,0.095992,0.443664,0.490544,0.257784,0.100224,0.865018
physical_removal_shift,cabinet_restocking,human_temporary_obstruction,2,0.58,0.513442,0.167967,0.14184,0.095992,0.443664,0.490544,0.257784,0.100224,0.873171
physical_removal_shift,cabinet_restocking,human_temporary_obstruction,3,0.58,0.513442,0.167967,0.14184,0.095992,0.443664,0.490544,0.257784,0.100224,0.870251
physical_removal_shift,cabinet_restocking,human_temporary_obstruction,4,0.58,0.513442,0.167967,0.14184,0.095992,0.443664,0.490544,0.257784,0.100224,0.873723
physical_removal_shift,cabinet_restocking,human_temporary_obstruction,5,0.58,0.513442,0.167967,0.14184,0.095992,0.443664,0.490544,0.257784,0.100224,0.874846
physical_removal_shift,cabinet_restocking,human_temporary_obstruction,6,0.58,0.513442,0.167967,0.14184,0.095992,0.443664,0.490544,0.257784,0.100224,0.888975
physical_removal_shift,cabinet_restocking,human_temporary_obstruction,7,0.58,0.513442,0.167967,0.14184,0.095992,0.443664,0.490544,0.257784,0.100224,0.883756
physical_removal_shift,cabinet_restocking,human_temporary_obstruction,8,0.58,0.513442,0.167967,0.14184,0.095992,0.443664,0.490544,0.257784,0.100224,0.888418
physical_removal_shift,cabinet_restocking,human_temporary_obstruction,9,0.58,0.513442,0.167967,0.14184,0.095992,0.443664,0.490544,0.257784,0.100224,0.875148
physical_removal_shift,cabinet_restocking,goal_specification_changed,0,0.58,0.194275,0.709196,0.3152,0.271978,0.295776,0.102672,0.095268,0.551232,0.863973
physical_removal_shift,cabinet_restocking,goal_specification_changed,1,0.58,0.194275,0.709196,0.3152,0.271978,0.295776,0.102672,0.095268,0.551232,0.878359
physical_removal_shift,cabinet_restocking,goal_specification_changed,2,0.58,0.194275,0.709196,0.3152,0.271978,0.295776,0.102672,0.095268,0.551232,0.863803
physical_removal_shift,cabinet_restocking,goal_specification_changed,3,0.58,0.194275,0.709196,0.3152,0.271978,0.295776,0.102672,0.095268,0.551232,0.858768
physical_removal_shift,cabinet_restocking,goal_specification_changed,4,0.58,0.194275,0.709196,0.3152,0.271978,0.295776,0.102672,0.095268,0.551232,0.875603
physical_removal_shift,cabinet_restocking,goal_specification_changed,5,0.58,0.194275,0.709196,0.3152,0.271978,0.295776,0.102672,0.095268,0.551232,0.857267
physical_removal_shift,cabinet_restocking,goal_specification_changed,6,0.58,0.194275,0.709196,0.3152,0.271978,0.295776,0.102672,0.095268,0.551232,0.878746
physical_removal_shift,cabinet_restocking,goal_specification_changed,7,0.58,0.194275,0.709196,0.3152,0.271978,0.295776,0.102672,0.095268,0.551232,0.870505
physical_removal_shift,cabinet_restocking,goal_specification_changed,8,0.58,0.194275,0.709196,0.3152,0.271978,0.295776,0.102672,0.095268,0.551232,0.88419
physical_removal_shift,cabinet_restocking,goal_specification_changed,9,0.58,0.194275,0.709196,0.3152,0.271978,0.295776,0.102672,0.095268,0.551232,0.881325
physical_removal_shift,cabinet_restocking,substitute_goal_available,0,0.58,0.291413,0.578554,0.28368,0.359971,0.24648,0.17112,0.078456,0.275616,0.875137
physical_removal_shift,cabinet_restocking,substitute_goal_available,1,0.58,0.291413,0.578554,0.28368,0.359971,0.24648,0.17112,0.078456,0.275616,0.879067
physical_removal_shift,cabinet_restocking,substitute_goal_available,2,0.58,0.291413,0.578554,0.28368,0.359971,0.24648,0.17112,0.078456,0.275616,0.873413
physical_removal_shift,cabinet_restocking,substitute_goal_available,3,0.58,0.291413,0.578554,0.28368,0.359971,0.24648,0.17112,0.078456,0.275616,0.871464
physical_removal_shift,cabinet_restocking,substitute_goal_available,4,0.58,0.291413,0.578554,0.28368,0.359971,0.24648,0.17112,0.078456,0.275616,0.883386
physical_removal_shift,cabinet_restocking,substitute_goal_available,5,0.58,0.291413,0.578554,0.28368,0.359971,0.24648,0.17112,0.078456,0.275616,0.872206
physical_removal_shift,cabinet_restocking,substitute_goal_available,6,0.58,0.291413,0.578554,0.28368,0.359971,0.24648,0.17112,0.078456,0.275616,0.86685
physical_removal_shift,cabinet_restocking,substitute_goal_available,7,0.58,0.291413,0.578554,0.28368,0.359971,0.24648,0.17112,0.078456,0.275616,0.869549
physical_removal_shift,cabinet_restocking,substitute_goal_available,8,0.58,0.291413,0.578554,0.28368,0.359971,0.24648,0.17112,0.078456,0.275616,0.862295
physical_removal_shift,cabinet_restocking,substitute_goal_available,9,0.58,0.291413,0.578554,0.28368,0.359971,0.24648,0.17112,0.078456,0.275616,0.882564
physical_removal_shift,cabinet_restocking,delayed_reappearance,0,0.58,0.555072,0.24262,0.3152,0.143988,0.3081,0.410688,0.106476,0.175392,0.862007
physical_removal_shift,cabinet_restocking,delayed_reappearance,1,0.58,0.555072,0.24262,0.3152,0.143988,0.3081,0.410688,0.106476,0.175392,0.879522
physical_removal_shift,cabinet_restocking,delayed_reappearance,2,0.58,0.555072,0.24262,0.3152,0.143988,0.3081,0.410688,0.106476,0.175392,0.886252
physical_removal_shift,cabinet_restocking,delayed_reappearance,3,0.58,0.555072,0.24262,0.3152,0.143988,0.3081,0.410688,0.106476,0.175392,0.870338
physical_removal_shift,cabinet_restocking,delayed_reappearance,4,0.58,0.555072,0.24262,0.3152,0.143988,0.3081,0.410688,0.106476,0.175392,0.877722
physical_removal_shift,cabinet_restocking,delayed_reappearance,5,0.58,0.555072,0.24262,0.3152,0.143988,0.3081,0.410688,0.106476,0.175392,0.859895
physical_removal_shift,cabinet_restocking,delayed_reappearance,6,0.58,0.555072,0.24262,0.3152,0.143988,0.3081,0.410688,0.106476,0.175392,0.872654
physical_removal_shift,cabinet_restocking,delayed_reappearance,7,0.58,0.555072,0.24262,0.3152,0.143988,0.3081,0.410688,0.106476,0.175392,0.876537
physical_removal_shift,cabinet_restocking,delayed_reappearance,8,0.58,0.555072,0.24262,0.3152,0.143988,0.3081,0.410688,0.106476,0.175392,0.859402
physical_removal_shift,cabinet_restocking,delayed_reappearance,9,0.58,0.555072,0.24262,0.3152,0.143988,0.3081,0.410688,0.106476,0.175392,0.873996
physical_removal_shift,cabinet_restocking,cascading_disappearing_goal,0,0.58,0.582826,0.783848,0.61464,0.295976,0.529932,0.250976,0.179328,0.413424,0.85332
physical_removal_shift,cabinet_restocking,cascading_disappearing_goal,1,0.58,0.582826,0.783848,0.61464,0.295976,0.529932,0.250976,0.179328,0.413424,0.842302
physical_removal_shift,cabinet_restocking,cascading_disappearing_goal,2,0.58,0.582826,0.783848,0.61464,0.295976,0.529932,0.250976,0.179328,0.413424,0.871805
physical_removal_shift,cabinet_restocking,cascading_disappearing_goal,3,0.58,0.582826,0.783848,0.61464,0.295976,0.529932,0.250976,0.179328,0.413424,0.861203
physical_removal_shift,cabinet_restocking,cascading_disappearing_goal,4,0.58,0.582826,0.783848,0.61464,0.295976,0.529932,0.250976,0.179328,0.413424,0.850357
physical_removal_shift,cabinet_restocking,cascading_disappearing_goal,5,0.58,0.582826,0.783848,0.61464,0.295976,0.529932,0.250976,0.179328,0.413424,0.882955
physical_removal_shift,cabinet_restocking,cascading_disappearing_goal,6,0.58,0.582826,0.783848,0.61464,0.295976,0.529932,0.250976,0.179328,0.413424,0.862395
physical_removal_shift,cabinet_restocking,cascading_disappearing_goal,7,0.58,0.582826,0.783848,0.61464,0.295976,0.529932,0.250976,0.179328,0.413424,0.860318
physical_removal_shift,cabinet_restocking,cascading_disappearing_goal,8,0.58,0.582826,0.783848,0.61464,0.295976,0.529932,0.250976,0.179328,0.413424,0.864642
physical_removal_shift,cabinet_restocking,cascading_disappearing_goal,9,0.58,0.582826,0.783848,0.61464,0.295976,0.529932,0.250976,0.179328,0.413424,0.871229
delayed_reappearance_shift,shelf_retrieval,visual_occlusion,0,0.56,0.760461,0.047813,0.127568,0.039821,0.116064,0.67712,0.030826,0.045952,0.873237
delayed_reappearance_shift,shelf_retrieval,visual_occlusion,1,0.56,0.760461,0.047813,0.127568,0.039821,0.116064,0.67712,0.030826,0.045952,0.886893
delayed_reappearance_shift,shelf_retrieval,visual_occlusion,2,0.56,0.760461,0.047813,0.127568,0.039821,0.116064,0.67712,0.030826,0.045952,0.875627
delayed_reappearance_shift,shelf_retrieval,visual_occlusion,3,0.56,0.760461,0.047813,0.127568,0.039821,0.116064,0.67712,0.030826,0.045952,0.891781
delayed_reappearance_shift,shelf_retrieval,visual_occlusion,4,0.56,0.760461,0.047813,0.127568,0.039821,0.116064,0.67712,0.030826,0.045952,0.891204
delayed_reappearance_shift,shelf_retrieval,visual_occlusion,5,0.56,0.760461,0.047813,0.127568,0.039821,0.116064,0.67712,0.030826,0.045952,0.881848
delayed_reappearance_shift,shelf_retrieval,visual_occlusion,6,0.56,0.760461,0.047813,0.127568,0.039821,0.116064,0.67712,0.030826,0.045952,0.872183
delayed_reappearance_shift,shelf_retrieval,visual_occlusion,7,0.56,0.760461,0.047813,0.127568,0.039821,0.116064,0.67712,0.030826,0.045952,0.897941
delayed_reappearance_shift,shelf_retrieval,visual_occlusion,8,0.56,0.760461,0.047813,0.127568,0.039821,0.116064,0.67712,0.030826,0.045952,0.886412
delayed_reappearance_shift,shelf_retrieval,visual_occlusion,9,0.56,0.760461,0.047813,0.127568,0.039821,0.116064,0.67712,0.030826,0.045952,0.882765
delayed_reappearance_shift,shelf_retrieval,object_moved,0,0.56,0.362947,0.167346,0.765408,0.067695,0.21762,0.321632,0.027743,0.08616,0.888119
delayed_reappearance_shift,shelf_retrieval,object_moved,1,0.56,0.362947,0.167346,0.765408,0.067695,0.21762,0.321632,0.027743,0.08616,0.886843
delayed_reappearance_shift,shelf_retrieval,object_moved,2,0.56,0.362947,0.167346,0.765408,0.067695,0.21762,0.321632,0.027743,0.08616,0.88804
delayed_reappearance_shift,shelf_retrieval,object_moved,3,0.56,0.362947,0.167346,0.765408,0.067695,0.21762,0.321632,0.027743,0.08616,0.882211
delayed_reappearance_shift,shelf_retrieval,object_moved,4,0.56,0.362947,0.167346,0.765408,0.067695,0.21762,0.321632,0.027743,0.08616,0.898607
delayed_reappearance_shift,shelf_retrieval,object_moved,5,0.56,0.362947,0.167346,0.765408,0.067695,0.21762,0.321632,0.027743,0.08616,0.881974
delayed_reappearance_shift,shelf_retrieval,object_moved,6,0.56,0.362947,0.167346,0.765408,0.067695,0.21762,0.321632,0.027743,0.08616,0.877478
delayed_reappearance_shift,shelf_retrieval,object_moved,7,0.56,0.362947,0.167346,0.765408,0.067695,0.21762,0.321632,0.027743,0.08616,0.869306
delayed_reappearance_shift,shelf_retrieval,object_moved,8,0.56,0.362947,0.167346,0.765408,0.067695,0.21762,0.321632,0.027743,0.08616,0.895336
delayed_reappearance_shift,shelf_retrieval,object_moved,9,0.56,0.362947,0.167346,0.765408,0.067695,0.21762,0.321632,0.027743,0.08616,0.880109
delayed_reappearance_shift,shelf_retrieval,object_removed,0,0.56,0.293814,0.531921,0.255136,0.083624,0.280488,0.135424,0.030826,0.126368,0.887296
delayed_reappearance_shift,shelf_retrieval,object_removed,1,0.56,0.293814,0.531921,0.255136,0.083624,0.280488,0.135424,0.030826,0.126368,0.8957
delayed_reappearance_shift,shelf_retrieval,object_removed,2,0.56,0.293814,0.531921,0.255136,0.083624,0.280488,0.135424,0.030826,0.126368,0.879189
delayed_reappearance_shift,shelf_retrieval,object_removed,3,0.56,0.293814,0.531921,0.255136,0.083624,0.280488,0.135424,0.030826,0.126368,0.87819
delayed_reappearance_shift,shelf_retrieval,object_removed,4,0.56,0.293814,0.531921,0.255136,0.083624,0.280488,0.135424,0.030826,0.126368,0.888312
delayed_reappearance_shift,shelf_retrieval,object_removed,5,0.56,0.293814,0.531921,0.255136,0.083624,0.280488,0.135424,0.030826,0.126368,0.860521
delayed_reappearance_shift,shelf_retrieval,object_removed,6,0.56,0.293814,0.531921,0.255136,0.083624,0.280488,0.135424,0.030826,0.126368,0.873861
delayed_reappearance_shift,shelf_retrieval,object_removed,7,0.56,0.293814,0.531921,0.255136,0.083624,0.280488,0.135424,0.030826,0.126368,0.891197
delayed_reappearance_shift,shelf_retrieval,object_removed,8,0.56,0.293814,0.531921,0.255136,0.083624,0.280488,0.135424,0.030826,0.126368,0.885384
delayed_reappearance_shift,shelf_retrieval,object_removed,9,0.56,0.293814,0.531921,0.255136,0.083624,0.280488,0.135424,0.030826,0.126368,0.894294
delayed_reappearance_shift,shelf_retrieval,human_temporary_obstruction,0,0.56,0.639478,0.10758,0.164016,0.047785,0.348192,0.727904,0.141798,0.091904,0.883893
delayed_reappearance_shift,shelf_retrieval,human_temporary_obstruction,1,0.56,0.639478,0.10758,0.164016,0.047785,0.348192,0.727904,0.141798,0.091904,0.890371
delayed_reappearance_shift,shelf_retrieval,human_temporary_obstruction,2,0.56,0.639478,0.10758,0.164016,0.047785,0.348192,0.727904,0.141798,0.091904,0.880988
delayed_reappearance_shift,shelf_retrieval,human_temporary_obstruction,3,0.56,0.639478,0.10758,0.164016,0.047785,0.348192,0.727904,0.141798,0.091904,0.893389
delayed_reappearance_shift,shelf_retrieval,human_temporary_obstruction,4,0.56,0.639478,0.10758,0.164016,0.047785,0.348192,0.727904,0.141798,0.091904,0.879201
delayed_reappearance_shift,shelf_retrieval,human_temporary_obstruction,5,0.56,0.639478,0.10758,0.164016,0.047785,0.348192,0.727904,0.141798,0.091904,0.896475
delayed_reappearance_shift,shelf_retrieval,human_temporary_obstruction,6,0.56,0.639478,0.10758,0.164016,0.047785,0.348192,0.727904,0.141798,0.091904,0.87784
delayed_reappearance_shift,shelf_retrieval,human_temporary_obstruction,7,0.56,0.639478,0.10758,0.164016,0.047785,0.348192,0.727904,0.141798,0.091904,0.867606
delayed_reappearance_shift,shelf_retrieval,human_temporary_obstruction,8,0.56,0.639478,0.10758,0.164016,0.047785,0.348192,0.727904,0.141798,0.091904,0.880122
delayed_reappearance_shift,shelf_retrieval,human_temporary_obstruction,9,0.56,0.639478,0.10758,0.164016,0.047785,0.348192,0.727904,0.141798,0.091904,0.883065
delayed_reappearance_shift,shelf_retrieval,goal_specification_changed,0,0.56,0.241965,0.454225,0.36448,0.135391,0.232128,0.152352,0.052404,0.505472,0.88475
delayed_reappearance_shift,shelf_retrieval,goal_specification_changed,1,0.56,0.241965,0.454225,0.36448,0.135391,0.232128,0.152352,0.052404,0.505472,0.874727
delayed_reappearance_shift,shelf_retrieval,goal_specification_changed,2,0.56,0.241965,0.454225,0.36448,0.135391,0.232128,0.152352,0.052404,0.505472,0.879989
delayed_reappearance_shift,shelf_retrieval,goal_specification_changed,3,0.56,0.241965,0.454225,0.36448,0.135391,0.232128,0.152352,0.052404,0.505472,0.873514
delayed_reappearance_shift,shelf_retrieval,goal_specification_changed,4,0.56,0.241965,0.454225,0.36448,0.135391,0.232128,0.152352,0.052404,0.505472,0.855199
delayed_reappearance_shift,shelf_retrieval,goal_specification_changed,5,0.56,0.241965,0.454225,0.36448,0.135391,0.232128,0.152352,0.052404,0.505472,0.887159
delayed_reappearance_shift,shelf_retrieval,goal_specification_changed,6,0.56,0.241965,0.454225,0.36448,0.135391,0.232128,0.152352,0.052404,0.505472,0.863776
delayed_reappearance_shift,shelf_retrieval,goal_specification_changed,7,0.56,0.241965,0.454225,0.36448,0.135391,0.232128,0.152352,0.052404,0.505472,0.886217
delayed_reappearance_shift,shelf_retrieval,goal_specification_changed,8,0.56,0.241965,0.454225,0.36448,0.135391,0.232128,0.152352,0.052404,0.505472,0.870152
delayed_reappearance_shift,shelf_retrieval,goal_specification_changed,9,0.56,0.241965,0.454225,0.36448,0.135391,0.232128,0.152352,0.052404,0.505472,0.898947
delayed_reappearance_shift,shelf_retrieval,substitute_goal_available,0,0.56,0.362947,0.370552,0.328032,0.179194,0.19344,0.25392,0.043156,0.252736,0.882157
delayed_reappearance_shift,shelf_retrieval,substitute_goal_available,1,0.56,0.362947,0.370552,0.328032,0.179194,0.19344,0.25392,0.043156,0.252736,0.865366
delayed_reappearance_shift,shelf_retrieval,substitute_goal_available,2,0.56,0.362947,0.370552,0.328032,0.179194,0.19344,0.25392,0.043156,0.252736,0.877986
delayed_reappearance_shift,shelf_retrieval,substitute_goal_available,3,0.56,0.362947,0.370552,0.328032,0.179194,0.19344,0.25392,0.043156,0.252736,0.875789
delayed_reappearance_shift,shelf_retrieval,substitute_goal_available,4,0.56,0.362947,0.370552,0.328032,0.179194,0.19344,0.25392,0.043156,0.252736,0.875734
delayed_reappearance_shift,shelf_retrieval,substitute_goal_available,5,0.56,0.362947,0.370552,0.328032,0.179194,0.19344,0.25392,0.043156,0.252736,0.882852
delayed_reappearance_shift,shelf_retrieval,substitute_goal_available,6,0.56,0.362947,0.370552,0.328032,0.179194,0.19344,0.25392,0.043156,0.252736,0.885255
delayed_reappearance_shift,shelf_retrieval,substitute_goal_available,7,0.56,0.362947,0.370552,0.328032,0.179194,0.19344,0.25392,0.043156,0.252736,0.880569
delayed_reappearance_shift,shelf_retrieval,substitute_goal_available,8,0.56,0.362947,0.370552,0.328032,0.179194,0.19344,0.25392,0.043156,0.252736,0.869111
delayed_reappearance_shift,shelf_retrieval,substitute_goal_available,9,0.56,0.362947,0.370552,0.328032,0.179194,0.19344,0.25392,0.043156,0.252736,0.877908
delayed_reappearance_shift,shelf_retrieval,delayed_reappearance,0,0.56,0.691328,0.155393,0.36448,0.071677,0.2418,0.609408,0.058569,0.160832,0.893287
delayed_reappearance_shift,shelf_retrieval,delayed_reappearance,1,0.56,0.691328,0.155393,0.36448,0.071677,0.2418,0.609408,0.058569,0.160832,0.875428
delayed_reappearance_shift,shelf_retrieval,delayed_reappearance,2,0.56,0.691328,0.155393,0.36448,0.071677,0.2418,0.609408,0.058569,0.160832,0.876244
delayed_reappearance_shift,shelf_retrieval,delayed_reappearance,3,0.56,0.691328,0.155393,0.36448,0.071677,0.2418,0.609408,0.058569,0.160832,0.874954
delayed_reappearance_shift,shelf_retrieval,delayed_reappearance,4,0.56,0.691328,0.155393,0.36448,0.071677,0.2418,0.609408,0.058569,0.160832,0.888654
delayed_reappearance_shift,shelf_retrieval,delayed_reappearance,5,0.56,0.691328,0.155393,0.36448,0.071677,0.2418,0.609408,0.058569,0.160832,0.87167
delayed_reappearance_shift,shelf_retrieval,delayed_reappearance,6,0.56,0.691328,0.155393,0.36448,0.071677,0.2418,0.609408,0.058569,0.160832,0.870437
delayed_reappearance_shift,shelf_retrieval,delayed_reappearance,7,0.56,0.691328,0.155393,0.36448,0.071677,0.2418,0.609408,0.058569,0.160832,0.872145
delayed_reappearance_shift,shelf_retrieval,delayed_reappearance,8,0.56,0.691328,0.155393,0.36448,0.071677,0.2418,0.609408,0.058569,0.160832,0.879816
delayed_reappearance_shift,shelf_retrieval,delayed_reappearance,9,0.56,0.691328,0.155393,0.36448,0.071677,0.2418,0.609408,0.058569,0.160832,0.896405
delayed_reappearance_shift,shelf_retrieval,cascading_disappearing_goal,0,0.56,0.725894,0.502038,0.710736,0.147337,0.415896,0.372416,0.098642,0.379104,0.873956
delayed_reappearance_shift,shelf_retrieval,cascading_disappearing_goal,1,0.56,0.725894,0.502038,0.710736,0.147337,0.415896,0.372416,0.098642,0.379104,0.857691
delayed_reappearance_shift,shelf_retrieval,cascading_disappearing_goal,2,0.56,0.725894,0.502038,0.710736,0.147337,0.415896,0.372416,0.098642,0.379104,0.871067
delayed_reappearance_shift,shelf_retrieval,cascading_disappearing_goal,3,0.56,0.725894,0.502038,0.710736,0.147337,0.415896,0.372416,0.098642,0.379104,0.871076
delayed_reappearance_shift,shelf_retrieval,cascading_disappearing_goal,4,0.56,0.725894,0.502038,0.710736,0.147337,0.415896,0.372416,0.098642,0.379104,0.868505
delayed_reappearance_shift,shelf_retrieval,cascading_disappearing_goal,5,0.56,0.725894,0.502038,0.710736,0.147337,0.415896,0.372416,0.098642,0.379104,0.863789
delayed_reappearance_shift,shelf_retrieval,cascading_disappearing_goal,6,0.56,0.725894,0.502038,0.710736,0.147337,0.415896,0.372416,0.098642,0.379104,0.853047
delayed_reappearance_shift,shelf_retrieval,cascading_disappearing_goal,7,0.56,0.725894,0.502038,0.710736,0.147337,0.415896,0.372416,0.098642,0.379104,0.872002
delayed_reappearance_shift,shelf_retrieval,cascading_disappearing_goal,8,0.56,0.725894,0.502038,0.710736,0.147337,0.415896,0.372416,0.098642,0.379104,0.868763
delayed_reappearance_shift,shelf_retrieval,cascading_disappearing_goal,9,0.56,0.725894,0.502038,0.710736,0.147337,0.415896,0.372416,0.098642,0.379104,0.872522
delayed_reappearance_shift,drawer_placement,visual_occlusion,0,0.56,0.708611,0.052846,0.127568,0.04919,0.13104,0.67712,0.04031,0.045952,0.879003
delayed_reappearance_shift,drawer_placement,visual_occlusion,1,0.56,0.708611,0.052846,0.127568,0.04919,0.13104,0.67712,0.04031,0.045952,0.872529
delayed_reappearance_shift,drawer_placement,visual_occlusion,2,0.56,0.708611,0.052846,0.127568,0.04919,0.13104,0.67712,0.04031,0.045952,0.873386
delayed_reappearance_shift,drawer_placement,visual_occlusion,3,0.56,0.708611,0.052846,0.127568,0.04919,0.13104,0.67712,0.04031,0.045952,0.861559
delayed_reappearance_shift,drawer_placement,visual_occlusion,4,0.56,0.708611,0.052846,0.127568,0.04919,0.13104,0.67712,0.04031,0.045952,0.871744
delayed_reappearance_shift,drawer_placement,visual_occlusion,5,0.56,0.708611,0.052846,0.127568,0.04919,0.13104,0.67712,0.04031,0.045952,0.882535
delayed_reappearance_shift,drawer_placement,visual_occlusion,6,0.56,0.708611,0.052846,0.127568,0.04919,0.13104,0.67712,0.04031,0.045952,0.86424
delayed_reappearance_shift,drawer_placement,visual_occlusion,7,0.56,0.708611,0.052846,0.127568,0.04919,0.13104,0.67712,0.04031,0.045952,0.866337
delayed_reappearance_shift,drawer_placement,visual_occlusion,8,0.56,0.708611,0.052846,0.127568,0.04919,0.13104,0.67712,0.04031,0.045952,0.868411
delayed_reappearance_shift,drawer_placement,visual_occlusion,9,0.56,0.708611,0.052846,0.127568,0.04919,0.13104,0.67712,0.04031,0.045952,0.880424
delayed_reappearance_shift,drawer_placement,object_moved,0,0.56,0.338201,0.184961,0.765408,0.083624,0.2457,0.321632,0.036279,0.08616,0.874014
delayed_reappearance_shift,drawer_placement,object_moved,1,0.56,0.338201,0.184961,0.765408,0.083624,0.2457,0.321632,0.036279,0.08616,0.859319
delayed_reappearance_shift,drawer_placement,object_moved,2,0.56,0.338201,0.184961,0.765408,0.083624,0.2457,0.321632,0.036279,0.08616,0.873532
delayed_reappearance_shift,drawer_placement,object_moved,3,0.56,0.338201,0.184961,0.765408,0.083624,0.2457,0.321632,0.036279,0.08616,0.867361
delayed_reappearance_shift,drawer_placement,object_moved,4,0.56,0.338201,0.184961,0.765408,0.083624,0.2457,0.321632,0.036279,0.08616,0.850834
delayed_reappearance_shift,drawer_placement,object_moved,5,0.56,0.338201,0.184961,0.765408,0.083624,0.2457,0.321632,0.036279,0.08616,0.872549
delayed_reappearance_shift,drawer_placement,object_moved,6,0.56,0.338201,0.184961,0.765408,0.083624,0.2457,0.321632,0.036279,0.08616,0.86926
delayed_reappearance_shift,drawer_placement,object_moved,7,0.56,0.338201,0.184961,0.765408,0.083624,0.2457,0.321632,0.036279,0.08616,0.878395
delayed_reappearance_shift,drawer_placement,object_moved,8,0.56,0.338201,0.184961,0.765408,0.083624,0.2457,0.321632,0.036279,0.08616,0.875006
delayed_reappearance_shift,drawer_placement,object_moved,9,0.56,0.338201,0.184961,0.765408,0.083624,0.2457,0.321632,0.036279,0.08616,0.862825
delayed_reappearance_shift,drawer_placement,object_removed,0,0.56,0.273782,0.587913,0.255136,0.1033,0.31668,0.135424,0.04031,0.126368,0.873965
delayed_reappearance_shift,drawer_placement,object_removed,1,0.56,0.273782,0.587913,0.255136,0.1033,0.31668,0.135424,0.04031,0.126368,0.878662
delayed_reappearance_shift,drawer_placement,object_removed,2,0.56,0.273782,0.587913,0.255136,0.1033,0.31668,0.135424,0.04031,0.126368,0.884381
delayed_reappearance_shift,drawer_placement,object_removed,3,0.56,0.273782,0.587913,0.255136,0.1033,0.31668,0.135424,0.04031,0.126368,0.868001
delayed_reappearance_shift,drawer_placement,object_removed,4,0.56,0.273782,0.587913,0.255136,0.1033,0.31668,0.135424,0.04031,0.126368,0.874883
delayed_reappearance_shift,drawer_placement,object_removed,5,0.56,0.273782,0.587913,0.255136,0.1033,0.31668,0.135424,0.04031,0.126368,0.872723
delayed_reappearance_shift,drawer_placement,object_removed,6,0.56,0.273782,0.587913,0.255136,0.1033,0.31668,0.135424,0.04031,0.126368,0.866143
delayed_reappearance_shift,drawer_placement,object_removed,7,0.56,0.273782,0.587913,0.255136,0.1033,0.31668,0.135424,0.04031,0.126368,0.879229
delayed_reappearance_shift,drawer_placement,object_removed,8,0.56,0.273782,0.587913,0.255136,0.1033,0.31668,0.135424,0.04031,0.126368,0.868075
delayed_reappearance_shift,drawer_placement,object_removed,9,0.56,0.273782,0.587913,0.255136,0.1033,0.31668,0.135424,0.04031,0.126368,0.882558
delayed_reappearance_shift,drawer_placement,human_temporary_obstruction,0,0.56,0.595878,0.118904,0.164016,0.059028,0.39312,0.727904,0.185428,0.091904,0.866162
delayed_reappearance_shift,drawer_placement,human_temporary_obstruction,1,0.56,0.595878,0.118904,0.164016,0.059028,0.39312,0.727904,0.185428,0.091904,0.867469
delayed_reappearance_shift,drawer_placement,human_temporary_obstruction,2,0.56,0.595878,0.118904,0.164016,0.059028,0.39312,0.727904,0.185428,0.091904,0.86705
delayed_reappearance_shift,drawer_placement,human_temporary_obstruction,3,0.56,0.595878,0.118904,0.164016,0.059028,0.39312,0.727904,0.185428,0.091904,0.856961
delayed_reappearance_shift,drawer_placement,human_temporary_obstruction,4,0.56,0.595878,0.118904,0.164016,0.059028,0.39312,0.727904,0.185428,0.091904,0.869997
delayed_reappearance_shift,drawer_placement,human_temporary_obstruction,5,0.56,0.595878,0.118904,0.164016,0.059028,0.39312,0.727904,0.185428,0.091904,0.882006
delayed_reappearance_shift,drawer_placement,human_temporary_obstruction,6,0.56,0.595878,0.118904,0.164016,0.059028,0.39312,0.727904,0.185428,0.091904,0.851877
delayed_reappearance_shift,drawer_placement,human_temporary_obstruction,7,0.56,0.595878,0.118904,0.164016,0.059028,0.39312,0.727904,0.185428,0.091904,0.884271
delayed_reappearance_shift,drawer_placement,human_temporary_obstruction,8,0.56,0.595878,0.118904,0.164016,0.059028,0.39312,0.727904,0.185428,0.091904,0.882514
delayed_reappearance_shift,drawer_placement,human_temporary_obstruction,9,0.56,0.595878,0.118904,0.164016,0.059028,0.39312,0.727904,0.185428,0.091904,0.872015
delayed_reappearance_shift,drawer_placement,goal_specification_changed,0,0.56,0.225467,0.502038,0.36448,0.167247,0.26208,0.152352,0.068528,0.505472,0.863953
delayed_reappearance_shift,drawer_placement,goal_specification_changed,1,0.56,0.225467,0.502038,0.36448,0.167247,0.26208,0.152352,0.068528,0.505472,0.861617
delayed_reappearance_shift,drawer_placement,goal_specification_changed,2,0.56,0.225467,0.502038,0.36448,0.167247,0.26208,0.152352,0.068528,0.505472,0.873346
delayed_reappearance_shift,drawer_placement,goal_specification_changed,3,0.56,0.225467,0.502038,0.36448,0.167247,0.26208,0.152352,0.068528,0.505472,0.874367
delayed_reappearance_shift,drawer_placement,goal_specification_changed,4,0.56,0.225467,0.502038,0.36448,0.167247,0.26208,0.152352,0.068528,0.505472,0.867083
delayed_reappearance_shift,drawer_placement,goal_specification_changed,5,0.56,0.225467,0.502038,0.36448,0.167247,0.26208,0.152352,0.068528,0.505472,0.860732
delayed_reappearance_shift,drawer_placement,goal_specification_changed,6,0.56,0.225467,0.502038,0.36448,0.167247,0.26208,0.152352,0.068528,0.505472,0.86116
delayed_reappearance_shift,drawer_placement,goal_specification_changed,7,0.56,0.225467,0.502038,0.36448,0.167247,0.26208,0.152352,0.068528,0.505472,0.885765
delayed_reappearance_shift,drawer_placement,goal_specification_changed,8,0.56,0.225467,0.502038,0.36448,0.167247,0.26208,0.152352,0.068528,0.505472,0.870201
delayed_reappearance_shift,drawer_placement,goal_specification_changed,9,0.56,0.225467,0.502038,0.36448,0.167247,0.26208,0.152352,0.068528,0.505472,0.863412
delayed_reappearance_shift,drawer_placement,substitute_goal_available,0,0.56,0.338201,0.409557,0.328032,0.221357,0.2184,0.25392,0.056435,0.252736,0.883804
delayed_reappearance_shift,drawer_placement,substitute_goal_available,1,0.56,0.338201,0.409557,0.328032,0.221357,0.2184,0.25392,0.056435,0.252736,0.858193
delayed_reappearance_shift,drawer_placement,substitute_goal_available,2,0.56,0.338201,0.409557,0.328032,0.221357,0.2184,0.25392,0.056435,0.252736,0.871268
delayed_reappearance_shift,drawer_placement,substitute_goal_available,3,0.56,0.338201,0.409557,0.328032,0.221357,0.2184,0.25392,0.056435,0.252736,0.867702
delayed_reappearance_shift,drawer_placement,substitute_goal_available,4,0.56,0.338201,0.409557,0.328032,0.221357,0.2184,0.25392,0.056435,0.252736,0.868297
delayed_reappearance_shift,drawer_placement,substitute_goal_available,5,0.56,0.338201,0.409557,0.328032,0.221357,0.2184,0.25392,0.056435,0.252736,0.875156
delayed_reappearance_shift,drawer_placement,substitute_goal_available,6,0.56,0.338201,0.409557,0.328032,0.221357,0.2184,0.25392,0.056435,0.252736,0.870014
delayed_reappearance_shift,drawer_placement,substitute_goal_available,7,0.56,0.338201,0.409557,0.328032,0.221357,0.2184,0.25392,0.056435,0.252736,0.873039
delayed_reappearance_shift,drawer_placement,substitute_goal_available,8,0.56,0.338201,0.409557,0.328032,0.221357,0.2184,0.25392,0.056435,0.252736,0.879544
delayed_reappearance_shift,drawer_placement,substitute_goal_available,9,0.56,0.338201,0.409557,0.328032,0.221357,0.2184,0.25392,0.056435,0.252736,0.859701
delayed_reappearance_shift,drawer_placement,delayed_reappearance,0,0.56,0.644192,0.17175,0.36448,0.088543,0.273,0.609408,0.07659,0.160832,0.844514
delayed_reappearance_shift,drawer_placement,delayed_reappearance,1,0.56,0.644192,0.17175,0.36448,0.088543,0.273,0.609408,0.07659,0.160832,0.864371
delayed_reappearance_shift,drawer_placement,delayed_reappearance,2,0.56,0.644192,0.17175,0.36448,0.088543,0.273,0.609408,0.07659,0.160832,0.870764
delayed_reappearance_shift,drawer_placement,delayed_reappearance,3,0.56,0.644192,0.17175,0.36448,0.088543,0.273,0.609408,0.07659,0.160832,0.869498
delayed_reappearance_shift,drawer_placement,delayed_reappearance,4,0.56,0.644192,0.17175,0.36448,0.088543,0.273,0.609408,0.07659,0.160832,0.853422
delayed_reappearance_shift,drawer_placement,delayed_reappearance,5,0.56,0.644192,0.17175,0.36448,0.088543,0.273,0.609408,0.07659,0.160832,0.872582
delayed_reappearance_shift,drawer_placement,delayed_reappearance,6,0.56,0.644192,0.17175,0.36448,0.088543,0.273,0.609408,0.07659,0.160832,0.874395
delayed_reappearance_shift,drawer_placement,delayed_reappearance,7,0.56,0.644192,0.17175,0.36448,0.088543,0.273,0.609408,0.07659,0.160832,0.865158
delayed_reappearance_shift,drawer_placement,delayed_reappearance,8,0.56,0.644192,0.17175,0.36448,0.088543,0.273,0.609408,0.07659,0.160832,0.880874
delayed_reappearance_shift,drawer_placement,delayed_reappearance,9,0.56,0.644192,0.17175,0.36448,0.088543,0.273,0.609408,0.07659,0.160832,0.874605
delayed_reappearance_shift,drawer_placement,cascading_disappearing_goal,0,0.56,0.676402,0.554884,0.710736,0.182004,0.46956,0.372416,0.128993,0.379104,0.848331
delayed_reappearance_shift,drawer_placement,cascading_disappearing_goal,1,0.56,0.676402,0.554884,0.710736,0.182004,0.46956,0.372416,0.128993,0.379104,0.877936
delayed_reappearance_shift,drawer_placement,cascading_disappearing_goal,2,0.56,0.676402,0.554884,0.710736,0.182004,0.46956,0.372416,0.128993,0.379104,0.884476
delayed_reappearance_shift,drawer_placement,cascading_disappearing_goal,3,0.56,0.676402,0.554884,0.710736,0.182004,0.46956,0.372416,0.128993,0.379104,0.86105
delayed_reappearance_shift,drawer_placement,cascading_disappearing_goal,4,0.56,0.676402,0.554884,0.710736,0.182004,0.46956,0.372416,0.128993,0.379104,0.869831
delayed_reappearance_shift,drawer_placement,cascading_disappearing_goal,5,0.56,0.676402,0.554884,0.710736,0.182004,0.46956,0.372416,0.128993,0.379104,0.876157
delayed_reappearance_shift,drawer_placement,cascading_disappearing_goal,6,0.56,0.676402,0.554884,0.710736,0.182004,0.46956,0.372416,0.128993,0.379104,0.861288
delayed_reappearance_shift,drawer_placement,cascading_disappearing_goal,7,0.56,0.676402,0.554884,0.710736,0.182004,0.46956,0.372416,0.128993,0.379104,0.864067
delayed_reappearance_shift,drawer_placement,cascading_disappearing_goal,8,0.56,0.676402,0.554884,0.710736,0.182004,0.46956,0.372416,0.128993,0.379104,0.865707
delayed_reappearance_shift,drawer_placement,cascading_disappearing_goal,9,0.56,0.676402,0.554884,0.710736,0.182004,0.46956,0.372416,0.128993,0.379104,0.863343
delayed_reappearance_shift,bin_sorting,visual_occlusion,0,0.56,0.64812,0.045297,0.127568,0.077299,0.10296,0.67712,0.028454,0.045952,0.860365
delayed_reappearance_shift,bin_sorting,visual_occlusion,1,0.56,0.64812,0.045297,0.127568,0.077299,0.10296,0.67712,0.028454,0.045952,0.877685
delayed_reappearance_shift,bin_sorting,visual_occlusion,2,0.56,0.64812,0.045297,0.127568,0.077299,0.10296,0.67712,0.028454,0.045952,0.888197
delayed_reappearance_shift,bin_sorting,visual_occlusion,3,0.56,0.64812,0.045297,0.127568,0.077299,0.10296,0.67712,0.028454,0.045952,0.882795
delayed_reappearance_shift,bin_sorting,visual_occlusion,4,0.56,0.64812,0.045297,0.127568,0.077299,0.10296,0.67712,0.028454,0.045952,0.891517
delayed_reappearance_shift,bin_sorting,visual_occlusion,5,0.56,0.64812,0.045297,0.127568,0.077299,0.10296,0.67712,0.028454,0.045952,0.876499
delayed_reappearance_shift,bin_sorting,visual_occlusion,6,0.56,0.64812,0.045297,0.127568,0.077299,0.10296,0.67712,0.028454,0.045952,0.89225
delayed_reappearance_shift,bin_sorting,visual_occlusion,7,0.56,0.64812,0.045297,0.127568,0.077299,0.10296,0.67712,0.028454,0.045952,0.8883
delayed_reappearance_shift,bin_sorting,visual_occlusion,8,0.56,0.64812,0.045297,0.127568,0.077299,0.10296,0.67712,0.028454,0.045952,0.912338
delayed_reappearance_shift,bin_sorting,visual_occlusion,9,0.56,0.64812,0.045297,0.127568,0.077299,0.10296,0.67712,0.028454,0.045952,0.886181
delayed_reappearance_shift,bin_sorting,object_moved,0,0.56,0.30933,0.158538,0.765408,0.131409,0.19305,0.321632,0.025609,0.08616,0.898345
delayed_reappearance_shift,bin_sorting,object_moved,1,0.56,0.30933,0.158538,0.765408,0.131409,0.19305,0.321632,0.025609,0.08616,0.896495
delayed_reappearance_shift,bin_sorting,object_moved,2,0.56,0.30933,0.158538,0.765408,0.131409,0.19305,0.321632,0.025609,0.08616,0.895779
delayed_reappearance_shift,bin_sorting,object_moved,3,0.56,0.30933,0.158538,0.765408,0.131409,0.19305,0.321632,0.025609,0.08616,0.872976
delayed_reappearance_shift,bin_sorting,object_moved,4,0.56,0.30933,0.158538,0.765408,0.131409,0.19305,0.321632,0.025609,0.08616,0.883453
delayed_reappearance_shift,bin_sorting,object_moved,5,0.56,0.30933,0.158538,0.765408,0.131409,0.19305,0.321632,0.025609,0.08616,0.874548
delayed_reappearance_shift,bin_sorting,object_moved,6,0.56,0.30933,0.158538,0.765408,0.131409,0.19305,0.321632,0.025609,0.08616,0.894239
delayed_reappearance_shift,bin_sorting,object_moved,7,0.56,0.30933,0.158538,0.765408,0.131409,0.19305,0.321632,0.025609,0.08616,0.89792
delayed_reappearance_shift,bin_sorting,object_moved,8,0.56,0.30933,0.158538,0.765408,0.131409,0.19305,0.321632,0.025609,0.08616,0.89808
delayed_reappearance_shift,bin_sorting,object_moved,9,0.56,0.30933,0.158538,0.765408,0.131409,0.19305,0.321632,0.025609,0.08616,0.882615
delayed_reappearance_shift,bin_sorting,object_removed,0,0.56,0.25041,0.503925,0.255136,0.162328,0.24882,0.135424,0.028454,0.126368,0.8674
delayed_reappearance_shift,bin_sorting,object_removed,1,0.56,0.25041,0.503925,0.255136,0.162328,0.24882,0.135424,0.028454,0.126368,0.902426
delayed_reappearance_shift,bin_sorting,object_removed,2,0.56,0.25041,0.503925,0.255136,0.162328,0.24882,0.135424,0.028454,0.126368,0.890934
delayed_reappearance_shift,bin_sorting,object_removed,3,0.56,0.25041,0.503925,0.255136,0.162328,0.24882,0.135424,0.028454,0.126368,0.891678
delayed_reappearance_shift,bin_sorting,object_removed,4,0.56,0.25041,0.503925,0.255136,0.162328,0.24882,0.135424,0.028454,0.126368,0.871409
delayed_reappearance_shift,bin_sorting,object_removed,5,0.56,0.25041,0.503925,0.255136,0.162328,0.24882,0.135424,0.028454,0.126368,0.907539
delayed_reappearance_shift,bin_sorting,object_removed,6,0.56,0.25041,0.503925,0.255136,0.162328,0.24882,0.135424,0.028454,0.126368,0.893116
delayed_reappearance_shift,bin_sorting,object_removed,7,0.56,0.25041,0.503925,0.255136,0.162328,0.24882,0.135424,0.028454,0.126368,0.897563
delayed_reappearance_shift,bin_sorting,object_removed,8,0.56,0.25041,0.503925,0.255136,0.162328,0.24882,0.135424,0.028454,0.126368,0.88599
delayed_reappearance_shift,bin_sorting,object_removed,9,0.56,0.25041,0.503925,0.255136,0.162328,0.24882,0.135424,0.028454,0.126368,0.882641
delayed_reappearance_shift,bin_sorting,human_temporary_obstruction,0,0.56,0.54501,0.101917,0.164016,0.092759,0.30888,0.727904,0.13089,0.091904,0.88181
delayed_reappearance_shift,bin_sorting,human_temporary_obstruction,1,0.56,0.54501,0.101917,0.164016,0.092759,0.30888,0.727904,0.13089,0.091904,0.884535
delayed_reappearance_shift,bin_sorting,human_temporary_obstruction,2,0.56,0.54501,0.101917,0.164016,0.092759,0.30888,0.727904,0.13089,0.091904,0.884939
delayed_reappearance_shift,bin_sorting,human_temporary_obstruction,3,0.56,0.54501,0.101917,0.164016,0.092759,0.30888,0.727904,0.13089,0.091904,0.875893
delayed_reappearance_shift,bin_sorting,human_temporary_obstruction,4,0.56,0.54501,0.101917,0.164016,0.092759,0.30888,0.727904,0.13089,0.091904,0.880137
delayed_reappearance_shift,bin_sorting,human_temporary_obstruction,5,0.56,0.54501,0.101917,0.164016,0.092759,0.30888,0.727904,0.13089,0.091904,0.885703
delayed_reappearance_shift,bin_sorting,human_temporary_obstruction,6,0.56,0.54501,0.101917,0.164016,0.092759,0.30888,0.727904,0.13089,0.091904,0.889777
delayed_reappearance_shift,bin_sorting,human_temporary_obstruction,7,0.56,0.54501,0.101917,0.164016,0.092759,0.30888,0.727904,0.13089,0.091904,0.883407
delayed_reappearance_shift,bin_sorting,human_temporary_obstruction,8,0.56,0.54501,0.101917,0.164016,0.092759,0.30888,0.727904,0.13089,0.091904,0.887477
delayed_reappearance_shift,bin_sorting,human_temporary_obstruction,9,0.56,0.54501,0.101917,0.164016,0.092759,0.30888,0.727904,0.13089,0.091904,0.89317
delayed_reappearance_shift,bin_sorting,goal_specification_changed,0,0.56,0.20622,0.430318,0.36448,0.262817,0.20592,0.152352,0.048372,0.505472,0.875442
delayed_reappearance_shift,bin_sorting,goal_specification_changed,1,0.56,0.20622,0.430318,0.36448,0.262817,0.20592,0.152352,0.048372,0.505472,0.887691
delayed_reappearance_shift,bin_sorting,goal_specification_changed,2,0.56,0.20622,0.430318,0.36448,0.262817,0.20592,0.152352,0.048372,0.505472,0.895791
delayed_reappearance_shift,bin_sorting,goal_specification_changed,3,0.56,0.20622,0.430318,0.36448,0.262817,0.20592,0.152352,0.048372,0.505472,0.88669
delayed_reappearance_shift,bin_sorting,goal_specification_changed,4,0.56,0.20622,0.430318,0.36448,0.262817,0.20592,0.152352,0.048372,0.505472,0.901932
delayed_reappearance_shift,bin_sorting,goal_specification_changed,5,0.56,0.20622,0.430318,0.36448,0.262817,0.20592,0.152352,0.048372,0.505472,0.887668
delayed_reappearance_shift,bin_sorting,goal_specification_changed,6,0.56,0.20622,0.430318,0.36448,0.262817,0.20592,0.152352,0.048372,0.505472,0.876483
delayed_reappearance_shift,bin_sorting,goal_specification_changed,7,0.56,0.20622,0.430318,0.36448,0.262817,0.20592,0.152352,0.048372,0.505472,0.884378
delayed_reappearance_shift,bin_sorting,goal_specification_changed,8,0.56,0.20622,0.430318,0.36448,0.262817,0.20592,0.152352,0.048372,0.505472,0.866815
delayed_reappearance_shift,bin_sorting,goal_specification_changed,9,0.56,0.20622,0.430318,0.36448,0.262817,0.20592,0.152352,0.048372,0.505472,0.875098
delayed_reappearance_shift,bin_sorting,substitute_goal_available,0,0.56,0.30933,0.351049,0.328032,0.347846,0.1716,0.25392,0.039836,0.252736,0.883002
delayed_reappearance_shift,bin_sorting,substitute_goal_available,1,0.56,0.30933,0.351049,0.328032,0.347846,0.1716,0.25392,0.039836,0.252736,0.894727
delayed_reappearance_shift,bin_sorting,substitute_goal_available,2,0.56,0.30933,0.351049,0.328032,0.347846,0.1716,0.25392,0.039836,0.252736,0.883612
delayed_reappearance_shift,bin_sorting,substitute_goal_available,3,0.56,0.30933,0.351049,0.328032,0.347846,0.1716,0.25392,0.039836,0.252736,0.880035
delayed_reappearance_shift,bin_sorting,substitute_goal_available,4,0.56,0.30933,0.351049,0.328032,0.347846,0.1716,0.25392,0.039836,0.252736,0.883044
delayed_reappearance_shift,bin_sorting,substitute_goal_available,5,0.56,0.30933,0.351049,0.328032,0.347846,0.1716,0.25392,0.039836,0.252736,0.898919
delayed_reappearance_shift,bin_sorting,substitute_goal_available,6,0.56,0.30933,0.351049,0.328032,0.347846,0.1716,0.25392,0.039836,0.252736,0.892423
delayed_reappearance_shift,bin_sorting,substitute_goal_available,7,0.56,0.30933,0.351049,0.328032,0.347846,0.1716,0.25392,0.039836,0.252736,0.888808
delayed_reappearance_shift,bin_sorting,substitute_goal_available,8,0.56,0.30933,0.351049,0.328032,0.347846,0.1716,0.25392,0.039836,0.252736,0.886469
delayed_reappearance_shift,bin_sorting,substitute_goal_available,9,0.56,0.30933,0.351049,0.328032,0.347846,0.1716,0.25392,0.039836,0.252736,0.887828
delayed_reappearance_shift,bin_sorting,delayed_reappearance,0,0.56,0.5892,0.147214,0.36448,0.139139,0.2145,0.609408,0.054063,0.160832,0.883012
delayed_reappearance_shift,bin_sorting,delayed_reappearance,1,0.56,0.5892,0.147214,0.36448,0.139139,0.2145,0.609408,0.054063,0.160832,0.876787
delayed_reappearance_shift,bin_sorting,delayed_reappearance,2,0.56,0.5892,0.147214,0.36448,0.139139,0.2145,0.609408,0.054063,0.160832,0.899863
delayed_reappearance_shift,bin_sorting,delayed_reappearance,3,0.56,0.5892,0.147214,0.36448,0.139139,0.2145,0.609408,0.054063,0.160832,0.874869
delayed_reappearance_shift,bin_sorting,delayed_reappearance,4,0.56,0.5892,0.147214,0.36448,0.139139,0.2145,0.609408,0.054063,0.160832,0.881375
delayed_reappearance_shift,bin_sorting,delayed_reappearance,5,0.56,0.5892,0.147214,0.36448,0.139139,0.2145,0.609408,0.054063,0.160832,0.881225
delayed_reappearance_shift,bin_sorting,delayed_reappearance,6,0.56,0.5892,0.147214,0.36448,0.139139,0.2145,0.609408,0.054063,0.160832,0.894209
delayed_reappearance_shift,bin_sorting,delayed_reappearance,7,0.56,0.5892,0.147214,0.36448,0.139139,0.2145,0.609408,0.054063,0.160832,0.89918
delayed_reappearance_shift,bin_sorting,delayed_reappearance,8,0.56,0.5892,0.147214,0.36448,0.139139,0.2145,0.609408,0.054063,0.160832,0.870534
delayed_reappearance_shift,bin_sorting,delayed_reappearance,9,0.56,0.5892,0.147214,0.36448,0.139139,0.2145,0.609408,0.054063,0.160832,0.875011
delayed_reappearance_shift,bin_sorting,cascading_disappearing_goal,0,0.56,0.61866,0.475615,0.710736,0.286007,0.36894,0.372416,0.091054,0.379104,0.878584
delayed_reappearance_shift,bin_sorting,cascading_disappearing_goal,1,0.56,0.61866,0.475615,0.710736,0.286007,0.36894,0.372416,0.091054,0.379104,0.871697
delayed_reappearance_shift,bin_sorting,cascading_disappearing_goal,2,0.56,0.61866,0.475615,0.710736,0.286007,0.36894,0.372416,0.091054,0.379104,0.862392
delayed_reappearance_shift,bin_sorting,cascading_disappearing_goal,3,0.56,0.61866,0.475615,0.710736,0.286007,0.36894,0.372416,0.091054,0.379104,0.879185
delayed_reappearance_shift,bin_sorting,cascading_disappearing_goal,4,0.56,0.61866,0.475615,0.710736,0.286007,0.36894,0.372416,0.091054,0.379104,0.867261
delayed_reappearance_shift,bin_sorting,cascading_disappearing_goal,5,0.56,0.61866,0.475615,0.710736,0.286007,0.36894,0.372416,0.091054,0.379104,0.870032
delayed_reappearance_shift,bin_sorting,cascading_disappearing_goal,6,0.56,0.61866,0.475615,0.710736,0.286007,0.36894,0.372416,0.091054,0.379104,0.864093
delayed_reappearance_shift,bin_sorting,cascading_disappearing_goal,7,0.56,0.61866,0.475615,0.710736,0.286007,0.36894,0.372416,0.091054,0.379104,0.859879
delayed_reappearance_shift,bin_sorting,cascading_disappearing_goal,8,0.56,0.61866,0.475615,0.710736,0.286007,0.36894,0.372416,0.091054,0.379104,0.869121
delayed_reappearance_shift,bin_sorting,cascading_disappearing_goal,9,0.56,0.61866,0.475615,0.710736,0.286007,0.36894,0.372416,0.091054,0.379104,0.88675
delayed_reappearance_shift,tool_handoff,visual_occlusion,0,0.56,0.777744,0.05725,0.127568,0.053875,0.155376,0.67712,0.087734,0.045952,0.87077
delayed_reappearance_shift,tool_handoff,visual_occlusion,1,0.56,0.777744,0.05725,0.127568,0.053875,0.155376,0.67712,0.087734,0.045952,0.856482
delayed_reappearance_shift,tool_handoff,visual_occlusion,2,0.56,0.777744,0.05725,0.127568,0.053875,0.155376,0.67712,0.087734,0.045952,0.868718
delayed_reappearance_shift,tool_handoff,visual_occlusion,3,0.56,0.777744,0.05725,0.127568,0.053875,0.155376,0.67712,0.087734,0.045952,0.872587
delayed_reappearance_shift,tool_handoff,visual_occlusion,4,0.56,0.777744,0.05725,0.127568,0.053875,0.155376,0.67712,0.087734,0.045952,0.885271
delayed_reappearance_shift,tool_handoff,visual_occlusion,5,0.56,0.777744,0.05725,0.127568,0.053875,0.155376,0.67712,0.087734,0.045952,0.857749
delayed_reappearance_shift,tool_handoff,visual_occlusion,6,0.56,0.777744,0.05725,0.127568,0.053875,0.155376,0.67712,0.087734,0.045952,0.845684
delayed_reappearance_shift,tool_handoff,visual_occlusion,7,0.56,0.777744,0.05725,0.127568,0.053875,0.155376,0.67712,0.087734,0.045952,0.852876
delayed_reappearance_shift,tool_handoff,visual_occlusion,8,0.56,0.777744,0.05725,0.127568,0.053875,0.155376,0.67712,0.087734,0.045952,0.878998
delayed_reappearance_shift,tool_handoff,visual_occlusion,9,0.56,0.777744,0.05725,0.127568,0.053875,0.155376,0.67712,0.087734,0.045952,0.861871
delayed_reappearance_shift,tool_handoff,object_moved,0,0.56,0.371196,0.200375,0.765408,0.091588,0.29133,0.321632,0.078961,0.08616,0.862255
delayed_reappearance_shift,tool_handoff,object_moved,1,0.56,0.371196,0.200375,0.765408,0.091588,0.29133,0.321632,0.078961,0.08616,0.848979
delayed_reappearance_shift,tool_handoff,object_moved,2,0.56,0.371196,0.200375,0.765408,0.091588,0.29133,0.321632,0.078961,0.08616,0.860849
delayed_reappearance_shift,tool_handoff,object_moved,3,0.56,0.371196,0.200375,0.765408,0.091588,0.29133,0.321632,0.078961,0.08616,0.865847
delayed_reappearance_shift,tool_handoff,object_moved,4,0.56,0.371196,0.200375,0.765408,0.091588,0.29133,0.321632,0.078961,0.08616,0.862905
delayed_reappearance_shift,tool_handoff,object_moved,5,0.56,0.371196,0.200375,0.765408,0.091588,0.29133,0.321632,0.078961,0.08616,0.86291
delayed_reappearance_shift,tool_handoff,object_moved,6,0.56,0.371196,0.200375,0.765408,0.091588,0.29133,0.321632,0.078961,0.08616,0.871835
delayed_reappearance_shift,tool_handoff,object_moved,7,0.56,0.371196,0.200375,0.765408,0.091588,0.29133,0.321632,0.078961,0.08616,0.861491
delayed_reappearance_shift,tool_handoff,object_moved,8,0.56,0.371196,0.200375,0.765408,0.091588,0.29133,0.321632,0.078961,0.08616,0.866386
delayed_reappearance_shift,tool_handoff,object_moved,9,0.56,0.371196,0.200375,0.765408,0.091588,0.29133,0.321632,0.078961,0.08616,0.883624
delayed_reappearance_shift,tool_handoff,object_removed,0,0.56,0.300492,0.636905,0.255136,0.113138,0.375492,0.135424,0.087734,0.126368,0.869132
delayed_reappearance_shift,tool_handoff,object_removed,1,0.56,0.300492,0.636905,0.255136,0.113138,0.375492,0.135424,0.087734,0.126368,0.88424
delayed_reappearance_shift,tool_handoff,object_removed,2,0.56,0.300492,0.636905,0.255136,0.113138,0.375492,0.135424,0.087734,0.126368,0.87095
delayed_reappearance_shift,tool_handoff,object_removed,3,0.56,0.300492,0.636905,0.255136,0.113138,0.375492,0.135424,0.087734,0.126368,0.862107
delayed_reappearance_shift,tool_handoff,object_removed,4,0.56,0.300492,0.636905,0.255136,0.113138,0.375492,0.135424,0.087734,0.126368,0.864243
delayed_reappearance_shift,tool_handoff,object_removed,5,0.56,0.300492,0.636905,0.255136,0.113138,0.375492,0.135424,0.087734,0.126368,0.863244
delayed_reappearance_shift,tool_handoff,object_removed,6,0.56,0.300492,0.636905,0.255136,0.113138,0.375492,0.135424,0.087734,0.126368,0.858222
delayed_reappearance_shift,tool_handoff,object_removed,7,0.56,0.300492,0.636905,0.255136,0.113138,0.375492,0.135424,0.087734,0.126368,0.872074
delayed_reappearance_shift,tool_handoff,object_removed,8,0.56,0.300492,0.636905,0.255136,0.113138,0.375492,0.135424,0.087734,0.126368,0.850074
delayed_reappearance_shift,tool_handoff,object_removed,9,0.56,0.300492,0.636905,0.255136,0.113138,0.375492,0.135424,0.087734,0.126368,0.850694
delayed_reappearance_shift,tool_handoff,human_temporary_obstruction,0,0.56,0.654012,0.128812,0.164016,0.06465,0.466128,0.727904,0.403578,0.091904,0.881377
delayed_reappearance_shift,tool_handoff,human_temporary_obstruction,1,0.56,0.654012,0.128812,0.164016,0.06465,0.466128,0.727904,0.403578,0.091904,0.856828
delayed_reappearance_shift,tool_handoff,human_temporary_obstruction,2,0.56,0.654012,0.128812,0.164016,0.06465,0.466128,0.727904,0.403578,0.091904,0.865258
delayed_reappearance_shift,tool_handoff,human_temporary_obstruction,3,0.56,0.654012,0.128812,0.164016,0.06465,0.466128,0.727904,0.403578,0.091904,0.869063
delayed_reappearance_shift,tool_handoff,human_temporary_obstruction,4,0.56,0.654012,0.128812,0.164016,0.06465,0.466128,0.727904,0.403578,0.091904,0.861928
delayed_reappearance_shift,tool_handoff,human_temporary_obstruction,5,0.56,0.654012,0.128812,0.164016,0.06465,0.466128,0.727904,0.403578,0.091904,0.845921
delayed_reappearance_shift,tool_handoff,human_temporary_obstruction,6,0.56,0.654012,0.128812,0.164016,0.06465,0.466128,0.727904,0.403578,0.091904,0.877104
delayed_reappearance_shift,tool_handoff,human_temporary_obstruction,7,0.56,0.654012,0.128812,0.164016,0.06465,0.466128,0.727904,0.403578,0.091904,0.867258
delayed_reappearance_shift,tool_handoff,human_temporary_obstruction,8,0.56,0.654012,0.128812,0.164016,0.06465,0.466128,0.727904,0.403578,0.091904,0.859889
delayed_reappearance_shift,tool_handoff,human_temporary_obstruction,9,0.56,0.654012,0.128812,0.164016,0.06465,0.466128,0.727904,0.403578,0.091904,0.858563
delayed_reappearance_shift,tool_handoff,goal_specification_changed,0,0.56,0.247464,0.543874,0.36448,0.183176,0.310752,0.152352,0.149148,0.505472,0.863899
delayed_reappearance_shift,tool_handoff,goal_specification_changed,1,0.56,0.247464,0.543874,0.36448,0.183176,0.310752,0.152352,0.149148,0.505472,0.858659
delayed_reappearance_shift,tool_handoff,goal_specification_changed,2,0.56,0.247464,0.543874,0.36448,0.183176,0.310752,0.152352,0.149148,0.505472,0.85813
delayed_reappearance_shift,tool_handoff,goal_specification_changed,3,0.56,0.247464,0.543874,0.36448,0.183176,0.310752,0.152352,0.149148,0.505472,0.877574
delayed_reappearance_shift,tool_handoff,goal_specification_changed,4,0.56,0.247464,0.543874,0.36448,0.183176,0.310752,0.152352,0.149148,0.505472,0.873708
delayed_reappearance_shift,tool_handoff,goal_specification_changed,5,0.56,0.247464,0.543874,0.36448,0.183176,0.310752,0.152352,0.149148,0.505472,0.846348
delayed_reappearance_shift,tool_handoff,goal_specification_changed,6,0.56,0.247464,0.543874,0.36448,0.183176,0.310752,0.152352,0.149148,0.505472,0.862669
delayed_reappearance_shift,tool_handoff,goal_specification_changed,7,0.56,0.247464,0.543874,0.36448,0.183176,0.310752,0.152352,0.149148,0.505472,0.872565
delayed_reappearance_shift,tool_handoff,goal_specification_changed,8,0.56,0.247464,0.543874,0.36448,0.183176,0.310752,0.152352,0.149148,0.505472,0.858727
delayed_reappearance_shift,tool_handoff,goal_specification_changed,9,0.56,0.247464,0.543874,0.36448,0.183176,0.310752,0.152352,0.149148,0.505472,0.85258
delayed_reappearance_shift,tool_handoff,substitute_goal_available,0,0.56,0.371196,0.443687,0.328032,0.242438,0.25896,0.25392,0.122828,0.252736,0.867083
delayed_reappearance_shift,tool_handoff,substitute_goal_available,1,0.56,0.371196,0.443687,0.328032,0.242438,0.25896,0.25392,0.122828,0.252736,0.85072
delayed_reappearance_shift,tool_handoff,substitute_goal_available,2,0.56,0.371196,0.443687,0.328032,0.242438,0.25896,0.25392,0.122828,0.252736,0.861679
delayed_reappearance_shift,tool_handoff,substitute_goal_available,3,0.56,0.371196,0.443687,0.328032,0.242438,0.25896,0.25392,0.122828,0.252736,0.871984
delayed_reappearance_shift,tool_handoff,substitute_goal_available,4,0.56,0.371196,0.443687,0.328032,0.242438,0.25896,0.25392,0.122828,0.252736,0.860464
delayed_reappearance_shift,tool_handoff,substitute_goal_available,5,0.56,0.371196,0.443687,0.328032,0.242438,0.25896,0.25392,0.122828,0.252736,0.864238
delayed_reappearance_shift,tool_handoff,substitute_goal_available,6,0.56,0.371196,0.443687,0.328032,0.242438,0.25896,0.25392,0.122828,0.252736,0.870957
delayed_reappearance_shift,tool_handoff,substitute_goal_available,7,0.56,0.371196,0.443687,0.328032,0.242438,0.25896,0.25392,0.122828,0.252736,0.863861
delayed_reappearance_shift,tool_handoff,substitute_goal_available,8,0.56,0.371196,0.443687,0.328032,0.242438,0.25896,0.25392,0.122828,0.252736,0.869633
delayed_reappearance_shift,tool_handoff,substitute_goal_available,9,0.56,0.371196,0.443687,0.328032,0.242438,0.25896,0.25392,0.122828,0.252736,0.859558
delayed_reappearance_shift,tool_handoff,delayed_reappearance,0,0.56,0.70704,0.186062,0.36448,0.096975,0.3237,0.609408,0.166695,0.160832,0.853509
delayed_reappearance_shift,tool_handoff,delayed_reappearance,1,0.56,0.70704,0.186062,0.36448,0.096975,0.3237,0.609408,0.166695,0.160832,0.873327
delayed_reappearance_shift,tool_handoff,delayed_reappearance,2,0.56,0.70704,0.186062,0.36448,0.096975,0.3237,0.609408,0.166695,0.160832,0.86262
delayed_reappearance_shift,tool_handoff,delayed_reappearance,3,0.56,0.70704,0.186062,0.36448,0.096975,0.3237,0.609408,0.166695,0.160832,0.863407
delayed_reappearance_shift,tool_handoff,delayed_reappearance,4,0.56,0.70704,0.186062,0.36448,0.096975,0.3237,0.609408,0.166695,0.160832,0.841417
delayed_reappearance_shift,tool_handoff,delayed_reappearance,5,0.56,0.70704,0.186062,0.36448,0.096975,0.3237,0.609408,0.166695,0.160832,0.852454
delayed_reappearance_shift,tool_handoff,delayed_reappearance,6,0.56,0.70704,0.186062,0.36448,0.096975,0.3237,0.609408,0.166695,0.160832,0.874069
delayed_reappearance_shift,tool_handoff,delayed_reappearance,7,0.56,0.70704,0.186062,0.36448,0.096975,0.3237,0.609408,0.166695,0.160832,0.869399
delayed_reappearance_shift,tool_handoff,delayed_reappearance,8,0.56,0.70704,0.186062,0.36448,0.096975,0.3237,0.609408,0.166695,0.160832,0.858087
delayed_reappearance_shift,tool_handoff,delayed_reappearance,9,0.56,0.70704,0.186062,0.36448,0.096975,0.3237,0.609408,0.166695,0.160832,0.871769
delayed_reappearance_shift,tool_handoff,cascading_disappearing_goal,0,0.56,0.742392,0.601124,0.710736,0.199338,0.556764,0.372416,0.28075,0.379104,0.845533
delayed_reappearance_shift,tool_handoff,cascading_disappearing_goal,1,0.56,0.742392,0.601124,0.710736,0.199338,0.556764,0.372416,0.28075,0.379104,0.855648
delayed_reappearance_shift,tool_handoff,cascading_disappearing_goal,2,0.56,0.742392,0.601124,0.710736,0.199338,0.556764,0.372416,0.28075,0.379104,0.849944
delayed_reappearance_shift,tool_handoff,cascading_disappearing_goal,3,0.56,0.742392,0.601124,0.710736,0.199338,0.556764,0.372416,0.28075,0.379104,0.856366
delayed_reappearance_shift,tool_handoff,cascading_disappearing_goal,4,0.56,0.742392,0.601124,0.710736,0.199338,0.556764,0.372416,0.28075,0.379104,0.867476
delayed_reappearance_shift,tool_handoff,cascading_disappearing_goal,5,0.56,0.742392,0.601124,0.710736,0.199338,0.556764,0.372416,0.28075,0.379104,0.850813
delayed_reappearance_shift,tool_handoff,cascading_disappearing_goal,6,0.56,0.742392,0.601124,0.710736,0.199338,0.556764,0.372416,0.28075,0.379104,0.848054
delayed_reappearance_shift,tool_handoff,cascading_disappearing_goal,7,0.56,0.742392,0.601124,0.710736,0.199338,0.556764,0.372416,0.28075,0.379104,0.859475
delayed_reappearance_shift,tool_handoff,cascading_disappearing_goal,8,0.56,0.742392,0.601124,0.710736,0.199338,0.556764,0.372416,0.28075,0.379104,0.861648
delayed_reappearance_shift,tool_handoff,cascading_disappearing_goal,9,0.56,0.742392,0.601124,0.710736,0.199338,0.556764,0.372416,0.28075,0.379104,0.856757
delayed_reappearance_shift,mobile_pick_and_place,visual_occlusion,0,0.56,0.743178,0.05033,0.127568,0.05856,0.142272,0.67712,0.049795,0.045952,0.864188
delayed_reappearance_shift,mobile_pick_and_place,visual_occlusion,1,0.56,0.743178,0.05033,0.127568,0.05856,0.142272,0.67712,0.049795,0.045952,0.870555
delayed_reappearance_shift,mobile_pick_and_place,visual_occlusion,2,0.56,0.743178,0.05033,0.127568,0.05856,0.142272,0.67712,0.049795,0.045952,0.876971
delayed_reappearance_shift,mobile_pick_and_place,visual_occlusion,3,0.56,0.743178,0.05033,0.127568,0.05856,0.142272,0.67712,0.049795,0.045952,0.864799
delayed_reappearance_shift,mobile_pick_and_place,visual_occlusion,4,0.56,0.743178,0.05033,0.127568,0.05856,0.142272,0.67712,0.049795,0.045952,0.878837
delayed_reappearance_shift,mobile_pick_and_place,visual_occlusion,5,0.56,0.743178,0.05033,0.127568,0.05856,0.142272,0.67712,0.049795,0.045952,0.87288
delayed_reappearance_shift,mobile_pick_and_place,visual_occlusion,6,0.56,0.743178,0.05033,0.127568,0.05856,0.142272,0.67712,0.049795,0.045952,0.886221
delayed_reappearance_shift,mobile_pick_and_place,visual_occlusion,7,0.56,0.743178,0.05033,0.127568,0.05856,0.142272,0.67712,0.049795,0.045952,0.867373
delayed_reappearance_shift,mobile_pick_and_place,visual_occlusion,8,0.56,0.743178,0.05033,0.127568,0.05856,0.142272,0.67712,0.049795,0.045952,0.84886
delayed_reappearance_shift,mobile_pick_and_place,visual_occlusion,9,0.56,0.743178,0.05033,0.127568,0.05856,0.142272,0.67712,0.049795,0.045952,0.86916
delayed_reappearance_shift,mobile_pick_and_place,object_moved,0,0.56,0.354698,0.176154,0.765408,0.099552,0.26676,0.321632,0.044816,0.08616,0.869232
delayed_reappearance_shift,mobile_pick_and_place,object_moved,1,0.56,0.354698,0.176154,0.765408,0.099552,0.26676,0.321632,0.044816,0.08616,0.875505
delayed_reappearance_shift,mobile_pick_and_place,object_moved,2,0.56,0.354698,0.176154,0.765408,0.099552,0.26676,0.321632,0.044816,0.08616,0.877506
delayed_reappearance_shift,mobile_pick_and_place,object_moved,3,0.56,0.354698,0.176154,0.765408,0.099552,0.26676,0.321632,0.044816,0.08616,0.874846
delayed_reappearance_shift,mobile_pick_and_place,object_moved,4,0.56,0.354698,0.176154,0.765408,0.099552,0.26676,0.321632,0.044816,0.08616,0.873474
delayed_reappearance_shift,mobile_pick_and_place,object_moved,5,0.56,0.354698,0.176154,0.765408,0.099552,0.26676,0.321632,0.044816,0.08616,0.852086
delayed_reappearance_shift,mobile_pick_and_place,object_moved,6,0.56,0.354698,0.176154,0.765408,0.099552,0.26676,0.321632,0.044816,0.08616,0.855696
delayed_reappearance_shift,mobile_pick_and_place,object_moved,7,0.56,0.354698,0.176154,0.765408,0.099552,0.26676,0.321632,0.044816,0.08616,0.864022
delayed_reappearance_shift,mobile_pick_and_place,object_moved,8,0.56,0.354698,0.176154,0.765408,0.099552,0.26676,0.321632,0.044816,0.08616,0.881489
delayed_reappearance_shift,mobile_pick_and_place,object_moved,9,0.56,0.354698,0.176154,0.765408,0.099552,0.26676,0.321632,0.044816,0.08616,0.861829
delayed_reappearance_shift,mobile_pick_and_place,object_removed,0,0.56,0.287137,0.559917,0.255136,0.122976,0.343824,0.135424,0.049795,0.126368,0.860302
delayed_reappearance_shift,mobile_pick_and_place,object_removed,1,0.56,0.287137,0.559917,0.255136,0.122976,0.343824,0.135424,0.049795,0.126368,0.871239
delayed_reappearance_shift,mobile_pick_and_place,object_removed,2,0.56,0.287137,0.559917,0.255136,0.122976,0.343824,0.135424,0.049795,0.126368,0.865075
delayed_reappearance_shift,mobile_pick_and_place,object_removed,3,0.56,0.287137,0.559917,0.255136,0.122976,0.343824,0.135424,0.049795,0.126368,0.874609
delayed_reappearance_shift,mobile_pick_and_place,object_removed,4,0.56,0.287137,0.559917,0.255136,0.122976,0.343824,0.135424,0.049795,0.126368,0.872287
delayed_reappearance_shift,mobile_pick_and_place,object_removed,5,0.56,0.287137,0.559917,0.255136,0.122976,0.343824,0.135424,0.049795,0.126368,0.872205
delayed_reappearance_shift,mobile_pick_and_place,object_removed,6,0.56,0.287137,0.559917,0.255136,0.122976,0.343824,0.135424,0.049795,0.126368,0.877309
delayed_reappearance_shift,mobile_pick_and_place,object_removed,7,0.56,0.287137,0.559917,0.255136,0.122976,0.343824,0.135424,0.049795,0.126368,0.871242
delayed_reappearance_shift,mobile_pick_and_place,object_removed,8,0.56,0.287137,0.559917,0.255136,0.122976,0.343824,0.135424,0.049795,0.126368,0.882713
delayed_reappearance_shift,mobile_pick_and_place,object_removed,9,0.56,0.287137,0.559917,0.255136,0.122976,0.343824,0.135424,0.049795,0.126368,0.869937
delayed_reappearance_shift,mobile_pick_and_place,human_temporary_obstruction,0,0.56,0.624945,0.113242,0.164016,0.070272,0.426816,0.727904,0.229058,0.091904,0.858711
delayed_reappearance_shift,mobile_pick_and_place,human_temporary_obstruction,1,0.56,0.624945,0.113242,0.164016,0.070272,0.426816,0.727904,0.229058,0.091904,0.885786
delayed_reappearance_shift,mobile_pick_and_place,human_temporary_obstruction,2,0.56,0.624945,0.113242,0.164016,0.070272,0.426816,0.727904,0.229058,0.091904,0.87449
delayed_reappearance_shift,mobile_pick_and_place,human_temporary_obstruction,3,0.56,0.624945,0.113242,0.164016,0.070272,0.426816,0.727904,0.229058,0.091904,0.863254
delayed_reappearance_shift,mobile_pick_and_place,human_temporary_obstruction,4,0.56,0.624945,0.113242,0.164016,0.070272,0.426816,0.727904,0.229058,0.091904,0.870526
delayed_reappearance_shift,mobile_pick_and_place,human_temporary_obstruction,5,0.56,0.624945,0.113242,0.164016,0.070272,0.426816,0.727904,0.229058,0.091904,0.851898
delayed_reappearance_shift,mobile_pick_and_place,human_temporary_obstruction,6,0.56,0.624945,0.113242,0.164016,0.070272,0.426816,0.727904,0.229058,0.091904,0.878334
delayed_reappearance_shift,mobile_pick_and_place,human_temporary_obstruction,7,0.56,0.624945,0.113242,0.164016,0.070272,0.426816,0.727904,0.229058,0.091904,0.865536
delayed_reappearance_shift,mobile_pick_and_place,human_temporary_obstruction,8,0.56,0.624945,0.113242,0.164016,0.070272,0.426816,0.727904,0.229058,0.091904,0.879019
delayed_reappearance_shift,mobile_pick_and_place,human_temporary_obstruction,9,0.56,0.624945,0.113242,0.164016,0.070272,0.426816,0.727904,0.229058,0.091904,0.871481
delayed_reappearance_shift,mobile_pick_and_place,goal_specification_changed,0,0.56,0.236466,0.478131,0.36448,0.199104,0.284544,0.152352,0.084652,0.505472,0.873879
delayed_reappearance_shift,mobile_pick_and_place,goal_specification_changed,1,0.56,0.236466,0.478131,0.36448,0.199104,0.284544,0.152352,0.084652,0.505472,0.871882
delayed_reappearance_shift,mobile_pick_and_place,goal_specification_changed,2,0.56,0.236466,0.478131,0.36448,0.199104,0.284544,0.152352,0.084652,0.505472,0.876545
delayed_reappearance_shift,mobile_pick_and_place,goal_specification_changed,3,0.56,0.236466,0.478131,0.36448,0.199104,0.284544,0.152352,0.084652,0.505472,0.870532
delayed_reappearance_shift,mobile_pick_and_place,goal_specification_changed,4,0.56,0.236466,0.478131,0.36448,0.199104,0.284544,0.152352,0.084652,0.505472,0.856534
delayed_reappearance_shift,mobile_pick_and_place,goal_specification_changed,5,0.56,0.236466,0.478131,0.36448,0.199104,0.284544,0.152352,0.084652,0.505472,0.855658
delayed_reappearance_shift,mobile_pick_and_place,goal_specification_changed,6,0.56,0.236466,0.478131,0.36448,0.199104,0.284544,0.152352,0.084652,0.505472,0.878748
delayed_reappearance_shift,mobile_pick_and_place,goal_specification_changed,7,0.56,0.236466,0.478131,0.36448,0.199104,0.284544,0.152352,0.084652,0.505472,0.868295
delayed_reappearance_shift,mobile_pick_and_place,goal_specification_changed,8,0.56,0.236466,0.478131,0.36448,0.199104,0.284544,0.152352,0.084652,0.505472,0.871761
delayed_reappearance_shift,mobile_pick_and_place,goal_specification_changed,9,0.56,0.236466,0.478131,0.36448,0.199104,0.284544,0.152352,0.084652,0.505472,0.887215
delayed_reappearance_shift,mobile_pick_and_place,substitute_goal_available,0,0.56,0.354698,0.390054,0.328032,0.26352,0.23712,0.25392,0.069713,0.252736,0.868595
delayed_reappearance_shift,mobile_pick_and_place,substitute_goal_available,1,0.56,0.354698,0.390054,0.328032,0.26352,0.23712,0.25392,0.069713,0.252736,0.862684
delayed_reappearance_shift,mobile_pick_and_place,substitute_goal_available,2,0.56,0.354698,0.390054,0.328032,0.26352,0.23712,0.25392,0.069713,0.252736,0.867924
delayed_reappearance_shift,mobile_pick_and_place,substitute_goal_available,3,0.56,0.354698,0.390054,0.328032,0.26352,0.23712,0.25392,0.069713,0.252736,0.875564
delayed_reappearance_shift,mobile_pick_and_place,substitute_goal_available,4,0.56,0.354698,0.390054,0.328032,0.26352,0.23712,0.25392,0.069713,0.252736,0.873509
delayed_reappearance_shift,mobile_pick_and_place,substitute_goal_available,5,0.56,0.354698,0.390054,0.328032,0.26352,0.23712,0.25392,0.069713,0.252736,0.869792
delayed_reappearance_shift,mobile_pick_and_place,substitute_goal_available,6,0.56,0.354698,0.390054,0.328032,0.26352,0.23712,0.25392,0.069713,0.252736,0.876767
delayed_reappearance_shift,mobile_pick_and_place,substitute_goal_available,7,0.56,0.354698,0.390054,0.328032,0.26352,0.23712,0.25392,0.069713,0.252736,0.885629
delayed_reappearance_shift,mobile_pick_and_place,substitute_goal_available,8,0.56,0.354698,0.390054,0.328032,0.26352,0.23712,0.25392,0.069713,0.252736,0.862141
delayed_reappearance_shift,mobile_pick_and_place,substitute_goal_available,9,0.56,0.354698,0.390054,0.328032,0.26352,0.23712,0.25392,0.069713,0.252736,0.876395
delayed_reappearance_shift,mobile_pick_and_place,delayed_reappearance,0,0.56,0.675616,0.163571,0.36448,0.105408,0.2964,0.609408,0.094611,0.160832,0.87978
delayed_reappearance_shift,mobile_pick_and_place,delayed_reappearance,1,0.56,0.675616,0.163571,0.36448,0.105408,0.2964,0.609408,0.094611,0.160832,0.866494
delayed_reappearance_shift,mobile_pick_and_place,delayed_reappearance,2,0.56,0.675616,0.163571,0.36448,0.105408,0.2964,0.609408,0.094611,0.160832,0.86739
delayed_reappearance_shift,mobile_pick_and_place,delayed_reappearance,3,0.56,0.675616,0.163571,0.36448,0.105408,0.2964,0.609408,0.094611,0.160832,0.876873
delayed_reappearance_shift,mobile_pick_and_place,delayed_reappearance,4,0.56,0.675616,0.163571,0.36448,0.105408,0.2964,0.609408,0.094611,0.160832,0.879262
delayed_reappearance_shift,mobile_pick_and_place,delayed_reappearance,5,0.56,0.675616,0.163571,0.36448,0.105408,0.2964,0.609408,0.094611,0.160832,0.8758
delayed_reappearance_shift,mobile_pick_and_place,delayed_reappearance,6,0.56,0.675616,0.163571,0.36448,0.105408,0.2964,0.609408,0.094611,0.160832,0.876061
delayed_reappearance_shift,mobile_pick_and_place,delayed_reappearance,7,0.56,0.675616,0.163571,0.36448,0.105408,0.2964,0.609408,0.094611,0.160832,0.854122
delayed_reappearance_shift,mobile_pick_and_place,delayed_reappearance,8,0.56,0.675616,0.163571,0.36448,0.105408,0.2964,0.609408,0.094611,0.160832,0.870397
delayed_reappearance_shift,mobile_pick_and_place,delayed_reappearance,9,0.56,0.675616,0.163571,0.36448,0.105408,0.2964,0.609408,0.094611,0.160832,0.856925
delayed_reappearance_shift,mobile_pick_and_place,cascading_disappearing_goal,0,0.56,0.709397,0.528461,0.710736,0.216672,0.509808,0.372416,0.159345,0.379104,0.853548
delayed_reappearance_shift,mobile_pick_and_place,cascading_disappearing_goal,1,0.56,0.709397,0.528461,0.710736,0.216672,0.509808,0.372416,0.159345,0.379104,0.844113
delayed_reappearance_shift,mobile_pick_and_place,cascading_disappearing_goal,2,0.56,0.709397,0.528461,0.710736,0.216672,0.509808,0.372416,0.159345,0.379104,0.864117
delayed_reappearance_shift,mobile_pick_and_place,cascading_disappearing_goal,3,0.56,0.709397,0.528461,0.710736,0.216672,0.509808,0.372416,0.159345,0.379104,0.860631
delayed_reappearance_shift,mobile_pick_and_place,cascading_disappearing_goal,4,0.56,0.709397,0.528461,0.710736,0.216672,0.509808,0.372416,0.159345,0.379104,0.858579
delayed_reappearance_shift,mobile_pick_and_place,cascading_disappearing_goal,5,0.56,0.709397,0.528461,0.710736,0.216672,0.509808,0.372416,0.159345,0.379104,0.873259
delayed_reappearance_shift,mobile_pick_and_place,cascading_disappearing_goal,6,0.56,0.709397,0.528461,0.710736,0.216672,0.509808,0.372416,0.159345,0.379104,0.851153
delayed_reappearance_shift,mobile_pick_and_place,cascading_disappearing_goal,7,0.56,0.709397,0.528461,0.710736,0.216672,0.509808,0.372416,0.159345,0.379104,0.854362
delayed_reappearance_shift,mobile_pick_and_place,cascading_disappearing_goal,8,0.56,0.709397,0.528461,0.710736,0.216672,0.509808,0.372416,0.159345,0.379104,0.831977
delayed_reappearance_shift,mobile_pick_and_place,cascading_disappearing_goal,9,0.56,0.709397,0.528461,0.710736,0.216672,0.509808,0.372416,0.159345,0.379104,0.859023
delayed_reappearance_shift,cabinet_restocking,visual_occlusion,0,0.56,0.725894,0.055363,0.127568,0.06793,0.146016,0.67712,0.05928,0.045952,0.867102
delayed_reappearance_shift,cabinet_restocking,visual_occlusion,1,0.56,0.725894,0.055363,0.127568,0.06793,0.146016,0.67712,0.05928,0.045952,0.864652
delayed_reappearance_shift,cabinet_restocking,visual_occlusion,2,0.56,0.725894,0.055363,0.127568,0.06793,0.146016,0.67712,0.05928,0.045952,0.865669
delayed_reappearance_shift,cabinet_restocking,visual_occlusion,3,0.56,0.725894,0.055363,0.127568,0.06793,0.146016,0.67712,0.05928,0.045952,0.864445
delayed_reappearance_shift,cabinet_restocking,visual_occlusion,4,0.56,0.725894,0.055363,0.127568,0.06793,0.146016,0.67712,0.05928,0.045952,0.870785
delayed_reappearance_shift,cabinet_restocking,visual_occlusion,5,0.56,0.725894,0.055363,0.127568,0.06793,0.146016,0.67712,0.05928,0.045952,0.863686
delayed_reappearance_shift,cabinet_restocking,visual_occlusion,6,0.56,0.725894,0.055363,0.127568,0.06793,0.146016,0.67712,0.05928,0.045952,0.879643
delayed_reappearance_shift,cabinet_restocking,visual_occlusion,7,0.56,0.725894,0.055363,0.127568,0.06793,0.146016,0.67712,0.05928,0.045952,0.86112
delayed_reappearance_shift,cabinet_restocking,visual_occlusion,8,0.56,0.725894,0.055363,0.127568,0.06793,0.146016,0.67712,0.05928,0.045952,0.874182
delayed_reappearance_shift,cabinet_restocking,visual_occlusion,9,0.56,0.725894,0.055363,0.127568,0.06793,0.146016,0.67712,0.05928,0.045952,0.868096
delayed_reappearance_shift,cabinet_restocking,object_moved,0,0.56,0.34645,0.193769,0.765408,0.11548,0.27378,0.321632,0.053352,0.08616,0.881008
delayed_reappearance_shift,cabinet_restocking,object_moved,1,0.56,0.34645,0.193769,0.765408,0.11548,0.27378,0.321632,0.053352,0.08616,0.868641
delayed_reappearance_shift,cabinet_restocking,object_moved,2,0.56,0.34645,0.193769,0.765408,0.11548,0.27378,0.321632,0.053352,0.08616,0.865947
delayed_reappearance_shift,cabinet_restocking,object_moved,3,0.56,0.34645,0.193769,0.765408,0.11548,0.27378,0.321632,0.053352,0.08616,0.878562
delayed_reappearance_shift,cabinet_restocking,object_moved,4,0.56,0.34645,0.193769,0.765408,0.11548,0.27378,0.321632,0.053352,0.08616,0.866336
delayed_reappearance_shift,cabinet_restocking,object_moved,5,0.56,0.34645,0.193769,0.765408,0.11548,0.27378,0.321632,0.053352,0.08616,0.866533
delayed_reappearance_shift,cabinet_restocking,object_moved,6,0.56,0.34645,0.193769,0.765408,0.11548,0.27378,0.321632,0.053352,0.08616,0.866024
delayed_reappearance_shift,cabinet_restocking,object_moved,7,0.56,0.34645,0.193769,0.765408,0.11548,0.27378,0.321632,0.053352,0.08616,0.865195
delayed_reappearance_shift,cabinet_restocking,object_moved,8,0.56,0.34645,0.193769,0.765408,0.11548,0.27378,0.321632,0.053352,0.08616,0.867492
delayed_reappearance_shift,cabinet_restocking,object_moved,9,0.56,0.34645,0.193769,0.765408,0.11548,0.27378,0.321632,0.053352,0.08616,0.862906
delayed_reappearance_shift,cabinet_restocking,object_removed,0,0.56,0.280459,0.615908,0.255136,0.142652,0.352872,0.135424,0.05928,0.126368,0.867439
delayed_reappearance_shift,cabinet_restocking,object_removed,1,0.56,0.280459,0.615908,0.255136,0.142652,0.352872,0.135424,0.05928,0.126368,0.881022
delayed_reappearance_shift,cabinet_restocking,object_removed,2,0.56,0.280459,0.615908,0.255136,0.142652,0.352872,0.135424,0.05928,0.126368,0.861995
delayed_reappearance_shift,cabinet_restocking,object_removed,3,0.56,0.280459,0.615908,0.255136,0.142652,0.352872,0.135424,0.05928,0.126368,0.871971
delayed_reappearance_shift,cabinet_restocking,object_removed,4,0.56,0.280459,0.615908,0.255136,0.142652,0.352872,0.135424,0.05928,0.126368,0.866457
delayed_reappearance_shift,cabinet_restocking,object_removed,5,0.56,0.280459,0.615908,0.255136,0.142652,0.352872,0.135424,0.05928,0.126368,0.85778
delayed_reappearance_shift,cabinet_restocking,object_removed,6,0.56,0.280459,0.615908,0.255136,0.142652,0.352872,0.135424,0.05928,0.126368,0.880474
delayed_reappearance_shift,cabinet_restocking,object_removed,7,0.56,0.280459,0.615908,0.255136,0.142652,0.352872,0.135424,0.05928,0.126368,0.852575
delayed_reappearance_shift,cabinet_restocking,object_removed,8,0.56,0.280459,0.615908,0.255136,0.142652,0.352872,0.135424,0.05928,0.126368,0.869933
delayed_reappearance_shift,cabinet_restocking,object_removed,9,0.56,0.280459,0.615908,0.255136,0.142652,0.352872,0.135424,0.05928,0.126368,0.857198
delayed_reappearance_shift,cabinet_restocking,human_temporary_obstruction,0,0.56,0.610411,0.124566,0.164016,0.081516,0.438048,0.727904,0.272688,0.091904,0.872428
delayed_reappearance_shift,cabinet_restocking,human_temporary_obstruction,1,0.56,0.610411,0.124566,0.164016,0.081516,0.438048,0.727904,0.272688,0.091904,0.870077
delayed_reappearance_shift,cabinet_restocking,human_temporary_obstruction,2,0.56,0.610411,0.124566,0.164016,0.081516,0.438048,0.727904,0.272688,0.091904,0.877695
delayed_reappearance_shift,cabinet_restocking,human_temporary_obstruction,3,0.56,0.610411,0.124566,0.164016,0.081516,0.438048,0.727904,0.272688,0.091904,0.858332
delayed_reappearance_shift,cabinet_restocking,human_temporary_obstruction,4,0.56,0.610411,0.124566,0.164016,0.081516,0.438048,0.727904,0.272688,0.091904,0.867102
delayed_reappearance_shift,cabinet_restocking,human_temporary_obstruction,5,0.56,0.610411,0.124566,0.164016,0.081516,0.438048,0.727904,0.272688,0.091904,0.853778
delayed_reappearance_shift,cabinet_restocking,human_temporary_obstruction,6,0.56,0.610411,0.124566,0.164016,0.081516,0.438048,0.727904,0.272688,0.091904,0.872592
delayed_reappearance_shift,cabinet_restocking,human_temporary_obstruction,7,0.56,0.610411,0.124566,0.164016,0.081516,0.438048,0.727904,0.272688,0.091904,0.853872
delayed_reappearance_shift,cabinet_restocking,human_temporary_obstruction,8,0.56,0.610411,0.124566,0.164016,0.081516,0.438048,0.727904,0.272688,0.091904,0.850423
delayed_reappearance_shift,cabinet_restocking,human_temporary_obstruction,9,0.56,0.610411,0.124566,0.164016,0.081516,0.438048,0.727904,0.272688,0.091904,0.859653
delayed_reappearance_shift,cabinet_restocking,goal_specification_changed,0,0.56,0.230966,0.525944,0.36448,0.230961,0.292032,0.152352,0.100776,0.505472,0.866445
delayed_reappearance_shift,cabinet_restocking,goal_specification_changed,1,0.56,0.230966,0.525944,0.36448,0.230961,0.292032,0.152352,0.100776,0.505472,0.846004
delayed_reappearance_shift,cabinet_restocking,goal_specification_changed,2,0.56,0.230966,0.525944,0.36448,0.230961,0.292032,0.152352,0.100776,0.505472,0.877022
delayed_reappearance_shift,cabinet_restocking,goal_specification_changed,3,0.56,0.230966,0.525944,0.36448,0.230961,0.292032,0.152352,0.100776,0.505472,0.864253
delayed_reappearance_shift,cabinet_restocking,goal_specification_changed,4,0.56,0.230966,0.525944,0.36448,0.230961,0.292032,0.152352,0.100776,0.505472,0.875596
delayed_reappearance_shift,cabinet_restocking,goal_specification_changed,5,0.56,0.230966,0.525944,0.36448,0.230961,0.292032,0.152352,0.100776,0.505472,0.853766
delayed_reappearance_shift,cabinet_restocking,goal_specification_changed,6,0.56,0.230966,0.525944,0.36448,0.230961,0.292032,0.152352,0.100776,0.505472,0.858739
delayed_reappearance_shift,cabinet_restocking,goal_specification_changed,7,0.56,0.230966,0.525944,0.36448,0.230961,0.292032,0.152352,0.100776,0.505472,0.853905
delayed_reappearance_shift,cabinet_restocking,goal_specification_changed,8,0.56,0.230966,0.525944,0.36448,0.230961,0.292032,0.152352,0.100776,0.505472,0.865996
delayed_reappearance_shift,cabinet_restocking,goal_specification_changed,9,0.56,0.230966,0.525944,0.36448,0.230961,0.292032,0.152352,0.100776,0.505472,0.86921
delayed_reappearance_shift,cabinet_restocking,substitute_goal_available,0,0.56,0.34645,0.42906,0.328032,0.305683,0.24336,0.25392,0.082992,0.252736,0.862772
delayed_reappearance_shift,cabinet_restocking,substitute_goal_available,1,0.56,0.34645,0.42906,0.328032,0.305683,0.24336,0.25392,0.082992,0.252736,0.876173
delayed_reappearance_shift,cabinet_restocking,substitute_goal_available,2,0.56,0.34645,0.42906,0.328032,0.305683,0.24336,0.25392,0.082992,0.252736,0.87824
delayed_reappearance_shift,cabinet_restocking,substitute_goal_available,3,0.56,0.34645,0.42906,0.328032,0.305683,0.24336,0.25392,0.082992,0.252736,0.863096
delayed_reappearance_shift,cabinet_restocking,substitute_goal_available,4,0.56,0.34645,0.42906,0.328032,0.305683,0.24336,0.25392,0.082992,0.252736,0.860414
delayed_reappearance_shift,cabinet_restocking,substitute_goal_available,5,0.56,0.34645,0.42906,0.328032,0.305683,0.24336,0.25392,0.082992,0.252736,0.87265
delayed_reappearance_shift,cabinet_restocking,substitute_goal_available,6,0.56,0.34645,0.42906,0.328032,0.305683,0.24336,0.25392,0.082992,0.252736,0.873373
delayed_reappearance_shift,cabinet_restocking,substitute_goal_available,7,0.56,0.34645,0.42906,0.328032,0.305683,0.24336,0.25392,0.082992,0.252736,0.867674
delayed_reappearance_shift,cabinet_restocking,substitute_goal_available,8,0.56,0.34645,0.42906,0.328032,0.305683,0.24336,0.25392,0.082992,0.252736,0.866209
delayed_reappearance_shift,cabinet_restocking,substitute_goal_available,9,0.56,0.34645,0.42906,0.328032,0.305683,0.24336,0.25392,0.082992,0.252736,0.866146
delayed_reappearance_shift,cabinet_restocking,delayed_reappearance,0,0.56,0.659904,0.179928,0.36448,0.122273,0.3042,0.609408,0.112632,0.160832,0.868126
delayed_reappearance_shift,cabinet_restocking,delayed_reappearance,1,0.56,0.659904,0.179928,0.36448,0.122273,0.3042,0.609408,0.112632,0.160832,0.86895
delayed_reappearance_shift,cabinet_restocking,delayed_reappearance,2,0.56,0.659904,0.179928,0.36448,0.122273,0.3042,0.609408,0.112632,0.160832,0.857998
delayed_reappearance_shift,cabinet_restocking,delayed_reappearance,3,0.56,0.659904,0.179928,0.36448,0.122273,0.3042,0.609408,0.112632,0.160832,0.868192
delayed_reappearance_shift,cabinet_restocking,delayed_reappearance,4,0.56,0.659904,0.179928,0.36448,0.122273,0.3042,0.609408,0.112632,0.160832,0.864477
delayed_reappearance_shift,cabinet_restocking,delayed_reappearance,5,0.56,0.659904,0.179928,0.36448,0.122273,0.3042,0.609408,0.112632,0.160832,0.8677
delayed_reappearance_shift,cabinet_restocking,delayed_reappearance,6,0.56,0.659904,0.179928,0.36448,0.122273,0.3042,0.609408,0.112632,0.160832,0.857763
delayed_reappearance_shift,cabinet_restocking,delayed_reappearance,7,0.56,0.659904,0.179928,0.36448,0.122273,0.3042,0.609408,0.112632,0.160832,0.852188
delayed_reappearance_shift,cabinet_restocking,delayed_reappearance,8,0.56,0.659904,0.179928,0.36448,0.122273,0.3042,0.609408,0.112632,0.160832,0.858695
delayed_reappearance_shift,cabinet_restocking,delayed_reappearance,9,0.56,0.659904,0.179928,0.36448,0.122273,0.3042,0.609408,0.112632,0.160832,0.854615
delayed_reappearance_shift,cabinet_restocking,cascading_disappearing_goal,0,0.56,0.692899,0.581307,0.710736,0.25134,0.523224,0.372416,0.189696,0.379104,0.845933
delayed_reappearance_shift,cabinet_restocking,cascading_disappearing_goal,1,0.56,0.692899,0.581307,0.710736,0.25134,0.523224,0.372416,0.189696,0.379104,0.859454
delayed_reappearance_shift,cabinet_restocking,cascading_disappearing_goal,2,0.56,0.692899,0.581307,0.710736,0.25134,0.523224,0.372416,0.189696,0.379104,0.840308
delayed_reappearance_shift,cabinet_restocking,cascading_disappearing_goal,3,0.56,0.692899,0.581307,0.710736,0.25134,0.523224,0.372416,0.189696,0.379104,0.864471
delayed_reappearance_shift,cabinet_restocking,cascading_disappearing_goal,4,0.56,0.692899,0.581307,0.710736,0.25134,0.523224,0.372416,0.189696,0.379104,0.853781
delayed_reappearance_shift,cabinet_restocking,cascading_disappearing_goal,5,0.56,0.692899,0.581307,0.710736,0.25134,0.523224,0.372416,0.189696,0.379104,0.846039
delayed_reappearance_shift,cabinet_restocking,cascading_disappearing_goal,6,0.56,0.692899,0.581307,0.710736,0.25134,0.523224,0.372416,0.189696,0.379104,0.842548
delayed_reappearance_shift,cabinet_restocking,cascading_disappearing_goal,7,0.56,0.692899,0.581307,0.710736,0.25134,0.523224,0.372416,0.189696,0.379104,0.847678
delayed_reappearance_shift,cabinet_restocking,cascading_disappearing_goal,8,0.56,0.692899,0.581307,0.710736,0.25134,0.523224,0.372416,0.189696,0.379104,0.841147
delayed_reappearance_shift,cabinet_restocking,cascading_disappearing_goal,9,0.56,0.692899,0.581307,0.710736,0.25134,0.523224,0.372416,0.189696,0.379104,0.849887
goal_change_shift,shelf_retrieval,visual_occlusion,0,0.62,0.653594,0.05669,0.11648,0.053965,0.120528,0.50048,0.031949,0.072576,0.86504
goal_change_shift,shelf_retrieval,visual_occlusion,1,0.62,0.653594,0.05669,0.11648,0.053965,0.120528,0.50048,0.031949,0.072576,0.867523
goal_change_shift,shelf_retrieval,visual_occlusion,2,0.62,0.653594,0.05669,0.11648,0.053965,0.120528,0.50048,0.031949,0.072576,0.884275
goal_change_shift,shelf_retrieval,visual_occlusion,3,0.62,0.653594,0.05669,0.11648,0.053965,0.120528,0.50048,0.031949,0.072576,0.877002
goal_change_shift,shelf_retrieval,visual_occlusion,4,0.62,0.653594,0.05669,0.11648,0.053965,0.120528,0.50048,0.031949,0.072576,0.892136
goal_change_shift,shelf_retrieval,visual_occlusion,5,0.62,0.653594,0.05669,0.11648,0.053965,0.120528,0.50048,0.031949,0.072576,0.869812
goal_change_shift,shelf_retrieval,visual_occlusion,6,0.62,0.653594,0.05669,0.11648,0.053965,0.120528,0.50048,0.031949,0.072576,0.888664
goal_change_shift,shelf_retrieval,visual_occlusion,7,0.62,0.653594,0.05669,0.11648,0.053965,0.120528,0.50048,0.031949,0.072576,0.886583
goal_change_shift,shelf_retrieval,visual_occlusion,8,0.62,0.653594,0.05669,0.11648,0.053965,0.120528,0.50048,0.031949,0.072576,0.896049
goal_change_shift,shelf_retrieval,visual_occlusion,9,0.62,0.653594,0.05669,0.11648,0.053965,0.120528,0.50048,0.031949,0.072576,0.891845
goal_change_shift,shelf_retrieval,object_moved,0,0.62,0.311942,0.198415,0.69888,0.09174,0.22599,0.237728,0.028754,0.13608,0.891649
goal_change_shift,shelf_retrieval,object_moved,1,0.62,0.311942,0.198415,0.69888,0.09174,0.22599,0.237728,0.028754,0.13608,0.86943
goal_change_shift,shelf_retrieval,object_moved,2,0.62,0.311942,0.198415,0.69888,0.09174,0.22599,0.237728,0.028754,0.13608,0.894431
goal_change_shift,shelf_retrieval,object_moved,3,0.62,0.311942,0.198415,0.69888,0.09174,0.22599,0.237728,0.028754,0.13608,0.889976
goal_change_shift,shelf_retrieval,object_moved,4,0.62,0.311942,0.198415,0.69888,0.09174,0.22599,0.237728,0.028754,0.13608,0.90964
goal_change_shift,shelf_retrieval,object_moved,5,0.62,0.311942,0.198415,0.69888,0.09174,0.22599,0.237728,0.028754,0.13608,0.889502
goal_change_shift,shelf_retrieval,object_moved,6,0.62,0.311942,0.198415,0.69888,0.09174,0.22599,0.237728,0.028754,0.13608,0.883129
goal_change_shift,shelf_retrieval,object_moved,7,0.62,0.311942,0.198415,0.69888,0.09174,0.22599,0.237728,0.028754,0.13608,0.883723
goal_change_shift,shelf_retrieval,object_moved,8,0.62,0.311942,0.198415,0.69888,0.09174,0.22599,0.237728,0.028754,0.13608,0.875177
goal_change_shift,shelf_retrieval,object_moved,9,0.62,0.311942,0.198415,0.69888,0.09174,0.22599,0.237728,0.028754,0.13608,0.874745
goal_change_shift,shelf_retrieval,object_removed,0,0.62,0.252525,0.630675,0.23296,0.113326,0.291276,0.100096,0.031949,0.199584,0.893193
goal_change_shift,shelf_retrieval,object_removed,1,0.62,0.252525,0.630675,0.23296,0.113326,0.291276,0.100096,0.031949,0.199584,0.876757
goal_change_shift,shelf_retrieval,object_removed,2,0.62,0.252525,0.630675,0.23296,0.113326,0.291276,0.100096,0.031949,0.199584,0.874896
goal_change_shift,shelf_retrieval,object_removed,3,0.62,0.252525,0.630675,0.23296,0.113326,0.291276,0.100096,0.031949,0.199584,0.872426
goal_change_shift,shelf_retrieval,object_removed,4,0.62,0.252525,0.630675,0.23296,0.113326,0.291276,0.100096,0.031949,0.199584,0.867049
goal_change_shift,shelf_retrieval,object_removed,5,0.62,0.252525,0.630675,0.23296,0.113326,0.291276,0.100096,0.031949,0.199584,0.890879
goal_change_shift,shelf_retrieval,object_removed,6,0.62,0.252525,0.630675,0.23296,0.113326,0.291276,0.100096,0.031949,0.199584,0.892279
goal_change_shift,shelf_retrieval,object_removed,7,0.62,0.252525,0.630675,0.23296,0.113326,0.291276,0.100096,0.031949,0.199584,0.898676
goal_change_shift,shelf_retrieval,object_removed,8,0.62,0.252525,0.630675,0.23296,0.113326,0.291276,0.100096,0.031949,0.199584,0.886092
goal_change_shift,shelf_retrieval,object_removed,9,0.62,0.252525,0.630675,0.23296,0.113326,0.291276,0.100096,0.031949,0.199584,0.896869
goal_change_shift,shelf_retrieval,human_temporary_obstruction,0,0.62,0.549613,0.127552,0.14976,0.064758,0.361584,0.538016,0.146964,0.145152,0.875204
goal_change_shift,shelf_retrieval,human_temporary_obstruction,1,0.62,0.549613,0.127552,0.14976,0.064758,0.361584,0.538016,0.146964,0.145152,0.883592
goal_change_shift,shelf_retrieval,human_temporary_obstruction,2,0.62,0.549613,0.127552,0.14976,0.064758,0.361584,0.538016,0.146964,0.145152,0.887511
goal_change_shift,shelf_retrieval,human_temporary_obstruction,3,0.62,0.549613,0.127552,0.14976,0.064758,0.361584,0.538016,0.146964,0.145152,0.898632
goal_change_shift,shelf_retrieval,human_temporary_obstruction,4,0.62,0.549613,0.127552,0.14976,0.064758,0.361584,0.538016,0.146964,0.145152,0.865505
goal_change_shift,shelf_retrieval,human_temporary_obstruction,5,0.62,0.549613,0.127552,0.14976,0.064758,0.361584,0.538016,0.146964,0.145152,0.911493
goal_change_shift,shelf_retrieval,human_temporary_obstruction,6,0.62,0.549613,0.127552,0.14976,0.064758,0.361584,0.538016,0.146964,0.145152,0.894572
goal_change_shift,shelf_retrieval,human_temporary_obstruction,7,0.62,0.549613,0.127552,0.14976,0.064758,0.361584,0.538016,0.146964,0.145152,0.891853
goal_change_shift,shelf_retrieval,human_temporary_obstruction,8,0.62,0.549613,0.127552,0.14976,0.064758,0.361584,0.538016,0.146964,0.145152,0.892049
goal_change_shift,shelf_retrieval,human_temporary_obstruction,9,0.62,0.549613,0.127552,0.14976,0.064758,0.361584,0.538016,0.146964,0.145152,0.867953
goal_change_shift,shelf_retrieval,goal_specification_changed,0,0.62,0.207962,0.538554,0.3328,0.18348,0.241056,0.112608,0.054313,0.798336,0.883835
goal_change_shift,shelf_retrieval,goal_specification_changed,1,0.62,0.207962,0.538554,0.3328,0.18348,0.241056,0.112608,0.054313,0.798336,0.894088
goal_change_shift,shelf_retrieval,goal_specification_changed,2,0.62,0.207962,0.538554,0.3328,0.18348,0.241056,0.112608,0.054313,0.798336,0.886077
goal_change_shift,shelf_retrieval,goal_specification_changed,3,0.62,0.207962,0.538554,0.3328,0.18348,0.241056,0.112608,0.054313,0.798336,0.885907
goal_change_shift,shelf_retrieval,goal_specification_changed,4,0.62,0.207962,0.538554,0.3328,0.18348,0.241056,0.112608,0.054313,0.798336,0.869018
goal_change_shift,shelf_retrieval,goal_specification_changed,5,0.62,0.207962,0.538554,0.3328,0.18348,0.241056,0.112608,0.054313,0.798336,0.889052
goal_change_shift,shelf_retrieval,goal_specification_changed,6,0.62,0.207962,0.538554,0.3328,0.18348,0.241056,0.112608,0.054313,0.798336,0.8648
goal_change_shift,shelf_retrieval,goal_specification_changed,7,0.62,0.207962,0.538554,0.3328,0.18348,0.241056,0.112608,0.054313,0.798336,0.887658
goal_change_shift,shelf_retrieval,goal_specification_changed,8,0.62,0.207962,0.538554,0.3328,0.18348,0.241056,0.112608,0.054313,0.798336,0.875064
goal_change_shift,shelf_retrieval,goal_specification_changed,9,0.62,0.207962,0.538554,0.3328,0.18348,0.241056,0.112608,0.054313,0.798336,0.876308
goal_change_shift,shelf_retrieval,substitute_goal_available,0,0.62,0.311942,0.439347,0.29952,0.242842,0.20088,0.18768,0.044728,0.399168,0.892506
goal_change_shift,shelf_retrieval,substitute_goal_available,1,0.62,0.311942,0.439347,0.29952,0.242842,0.20088,0.18768,0.044728,0.399168,0.882629
goal_change_shift,shelf_retrieval,substitute_goal_available,2,0.62,0.311942,0.439347,0.29952,0.242842,0.20088,0.18768,0.044728,0.399168,0.863079
goal_change_shift,shelf_retrieval,substitute_goal_available,3,0.62,0.311942,0.439347,0.29952,0.242842,0.20088,0.18768,0.044728,0.399168,0.860233
goal_change_shift,shelf_retrieval,substitute_goal_available,4,0.62,0.311942,0.439347,0.29952,0.242842,0.20088,0.18768,0.044728,0.399168,0.89438
goal_change_shift,shelf_retrieval,substitute_goal_available,5,0.62,0.311942,0.439347,0.29952,0.242842,0.20088,0.18768,0.044728,0.399168,0.879018
goal_change_shift,shelf_retrieval,substitute_goal_available,6,0.62,0.311942,0.439347,0.29952,0.242842,0.20088,0.18768,0.044728,0.399168,0.867679
goal_change_shift,shelf_retrieval,substitute_goal_available,7,0.62,0.311942,0.439347,0.29952,0.242842,0.20088,0.18768,0.044728,0.399168,0.879968
goal_change_shift,shelf_retrieval,substitute_goal_available,8,0.62,0.311942,0.439347,0.29952,0.242842,0.20088,0.18768,0.044728,0.399168,0.878793
goal_change_shift,shelf_retrieval,substitute_goal_available,9,0.62,0.311942,0.439347,0.29952,0.242842,0.20088,0.18768,0.044728,0.399168,0.868615
goal_change_shift,shelf_retrieval,delayed_reappearance,0,0.62,0.594176,0.184242,0.3328,0.097137,0.2511,0.450432,0.060703,0.254016,0.882275
goal_change_shift,shelf_retrieval,delayed_reappearance,1,0.62,0.594176,0.184242,0.3328,0.097137,0.2511,0.450432,0.060703,0.254016,0.87696
goal_change_shift,shelf_retrieval,delayed_reappearance,2,0.62,0.594176,0.184242,0.3328,0.097137,0.2511,0.450432,0.060703,0.254016,0.891815
goal_change_shift,shelf_retrieval,delayed_reappearance,3,0.62,0.594176,0.184242,0.3328,0.097137,0.2511,0.450432,0.060703,0.254016,0.872505
goal_change_shift,shelf_retrieval,delayed_reappearance,4,0.62,0.594176,0.184242,0.3328,0.097137,0.2511,0.450432,0.060703,0.254016,0.886153
goal_change_shift,shelf_retrieval,delayed_reappearance,5,0.62,0.594176,0.184242,0.3328,0.097137,0.2511,0.450432,0.060703,0.254016,0.878176
goal_change_shift,shelf_retrieval,delayed_reappearance,6,0.62,0.594176,0.184242,0.3328,0.097137,0.2511,0.450432,0.060703,0.254016,0.878158
goal_change_shift,shelf_retrieval,delayed_reappearance,7,0.62,0.594176,0.184242,0.3328,0.097137,0.2511,0.450432,0.060703,0.254016,0.883598
goal_change_shift,shelf_retrieval,delayed_reappearance,8,0.62,0.594176,0.184242,0.3328,0.097137,0.2511,0.450432,0.060703,0.254016,0.867062
goal_change_shift,shelf_retrieval,delayed_reappearance,9,0.62,0.594176,0.184242,0.3328,0.097137,0.2511,0.450432,0.060703,0.254016,0.895258
goal_change_shift,shelf_retrieval,cascading_disappearing_goal,0,0.62,0.623885,0.595244,0.64896,0.19967,0.431892,0.275264,0.102236,0.598752,0.86665
goal_change_shift,shelf_retrieval,cascading_disappearing_goal,1,0.62,0.623885,0.595244,0.64896,0.19967,0.431892,0.275264,0.102236,0.598752,0.868964
goal_change_shift,shelf_retrieval,cascading_disappearing_goal,2,0.62,0.623885,0.595244,0.64896,0.19967,0.431892,0.275264,0.102236,0.598752,0.87824
goal_change_shift,shelf_retrieval,cascading_disappearing_goal,3,0.62,0.623885,0.595244,0.64896,0.19967,0.431892,0.275264,0.102236,0.598752,0.890033
goal_change_shift,shelf_retrieval,cascading_disappearing_goal,4,0.62,0.623885,0.595244,0.64896,0.19967,0.431892,0.275264,0.102236,0.598752,0.864782
goal_change_shift,shelf_retrieval,cascading_disappearing_goal,5,0.62,0.623885,0.595244,0.64896,0.19967,0.431892,0.275264,0.102236,0.598752,0.868742
goal_change_shift,shelf_retrieval,cascading_disappearing_goal,6,0.62,0.623885,0.595244,0.64896,0.19967,0.431892,0.275264,0.102236,0.598752,0.864403
goal_change_shift,shelf_retrieval,cascading_disappearing_goal,7,0.62,0.623885,0.595244,0.64896,0.19967,0.431892,0.275264,0.102236,0.598752,0.87817
goal_change_shift,shelf_retrieval,cascading_disappearing_goal,8,0.62,0.623885,0.595244,0.64896,0.19967,0.431892,0.275264,0.102236,0.598752,0.863859
goal_change_shift,shelf_retrieval,cascading_disappearing_goal,9,0.62,0.623885,0.595244,0.64896,0.19967,0.431892,0.275264,0.102236,0.598752,0.87268
goal_change_shift,drawer_placement,visual_occlusion,0,0.62,0.60903,0.062657,0.11648,0.066662,0.13608,0.50048,0.041779,0.072576,0.858471
goal_change_shift,drawer_placement,visual_occlusion,1,0.62,0.60903,0.062657,0.11648,0.066662,0.13608,0.50048,0.041779,0.072576,0.905727
goal_change_shift,drawer_placement,visual_occlusion,2,0.62,0.60903,0.062657,0.11648,0.066662,0.13608,0.50048,0.041779,0.072576,0.882118
goal_change_shift,drawer_placement,visual_occlusion,3,0.62,0.60903,0.062657,0.11648,0.066662,0.13608,0.50048,0.041779,0.072576,0.896195
goal_change_shift,drawer_placement,visual_occlusion,4,0.62,0.60903,0.062657,0.11648,0.066662,0.13608,0.50048,0.041779,0.072576,0.891263
goal_change_shift,drawer_placement,visual_occlusion,5,0.62,0.60903,0.062657,0.11648,0.066662,0.13608,0.50048,0.041779,0.072576,0.886407
goal_change_shift,drawer_placement,visual_occlusion,6,0.62,0.60903,0.062657,0.11648,0.066662,0.13608,0.50048,0.041779,0.072576,0.875886
goal_change_shift,drawer_placement,visual_occlusion,7,0.62,0.60903,0.062657,0.11648,0.066662,0.13608,0.50048,0.041779,0.072576,0.865228
goal_change_shift,drawer_placement,visual_occlusion,8,0.62,0.60903,0.062657,0.11648,0.066662,0.13608,0.50048,0.041779,0.072576,0.868755
goal_change_shift,drawer_placement,visual_occlusion,9,0.62,0.60903,0.062657,0.11648,0.066662,0.13608,0.50048,0.041779,0.072576,0.873103
goal_change_shift,drawer_placement,object_moved,0,0.62,0.290674,0.2193,0.69888,0.113326,0.25515,0.237728,0.037601,0.13608,0.881797
goal_change_shift,drawer_placement,object_moved,1,0.62,0.290674,0.2193,0.69888,0.113326,0.25515,0.237728,0.037601,0.13608,0.880375
goal_change_shift,drawer_placement,object_moved,2,0.62,0.290674,0.2193,0.69888,0.113326,0.25515,0.237728,0.037601,0.13608,0.88351
goal_change_shift,drawer_placement,object_moved,3,0.62,0.290674,0.2193,0.69888,0.113326,0.25515,0.237728,0.037601,0.13608,0.892706
goal_change_shift,drawer_placement,object_moved,4,0.62,0.290674,0.2193,0.69888,0.113326,0.25515,0.237728,0.037601,0.13608,0.888899
goal_change_shift,drawer_placement,object_moved,5,0.62,0.290674,0.2193,0.69888,0.113326,0.25515,0.237728,0.037601,0.13608,0.884682
goal_change_shift,drawer_placement,object_moved,6,0.62,0.290674,0.2193,0.69888,0.113326,0.25515,0.237728,0.037601,0.13608,0.89541
goal_change_shift,drawer_placement,object_moved,7,0.62,0.290674,0.2193,0.69888,0.113326,0.25515,0.237728,0.037601,0.13608,0.885184
goal_change_shift,drawer_placement,object_moved,8,0.62,0.290674,0.2193,0.69888,0.113326,0.25515,0.237728,0.037601,0.13608,0.86993
goal_change_shift,drawer_placement,object_moved,9,0.62,0.290674,0.2193,0.69888,0.113326,0.25515,0.237728,0.037601,0.13608,0.863252
goal_change_shift,drawer_placement,object_removed,0,0.62,0.235307,0.697062,0.23296,0.139991,0.32886,0.100096,0.041779,0.199584,0.869598
goal_change_shift,drawer_placement,object_removed,1,0.62,0.235307,0.697062,0.23296,0.139991,0.32886,0.100096,0.041779,0.199584,0.868941
goal_change_shift,drawer_placement,object_removed,2,0.62,0.235307,0.697062,0.23296,0.139991,0.32886,0.100096,0.041779,0.199584,0.869563
goal_change_shift,drawer_placement,object_removed,3,0.62,0.235307,0.697062,0.23296,0.139991,0.32886,0.100096,0.041779,0.199584,0.885331
goal_change_shift,drawer_placement,object_removed,4,0.62,0.235307,0.697062,0.23296,0.139991,0.32886,0.100096,0.041779,0.199584,0.879601
goal_change_shift,drawer_placement,object_removed,5,0.62,0.235307,0.697062,0.23296,0.139991,0.32886,0.100096,0.041779,0.199584,0.867028
goal_change_shift,drawer_placement,object_removed,6,0.62,0.235307,0.697062,0.23296,0.139991,0.32886,0.100096,0.041779,0.199584,0.867452
goal_change_shift,drawer_placement,object_removed,7,0.62,0.235307,0.697062,0.23296,0.139991,0.32886,0.100096,0.041779,0.199584,0.878748
goal_change_shift,drawer_placement,object_removed,8,0.62,0.235307,0.697062,0.23296,0.139991,0.32886,0.100096,0.041779,0.199584,0.876077
goal_change_shift,drawer_placement,object_removed,9,0.62,0.235307,0.697062,0.23296,0.139991,0.32886,0.100096,0.041779,0.199584,0.883484
goal_change_shift,drawer_placement,human_temporary_obstruction,0,0.62,0.512139,0.140979,0.14976,0.079995,0.40824,0.538016,0.192184,0.145152,0.863484
goal_change_shift,drawer_placement,human_temporary_obstruction,1,0.62,0.512139,0.140979,0.14976,0.079995,0.40824,0.538016,0.192184,0.145152,0.866973
goal_change_shift,drawer_placement,human_temporary_obstruction,2,0.62,0.512139,0.140979,0.14976,0.079995,0.40824,0.538016,0.192184,0.145152,0.866168
goal_change_shift,drawer_placement,human_temporary_obstruction,3,0.62,0.512139,0.140979,0.14976,0.079995,0.40824,0.538016,0.192184,0.145152,0.881284
goal_change_shift,drawer_placement,human_temporary_obstruction,4,0.62,0.512139,0.140979,0.14976,0.079995,0.40824,0.538016,0.192184,0.145152,0.881522
goal_change_shift,drawer_placement,human_temporary_obstruction,5,0.62,0.512139,0.140979,0.14976,0.079995,0.40824,0.538016,0.192184,0.145152,0.881987
goal_change_shift,drawer_placement,human_temporary_obstruction,6,0.62,0.512139,0.140979,0.14976,0.079995,0.40824,0.538016,0.192184,0.145152,0.873839
goal_change_shift,drawer_placement,human_temporary_obstruction,7,0.62,0.512139,0.140979,0.14976,0.079995,0.40824,0.538016,0.192184,0.145152,0.860815
goal_change_shift,drawer_placement,human_temporary_obstruction,8,0.62,0.512139,0.140979,0.14976,0.079995,0.40824,0.538016,0.192184,0.145152,0.879687
goal_change_shift,drawer_placement,human_temporary_obstruction,9,0.62,0.512139,0.140979,0.14976,0.079995,0.40824,0.538016,0.192184,0.145152,0.888885
goal_change_shift,drawer_placement,goal_specification_changed,0,0.62,0.193782,0.595244,0.3328,0.226652,0.27216,0.112608,0.071025,0.798336,0.875135
goal_change_shift,drawer_placement,goal_specification_changed,1,0.62,0.193782,0.595244,0.3328,0.226652,0.27216,0.112608,0.071025,0.798336,0.862624
goal_change_shift,drawer_placement,goal_specification_changed,2,0.62,0.193782,0.595244,0.3328,0.226652,0.27216,0.112608,0.071025,0.798336,0.868274
goal_change_shift,drawer_placement,goal_specification_changed,3,0.62,0.193782,0.595244,0.3328,0.226652,0.27216,0.112608,0.071025,0.798336,0.882032
goal_change_shift,drawer_placement,goal_specification_changed,4,0.62,0.193782,0.595244,0.3328,0.226652,0.27216,0.112608,0.071025,0.798336,0.875501
goal_change_shift,drawer_placement,goal_specification_changed,5,0.62,0.193782,0.595244,0.3328,0.226652,0.27216,0.112608,0.071025,0.798336,0.877628
goal_change_shift,drawer_placement,goal_specification_changed,6,0.62,0.193782,0.595244,0.3328,0.226652,0.27216,0.112608,0.071025,0.798336,0.876121
goal_change_shift,drawer_placement,goal_specification_changed,7,0.62,0.193782,0.595244,0.3328,0.226652,0.27216,0.112608,0.071025,0.798336,0.879801
goal_change_shift,drawer_placement,goal_specification_changed,8,0.62,0.193782,0.595244,0.3328,0.226652,0.27216,0.112608,0.071025,0.798336,0.878833
goal_change_shift,drawer_placement,goal_specification_changed,9,0.62,0.193782,0.595244,0.3328,0.226652,0.27216,0.112608,0.071025,0.798336,0.861956
goal_change_shift,drawer_placement,substitute_goal_available,0,0.62,0.290674,0.485594,0.29952,0.299981,0.2268,0.18768,0.058491,0.399168,0.878915
goal_change_shift,drawer_placement,substitute_goal_available,1,0.62,0.290674,0.485594,0.29952,0.299981,0.2268,0.18768,0.058491,0.399168,0.879145
goal_change_shift,drawer_placement,substitute_goal_available,2,0.62,0.290674,0.485594,0.29952,0.299981,0.2268,0.18768,0.058491,0.399168,0.87866
goal_change_shift,drawer_placement,substitute_goal_available,3,0.62,0.290674,0.485594,0.29952,0.299981,0.2268,0.18768,0.058491,0.399168,0.863159
goal_change_shift,drawer_placement,substitute_goal_available,4,0.62,0.290674,0.485594,0.29952,0.299981,0.2268,0.18768,0.058491,0.399168,0.871536
goal_change_shift,drawer_placement,substitute_goal_available,5,0.62,0.290674,0.485594,0.29952,0.299981,0.2268,0.18768,0.058491,0.399168,0.886051
goal_change_shift,drawer_placement,substitute_goal_available,6,0.62,0.290674,0.485594,0.29952,0.299981,0.2268,0.18768,0.058491,0.399168,0.861919
goal_change_shift,drawer_placement,substitute_goal_available,7,0.62,0.290674,0.485594,0.29952,0.299981,0.2268,0.18768,0.058491,0.399168,0.870621
goal_change_shift,drawer_placement,substitute_goal_available,8,0.62,0.290674,0.485594,0.29952,0.299981,0.2268,0.18768,0.058491,0.399168,0.890325
goal_change_shift,drawer_placement,substitute_goal_available,9,0.62,0.290674,0.485594,0.29952,0.299981,0.2268,0.18768,0.058491,0.399168,0.861703
goal_change_shift,drawer_placement,delayed_reappearance,0,0.62,0.553664,0.203636,0.3328,0.119992,0.2835,0.450432,0.07938,0.254016,0.87909
goal_change_shift,drawer_placement,delayed_reappearance,1,0.62,0.553664,0.203636,0.3328,0.119992,0.2835,0.450432,0.07938,0.254016,0.888708
goal_change_shift,drawer_placement,delayed_reappearance,2,0.62,0.553664,0.203636,0.3328,0.119992,0.2835,0.450432,0.07938,0.254016,0.865965
goal_change_shift,drawer_placement,delayed_reappearance,3,0.62,0.553664,0.203636,0.3328,0.119992,0.2835,0.450432,0.07938,0.254016,0.886784
goal_change_shift,drawer_placement,delayed_reappearance,4,0.62,0.553664,0.203636,0.3328,0.119992,0.2835,0.450432,0.07938,0.254016,0.880544
goal_change_shift,drawer_placement,delayed_reappearance,5,0.62,0.553664,0.203636,0.3328,0.119992,0.2835,0.450432,0.07938,0.254016,0.872286
goal_change_shift,drawer_placement,delayed_reappearance,6,0.62,0.553664,0.203636,0.3328,0.119992,0.2835,0.450432,0.07938,0.254016,0.861481
goal_change_shift,drawer_placement,delayed_reappearance,7,0.62,0.553664,0.203636,0.3328,0.119992,0.2835,0.450432,0.07938,0.254016,0.88083
goal_change_shift,drawer_placement,delayed_reappearance,8,0.62,0.553664,0.203636,0.3328,0.119992,0.2835,0.450432,0.07938,0.254016,0.874829
goal_change_shift,drawer_placement,delayed_reappearance,9,0.62,0.553664,0.203636,0.3328,0.119992,0.2835,0.450432,0.07938,0.254016,0.891863
goal_change_shift,drawer_placement,cascading_disappearing_goal,0,0.62,0.581347,0.657901,0.64896,0.246651,0.48762,0.275264,0.133693,0.598752,0.859563
goal_change_shift,drawer_placement,cascading_disappearing_goal,1,0.62,0.581347,0.657901,0.64896,0.246651,0.48762,0.275264,0.133693,0.598752,0.862028
goal_change_shift,drawer_placement,cascading_disappearing_goal,2,0.62,0.581347,0.657901,0.64896,0.246651,0.48762,0.275264,0.133693,0.598752,0.867204
goal_change_shift,drawer_placement,cascading_disappearing_goal,3,0.62,0.581347,0.657901,0.64896,0.246651,0.48762,0.275264,0.133693,0.598752,0.85746
goal_change_shift,drawer_placement,cascading_disappearing_goal,4,0.62,0.581347,0.657901,0.64896,0.246651,0.48762,0.275264,0.133693,0.598752,0.874528
goal_change_shift,drawer_placement,cascading_disappearing_goal,5,0.62,0.581347,0.657901,0.64896,0.246651,0.48762,0.275264,0.133693,0.598752,0.866716
goal_change_shift,drawer_placement,cascading_disappearing_goal,6,0.62,0.581347,0.657901,0.64896,0.246651,0.48762,0.275264,0.133693,0.598752,0.85573
goal_change_shift,drawer_placement,cascading_disappearing_goal,7,0.62,0.581347,0.657901,0.64896,0.246651,0.48762,0.275264,0.133693,0.598752,0.879451
goal_change_shift,drawer_placement,cascading_disappearing_goal,8,0.62,0.581347,0.657901,0.64896,0.246651,0.48762,0.275264,0.133693,0.598752,0.86211
goal_change_shift,drawer_placement,cascading_disappearing_goal,9,0.62,0.581347,0.657901,0.64896,0.246651,0.48762,0.275264,0.133693,0.598752,0.871577
goal_change_shift,bin_sorting,visual_occlusion,0,0.62,0.55704,0.053706,0.11648,0.104755,0.10692,0.50048,0.029491,0.072576,0.886392
goal_change_shift,bin_sorting,visual_occlusion,1,0.62,0.55704,0.053706,0.11648,0.104755,0.10692,0.50048,0.029491,0.072576,0.90175
goal_change_shift,bin_sorting,visual_occlusion,2,0.62,0.55704,0.053706,0.11648,0.104755,0.10692,0.50048,0.029491,0.072576,0.902753
goal_change_shift,bin_sorting,visual_occlusion,3,0.62,0.55704,0.053706,0.11648,0.104755,0.10692,0.50048,0.029491,0.072576,0.873262
goal_change_shift,bin_sorting,visual_occlusion,4,0.62,0.55704,0.053706,0.11648,0.104755,0.10692,0.50048,0.029491,0.072576,0.902939
goal_change_shift,bin_sorting,visual_occlusion,5,0.62,0.55704,0.053706,0.11648,0.104755,0.10692,0.50048,0.029491,0.072576,0.890778
goal_change_shift,bin_sorting,visual_occlusion,6,0.62,0.55704,0.053706,0.11648,0.104755,0.10692,0.50048,0.029491,0.072576,0.899808
goal_change_shift,bin_sorting,visual_occlusion,7,0.62,0.55704,0.053706,0.11648,0.104755,0.10692,0.50048,0.029491,0.072576,0.892128
goal_change_shift,bin_sorting,visual_occlusion,8,0.62,0.55704,0.053706,0.11648,0.104755,0.10692,0.50048,0.029491,0.072576,0.890211
goal_change_shift,bin_sorting,visual_occlusion,9,0.62,0.55704,0.053706,0.11648,0.104755,0.10692,0.50048,0.029491,0.072576,0.895071
goal_change_shift,bin_sorting,object_moved,0,0.62,0.26586,0.187972,0.69888,0.178084,0.200475,0.237728,0.026542,0.13608,0.892381
goal_change_shift,bin_sorting,object_moved,1,0.62,0.26586,0.187972,0.69888,0.178084,0.200475,0.237728,0.026542,0.13608,0.879456
goal_change_shift,bin_sorting,object_moved,2,0.62,0.26586,0.187972,0.69888,0.178084,0.200475,0.237728,0.026542,0.13608,0.882993
goal_change_shift,bin_sorting,object_moved,3,0.62,0.26586,0.187972,0.69888,0.178084,0.200475,0.237728,0.026542,0.13608,0.875048
goal_change_shift,bin_sorting,object_moved,4,0.62,0.26586,0.187972,0.69888,0.178084,0.200475,0.237728,0.026542,0.13608,0.876867
goal_change_shift,bin_sorting,object_moved,5,0.62,0.26586,0.187972,0.69888,0.178084,0.200475,0.237728,0.026542,0.13608,0.883069
goal_change_shift,bin_sorting,object_moved,6,0.62,0.26586,0.187972,0.69888,0.178084,0.200475,0.237728,0.026542,0.13608,0.906725
goal_change_shift,bin_sorting,object_moved,7,0.62,0.26586,0.187972,0.69888,0.178084,0.200475,0.237728,0.026542,0.13608,0.886418
goal_change_shift,bin_sorting,object_moved,8,0.62,0.26586,0.187972,0.69888,0.178084,0.200475,0.237728,0.026542,0.13608,0.884385
goal_change_shift,bin_sorting,object_moved,9,0.62,0.26586,0.187972,0.69888,0.178084,0.200475,0.237728,0.026542,0.13608,0.900806
goal_change_shift,bin_sorting,object_removed,0,0.62,0.21522,0.597482,0.23296,0.219986,0.25839,0.100096,0.029491,0.199584,0.881721
goal_change_shift,bin_sorting,object_removed,1,0.62,0.21522,0.597482,0.23296,0.219986,0.25839,0.100096,0.029491,0.199584,0.900247
goal_change_shift,bin_sorting,object_removed,2,0.62,0.21522,0.597482,0.23296,0.219986,0.25839,0.100096,0.029491,0.199584,0.904608
goal_change_shift,bin_sorting,object_removed,3,0.62,0.21522,0.597482,0.23296,0.219986,0.25839,0.100096,0.029491,0.199584,0.895203
goal_change_shift,bin_sorting,object_removed,4,0.62,0.21522,0.597482,0.23296,0.219986,0.25839,0.100096,0.029491,0.199584,0.897611
goal_change_shift,bin_sorting,object_removed,5,0.62,0.21522,0.597482,0.23296,0.219986,0.25839,0.100096,0.029491,0.199584,0.878644
goal_change_shift,bin_sorting,object_removed,6,0.62,0.21522,0.597482,0.23296,0.219986,0.25839,0.100096,0.029491,0.199584,0.879981
goal_change_shift,bin_sorting,object_removed,7,0.62,0.21522,0.597482,0.23296,0.219986,0.25839,0.100096,0.029491,0.199584,0.90178
goal_change_shift,bin_sorting,object_removed,8,0.62,0.21522,0.597482,0.23296,0.219986,0.25839,0.100096,0.029491,0.199584,0.879346
goal_change_shift,bin_sorting,object_removed,9,0.62,0.21522,0.597482,0.23296,0.219986,0.25839,0.100096,0.029491,0.199584,0.87069
goal_change_shift,bin_sorting,human_temporary_obstruction,0,0.62,0.46842,0.120839,0.14976,0.125706,0.32076,0.538016,0.13566,0.145152,0.881108
goal_change_shift,bin_sorting,human_temporary_obstruction,1,0.62,0.46842,0.120839,0.14976,0.125706,0.32076,0.538016,0.13566,0.145152,0.892047
goal_change_shift,bin_sorting,human_temporary_obstruction,2,0.62,0.46842,0.120839,0.14976,0.125706,0.32076,0.538016,0.13566,0.145152,0.898064
goal_change_shift,bin_sorting,human_temporary_obstruction,3,0.62,0.46842,0.120839,0.14976,0.125706,0.32076,0.538016,0.13566,0.145152,0.879173
goal_change_shift,bin_sorting,human_temporary_obstruction,4,0.62,0.46842,0.120839,0.14976,0.125706,0.32076,0.538016,0.13566,0.145152,0.877937
goal_change_shift,bin_sorting,human_temporary_obstruction,5,0.62,0.46842,0.120839,0.14976,0.125706,0.32076,0.538016,0.13566,0.145152,0.897558
goal_change_shift,bin_sorting,human_temporary_obstruction,6,0.62,0.46842,0.120839,0.14976,0.125706,0.32076,0.538016,0.13566,0.145152,0.884719
goal_change_shift,bin_sorting,human_temporary_obstruction,7,0.62,0.46842,0.120839,0.14976,0.125706,0.32076,0.538016,0.13566,0.145152,0.908778
goal_change_shift,bin_sorting,human_temporary_obstruction,8,0.62,0.46842,0.120839,0.14976,0.125706,0.32076,0.538016,0.13566,0.145152,0.893433
goal_change_shift,bin_sorting,human_temporary_obstruction,9,0.62,0.46842,0.120839,0.14976,0.125706,0.32076,0.538016,0.13566,0.145152,0.882601
goal_change_shift,bin_sorting,goal_specification_changed,0,0.62,0.17724,0.510209,0.3328,0.356168,0.21384,0.112608,0.050135,0.798336,0.885234
goal_change_shift,bin_sorting,goal_specification_changed,1,0.62,0.17724,0.510209,0.3328,0.356168,0.21384,0.112608,0.050135,0.798336,0.888076
goal_change_shift,bin_sorting,goal_specification_changed,2,0.62,0.17724,0.510209,0.3328,0.356168,0.21384,0.112608,0.050135,0.798336,0.877217
goal_change_shift,bin_sorting,goal_specification_changed,3,0.62,0.17724,0.510209,0.3328,0.356168,0.21384,0.112608,0.050135,0.798336,0.862805
goal_change_shift,bin_sorting,goal_specification_changed,4,0.62,0.17724,0.510209,0.3328,0.356168,0.21384,0.112608,0.050135,0.798336,0.880187
goal_change_shift,bin_sorting,goal_specification_changed,5,0.62,0.17724,0.510209,0.3328,0.356168,0.21384,0.112608,0.050135,0.798336,0.878504
goal_change_shift,bin_sorting,goal_specification_changed,6,0.62,0.17724,0.510209,0.3328,0.356168,0.21384,0.112608,0.050135,0.798336,0.886478
goal_change_shift,bin_sorting,goal_specification_changed,7,0.62,0.17724,0.510209,0.3328,0.356168,0.21384,0.112608,0.050135,0.798336,0.869209
goal_change_shift,bin_sorting,goal_specification_changed,8,0.62,0.17724,0.510209,0.3328,0.356168,0.21384,0.112608,0.050135,0.798336,0.891476
goal_change_shift,bin_sorting,goal_specification_changed,9,0.62,0.17724,0.510209,0.3328,0.356168,0.21384,0.112608,0.050135,0.798336,0.887635
goal_change_shift,bin_sorting,substitute_goal_available,0,0.62,0.26586,0.416223,0.29952,0.471398,0.1782,0.18768,0.041288,0.399168,0.883525
goal_change_shift,bin_sorting,substitute_goal_available,1,0.62,0.26586,0.416223,0.29952,0.471398,0.1782,0.18768,0.041288,0.399168,0.900218
goal_change_shift,bin_sorting,substitute_goal_available,2,0.62,0.26586,0.416223,0.29952,0.471398,0.1782,0.18768,0.041288,0.399168,0.894046
goal_change_shift,bin_sorting,substitute_goal_available,3,0.62,0.26586,0.416223,0.29952,0.471398,0.1782,0.18768,0.041288,0.399168,0.875534
goal_change_shift,bin_sorting,substitute_goal_available,4,0.62,0.26586,0.416223,0.29952,0.471398,0.1782,0.18768,0.041288,0.399168,0.881651
goal_change_shift,bin_sorting,substitute_goal_available,5,0.62,0.26586,0.416223,0.29952,0.471398,0.1782,0.18768,0.041288,0.399168,0.88331
goal_change_shift,bin_sorting,substitute_goal_available,6,0.62,0.26586,0.416223,0.29952,0.471398,0.1782,0.18768,0.041288,0.399168,0.891301
goal_change_shift,bin_sorting,substitute_goal_available,7,0.62,0.26586,0.416223,0.29952,0.471398,0.1782,0.18768,0.041288,0.399168,0.882546
goal_change_shift,bin_sorting,substitute_goal_available,8,0.62,0.26586,0.416223,0.29952,0.471398,0.1782,0.18768,0.041288,0.399168,0.8587
goal_change_shift,bin_sorting,substitute_goal_available,9,0.62,0.26586,0.416223,0.29952,0.471398,0.1782,0.18768,0.041288,0.399168,0.894139
goal_change_shift,bin_sorting,delayed_reappearance,0,0.62,0.5064,0.174545,0.3328,0.188559,0.22275,0.450432,0.056033,0.254016,0.895897
goal_change_shift,bin_sorting,delayed_reappearance,1,0.62,0.5064,0.174545,0.3328,0.188559,0.22275,0.450432,0.056033,0.254016,0.895935
goal_change_shift,bin_sorting,delayed_reappearance,2,0.62,0.5064,0.174545,0.3328,0.188559,0.22275,0.450432,0.056033,0.254016,0.883738
goal_change_shift,bin_sorting,delayed_reappearance,3,0.62,0.5064,0.174545,0.3328,0.188559,0.22275,0.450432,0.056033,0.254016,0.9087
goal_change_shift,bin_sorting,delayed_reappearance,4,0.62,0.5064,0.174545,0.3328,0.188559,0.22275,0.450432,0.056033,0.254016,0.88866
goal_change_shift,bin_sorting,delayed_reappearance,5,0.62,0.5064,0.174545,0.3328,0.188559,0.22275,0.450432,0.056033,0.254016,0.882457
goal_change_shift,bin_sorting,delayed_reappearance,6,0.62,0.5064,0.174545,0.3328,0.188559,0.22275,0.450432,0.056033,0.254016,0.882953
goal_change_shift,bin_sorting,delayed_reappearance,7,0.62,0.5064,0.174545,0.3328,0.188559,0.22275,0.450432,0.056033,0.254016,0.87144
goal_change_shift,bin_sorting,delayed_reappearance,8,0.62,0.5064,0.174545,0.3328,0.188559,0.22275,0.450432,0.056033,0.254016,0.883136
goal_change_shift,bin_sorting,delayed_reappearance,9,0.62,0.5064,0.174545,0.3328,0.188559,0.22275,0.450432,0.056033,0.254016,0.89129
goal_change_shift,bin_sorting,cascading_disappearing_goal,0,0.62,0.53172,0.563916,0.64896,0.387594,0.38313,0.275264,0.094372,0.598752,0.876318
goal_change_shift,bin_sorting,cascading_disappearing_goal,1,0.62,0.53172,0.563916,0.64896,0.387594,0.38313,0.275264,0.094372,0.598752,0.868858
goal_change_shift,bin_sorting,cascading_disappearing_goal,2,0.62,0.53172,0.563916,0.64896,0.387594,0.38313,0.275264,0.094372,0.598752,0.895475
goal_change_shift,bin_sorting,cascading_disappearing_goal,3,0.62,0.53172,0.563916,0.64896,0.387594,0.38313,0.275264,0.094372,0.598752,0.868585
goal_change_shift,bin_sorting,cascading_disappearing_goal,4,0.62,0.53172,0.563916,0.64896,0.387594,0.38313,0.275264,0.094372,0.598752,0.868578
goal_change_shift,bin_sorting,cascading_disappearing_goal,5,0.62,0.53172,0.563916,0.64896,0.387594,0.38313,0.275264,0.094372,0.598752,0.864976
goal_change_shift,bin_sorting,cascading_disappearing_goal,6,0.62,0.53172,0.563916,0.64896,0.387594,0.38313,0.275264,0.094372,0.598752,0.872409
goal_change_shift,bin_sorting,cascading_disappearing_goal,7,0.62,0.53172,0.563916,0.64896,0.387594,0.38313,0.275264,0.094372,0.598752,0.885562
goal_change_shift,bin_sorting,cascading_disappearing_goal,8,0.62,0.53172,0.563916,0.64896,0.387594,0.38313,0.275264,0.094372,0.598752,0.862029
goal_change_shift,bin_sorting,cascading_disappearing_goal,9,0.62,0.53172,0.563916,0.64896,0.387594,0.38313,0.275264,0.094372,0.598752,0.868137
goal_change_shift,tool_handoff,visual_occlusion,0,0.62,0.668448,0.067879,0.11648,0.073011,0.161352,0.50048,0.090931,0.072576,0.875115
goal_change_shift,tool_handoff,visual_occlusion,1,0.62,0.668448,0.067879,0.11648,0.073011,0.161352,0.50048,0.090931,0.072576,0.879718
goal_change_shift,tool_handoff,visual_occlusion,2,0.62,0.668448,0.067879,0.11648,0.073011,0.161352,0.50048,0.090931,0.072576,0.8742
goal_change_shift,tool_handoff,visual_occlusion,3,0.62,0.668448,0.067879,0.11648,0.073011,0.161352,0.50048,0.090931,0.072576,0.879011
goal_change_shift,tool_handoff,visual_occlusion,4,0.62,0.668448,0.067879,0.11648,0.073011,0.161352,0.50048,0.090931,0.072576,0.875052
goal_change_shift,tool_handoff,visual_occlusion,5,0.62,0.668448,0.067879,0.11648,0.073011,0.161352,0.50048,0.090931,0.072576,0.876471
goal_change_shift,tool_handoff,visual_occlusion,6,0.62,0.668448,0.067879,0.11648,0.073011,0.161352,0.50048,0.090931,0.072576,0.871473
goal_change_shift,tool_handoff,visual_occlusion,7,0.62,0.668448,0.067879,0.11648,0.073011,0.161352,0.50048,0.090931,0.072576,0.874674
goal_change_shift,tool_handoff,visual_occlusion,8,0.62,0.668448,0.067879,0.11648,0.073011,0.161352,0.50048,0.090931,0.072576,0.866961
goal_change_shift,tool_handoff,visual_occlusion,9,0.62,0.668448,0.067879,0.11648,0.073011,0.161352,0.50048,0.090931,0.072576,0.882341
goal_change_shift,tool_handoff,object_moved,0,0.62,0.319032,0.237576,0.69888,0.124119,0.302535,0.237728,0.081838,0.13608,0.871595
goal_change_shift,tool_handoff,object_moved,1,0.62,0.319032,0.237576,0.69888,0.124119,0.302535,0.237728,0.081838,0.13608,0.87153
goal_change_shift,tool_handoff,object_moved,2,0.62,0.319032,0.237576,0.69888,0.124119,0.302535,0.237728,0.081838,0.13608,0.856517
goal_change_shift,tool_handoff,object_moved,3,0.62,0.319032,0.237576,0.69888,0.124119,0.302535,0.237728,0.081838,0.13608,0.875614
goal_change_shift,tool_handoff,object_moved,4,0.62,0.319032,0.237576,0.69888,0.124119,0.302535,0.237728,0.081838,0.13608,0.852118
goal_change_shift,tool_handoff,object_moved,5,0.62,0.319032,0.237576,0.69888,0.124119,0.302535,0.237728,0.081838,0.13608,0.850201
goal_change_shift,tool_handoff,object_moved,6,0.62,0.319032,0.237576,0.69888,0.124119,0.302535,0.237728,0.081838,0.13608,0.870905
goal_change_shift,tool_handoff,object_moved,7,0.62,0.319032,0.237576,0.69888,0.124119,0.302535,0.237728,0.081838,0.13608,0.881566
goal_change_shift,tool_handoff,object_moved,8,0.62,0.319032,0.237576,0.69888,0.124119,0.302535,0.237728,0.081838,0.13608,0.880704
goal_change_shift,tool_handoff,object_moved,9,0.62,0.319032,0.237576,0.69888,0.124119,0.302535,0.237728,0.081838,0.13608,0.858821
goal_change_shift,tool_handoff,object_removed,0,0.62,0.258264,0.755151,0.23296,0.153324,0.389934,0.100096,0.090931,0.199584,0.88663
goal_change_shift,tool_handoff,object_removed,1,0.62,0.258264,0.755151,0.23296,0.153324,0.389934,0.100096,0.090931,0.199584,0.86785
goal_change_shift,tool_handoff,object_removed,2,0.62,0.258264,0.755151,0.23296,0.153324,0.389934,0.100096,0.090931,0.199584,0.875118
goal_change_shift,tool_handoff,object_removed,3,0.62,0.258264,0.755151,0.23296,0.153324,0.389934,0.100096,0.090931,0.199584,0.872711
goal_change_shift,tool_handoff,object_removed,4,0.62,0.258264,0.755151,0.23296,0.153324,0.389934,0.100096,0.090931,0.199584,0.862838
goal_change_shift,tool_handoff,object_removed,5,0.62,0.258264,0.755151,0.23296,0.153324,0.389934,0.100096,0.090931,0.199584,0.868472
goal_change_shift,tool_handoff,object_removed,6,0.62,0.258264,0.755151,0.23296,0.153324,0.389934,0.100096,0.090931,0.199584,0.852858
goal_change_shift,tool_handoff,object_removed,7,0.62,0.258264,0.755151,0.23296,0.153324,0.389934,0.100096,0.090931,0.199584,0.879139
goal_change_shift,tool_handoff,object_removed,8,0.62,0.258264,0.755151,0.23296,0.153324,0.389934,0.100096,0.090931,0.199584,0.870824
goal_change_shift,tool_handoff,object_removed,9,0.62,0.258264,0.755151,0.23296,0.153324,0.389934,0.100096,0.090931,0.199584,0.850506
goal_change_shift,tool_handoff,human_temporary_obstruction,0,0.62,0.562104,0.152727,0.14976,0.087613,0.484056,0.538016,0.418284,0.145152,0.870183
goal_change_shift,tool_handoff,human_temporary_obstruction,1,0.62,0.562104,0.152727,0.14976,0.087613,0.484056,0.538016,0.418284,0.145152,0.882047
goal_change_shift,tool_handoff,human_temporary_obstruction,2,0.62,0.562104,0.152727,0.14976,0.087613,0.484056,0.538016,0.418284,0.145152,0.862133
goal_change_shift,tool_handoff,human_temporary_obstruction,3,0.62,0.562104,0.152727,0.14976,0.087613,0.484056,0.538016,0.418284,0.145152,0.849919
goal_change_shift,tool_handoff,human_temporary_obstruction,4,0.62,0.562104,0.152727,0.14976,0.087613,0.484056,0.538016,0.418284,0.145152,0.861601
goal_change_shift,tool_handoff,human_temporary_obstruction,5,0.62,0.562104,0.152727,0.14976,0.087613,0.484056,0.538016,0.418284,0.145152,0.868233
goal_change_shift,tool_handoff,human_temporary_obstruction,6,0.62,0.562104,0.152727,0.14976,0.087613,0.484056,0.538016,0.418284,0.145152,0.879177
goal_change_shift,tool_handoff,human_temporary_obstruction,7,0.62,0.562104,0.152727,0.14976,0.087613,0.484056,0.538016,0.418284,0.145152,0.861118
goal_change_shift,tool_handoff,human_temporary_obstruction,8,0.62,0.562104,0.152727,0.14976,0.087613,0.484056,0.538016,0.418284,0.145152,0.87465
goal_change_shift,tool_handoff,human_temporary_obstruction,9,0.62,0.562104,0.152727,0.14976,0.087613,0.484056,0.538016,0.418284,0.145152,0.885409
goal_change_shift,tool_handoff,goal_specification_changed,0,0.62,0.212688,0.644848,0.3328,0.248238,0.322704,0.112608,0.154583,0.798336,0.854302
goal_change_shift,tool_handoff,goal_specification_changed,1,0.62,0.212688,0.644848,0.3328,0.248238,0.322704,0.112608,0.154583,0.798336,0.842188
goal_change_shift,tool_handoff,goal_specification_changed,2,0.62,0.212688,0.644848,0.3328,0.248238,0.322704,0.112608,0.154583,0.798336,0.876718
goal_change_shift,tool_handoff,goal_specification_changed,3,0.62,0.212688,0.644848,0.3328,0.248238,0.322704,0.112608,0.154583,0.798336,0.864563
goal_change_shift,tool_handoff,goal_specification_changed,4,0.62,0.212688,0.644848,0.3328,0.248238,0.322704,0.112608,0.154583,0.798336,0.853244
goal_change_shift,tool_handoff,goal_specification_changed,5,0.62,0.212688,0.644848,0.3328,0.248238,0.322704,0.112608,0.154583,0.798336,0.842377
goal_change_shift,tool_handoff,goal_specification_changed,6,0.62,0.212688,0.644848,0.3328,0.248238,0.322704,0.112608,0.154583,0.798336,0.868234
goal_change_shift,tool_handoff,goal_specification_changed,7,0.62,0.212688,0.644848,0.3328,0.248238,0.322704,0.112608,0.154583,0.798336,0.873554
goal_change_shift,tool_handoff,goal_specification_changed,8,0.62,0.212688,0.644848,0.3328,0.248238,0.322704,0.112608,0.154583,0.798336,0.853617
goal_change_shift,tool_handoff,goal_specification_changed,9,0.62,0.212688,0.644848,0.3328,0.248238,0.322704,0.112608,0.154583,0.798336,0.863156
goal_change_shift,tool_handoff,substitute_goal_available,0,0.62,0.319032,0.52606,0.29952,0.32855,0.26892,0.18768,0.127304,0.399168,0.873327
goal_change_shift,tool_handoff,substitute_goal_available,1,0.62,0.319032,0.52606,0.29952,0.32855,0.26892,0.18768,0.127304,0.399168,0.868601
goal_change_shift,tool_handoff,substitute_goal_available,2,0.62,0.319032,0.52606,0.29952,0.32855,0.26892,0.18768,0.127304,0.399168,0.860003
goal_change_shift,tool_handoff,substitute_goal_available,3,0.62,0.319032,0.52606,0.29952,0.32855,0.26892,0.18768,0.127304,0.399168,0.855605
goal_change_shift,tool_handoff,substitute_goal_available,4,0.62,0.319032,0.52606,0.29952,0.32855,0.26892,0.18768,0.127304,0.399168,0.870609
goal_change_shift,tool_handoff,substitute_goal_available,5,0.62,0.319032,0.52606,0.29952,0.32855,0.26892,0.18768,0.127304,0.399168,0.87718
goal_change_shift,tool_handoff,substitute_goal_available,6,0.62,0.319032,0.52606,0.29952,0.32855,0.26892,0.18768,0.127304,0.399168,0.868011
goal_change_shift,tool_handoff,substitute_goal_available,7,0.62,0.319032,0.52606,0.29952,0.32855,0.26892,0.18768,0.127304,0.399168,0.851341
goal_change_shift,tool_handoff,substitute_goal_available,8,0.62,0.319032,0.52606,0.29952,0.32855,0.26892,0.18768,0.127304,0.399168,0.853652
goal_change_shift,tool_handoff,substitute_goal_available,9,0.62,0.319032,0.52606,0.29952,0.32855,0.26892,0.18768,0.127304,0.399168,0.864336
goal_change_shift,tool_handoff,delayed_reappearance,0,0.62,0.60768,0.220606,0.3328,0.13142,0.33615,0.450432,0.172769,0.254016,0.843236
goal_change_shift,tool_handoff,delayed_reappearance,1,0.62,0.60768,0.220606,0.3328,0.13142,0.33615,0.450432,0.172769,0.254016,0.873347
goal_change_shift,tool_handoff,delayed_reappearance,2,0.62,0.60768,0.220606,0.3328,0.13142,0.33615,0.450432,0.172769,0.254016,0.862504
goal_change_shift,tool_handoff,delayed_reappearance,3,0.62,0.60768,0.220606,0.3328,0.13142,0.33615,0.450432,0.172769,0.254016,0.862062
goal_change_shift,tool_handoff,delayed_reappearance,4,0.62,0.60768,0.220606,0.3328,0.13142,0.33615,0.450432,0.172769,0.254016,0.859464
goal_change_shift,tool_handoff,delayed_reappearance,5,0.62,0.60768,0.220606,0.3328,0.13142,0.33615,0.450432,0.172769,0.254016,0.849676
goal_change_shift,tool_handoff,delayed_reappearance,6,0.62,0.60768,0.220606,0.3328,0.13142,0.33615,0.450432,0.172769,0.254016,0.880324
goal_change_shift,tool_handoff,delayed_reappearance,7,0.62,0.60768,0.220606,0.3328,0.13142,0.33615,0.450432,0.172769,0.254016,0.859574
goal_change_shift,tool_handoff,delayed_reappearance,8,0.62,0.60768,0.220606,0.3328,0.13142,0.33615,0.450432,0.172769,0.254016,0.860955
goal_change_shift,tool_handoff,delayed_reappearance,9,0.62,0.60768,0.220606,0.3328,0.13142,0.33615,0.450432,0.172769,0.254016,0.870881
goal_change_shift,tool_handoff,cascading_disappearing_goal,0,0.62,0.638064,0.712727,0.64896,0.270141,0.578178,0.275264,0.29098,0.598752,0.845109
goal_change_shift,tool_handoff,cascading_disappearing_goal,1,0.62,0.638064,0.712727,0.64896,0.270141,0.578178,0.275264,0.29098,0.598752,0.842715
goal_change_shift,tool_handoff,cascading_disappearing_goal,2,0.62,0.638064,0.712727,0.64896,0.270141,0.578178,0.275264,0.29098,0.598752,0.847846
goal_change_shift,tool_handoff,cascading_disappearing_goal,3,0.62,0.638064,0.712727,0.64896,0.270141,0.578178,0.275264,0.29098,0.598752,0.876542
goal_change_shift,tool_handoff,cascading_disappearing_goal,4,0.62,0.638064,0.712727,0.64896,0.270141,0.578178,0.275264,0.29098,0.598752,0.838026
goal_change_shift,tool_handoff,cascading_disappearing_goal,5,0.62,0.638064,0.712727,0.64896,0.270141,0.578178,0.275264,0.29098,0.598752,0.85511
goal_change_shift,tool_handoff,cascading_disappearing_goal,6,0.62,0.638064,0.712727,0.64896,0.270141,0.578178,0.275264,0.29098,0.598752,0.848856
goal_change_shift,tool_handoff,cascading_disappearing_goal,7,0.62,0.638064,0.712727,0.64896,0.270141,0.578178,0.275264,0.29098,0.598752,0.847224
goal_change_shift,tool_handoff,cascading_disappearing_goal,8,0.62,0.638064,0.712727,0.64896,0.270141,0.578178,0.275264,0.29098,0.598752,0.842343
goal_change_shift,tool_handoff,cascading_disappearing_goal,9,0.62,0.638064,0.712727,0.64896,0.270141,0.578178,0.275264,0.29098,0.598752,0.869001
goal_change_shift,mobile_pick_and_place,visual_occlusion,0,0.62,0.638739,0.059674,0.11648,0.07936,0.147744,0.50048,0.05161,0.072576,0.880758
goal_change_shift,mobile_pick_and_place,visual_occlusion,1,0.62,0.638739,0.059674,0.11648,0.07936,0.147744,0.50048,0.05161,0.072576,0.878299
goal_change_shift,mobile_pick_and_place,visual_occlusion,2,0.62,0.638739,0.059674,0.11648,0.07936,0.147744,0.50048,0.05161,0.072576,0.880965
goal_change_shift,mobile_pick_and_place,visual_occlusion,3,0.62,0.638739,0.059674,0.11648,0.07936,0.147744,0.50048,0.05161,0.072576,0.895654
goal_change_shift,mobile_pick_and_place,visual_occlusion,4,0.62,0.638739,0.059674,0.11648,0.07936,0.147744,0.50048,0.05161,0.072576,0.881179
goal_change_shift,mobile_pick_and_place,visual_occlusion,5,0.62,0.638739,0.059674,0.11648,0.07936,0.147744,0.50048,0.05161,0.072576,0.868395
goal_change_shift,mobile_pick_and_place,visual_occlusion,6,0.62,0.638739,0.059674,0.11648,0.07936,0.147744,0.50048,0.05161,0.072576,0.879979
goal_change_shift,mobile_pick_and_place,visual_occlusion,7,0.62,0.638739,0.059674,0.11648,0.07936,0.147744,0.50048,0.05161,0.072576,0.893452
goal_change_shift,mobile_pick_and_place,visual_occlusion,8,0.62,0.638739,0.059674,0.11648,0.07936,0.147744,0.50048,0.05161,0.072576,0.876914
goal_change_shift,mobile_pick_and_place,visual_occlusion,9,0.62,0.638739,0.059674,0.11648,0.07936,0.147744,0.50048,0.05161,0.072576,0.854668
goal_change_shift,mobile_pick_and_place,object_moved,0,0.62,0.304853,0.208858,0.69888,0.134912,0.27702,0.237728,0.046449,0.13608,0.880385
goal_change_shift,mobile_pick_and_place,object_moved,1,0.62,0.304853,0.208858,0.69888,0.134912,0.27702,0.237728,0.046449,0.13608,0.892719
goal_change_shift,mobile_pick_and_place,object_moved,2,0.62,0.304853,0.208858,0.69888,0.134912,0.27702,0.237728,0.046449,0.13608,0.884915
goal_change_shift,mobile_pick_and_place,object_moved,3,0.62,0.304853,0.208858,0.69888,0.134912,0.27702,0.237728,0.046449,0.13608,0.865485
goal_change_shift,mobile_pick_and_place,object_moved,4,0.62,0.304853,0.208858,0.69888,0.134912,0.27702,0.237728,0.046449,0.13608,0.868427
goal_change_shift,mobile_pick_and_place,object_moved,5,0.62,0.304853,0.208858,0.69888,0.134912,0.27702,0.237728,0.046449,0.13608,0.87121
goal_change_shift,mobile_pick_and_place,object_moved,6,0.62,0.304853,0.208858,0.69888,0.134912,0.27702,0.237728,0.046449,0.13608,0.87045
goal_change_shift,mobile_pick_and_place,object_moved,7,0.62,0.304853,0.208858,0.69888,0.134912,0.27702,0.237728,0.046449,0.13608,0.864997
goal_change_shift,mobile_pick_and_place,object_moved,8,0.62,0.304853,0.208858,0.69888,0.134912,0.27702,0.237728,0.046449,0.13608,0.862984
goal_change_shift,mobile_pick_and_place,object_moved,9,0.62,0.304853,0.208858,0.69888,0.134912,0.27702,0.237728,0.046449,0.13608,0.877473
goal_change_shift,mobile_pick_and_place,object_removed,0,0.62,0.246786,0.663869,0.23296,0.166656,0.357048,0.100096,0.05161,0.199584,0.876142
goal_change_shift,mobile_pick_and_place,object_removed,1,0.62,0.246786,0.663869,0.23296,0.166656,0.357048,0.100096,0.05161,0.199584,0.863701
goal_change_shift,mobile_pick_and_place,object_removed,2,0.62,0.246786,0.663869,0.23296,0.166656,0.357048,0.100096,0.05161,0.199584,0.86241
goal_change_shift,mobile_pick_and_place,object_removed,3,0.62,0.246786,0.663869,0.23296,0.166656,0.357048,0.100096,0.05161,0.199584,0.885336
goal_change_shift,mobile_pick_and_place,object_removed,4,0.62,0.246786,0.663869,0.23296,0.166656,0.357048,0.100096,0.05161,0.199584,0.867012
goal_change_shift,mobile_pick_and_place,object_removed,5,0.62,0.246786,0.663869,0.23296,0.166656,0.357048,0.100096,0.05161,0.199584,0.863468
goal_change_shift,mobile_pick_and_place,object_removed,6,0.62,0.246786,0.663869,0.23296,0.166656,0.357048,0.100096,0.05161,0.199584,0.872986
goal_change_shift,mobile_pick_and_place,object_removed,7,0.62,0.246786,0.663869,0.23296,0.166656,0.357048,0.100096,0.05161,0.199584,0.871058
goal_change_shift,mobile_pick_and_place,object_removed,8,0.62,0.246786,0.663869,0.23296,0.166656,0.357048,0.100096,0.05161,0.199584,0.862424
goal_change_shift,mobile_pick_and_place,object_removed,9,0.62,0.246786,0.663869,0.23296,0.166656,0.357048,0.100096,0.05161,0.199584,0.854057
goal_change_shift,mobile_pick_and_place,human_temporary_obstruction,0,0.62,0.537122,0.134266,0.14976,0.095232,0.443232,0.538016,0.237404,0.145152,0.873212
goal_change_shift,mobile_pick_and_place,human_temporary_obstruction,1,0.62,0.537122,0.134266,0.14976,0.095232,0.443232,0.538016,0.237404,0.145152,0.865914
goal_change_shift,mobile_pick_and_place,human_temporary_obstruction,2,0.62,0.537122,0.134266,0.14976,0.095232,0.443232,0.538016,0.237404,0.145152,0.880285
goal_change_shift,mobile_pick_and_place,human_temporary_obstruction,3,0.62,0.537122,0.134266,0.14976,0.095232,0.443232,0.538016,0.237404,0.145152,0.870909
goal_change_shift,mobile_pick_and_place,human_temporary_obstruction,4,0.62,0.537122,0.134266,0.14976,0.095232,0.443232,0.538016,0.237404,0.145152,0.872702
goal_change_shift,mobile_pick_and_place,human_temporary_obstruction,5,0.62,0.537122,0.134266,0.14976,0.095232,0.443232,0.538016,0.237404,0.145152,0.882364
goal_change_shift,mobile_pick_and_place,human_temporary_obstruction,6,0.62,0.537122,0.134266,0.14976,0.095232,0.443232,0.538016,0.237404,0.145152,0.888171
goal_change_shift,mobile_pick_and_place,human_temporary_obstruction,7,0.62,0.537122,0.134266,0.14976,0.095232,0.443232,0.538016,0.237404,0.145152,0.884191
goal_change_shift,mobile_pick_and_place,human_temporary_obstruction,8,0.62,0.537122,0.134266,0.14976,0.095232,0.443232,0.538016,0.237404,0.145152,0.871876
goal_change_shift,mobile_pick_and_place,human_temporary_obstruction,9,0.62,0.537122,0.134266,0.14976,0.095232,0.443232,0.538016,0.237404,0.145152,0.871526
goal_change_shift,mobile_pick_and_place,goal_specification_changed,0,0.62,0.203235,0.566899,0.3328,0.269824,0.295488,0.112608,0.087736,0.798336,0.862902
goal_change_shift,mobile_pick_and_place,goal_specification_changed,1,0.62,0.203235,0.566899,0.3328,0.269824,0.295488,0.112608,0.087736,0.798336,0.872564
goal_change_shift,mobile_pick_and_place,goal_specification_changed,2,0.62,0.203235,0.566899,0.3328,0.269824,0.295488,0.112608,0.087736,0.798336,0.870095
goal_change_shift,mobile_pick_and_place,goal_specification_changed,3,0.62,0.203235,0.566899,0.3328,0.269824,0.295488,0.112608,0.087736,0.798336,0.871598
goal_change_shift,mobile_pick_and_place,goal_specification_changed,4,0.62,0.203235,0.566899,0.3328,0.269824,0.295488,0.112608,0.087736,0.798336,0.862464
goal_change_shift,mobile_pick_and_place,goal_specification_changed,5,0.62,0.203235,0.566899,0.3328,0.269824,0.295488,0.112608,0.087736,0.798336,0.863251
goal_change_shift,mobile_pick_and_place,goal_specification_changed,6,0.62,0.203235,0.566899,0.3328,0.269824,0.295488,0.112608,0.087736,0.798336,0.880004
goal_change_shift,mobile_pick_and_place,goal_specification_changed,7,0.62,0.203235,0.566899,0.3328,0.269824,0.295488,0.112608,0.087736,0.798336,0.884011
goal_change_shift,mobile_pick_and_place,goal_specification_changed,8,0.62,0.203235,0.566899,0.3328,0.269824,0.295488,0.112608,0.087736,0.798336,0.867808
goal_change_shift,mobile_pick_and_place,goal_specification_changed,9,0.62,0.203235,0.566899,0.3328,0.269824,0.295488,0.112608,0.087736,0.798336,0.867368
goal_change_shift,mobile_pick_and_place,substitute_goal_available,0,0.62,0.304853,0.46247,0.29952,0.35712,0.24624,0.18768,0.072253,0.399168,0.874349
goal_change_shift,mobile_pick_and_place,substitute_goal_available,1,0.62,0.304853,0.46247,0.29952,0.35712,0.24624,0.18768,0.072253,0.399168,0.847503
goal_change_shift,mobile_pick_and_place,substitute_goal_available,2,0.62,0.304853,0.46247,0.29952,0.35712,0.24624,0.18768,0.072253,0.399168,0.870295
goal_change_shift,mobile_pick_and_place,substitute_goal_available,3,0.62,0.304853,0.46247,0.29952,0.35712,0.24624,0.18768,0.072253,0.399168,0.855531
goal_change_shift,mobile_pick_and_place,substitute_goal_available,4,0.62,0.304853,0.46247,0.29952,0.35712,0.24624,0.18768,0.072253,0.399168,0.852728
goal_change_shift,mobile_pick_and_place,substitute_goal_available,5,0.62,0.304853,0.46247,0.29952,0.35712,0.24624,0.18768,0.072253,0.399168,0.879874
goal_change_shift,mobile_pick_and_place,substitute_goal_available,6,0.62,0.304853,0.46247,0.29952,0.35712,0.24624,0.18768,0.072253,0.399168,0.866924
goal_change_shift,mobile_pick_and_place,substitute_goal_available,7,0.62,0.304853,0.46247,0.29952,0.35712,0.24624,0.18768,0.072253,0.399168,0.86721
goal_change_shift,mobile_pick_and_place,substitute_goal_available,8,0.62,0.304853,0.46247,0.29952,0.35712,0.24624,0.18768,0.072253,0.399168,0.871672
goal_change_shift,mobile_pick_and_place,substitute_goal_available,9,0.62,0.304853,0.46247,0.29952,0.35712,0.24624,0.18768,0.072253,0.399168,0.854304
goal_change_shift,mobile_pick_and_place,delayed_reappearance,0,0.62,0.580672,0.193939,0.3328,0.142848,0.3078,0.450432,0.098058,0.254016,0.860923
goal_change_shift,mobile_pick_and_place,delayed_reappearance,1,0.62,0.580672,0.193939,0.3328,0.142848,0.3078,0.450432,0.098058,0.254016,0.891546
goal_change_shift,mobile_pick_and_place,delayed_reappearance,2,0.62,0.580672,0.193939,0.3328,0.142848,0.3078,0.450432,0.098058,0.254016,0.857329
goal_change_shift,mobile_pick_and_place,delayed_reappearance,3,0.62,0.580672,0.193939,0.3328,0.142848,0.3078,0.450432,0.098058,0.254016,0.907985
goal_change_shift,mobile_pick_and_place,delayed_reappearance,4,0.62,0.580672,0.193939,0.3328,0.142848,0.3078,0.450432,0.098058,0.254016,0.8925
goal_change_shift,mobile_pick_and_place,delayed_reappearance,5,0.62,0.580672,0.193939,0.3328,0.142848,0.3078,0.450432,0.098058,0.254016,0.870785
goal_change_shift,mobile_pick_and_place,delayed_reappearance,6,0.62,0.580672,0.193939,0.3328,0.142848,0.3078,0.450432,0.098058,0.254016,0.857106
goal_change_shift,mobile_pick_and_place,delayed_reappearance,7,0.62,0.580672,0.193939,0.3328,0.142848,0.3078,0.450432,0.098058,0.254016,0.873537
goal_change_shift,mobile_pick_and_place,delayed_reappearance,8,0.62,0.580672,0.193939,0.3328,0.142848,0.3078,0.450432,0.098058,0.254016,0.860862
goal_change_shift,mobile_pick_and_place,delayed_reappearance,9,0.62,0.580672,0.193939,0.3328,0.142848,0.3078,0.450432,0.098058,0.254016,0.886395
goal_change_shift,mobile_pick_and_place,cascading_disappearing_goal,0,0.62,0.609706,0.626573,0.64896,0.293632,0.529416,0.275264,0.165151,0.598752,0.836835
goal_change_shift,mobile_pick_and_place,cascading_disappearing_goal,1,0.62,0.609706,0.626573,0.64896,0.293632,0.529416,0.275264,0.165151,0.598752,0.861922
goal_change_shift,mobile_pick_and_place,cascading_disappearing_goal,2,0.62,0.609706,0.626573,0.64896,0.293632,0.529416,0.275264,0.165151,0.598752,0.857584
goal_change_shift,mobile_pick_and_place,cascading_disappearing_goal,3,0.62,0.609706,0.626573,0.64896,0.293632,0.529416,0.275264,0.165151,0.598752,0.854607
goal_change_shift,mobile_pick_and_place,cascading_disappearing_goal,4,0.62,0.609706,0.626573,0.64896,0.293632,0.529416,0.275264,0.165151,0.598752,0.866052
goal_change_shift,mobile_pick_and_place,cascading_disappearing_goal,5,0.62,0.609706,0.626573,0.64896,0.293632,0.529416,0.275264,0.165151,0.598752,0.848248
goal_change_shift,mobile_pick_and_place,cascading_disappearing_goal,6,0.62,0.609706,0.626573,0.64896,0.293632,0.529416,0.275264,0.165151,0.598752,0.869438
goal_change_shift,mobile_pick_and_place,cascading_disappearing_goal,7,0.62,0.609706,0.626573,0.64896,0.293632,0.529416,0.275264,0.165151,0.598752,0.837295
goal_change_shift,mobile_pick_and_place,cascading_disappearing_goal,8,0.62,0.609706,0.626573,0.64896,0.293632,0.529416,0.275264,0.165151,0.598752,0.858143
goal_change_shift,mobile_pick_and_place,cascading_disappearing_goal,9,0.62,0.609706,0.626573,0.64896,0.293632,0.529416,0.275264,0.165151,0.598752,0.841676
goal_change_shift,cabinet_restocking,visual_occlusion,0,0.62,0.623885,0.065641,0.11648,0.092058,0.151632,0.50048,0.06144,0.072576,0.859199
goal_change_shift,cabinet_restocking,visual_occlusion,1,0.62,0.623885,0.065641,0.11648,0.092058,0.151632,0.50048,0.06144,0.072576,0.873887
goal_change_shift,cabinet_restocking,visual_occlusion,2,0.62,0.623885,0.065641,0.11648,0.092058,0.151632,0.50048,0.06144,0.072576,0.878417
goal_change_shift,cabinet_restocking,visual_occlusion,3,0.62,0.623885,0.065641,0.11648,0.092058,0.151632,0.50048,0.06144,0.072576,0.880189
goal_change_shift,cabinet_restocking,visual_occlusion,4,0.62,0.623885,0.065641,0.11648,0.092058,0.151632,0.50048,0.06144,0.072576,0.874932
goal_change_shift,cabinet_restocking,visual_occlusion,5,0.62,0.623885,0.065641,0.11648,0.092058,0.151632,0.50048,0.06144,0.072576,0.870866
goal_change_shift,cabinet_restocking,visual_occlusion,6,0.62,0.623885,0.065641,0.11648,0.092058,0.151632,0.50048,0.06144,0.072576,0.879984
goal_change_shift,cabinet_restocking,visual_occlusion,7,0.62,0.623885,0.065641,0.11648,0.092058,0.151632,0.50048,0.06144,0.072576,0.874474
goal_change_shift,cabinet_restocking,visual_occlusion,8,0.62,0.623885,0.065641,0.11648,0.092058,0.151632,0.50048,0.06144,0.072576,0.873134
goal_change_shift,cabinet_restocking,visual_occlusion,9,0.62,0.623885,0.065641,0.11648,0.092058,0.151632,0.50048,0.06144,0.072576,0.879575
goal_change_shift,cabinet_restocking,object_moved,0,0.62,0.297763,0.229743,0.69888,0.156498,0.28431,0.237728,0.055296,0.13608,0.876577
goal_change_shift,cabinet_restocking,object_moved,1,0.62,0.297763,0.229743,0.69888,0.156498,0.28431,0.237728,0.055296,0.13608,0.885557
goal_change_shift,cabinet_restocking,object_moved,2,0.62,0.297763,0.229743,0.69888,0.156498,0.28431,0.237728,0.055296,0.13608,0.869024
goal_change_shift,cabinet_restocking,object_moved,3,0.62,0.297763,0.229743,0.69888,0.156498,0.28431,0.237728,0.055296,0.13608,0.874126
goal_change_shift,cabinet_restocking,object_moved,4,0.62,0.297763,0.229743,0.69888,0.156498,0.28431,0.237728,0.055296,0.13608,0.864795
goal_change_shift,cabinet_restocking,object_moved,5,0.62,0.297763,0.229743,0.69888,0.156498,0.28431,0.237728,0.055296,0.13608,0.870836
goal_change_shift,cabinet_restocking,object_moved,6,0.62,0.297763,0.229743,0.69888,0.156498,0.28431,0.237728,0.055296,0.13608,0.866928
goal_change_shift,cabinet_restocking,object_moved,7,0.62,0.297763,0.229743,0.69888,0.156498,0.28431,0.237728,0.055296,0.13608,0.860951
goal_change_shift,cabinet_restocking,object_moved,8,0.62,0.297763,0.229743,0.69888,0.156498,0.28431,0.237728,0.055296,0.13608,0.885059
goal_change_shift,cabinet_restocking,object_moved,9,0.62,0.297763,0.229743,0.69888,0.156498,0.28431,0.237728,0.055296,0.13608,0.866566
goal_change_shift,cabinet_restocking,object_removed,0,0.62,0.241046,0.730256,0.23296,0.193321,0.366444,0.100096,0.06144,0.199584,0.882454
goal_change_shift,cabinet_restocking,object_removed,1,0.62,0.241046,0.730256,0.23296,0.193321,0.366444,0.100096,0.06144,0.199584,0.863246
goal_change_shift,cabinet_restocking,object_removed,2,0.62,0.241046,0.730256,0.23296,0.193321,0.366444,0.100096,0.06144,0.199584,0.869084
goal_change_shift,cabinet_restocking,object_removed,3,0.62,0.241046,0.730256,0.23296,0.193321,0.366444,0.100096,0.06144,0.199584,0.857572
goal_change_shift,cabinet_restocking,object_removed,4,0.62,0.241046,0.730256,0.23296,0.193321,0.366444,0.100096,0.06144,0.199584,0.872744
goal_change_shift,cabinet_restocking,object_removed,5,0.62,0.241046,0.730256,0.23296,0.193321,0.366444,0.100096,0.06144,0.199584,0.863852
goal_change_shift,cabinet_restocking,object_removed,6,0.62,0.241046,0.730256,0.23296,0.193321,0.366444,0.100096,0.06144,0.199584,0.869533
goal_change_shift,cabinet_restocking,object_removed,7,0.62,0.241046,0.730256,0.23296,0.193321,0.366444,0.100096,0.06144,0.199584,0.873515
goal_change_shift,cabinet_restocking,object_removed,8,0.62,0.241046,0.730256,0.23296,0.193321,0.366444,0.100096,0.06144,0.199584,0.854706
goal_change_shift,cabinet_restocking,object_removed,9,0.62,0.241046,0.730256,0.23296,0.193321,0.366444,0.100096,0.06144,0.199584,0.874365
goal_change_shift,cabinet_restocking,human_temporary_obstruction,0,0.62,0.52463,0.147692,0.14976,0.110469,0.454896,0.538016,0.282624,0.145152,0.871853
goal_change_shift,cabinet_restocking,human_temporary_obstruction,1,0.62,0.52463,0.147692,0.14976,0.110469,0.454896,0.538016,0.282624,0.145152,0.866295
goal_change_shift,cabinet_restocking,human_temporary_obstruction,2,0.62,0.52463,0.147692,0.14976,0.110469,0.454896,0.538016,0.282624,0.145152,0.870997
goal_change_shift,cabinet_restocking,human_temporary_obstruction,3,0.62,0.52463,0.147692,0.14976,0.110469,0.454896,0.538016,0.282624,0.145152,0.877148
goal_change_shift,cabinet_restocking,human_temporary_obstruction,4,0.62,0.52463,0.147692,0.14976,0.110469,0.454896,0.538016,0.282624,0.145152,0.857933
goal_change_shift,cabinet_restocking,human_temporary_obstruction,5,0.62,0.52463,0.147692,0.14976,0.110469,0.454896,0.538016,0.282624,0.145152,0.873903
goal_change_shift,cabinet_restocking,human_temporary_obstruction,6,0.62,0.52463,0.147692,0.14976,0.110469,0.454896,0.538016,0.282624,0.145152,0.876458
goal_change_shift,cabinet_restocking,human_temporary_obstruction,7,0.62,0.52463,0.147692,0.14976,0.110469,0.454896,0.538016,0.282624,0.145152,0.878757
goal_change_shift,cabinet_restocking,human_temporary_obstruction,8,0.62,0.52463,0.147692,0.14976,0.110469,0.454896,0.538016,0.282624,0.145152,0.860979
goal_change_shift,cabinet_restocking,human_temporary_obstruction,9,0.62,0.52463,0.147692,0.14976,0.110469,0.454896,0.538016,0.282624,0.145152,0.869312
goal_change_shift,cabinet_restocking,goal_specification_changed,0,0.62,0.198509,0.623589,0.3328,0.312996,0.303264,0.112608,0.104448,0.798336,0.869493
goal_change_shift,cabinet_restocking,goal_specification_changed,1,0.62,0.198509,0.623589,0.3328,0.312996,0.303264,0.112608,0.104448,0.798336,0.863617
goal_change_shift,cabinet_restocking,goal_specification_changed,2,0.62,0.198509,0.623589,0.3328,0.312996,0.303264,0.112608,0.104448,0.798336,0.865831
goal_change_shift,cabinet_restocking,goal_specification_changed,3,0.62,0.198509,0.623589,0.3328,0.312996,0.303264,0.112608,0.104448,0.798336,0.845065
goal_change_shift,cabinet_restocking,goal_specification_changed,4,0.62,0.198509,0.623589,0.3328,0.312996,0.303264,0.112608,0.104448,0.798336,0.869551
goal_change_shift,cabinet_restocking,goal_specification_changed,5,0.62,0.198509,0.623589,0.3328,0.312996,0.303264,0.112608,0.104448,0.798336,0.902141
goal_change_shift,cabinet_restocking,goal_specification_changed,6,0.62,0.198509,0.623589,0.3328,0.312996,0.303264,0.112608,0.104448,0.798336,0.860364
goal_change_shift,cabinet_restocking,goal_specification_changed,7,0.62,0.198509,0.623589,0.3328,0.312996,0.303264,0.112608,0.104448,0.798336,0.863498
goal_change_shift,cabinet_restocking,goal_specification_changed,8,0.62,0.198509,0.623589,0.3328,0.312996,0.303264,0.112608,0.104448,0.798336,0.872457
goal_change_shift,cabinet_restocking,goal_specification_changed,9,0.62,0.198509,0.623589,0.3328,0.312996,0.303264,0.112608,0.104448,0.798336,0.865971
goal_change_shift,cabinet_restocking,substitute_goal_available,0,0.62,0.297763,0.508717,0.29952,0.414259,0.25272,0.18768,0.086016,0.399168,0.864164
goal_change_shift,cabinet_restocking,substitute_goal_available,1,0.62,0.297763,0.508717,0.29952,0.414259,0.25272,0.18768,0.086016,0.399168,0.87171
goal_change_shift,cabinet_restocking,substitute_goal_available,2,0.62,0.297763,0.508717,0.29952,0.414259,0.25272,0.18768,0.086016,0.399168,0.876434
goal_change_shift,cabinet_restocking,substitute_goal_available,3,0.62,0.297763,0.508717,0.29952,0.414259,0.25272,0.18768,0.086016,0.399168,0.867027
goal_change_shift,cabinet_restocking,substitute_goal_available,4,0.62,0.297763,0.508717,0.29952,0.414259,0.25272,0.18768,0.086016,0.399168,0.859279
goal_change_shift,cabinet_restocking,substitute_goal_available,5,0.62,0.297763,0.508717,0.29952,0.414259,0.25272,0.18768,0.086016,0.399168,0.864699
goal_change_shift,cabinet_restocking,substitute_goal_available,6,0.62,0.297763,0.508717,0.29952,0.414259,0.25272,0.18768,0.086016,0.399168,0.855048
goal_change_shift,cabinet_restocking,substitute_goal_available,7,0.62,0.297763,0.508717,0.29952,0.414259,0.25272,0.18768,0.086016,0.399168,0.871951
goal_change_shift,cabinet_restocking,substitute_goal_available,8,0.62,0.297763,0.508717,0.29952,0.414259,0.25272,0.18768,0.086016,0.399168,0.873973
goal_change_shift,cabinet_restocking,substitute_goal_available,9,0.62,0.297763,0.508717,0.29952,0.414259,0.25272,0.18768,0.086016,0.399168,0.864769
goal_change_shift,cabinet_restocking,delayed_reappearance,0,0.62,0.567168,0.213333,0.3328,0.165704,0.3159,0.450432,0.116736,0.254016,0.866593
goal_change_shift,cabinet_restocking,delayed_reappearance,1,0.62,0.567168,0.213333,0.3328,0.165704,0.3159,0.450432,0.116736,0.254016,0.873337
goal_change_shift,cabinet_restocking,delayed_reappearance,2,0.62,0.567168,0.213333,0.3328,0.165704,0.3159,0.450432,0.116736,0.254016,0.885902
goal_change_shift,cabinet_restocking,delayed_reappearance,3,0.62,0.567168,0.213333,0.3328,0.165704,0.3159,0.450432,0.116736,0.254016,0.871175
goal_change_shift,cabinet_restocking,delayed_reappearance,4,0.62,0.567168,0.213333,0.3328,0.165704,0.3159,0.450432,0.116736,0.254016,0.857037
goal_change_shift,cabinet_restocking,delayed_reappearance,5,0.62,0.567168,0.213333,0.3328,0.165704,0.3159,0.450432,0.116736,0.254016,0.869984
goal_change_shift,cabinet_restocking,delayed_reappearance,6,0.62,0.567168,0.213333,0.3328,0.165704,0.3159,0.450432,0.116736,0.254016,0.867421
goal_change_shift,cabinet_restocking,delayed_reappearance,7,0.62,0.567168,0.213333,0.3328,0.165704,0.3159,0.450432,0.116736,0.254016,0.856764
goal_change_shift,cabinet_restocking,delayed_reappearance,8,0.62,0.567168,0.213333,0.3328,0.165704,0.3159,0.450432,0.116736,0.254016,0.868983
goal_change_shift,cabinet_restocking,delayed_reappearance,9,0.62,0.567168,0.213333,0.3328,0.165704,0.3159,0.450432,0.116736,0.254016,0.867773
goal_change_shift,cabinet_restocking,cascading_disappearing_goal,0,0.62,0.595526,0.68923,0.64896,0.340613,0.543348,0.275264,0.196608,0.598752,0.861713
goal_change_shift,cabinet_restocking,cascading_disappearing_goal,1,0.62,0.595526,0.68923,0.64896,0.340613,0.543348,0.275264,0.196608,0.598752,0.851715
goal_change_shift,cabinet_restocking,cascading_disappearing_goal,2,0.62,0.595526,0.68923,0.64896,0.340613,0.543348,0.275264,0.196608,0.598752,0.860514
goal_change_shift,cabinet_restocking,cascading_disappearing_goal,3,0.62,0.595526,0.68923,0.64896,0.340613,0.543348,0.275264,0.196608,0.598752,0.845645
goal_change_shift,cabinet_restocking,cascading_disappearing_goal,4,0.62,0.595526,0.68923,0.64896,0.340613,0.543348,0.275264,0.196608,0.598752,0.85235
goal_change_shift,cabinet_restocking,cascading_disappearing_goal,5,0.62,0.595526,0.68923,0.64896,0.340613,0.543348,0.275264,0.196608,0.598752,0.856687
goal_change_shift,cabinet_restocking,cascading_disappearing_goal,6,0.62,0.595526,0.68923,0.64896,0.340613,0.543348,0.275264,0.196608,0.598752,0.841994
goal_change_shift,cabinet_restocking,cascading_disappearing_goal,7,0.62,0.595526,0.68923,0.64896,0.340613,0.543348,0.275264,0.196608,0.598752,0.850114
goal_change_shift,cabinet_restocking,cascading_disappearing_goal,8,0.62,0.595526,0.68923,0.64896,0.340613,0.543348,0.275264,0.196608,0.598752,0.856203
goal_change_shift,cabinet_restocking,cascading_disappearing_goal,9,0.62,0.595526,0.68923,0.64896,0.340613,0.543348,0.275264,0.196608,0.598752,0.86084
substitute_ambiguity_shift,shelf_retrieval,visual_occlusion,0,0.64,0.695411,0.058806,0.118944,0.06033,0.122016,0.5152,0.030264,0.062592,0.899219
substitute_ambiguity_shift,shelf_retrieval,visual_occlusion,1,0.64,0.695411,0.058806,0.118944,0.06033,0.122016,0.5152,0.030264,0.062592,0.88656
substitute_ambiguity_shift,shelf_retrieval,visual_occlusion,2,0.64,0.695411,0.058806,0.118944,0.06033,0.122016,0.5152,0.030264,0.062592,0.889124
substitute_ambiguity_shift,shelf_retrieval,visual_occlusion,3,0.64,0.695411,0.058806,0.118944,0.06033,0.122016,0.5152,0.030264,0.062592,0.873232
substitute_ambiguity_shift,shelf_retrieval,visual_occlusion,4,0.64,0.695411,0.058806,0.118944,0.06033,0.122016,0.5152,0.030264,0.062592,0.873281
substitute_ambiguity_shift,shelf_retrieval,visual_occlusion,5,0.64,0.695411,0.058806,0.118944,0.06033,0.122016,0.5152,0.030264,0.062592,0.880124
substitute_ambiguity_shift,shelf_retrieval,visual_occlusion,6,0.64,0.695411,0.058806,0.118944,0.06033,0.122016,0.5152,0.030264,0.062592,0.88751
substitute_ambiguity_shift,shelf_retrieval,visual_occlusion,7,0.64,0.695411,0.058806,0.118944,0.06033,0.122016,0.5152,0.030264,0.062592,0.875622
substitute_ambiguity_shift,shelf_retrieval,visual_occlusion,8,0.64,0.695411,0.058806,0.118944,0.06033,0.122016,0.5152,0.030264,0.062592,0.867628
substitute_ambiguity_shift,shelf_retrieval,visual_occlusion,9,0.64,0.695411,0.058806,0.118944,0.06033,0.122016,0.5152,0.030264,0.062592,0.879847
substitute_ambiguity_shift,shelf_retrieval,object_moved,0,0.64,0.331901,0.20582,0.713664,0.10256,0.22878,0.24472,0.027238,0.11736,0.865259
substitute_ambiguity_shift,shelf_retrieval,object_moved,1,0.64,0.331901,0.20582,0.713664,0.10256,0.22878,0.24472,0.027238,0.11736,0.871741
substitute_ambiguity_shift,shelf_retrieval,object_moved,2,0.64,0.331901,0.20582,0.713664,0.10256,0.22878,0.24472,0.027238,0.11736,0.898248
substitute_ambiguity_shift,shelf_retrieval,object_moved,3,0.64,0.331901,0.20582,0.713664,0.10256,0.22878,0.24472,0.027238,0.11736,0.873024
substitute_ambiguity_shift,shelf_retrieval,object_moved,4,0.64,0.331901,0.20582,0.713664,0.10256,0.22878,0.24472,0.027238,0.11736,0.882097
substitute_ambiguity_shift,shelf_retrieval,object_moved,5,0.64,0.331901,0.20582,0.713664,0.10256,0.22878,0.24472,0.027238,0.11736,0.894377
substitute_ambiguity_shift,shelf_retrieval,object_moved,6,0.64,0.331901,0.20582,0.713664,0.10256,0.22878,0.24472,0.027238,0.11736,0.876281
substitute_ambiguity_shift,shelf_retrieval,object_moved,7,0.64,0.331901,0.20582,0.713664,0.10256,0.22878,0.24472,0.027238,0.11736,0.879264
substitute_ambiguity_shift,shelf_retrieval,object_moved,8,0.64,0.331901,0.20582,0.713664,0.10256,0.22878,0.24472,0.027238,0.11736,0.89078
substitute_ambiguity_shift,shelf_retrieval,object_moved,9,0.64,0.331901,0.20582,0.713664,0.10256,0.22878,0.24472,0.027238,0.11736,0.872101
substitute_ambiguity_shift,shelf_retrieval,object_removed,0,0.64,0.268682,0.654214,0.237888,0.126692,0.294872,0.10304,0.030264,0.172128,0.875615
substitute_ambiguity_shift,shelf_retrieval,object_removed,1,0.64,0.268682,0.654214,0.237888,0.126692,0.294872,0.10304,0.030264,0.172128,0.865998
substitute_ambiguity_shift,shelf_retrieval,object_removed,2,0.64,0.268682,0.654214,0.237888,0.126692,0.294872,0.10304,0.030264,0.172128,0.895201
substitute_ambiguity_shift,shelf_retrieval,object_removed,3,0.64,0.268682,0.654214,0.237888,0.126692,0.294872,0.10304,0.030264,0.172128,0.876503
substitute_ambiguity_shift,shelf_retrieval,object_removed,4,0.64,0.268682,0.654214,0.237888,0.126692,0.294872,0.10304,0.030264,0.172128,0.880323
substitute_ambiguity_shift,shelf_retrieval,object_removed,5,0.64,0.268682,0.654214,0.237888,0.126692,0.294872,0.10304,0.030264,0.172128,0.893492
substitute_ambiguity_shift,shelf_retrieval,object_removed,6,0.64,0.268682,0.654214,0.237888,0.126692,0.294872,0.10304,0.030264,0.172128,0.876841
substitute_ambiguity_shift,shelf_retrieval,object_removed,7,0.64,0.268682,0.654214,0.237888,0.126692,0.294872,0.10304,0.030264,0.172128,0.889606
substitute_ambiguity_shift,shelf_retrieval,object_removed,8,0.64,0.268682,0.654214,0.237888,0.126692,0.294872,0.10304,0.030264,0.172128,0.885471
substitute_ambiguity_shift,shelf_retrieval,object_removed,9,0.64,0.268682,0.654214,0.237888,0.126692,0.294872,0.10304,0.030264,0.172128,0.8841
substitute_ambiguity_shift,shelf_retrieval,human_temporary_obstruction,0,0.64,0.584778,0.132313,0.152928,0.072396,0.366048,0.55384,0.139214,0.125184,0.872599
substitute_ambiguity_shift,shelf_retrieval,human_temporary_obstruction,1,0.64,0.584778,0.132313,0.152928,0.072396,0.366048,0.55384,0.139214,0.125184,0.868686
substitute_ambiguity_shift,shelf_retrieval,human_temporary_obstruction,2,0.64,0.584778,0.132313,0.152928,0.072396,0.366048,0.55384,0.139214,0.125184,0.894138
substitute_ambiguity_shift,shelf_retrieval,human_temporary_obstruction,3,0.64,0.584778,0.132313,0.152928,0.072396,0.366048,0.55384,0.139214,0.125184,0.887622
substitute_ambiguity_shift,shelf_retrieval,human_temporary_obstruction,4,0.64,0.584778,0.132313,0.152928,0.072396,0.366048,0.55384,0.139214,0.125184,0.880788
substitute_ambiguity_shift,shelf_retrieval,human_temporary_obstruction,5,0.64,0.584778,0.132313,0.152928,0.072396,0.366048,0.55384,0.139214,0.125184,0.878565
substitute_ambiguity_shift,shelf_retrieval,human_temporary_obstruction,6,0.64,0.584778,0.132313,0.152928,0.072396,0.366048,0.55384,0.139214,0.125184,0.88892
substitute_ambiguity_shift,shelf_retrieval,human_temporary_obstruction,7,0.64,0.584778,0.132313,0.152928,0.072396,0.366048,0.55384,0.139214,0.125184,0.868166
substitute_ambiguity_shift,shelf_retrieval,human_temporary_obstruction,8,0.64,0.584778,0.132313,0.152928,0.072396,0.366048,0.55384,0.139214,0.125184,0.877834
substitute_ambiguity_shift,shelf_retrieval,human_temporary_obstruction,9,0.64,0.584778,0.132313,0.152928,0.072396,0.366048,0.55384,0.139214,0.125184,0.869448
substitute_ambiguity_shift,shelf_retrieval,goal_specification_changed,0,0.64,0.221267,0.558655,0.33984,0.205121,0.244032,0.11592,0.051449,0.688512,0.876112
substitute_ambiguity_shift,shelf_retrieval,goal_specification_changed,1,0.64,0.221267,0.558655,0.33984,0.205121,0.244032,0.11592,0.051449,0.688512,0.878548
substitute_ambiguity_shift,shelf_retrieval,goal_specification_changed,2,0.64,0.221267,0.558655,0.33984,0.205121,0.244032,0.11592,0.051449,0.688512,0.875403
substitute_ambiguity_shift,shelf_retrieval,goal_specification_changed,3,0.64,0.221267,0.558655,0.33984,0.205121,0.244032,0.11592,0.051449,0.688512,0.882283
substitute_ambiguity_shift,shelf_retrieval,goal_specification_changed,4,0.64,0.221267,0.558655,0.33984,0.205121,0.244032,0.11592,0.051449,0.688512,0.880485
substitute_ambiguity_shift,shelf_retrieval,goal_specification_changed,5,0.64,0.221267,0.558655,0.33984,0.205121,0.244032,0.11592,0.051449,0.688512,0.887843
substitute_ambiguity_shift,shelf_retrieval,goal_specification_changed,6,0.64,0.221267,0.558655,0.33984,0.205121,0.244032,0.11592,0.051449,0.688512,0.887674
substitute_ambiguity_shift,shelf_retrieval,goal_specification_changed,7,0.64,0.221267,0.558655,0.33984,0.205121,0.244032,0.11592,0.051449,0.688512,0.882047
substitute_ambiguity_shift,shelf_retrieval,goal_specification_changed,8,0.64,0.221267,0.558655,0.33984,0.205121,0.244032,0.11592,0.051449,0.688512,0.887025
substitute_ambiguity_shift,shelf_retrieval,goal_specification_changed,9,0.64,0.221267,0.558655,0.33984,0.205121,0.244032,0.11592,0.051449,0.688512,0.867974
substitute_ambiguity_shift,shelf_retrieval,substitute_goal_available,0,0.64,0.331901,0.455745,0.305856,0.271483,0.20336,0.1932,0.04237,0.344256,0.88225
substitute_ambiguity_shift,shelf_retrieval,substitute_goal_available,1,0.64,0.331901,0.455745,0.305856,0.271483,0.20336,0.1932,0.04237,0.344256,0.86508
substitute_ambiguity_shift,shelf_retrieval,substitute_goal_available,2,0.64,0.331901,0.455745,0.305856,0.271483,0.20336,0.1932,0.04237,0.344256,0.865357
substitute_ambiguity_shift,shelf_retrieval,substitute_goal_available,3,0.64,0.331901,0.455745,0.305856,0.271483,0.20336,0.1932,0.04237,0.344256,0.875161
substitute_ambiguity_shift,shelf_retrieval,substitute_goal_available,4,0.64,0.331901,0.455745,0.305856,0.271483,0.20336,0.1932,0.04237,0.344256,0.89059
substitute_ambiguity_shift,shelf_retrieval,substitute_goal_available,5,0.64,0.331901,0.455745,0.305856,0.271483,0.20336,0.1932,0.04237,0.344256,0.876307
substitute_ambiguity_shift,shelf_retrieval,substitute_goal_available,6,0.64,0.331901,0.455745,0.305856,0.271483,0.20336,0.1932,0.04237,0.344256,0.872646
substitute_ambiguity_shift,shelf_retrieval,substitute_goal_available,7,0.64,0.331901,0.455745,0.305856,0.271483,0.20336,0.1932,0.04237,0.344256,0.880411
substitute_ambiguity_shift,shelf_retrieval,substitute_goal_available,8,0.64,0.331901,0.455745,0.305856,0.271483,0.20336,0.1932,0.04237,0.344256,0.866362
substitute_ambiguity_shift,shelf_retrieval,substitute_goal_available,9,0.64,0.331901,0.455745,0.305856,0.271483,0.20336,0.1932,0.04237,0.344256,0.866568
substitute_ambiguity_shift,shelf_retrieval,delayed_reappearance,0,0.64,0.632192,0.191119,0.33984,0.108593,0.2542,0.46368,0.057502,0.219072,0.873057
substitute_ambiguity_shift,shelf_retrieval,delayed_reappearance,1,0.64,0.632192,0.191119,0.33984,0.108593,0.2542,0.46368,0.057502,0.219072,0.878652
substitute_ambiguity_shift,shelf_retrieval,delayed_reappearance,2,0.64,0.632192,0.191119,0.33984,0.108593,0.2542,0.46368,0.057502,0.219072,0.88512
substitute_ambiguity_shift,shelf_retrieval,delayed_reappearance,3,0.64,0.632192,0.191119,0.33984,0.108593,0.2542,0.46368,0.057502,0.219072,0.877349
substitute_ambiguity_shift,shelf_retrieval,delayed_reappearance,4,0.64,0.632192,0.191119,0.33984,0.108593,0.2542,0.46368,0.057502,0.219072,0.864158
substitute_ambiguity_shift,shelf_retrieval,delayed_reappearance,5,0.64,0.632192,0.191119,0.33984,0.108593,0.2542,0.46368,0.057502,0.219072,0.884607
substitute_ambiguity_shift,shelf_retrieval,delayed_reappearance,6,0.64,0.632192,0.191119,0.33984,0.108593,0.2542,0.46368,0.057502,0.219072,0.868991
substitute_ambiguity_shift,shelf_retrieval,delayed_reappearance,7,0.64,0.632192,0.191119,0.33984,0.108593,0.2542,0.46368,0.057502,0.219072,0.882695
substitute_ambiguity_shift,shelf_retrieval,delayed_reappearance,8,0.64,0.632192,0.191119,0.33984,0.108593,0.2542,0.46368,0.057502,0.219072,0.89047
substitute_ambiguity_shift,shelf_retrieval,delayed_reappearance,9,0.64,0.632192,0.191119,0.33984,0.108593,0.2542,0.46368,0.057502,0.219072,0.86598
substitute_ambiguity_shift,shelf_retrieval,cascading_disappearing_goal,0,0.64,0.663802,0.61746,0.662688,0.22322,0.437224,0.28336,0.096845,0.516384,0.86286
substitute_ambiguity_shift,shelf_retrieval,cascading_disappearing_goal,1,0.64,0.663802,0.61746,0.662688,0.22322,0.437224,0.28336,0.096845,0.516384,0.85915
substitute_ambiguity_shift,shelf_retrieval,cascading_disappearing_goal,2,0.64,0.663802,0.61746,0.662688,0.22322,0.437224,0.28336,0.096845,0.516384,0.868022
substitute_ambiguity_shift,shelf_retrieval,cascading_disappearing_goal,3,0.64,0.663802,0.61746,0.662688,0.22322,0.437224,0.28336,0.096845,0.516384,0.873203
substitute_ambiguity_shift,shelf_retrieval,cascading_disappearing_goal,4,0.64,0.663802,0.61746,0.662688,0.22322,0.437224,0.28336,0.096845,0.516384,0.871102
substitute_ambiguity_shift,shelf_retrieval,cascading_disappearing_goal,5,0.64,0.663802,0.61746,0.662688,0.22322,0.437224,0.28336,0.096845,0.516384,0.87175
substitute_ambiguity_shift,shelf_retrieval,cascading_disappearing_goal,6,0.64,0.663802,0.61746,0.662688,0.22322,0.437224,0.28336,0.096845,0.516384,0.864935
substitute_ambiguity_shift,shelf_retrieval,cascading_disappearing_goal,7,0.64,0.663802,0.61746,0.662688,0.22322,0.437224,0.28336,0.096845,0.516384,0.886108
substitute_ambiguity_shift,shelf_retrieval,cascading_disappearing_goal,8,0.64,0.663802,0.61746,0.662688,0.22322,0.437224,0.28336,0.096845,0.516384,0.856678
substitute_ambiguity_shift,shelf_retrieval,cascading_disappearing_goal,9,0.64,0.663802,0.61746,0.662688,0.22322,0.437224,0.28336,0.096845,0.516384,0.887151
substitute_ambiguity_shift,drawer_placement,visual_occlusion,0,0.64,0.647997,0.064996,0.118944,0.074525,0.13776,0.5152,0.039576,0.062592,0.87067
substitute_ambiguity_shift,drawer_placement,visual_occlusion,1,0.64,0.647997,0.064996,0.118944,0.074525,0.13776,0.5152,0.039576,0.062592,0.877374
substitute_ambiguity_shift,drawer_placement,visual_occlusion,2,0.64,0.647997,0.064996,0.118944,0.074525,0.13776,0.5152,0.039576,0.062592,0.876992
substitute_ambiguity_shift,drawer_placement,visual_occlusion,3,0.64,0.647997,0.064996,0.118944,0.074525,0.13776,0.5152,0.039576,0.062592,0.866812
substitute_ambiguity_shift,drawer_placement,visual_occlusion,4,0.64,0.647997,0.064996,0.118944,0.074525,0.13776,0.5152,0.039576,0.062592,0.873604
substitute_ambiguity_shift,drawer_placement,visual_occlusion,5,0.64,0.647997,0.064996,0.118944,0.074525,0.13776,0.5152,0.039576,0.062592,0.860911
substitute_ambiguity_shift,drawer_placement,visual_occlusion,6,0.64,0.647997,0.064996,0.118944,0.074525,0.13776,0.5152,0.039576,0.062592,0.866536
substitute_ambiguity_shift,drawer_placement,visual_occlusion,7,0.64,0.647997,0.064996,0.118944,0.074525,0.13776,0.5152,0.039576,0.062592,0.893944
substitute_ambiguity_shift,drawer_placement,visual_occlusion,8,0.64,0.647997,0.064996,0.118944,0.074525,0.13776,0.5152,0.039576,0.062592,0.87703
substitute_ambiguity_shift,drawer_placement,visual_occlusion,9,0.64,0.647997,0.064996,0.118944,0.074525,0.13776,0.5152,0.039576,0.062592,0.868372
substitute_ambiguity_shift,drawer_placement,object_moved,0,0.64,0.309271,0.227485,0.713664,0.126692,0.2583,0.24472,0.035618,0.11736,0.873223
substitute_ambiguity_shift,drawer_placement,object_moved,1,0.64,0.309271,0.227485,0.713664,0.126692,0.2583,0.24472,0.035618,0.11736,0.842355
substitute_ambiguity_shift,drawer_placement,object_moved,2,0.64,0.309271,0.227485,0.713664,0.126692,0.2583,0.24472,0.035618,0.11736,0.884676
substitute_ambiguity_shift,drawer_placement,object_moved,3,0.64,0.309271,0.227485,0.713664,0.126692,0.2583,0.24472,0.035618,0.11736,0.864142
substitute_ambiguity_shift,drawer_placement,object_moved,4,0.64,0.309271,0.227485,0.713664,0.126692,0.2583,0.24472,0.035618,0.11736,0.879444
substitute_ambiguity_shift,drawer_placement,object_moved,5,0.64,0.309271,0.227485,0.713664,0.126692,0.2583,0.24472,0.035618,0.11736,0.865988
substitute_ambiguity_shift,drawer_placement,object_moved,6,0.64,0.309271,0.227485,0.713664,0.126692,0.2583,0.24472,0.035618,0.11736,0.882622
substitute_ambiguity_shift,drawer_placement,object_moved,7,0.64,0.309271,0.227485,0.713664,0.126692,0.2583,0.24472,0.035618,0.11736,0.872425
substitute_ambiguity_shift,drawer_placement,object_moved,8,0.64,0.309271,0.227485,0.713664,0.126692,0.2583,0.24472,0.035618,0.11736,0.877657
substitute_ambiguity_shift,drawer_placement,object_moved,9,0.64,0.309271,0.227485,0.713664,0.126692,0.2583,0.24472,0.035618,0.11736,0.871627
substitute_ambiguity_shift,drawer_placement,object_removed,0,0.64,0.250362,0.723079,0.237888,0.156502,0.33292,0.10304,0.039576,0.172128,0.888098
substitute_ambiguity_shift,drawer_placement,object_removed,1,0.64,0.250362,0.723079,0.237888,0.156502,0.33292,0.10304,0.039576,0.172128,0.88318
substitute_ambiguity_shift,drawer_placement,object_removed,2,0.64,0.250362,0.723079,0.237888,0.156502,0.33292,0.10304,0.039576,0.172128,0.878127
substitute_ambiguity_shift,drawer_placement,object_removed,3,0.64,0.250362,0.723079,0.237888,0.156502,0.33292,0.10304,0.039576,0.172128,0.902076
substitute_ambiguity_shift,drawer_placement,object_removed,4,0.64,0.250362,0.723079,0.237888,0.156502,0.33292,0.10304,0.039576,0.172128,0.868412
substitute_ambiguity_shift,drawer_placement,object_removed,5,0.64,0.250362,0.723079,0.237888,0.156502,0.33292,0.10304,0.039576,0.172128,0.876471
substitute_ambiguity_shift,drawer_placement,object_removed,6,0.64,0.250362,0.723079,0.237888,0.156502,0.33292,0.10304,0.039576,0.172128,0.867272
substitute_ambiguity_shift,drawer_placement,object_removed,7,0.64,0.250362,0.723079,0.237888,0.156502,0.33292,0.10304,0.039576,0.172128,0.862822
substitute_ambiguity_shift,drawer_placement,object_removed,8,0.64,0.250362,0.723079,0.237888,0.156502,0.33292,0.10304,0.039576,0.172128,0.886376
substitute_ambiguity_shift,drawer_placement,object_removed,9,0.64,0.250362,0.723079,0.237888,0.156502,0.33292,0.10304,0.039576,0.172128,0.865981
substitute_ambiguity_shift,drawer_placement,human_temporary_obstruction,0,0.64,0.544906,0.146241,0.152928,0.08943,0.41328,0.55384,0.18205,0.125184,0.888045
substitute_ambiguity_shift,drawer_placement,human_temporary_obstruction,1,0.64,0.544906,0.146241,0.152928,0.08943,0.41328,0.55384,0.18205,0.125184,0.876843
substitute_ambiguity_shift,drawer_placement,human_temporary_obstruction,2,0.64,0.544906,0.146241,0.152928,0.08943,0.41328,0.55384,0.18205,0.125184,0.866305
substitute_ambiguity_shift,drawer_placement,human_temporary_obstruction,3,0.64,0.544906,0.146241,0.152928,0.08943,0.41328,0.55384,0.18205,0.125184,0.869131
substitute_ambiguity_shift,drawer_placement,human_temporary_obstruction,4,0.64,0.544906,0.146241,0.152928,0.08943,0.41328,0.55384,0.18205,0.125184,0.863134
substitute_ambiguity_shift,drawer_placement,human_temporary_obstruction,5,0.64,0.544906,0.146241,0.152928,0.08943,0.41328,0.55384,0.18205,0.125184,0.87059
substitute_ambiguity_shift,drawer_placement,human_temporary_obstruction,6,0.64,0.544906,0.146241,0.152928,0.08943,0.41328,0.55384,0.18205,0.125184,0.874365
substitute_ambiguity_shift,drawer_placement,human_temporary_obstruction,7,0.64,0.544906,0.146241,0.152928,0.08943,0.41328,0.55384,0.18205,0.125184,0.868498
substitute_ambiguity_shift,drawer_placement,human_temporary_obstruction,8,0.64,0.544906,0.146241,0.152928,0.08943,0.41328,0.55384,0.18205,0.125184,0.875648
substitute_ambiguity_shift,drawer_placement,human_temporary_obstruction,9,0.64,0.544906,0.146241,0.152928,0.08943,0.41328,0.55384,0.18205,0.125184,0.879815
substitute_ambiguity_shift,drawer_placement,goal_specification_changed,0,0.64,0.206181,0.61746,0.33984,0.253384,0.27552,0.11592,0.067279,0.688512,0.861824
substitute_ambiguity_shift,drawer_placement,goal_specification_changed,1,0.64,0.206181,0.61746,0.33984,0.253384,0.27552,0.11592,0.067279,0.688512,0.857712
substitute_ambiguity_shift,drawer_placement,goal_specification_changed,2,0.64,0.206181,0.61746,0.33984,0.253384,0.27552,0.11592,0.067279,0.688512,0.867859
substitute_ambiguity_shift,drawer_placement,goal_specification_changed,3,0.64,0.206181,0.61746,0.33984,0.253384,0.27552,0.11592,0.067279,0.688512,0.852053
substitute_ambiguity_shift,drawer_placement,goal_specification_changed,4,0.64,0.206181,0.61746,0.33984,0.253384,0.27552,0.11592,0.067279,0.688512,0.85169
substitute_ambiguity_shift,drawer_placement,goal_specification_changed,5,0.64,0.206181,0.61746,0.33984,0.253384,0.27552,0.11592,0.067279,0.688512,0.85967
substitute_ambiguity_shift,drawer_placement,goal_specification_changed,6,0.64,0.206181,0.61746,0.33984,0.253384,0.27552,0.11592,0.067279,0.688512,0.871716
substitute_ambiguity_shift,drawer_placement,goal_specification_changed,7,0.64,0.206181,0.61746,0.33984,0.253384,0.27552,0.11592,0.067279,0.688512,0.867588
substitute_ambiguity_shift,drawer_placement,goal_specification_changed,8,0.64,0.206181,0.61746,0.33984,0.253384,0.27552,0.11592,0.067279,0.688512,0.847773
substitute_ambiguity_shift,drawer_placement,goal_specification_changed,9,0.64,0.206181,0.61746,0.33984,0.253384,0.27552,0.11592,0.067279,0.688512,0.856351
substitute_ambiguity_shift,drawer_placement,substitute_goal_available,0,0.64,0.309271,0.503718,0.305856,0.335362,0.2296,0.1932,0.055406,0.344256,0.866698
substitute_ambiguity_shift,drawer_placement,substitute_goal_available,1,0.64,0.309271,0.503718,0.305856,0.335362,0.2296,0.1932,0.055406,0.344256,0.882872
substitute_ambiguity_shift,drawer_placement,substitute_goal_available,2,0.64,0.309271,0.503718,0.305856,0.335362,0.2296,0.1932,0.055406,0.344256,0.879165
substitute_ambiguity_shift,drawer_placement,substitute_goal_available,3,0.64,0.309271,0.503718,0.305856,0.335362,0.2296,0.1932,0.055406,0.344256,0.87615
substitute_ambiguity_shift,drawer_placement,substitute_goal_available,4,0.64,0.309271,0.503718,0.305856,0.335362,0.2296,0.1932,0.055406,0.344256,0.875091
substitute_ambiguity_shift,drawer_placement,substitute_goal_available,5,0.64,0.309271,0.503718,0.305856,0.335362,0.2296,0.1932,0.055406,0.344256,0.864822
substitute_ambiguity_shift,drawer_placement,substitute_goal_available,6,0.64,0.309271,0.503718,0.305856,0.335362,0.2296,0.1932,0.055406,0.344256,0.856618
substitute_ambiguity_shift,drawer_placement,substitute_goal_available,7,0.64,0.309271,0.503718,0.305856,0.335362,0.2296,0.1932,0.055406,0.344256,0.854606
substitute_ambiguity_shift,drawer_placement,substitute_goal_available,8,0.64,0.309271,0.503718,0.305856,0.335362,0.2296,0.1932,0.055406,0.344256,0.862108
substitute_ambiguity_shift,drawer_placement,substitute_goal_available,9,0.64,0.309271,0.503718,0.305856,0.335362,0.2296,0.1932,0.055406,0.344256,0.866841
substitute_ambiguity_shift,drawer_placement,delayed_reappearance,0,0.64,0.589088,0.211236,0.33984,0.134145,0.287,0.46368,0.075194,0.219072,0.875718
substitute_ambiguity_shift,drawer_placement,delayed_reappearance,1,0.64,0.589088,0.211236,0.33984,0.134145,0.287,0.46368,0.075194,0.219072,0.873986
substitute_ambiguity_shift,drawer_placement,delayed_reappearance,2,0.64,0.589088,0.211236,0.33984,0.134145,0.287,0.46368,0.075194,0.219072,0.8792
substitute_ambiguity_shift,drawer_placement,delayed_reappearance,3,0.64,0.589088,0.211236,0.33984,0.134145,0.287,0.46368,0.075194,0.219072,0.880324
substitute_ambiguity_shift,drawer_placement,delayed_reappearance,4,0.64,0.589088,0.211236,0.33984,0.134145,0.287,0.46368,0.075194,0.219072,0.862534
substitute_ambiguity_shift,drawer_placement,delayed_reappearance,5,0.64,0.589088,0.211236,0.33984,0.134145,0.287,0.46368,0.075194,0.219072,0.877527
substitute_ambiguity_shift,drawer_placement,delayed_reappearance,6,0.64,0.589088,0.211236,0.33984,0.134145,0.287,0.46368,0.075194,0.219072,0.869034
substitute_ambiguity_shift,drawer_placement,delayed_reappearance,7,0.64,0.589088,0.211236,0.33984,0.134145,0.287,0.46368,0.075194,0.219072,0.852716
substitute_ambiguity_shift,drawer_placement,delayed_reappearance,8,0.64,0.589088,0.211236,0.33984,0.134145,0.287,0.46368,0.075194,0.219072,0.864366
substitute_ambiguity_shift,drawer_placement,delayed_reappearance,9,0.64,0.589088,0.211236,0.33984,0.134145,0.287,0.46368,0.075194,0.219072,0.877004
substitute_ambiguity_shift,drawer_placement,cascading_disappearing_goal,0,0.64,0.618542,0.682456,0.662688,0.275742,0.49364,0.28336,0.126643,0.516384,0.876406
substitute_ambiguity_shift,drawer_placement,cascading_disappearing_goal,1,0.64,0.618542,0.682456,0.662688,0.275742,0.49364,0.28336,0.126643,0.516384,0.865145
substitute_ambiguity_shift,drawer_placement,cascading_disappearing_goal,2,0.64,0.618542,0.682456,0.662688,0.275742,0.49364,0.28336,0.126643,0.516384,0.886802
substitute_ambiguity_shift,drawer_placement,cascading_disappearing_goal,3,0.64,0.618542,0.682456,0.662688,0.275742,0.49364,0.28336,0.126643,0.516384,0.878401
substitute_ambiguity_shift,drawer_placement,cascading_disappearing_goal,4,0.64,0.618542,0.682456,0.662688,0.275742,0.49364,0.28336,0.126643,0.516384,0.87425
substitute_ambiguity_shift,drawer_placement,cascading_disappearing_goal,5,0.64,0.618542,0.682456,0.662688,0.275742,0.49364,0.28336,0.126643,0.516384,0.868306
substitute_ambiguity_shift,drawer_placement,cascading_disappearing_goal,6,0.64,0.618542,0.682456,0.662688,0.275742,0.49364,0.28336,0.126643,0.516384,0.886942
substitute_ambiguity_shift,drawer_placement,cascading_disappearing_goal,7,0.64,0.618542,0.682456,0.662688,0.275742,0.49364,0.28336,0.126643,0.516384,0.868212
substitute_ambiguity_shift,drawer_placement,cascading_disappearing_goal,8,0.64,0.618542,0.682456,0.662688,0.275742,0.49364,0.28336,0.126643,0.516384,0.852781
substitute_ambiguity_shift,drawer_placement,cascading_disappearing_goal,9,0.64,0.618542,0.682456,0.662688,0.275742,0.49364,0.28336,0.126643,0.516384,0.861689
substitute_ambiguity_shift,bin_sorting,visual_occlusion,0,0.64,0.59268,0.055711,0.118944,0.11711,0.10824,0.5152,0.027936,0.062592,0.87695
substitute_ambiguity_shift,bin_sorting,visual_occlusion,1,0.64,0.59268,0.055711,0.118944,0.11711,0.10824,0.5152,0.027936,0.062592,0.88033
substitute_ambiguity_shift,bin_sorting,visual_occlusion,2,0.64,0.59268,0.055711,0.118944,0.11711,0.10824,0.5152,0.027936,0.062592,0.888389
substitute_ambiguity_shift,bin_sorting,visual_occlusion,3,0.64,0.59268,0.055711,0.118944,0.11711,0.10824,0.5152,0.027936,0.062592,0.878829
substitute_ambiguity_shift,bin_sorting,visual_occlusion,4,0.64,0.59268,0.055711,0.118944,0.11711,0.10824,0.5152,0.027936,0.062592,0.873835
substitute_ambiguity_shift,bin_sorting,visual_occlusion,5,0.64,0.59268,0.055711,0.118944,0.11711,0.10824,0.5152,0.027936,0.062592,0.869443
substitute_ambiguity_shift,bin_sorting,visual_occlusion,6,0.64,0.59268,0.055711,0.118944,0.11711,0.10824,0.5152,0.027936,0.062592,0.90173
substitute_ambiguity_shift,bin_sorting,visual_occlusion,7,0.64,0.59268,0.055711,0.118944,0.11711,0.10824,0.5152,0.027936,0.062592,0.893709
substitute_ambiguity_shift,bin_sorting,visual_occlusion,8,0.64,0.59268,0.055711,0.118944,0.11711,0.10824,0.5152,0.027936,0.062592,0.892994
substitute_ambiguity_shift,bin_sorting,visual_occlusion,9,0.64,0.59268,0.055711,0.118944,0.11711,0.10824,0.5152,0.027936,0.062592,0.88786
substitute_ambiguity_shift,bin_sorting,object_moved,0,0.64,0.28287,0.194988,0.713664,0.199088,0.20295,0.24472,0.025142,0.11736,0.881312
substitute_ambiguity_shift,bin_sorting,object_moved,1,0.64,0.28287,0.194988,0.713664,0.199088,0.20295,0.24472,0.025142,0.11736,0.87256
substitute_ambiguity_shift,bin_sorting,object_moved,2,0.64,0.28287,0.194988,0.713664,0.199088,0.20295,0.24472,0.025142,0.11736,0.881221
substitute_ambiguity_shift,bin_sorting,object_moved,3,0.64,0.28287,0.194988,0.713664,0.199088,0.20295,0.24472,0.025142,0.11736,0.898026
substitute_ambiguity_shift,bin_sorting,object_moved,4,0.64,0.28287,0.194988,0.713664,0.199088,0.20295,0.24472,0.025142,0.11736,0.878749
substitute_ambiguity_shift,bin_sorting,object_moved,5,0.64,0.28287,0.194988,0.713664,0.199088,0.20295,0.24472,0.025142,0.11736,0.894454
substitute_ambiguity_shift,bin_sorting,object_moved,6,0.64,0.28287,0.194988,0.713664,0.199088,0.20295,0.24472,0.025142,0.11736,0.867967
substitute_ambiguity_shift,bin_sorting,object_moved,7,0.64,0.28287,0.194988,0.713664,0.199088,0.20295,0.24472,0.025142,0.11736,0.897344
substitute_ambiguity_shift,bin_sorting,object_moved,8,0.64,0.28287,0.194988,0.713664,0.199088,0.20295,0.24472,0.025142,0.11736,0.888354
substitute_ambiguity_shift,bin_sorting,object_moved,9,0.64,0.28287,0.194988,0.713664,0.199088,0.20295,0.24472,0.025142,0.11736,0.89509
substitute_ambiguity_shift,bin_sorting,object_removed,0,0.64,0.22899,0.619782,0.237888,0.245932,0.26158,0.10304,0.027936,0.172128,0.889634
substitute_ambiguity_shift,bin_sorting,object_removed,1,0.64,0.22899,0.619782,0.237888,0.245932,0.26158,0.10304,0.027936,0.172128,0.882814
substitute_ambiguity_shift,bin_sorting,object_removed,2,0.64,0.22899,0.619782,0.237888,0.245932,0.26158,0.10304,0.027936,0.172128,0.890722
substitute_ambiguity_shift,bin_sorting,object_removed,3,0.64,0.22899,0.619782,0.237888,0.245932,0.26158,0.10304,0.027936,0.172128,0.887437
substitute_ambiguity_shift,bin_sorting,object_removed,4,0.64,0.22899,0.619782,0.237888,0.245932,0.26158,0.10304,0.027936,0.172128,0.880965
substitute_ambiguity_shift,bin_sorting,object_removed,5,0.64,0.22899,0.619782,0.237888,0.245932,0.26158,0.10304,0.027936,0.172128,0.881801
substitute_ambiguity_shift,bin_sorting,object_removed,6,0.64,0.22899,0.619782,0.237888,0.245932,0.26158,0.10304,0.027936,0.172128,0.89724
substitute_ambiguity_shift,bin_sorting,object_removed,7,0.64,0.22899,0.619782,0.237888,0.245932,0.26158,0.10304,0.027936,0.172128,0.895334
substitute_ambiguity_shift,bin_sorting,object_removed,8,0.64,0.22899,0.619782,0.237888,0.245932,0.26158,0.10304,0.027936,0.172128,0.877568
substitute_ambiguity_shift,bin_sorting,object_removed,9,0.64,0.22899,0.619782,0.237888,0.245932,0.26158,0.10304,0.027936,0.172128,0.896161
substitute_ambiguity_shift,bin_sorting,human_temporary_obstruction,0,0.64,0.49839,0.125349,0.152928,0.140532,0.32472,0.55384,0.128506,0.125184,0.904099
substitute_ambiguity_shift,bin_sorting,human_temporary_obstruction,1,0.64,0.49839,0.125349,0.152928,0.140532,0.32472,0.55384,0.128506,0.125184,0.882938
substitute_ambiguity_shift,bin_sorting,human_temporary_obstruction,2,0.64,0.49839,0.125349,0.152928,0.140532,0.32472,0.55384,0.128506,0.125184,0.894295
substitute_ambiguity_shift,bin_sorting,human_temporary_obstruction,3,0.64,0.49839,0.125349,0.152928,0.140532,0.32472,0.55384,0.128506,0.125184,0.890021
substitute_ambiguity_shift,bin_sorting,human_temporary_obstruction,4,0.64,0.49839,0.125349,0.152928,0.140532,0.32472,0.55384,0.128506,0.125184,0.881625
substitute_ambiguity_shift,bin_sorting,human_temporary_obstruction,5,0.64,0.49839,0.125349,0.152928,0.140532,0.32472,0.55384,0.128506,0.125184,0.889384
substitute_ambiguity_shift,bin_sorting,human_temporary_obstruction,6,0.64,0.49839,0.125349,0.152928,0.140532,0.32472,0.55384,0.128506,0.125184,0.870254
substitute_ambiguity_shift,bin_sorting,human_temporary_obstruction,7,0.64,0.49839,0.125349,0.152928,0.140532,0.32472,0.55384,0.128506,0.125184,0.888479
substitute_ambiguity_shift,bin_sorting,human_temporary_obstruction,8,0.64,0.49839,0.125349,0.152928,0.140532,0.32472,0.55384,0.128506,0.125184,0.882505
substitute_ambiguity_shift,bin_sorting,human_temporary_obstruction,9,0.64,0.49839,0.125349,0.152928,0.140532,0.32472,0.55384,0.128506,0.125184,0.868085
substitute_ambiguity_shift,bin_sorting,goal_specification_changed,0,0.64,0.18858,0.529252,0.33984,0.398175,0.21648,0.11592,0.047491,0.688512,0.860032
substitute_ambiguity_shift,bin_sorting,goal_specification_changed,1,0.64,0.18858,0.529252,0.33984,0.398175,0.21648,0.11592,0.047491,0.688512,0.881909
substitute_ambiguity_shift,bin_sorting,goal_specification_changed,2,0.64,0.18858,0.529252,0.33984,0.398175,0.21648,0.11592,0.047491,0.688512,0.892865
substitute_ambiguity_shift,bin_sorting,goal_specification_changed,3,0.64,0.18858,0.529252,0.33984,0.398175,0.21648,0.11592,0.047491,0.688512,0.884699
substitute_ambiguity_shift,bin_sorting,goal_specification_changed,4,0.64,0.18858,0.529252,0.33984,0.398175,0.21648,0.11592,0.047491,0.688512,0.882314
substitute_ambiguity_shift,bin_sorting,goal_specification_changed,5,0.64,0.18858,0.529252,0.33984,0.398175,0.21648,0.11592,0.047491,0.688512,0.862785
substitute_ambiguity_shift,bin_sorting,goal_specification_changed,6,0.64,0.18858,0.529252,0.33984,0.398175,0.21648,0.11592,0.047491,0.688512,0.886377
substitute_ambiguity_shift,bin_sorting,goal_specification_changed,7,0.64,0.18858,0.529252,0.33984,0.398175,0.21648,0.11592,0.047491,0.688512,0.884948
substitute_ambiguity_shift,bin_sorting,goal_specification_changed,8,0.64,0.18858,0.529252,0.33984,0.398175,0.21648,0.11592,0.047491,0.688512,0.881795
substitute_ambiguity_shift,bin_sorting,goal_specification_changed,9,0.64,0.18858,0.529252,0.33984,0.398175,0.21648,0.11592,0.047491,0.688512,0.891542
substitute_ambiguity_shift,bin_sorting,substitute_goal_available,0,0.64,0.28287,0.431758,0.305856,0.526997,0.1804,0.1932,0.03911,0.344256,0.87569
substitute_ambiguity_shift,bin_sorting,substitute_goal_available,1,0.64,0.28287,0.431758,0.305856,0.526997,0.1804,0.1932,0.03911,0.344256,0.865707
substitute_ambiguity_shift,bin_sorting,substitute_goal_available,2,0.64,0.28287,0.431758,0.305856,0.526997,0.1804,0.1932,0.03911,0.344256,0.89536
substitute_ambiguity_shift,bin_sorting,substitute_goal_available,3,0.64,0.28287,0.431758,0.305856,0.526997,0.1804,0.1932,0.03911,0.344256,0.8858
substitute_ambiguity_shift,bin_sorting,substitute_goal_available,4,0.64,0.28287,0.431758,0.305856,0.526997,0.1804,0.1932,0.03911,0.344256,0.884693
substitute_ambiguity_shift,bin_sorting,substitute_goal_available,5,0.64,0.28287,0.431758,0.305856,0.526997,0.1804,0.1932,0.03911,0.344256,0.870239
substitute_ambiguity_shift,bin_sorting,substitute_goal_available,6,0.64,0.28287,0.431758,0.305856,0.526997,0.1804,0.1932,0.03911,0.344256,0.893416
substitute_ambiguity_shift,bin_sorting,substitute_goal_available,7,0.64,0.28287,0.431758,0.305856,0.526997,0.1804,0.1932,0.03911,0.344256,0.890488
substitute_ambiguity_shift,bin_sorting,substitute_goal_available,8,0.64,0.28287,0.431758,0.305856,0.526997,0.1804,0.1932,0.03911,0.344256,0.884141
substitute_ambiguity_shift,bin_sorting,substitute_goal_available,9,0.64,0.28287,0.431758,0.305856,0.526997,0.1804,0.1932,0.03911,0.344256,0.858557
substitute_ambiguity_shift,bin_sorting,delayed_reappearance,0,0.64,0.5388,0.18106,0.33984,0.210799,0.2255,0.46368,0.053078,0.219072,0.870956
substitute_ambiguity_shift,bin_sorting,delayed_reappearance,1,0.64,0.5388,0.18106,0.33984,0.210799,0.2255,0.46368,0.053078,0.219072,0.871225
substitute_ambiguity_shift,bin_sorting,delayed_reappearance,2,0.64,0.5388,0.18106,0.33984,0.210799,0.2255,0.46368,0.053078,0.219072,0.889808
substitute_ambiguity_shift,bin_sorting,delayed_reappearance,3,0.64,0.5388,0.18106,0.33984,0.210799,0.2255,0.46368,0.053078,0.219072,0.87694
substitute_ambiguity_shift,bin_sorting,delayed_reappearance,4,0.64,0.5388,0.18106,0.33984,0.210799,0.2255,0.46368,0.053078,0.219072,0.885569
substitute_ambiguity_shift,bin_sorting,delayed_reappearance,5,0.64,0.5388,0.18106,0.33984,0.210799,0.2255,0.46368,0.053078,0.219072,0.888723
substitute_ambiguity_shift,bin_sorting,delayed_reappearance,6,0.64,0.5388,0.18106,0.33984,0.210799,0.2255,0.46368,0.053078,0.219072,0.901431
substitute_ambiguity_shift,bin_sorting,delayed_reappearance,7,0.64,0.5388,0.18106,0.33984,0.210799,0.2255,0.46368,0.053078,0.219072,0.873892
substitute_ambiguity_shift,bin_sorting,delayed_reappearance,8,0.64,0.5388,0.18106,0.33984,0.210799,0.2255,0.46368,0.053078,0.219072,0.902878
substitute_ambiguity_shift,bin_sorting,delayed_reappearance,9,0.64,0.5388,0.18106,0.33984,0.210799,0.2255,0.46368,0.053078,0.219072,0.89986
substitute_ambiguity_shift,bin_sorting,cascading_disappearing_goal,0,0.64,0.56574,0.584963,0.662688,0.433308,0.38786,0.28336,0.089395,0.516384,0.859945
substitute_ambiguity_shift,bin_sorting,cascading_disappearing_goal,1,0.64,0.56574,0.584963,0.662688,0.433308,0.38786,0.28336,0.089395,0.516384,0.836266
substitute_ambiguity_shift,bin_sorting,cascading_disappearing_goal,2,0.64,0.56574,0.584963,0.662688,0.433308,0.38786,0.28336,0.089395,0.516384,0.887579
substitute_ambiguity_shift,bin_sorting,cascading_disappearing_goal,3,0.64,0.56574,0.584963,0.662688,0.433308,0.38786,0.28336,0.089395,0.516384,0.881175
substitute_ambiguity_shift,bin_sorting,cascading_disappearing_goal,4,0.64,0.56574,0.584963,0.662688,0.433308,0.38786,0.28336,0.089395,0.516384,0.88146
substitute_ambiguity_shift,bin_sorting,cascading_disappearing_goal,5,0.64,0.56574,0.584963,0.662688,0.433308,0.38786,0.28336,0.089395,0.516384,0.875585
substitute_ambiguity_shift,bin_sorting,cascading_disappearing_goal,6,0.64,0.56574,0.584963,0.662688,0.433308,0.38786,0.28336,0.089395,0.516384,0.860235
substitute_ambiguity_shift,bin_sorting,cascading_disappearing_goal,7,0.64,0.56574,0.584963,0.662688,0.433308,0.38786,0.28336,0.089395,0.516384,0.873238
substitute_ambiguity_shift,bin_sorting,cascading_disappearing_goal,8,0.64,0.56574,0.584963,0.662688,0.433308,0.38786,0.28336,0.089395,0.516384,0.872787
substitute_ambiguity_shift,bin_sorting,cascading_disappearing_goal,9,0.64,0.56574,0.584963,0.662688,0.433308,0.38786,0.28336,0.089395,0.516384,0.870606
substitute_ambiguity_shift,tool_handoff,visual_occlusion,0,0.64,0.711216,0.070412,0.118944,0.081622,0.163344,0.5152,0.086136,0.062592,0.882152
substitute_ambiguity_shift,tool_handoff,visual_occlusion,1,0.64,0.711216,0.070412,0.118944,0.081622,0.163344,0.5152,0.086136,0.062592,0.864582
substitute_ambiguity_shift,tool_handoff,visual_occlusion,2,0.64,0.711216,0.070412,0.118944,0.081622,0.163344,0.5152,0.086136,0.062592,0.880507
substitute_ambiguity_shift,tool_handoff,visual_occlusion,3,0.64,0.711216,0.070412,0.118944,0.081622,0.163344,0.5152,0.086136,0.062592,0.864249
substitute_ambiguity_shift,tool_handoff,visual_occlusion,4,0.64,0.711216,0.070412,0.118944,0.081622,0.163344,0.5152,0.086136,0.062592,0.879283
substitute_ambiguity_shift,tool_handoff,visual_occlusion,5,0.64,0.711216,0.070412,0.118944,0.081622,0.163344,0.5152,0.086136,0.062592,0.878109
substitute_ambiguity_shift,tool_handoff,visual_occlusion,6,0.64,0.711216,0.070412,0.118944,0.081622,0.163344,0.5152,0.086136,0.062592,0.874677
substitute_ambiguity_shift,tool_handoff,visual_occlusion,7,0.64,0.711216,0.070412,0.118944,0.081622,0.163344,0.5152,0.086136,0.062592,0.846647
substitute_ambiguity_shift,tool_handoff,visual_occlusion,8,0.64,0.711216,0.070412,0.118944,0.081622,0.163344,0.5152,0.086136,0.062592,0.852967
substitute_ambiguity_shift,tool_handoff,visual_occlusion,9,0.64,0.711216,0.070412,0.118944,0.081622,0.163344,0.5152,0.086136,0.062592,0.854398
substitute_ambiguity_shift,tool_handoff,object_moved,0,0.64,0.339444,0.246443,0.713664,0.138758,0.30627,0.24472,0.077522,0.11736,0.85407
substitute_ambiguity_shift,tool_handoff,object_moved,1,0.64,0.339444,0.246443,0.713664,0.138758,0.30627,0.24472,0.077522,0.11736,0.871208
substitute_ambiguity_shift,tool_handoff,object_moved,2,0.64,0.339444,0.246443,0.713664,0.138758,0.30627,0.24472,0.077522,0.11736,0.844229
substitute_ambiguity_shift,tool_handoff,object_moved,3,0.64,0.339444,0.246443,0.713664,0.138758,0.30627,0.24472,0.077522,0.11736,0.866789
substitute_ambiguity_shift,tool_handoff,object_moved,4,0.64,0.339444,0.246443,0.713664,0.138758,0.30627,0.24472,0.077522,0.11736,0.863401
substitute_ambiguity_shift,tool_handoff,object_moved,5,0.64,0.339444,0.246443,0.713664,0.138758,0.30627,0.24472,0.077522,0.11736,0.897574
substitute_ambiguity_shift,tool_handoff,object_moved,6,0.64,0.339444,0.246443,0.713664,0.138758,0.30627,0.24472,0.077522,0.11736,0.85998
substitute_ambiguity_shift,tool_handoff,object_moved,7,0.64,0.339444,0.246443,0.713664,0.138758,0.30627,0.24472,0.077522,0.11736,0.874585
substitute_ambiguity_shift,tool_handoff,object_moved,8,0.64,0.339444,0.246443,0.713664,0.138758,0.30627,0.24472,0.077522,0.11736,0.85914
substitute_ambiguity_shift,tool_handoff,object_moved,9,0.64,0.339444,0.246443,0.713664,0.138758,0.30627,0.24472,0.077522,0.11736,0.864277
substitute_ambiguity_shift,tool_handoff,object_removed,0,0.64,0.274788,0.783335,0.237888,0.171407,0.394748,0.10304,0.086136,0.172128,0.859167
substitute_ambiguity_shift,tool_handoff,object_removed,1,0.64,0.274788,0.783335,0.237888,0.171407,0.394748,0.10304,0.086136,0.172128,0.86551
substitute_ambiguity_shift,tool_handoff,object_removed,2,0.64,0.274788,0.783335,0.237888,0.171407,0.394748,0.10304,0.086136,0.172128,0.856666
substitute_ambiguity_shift,tool_handoff,object_removed,3,0.64,0.274788,0.783335,0.237888,0.171407,0.394748,0.10304,0.086136,0.172128,0.886699
substitute_ambiguity_shift,tool_handoff,object_removed,4,0.64,0.274788,0.783335,0.237888,0.171407,0.394748,0.10304,0.086136,0.172128,0.862009
substitute_ambiguity_shift,tool_handoff,object_removed,5,0.64,0.274788,0.783335,0.237888,0.171407,0.394748,0.10304,0.086136,0.172128,0.870034
substitute_ambiguity_shift,tool_handoff,object_removed,6,0.64,0.274788,0.783335,0.237888,0.171407,0.394748,0.10304,0.086136,0.172128,0.859283
substitute_ambiguity_shift,tool_handoff,object_removed,7,0.64,0.274788,0.783335,0.237888,0.171407,0.394748,0.10304,0.086136,0.172128,0.874585
substitute_ambiguity_shift,tool_handoff,object_removed,8,0.64,0.274788,0.783335,0.237888,0.171407,0.394748,0.10304,0.086136,0.172128,0.863206
substitute_ambiguity_shift,tool_handoff,object_removed,9,0.64,0.274788,0.783335,0.237888,0.171407,0.394748,0.10304,0.086136,0.172128,0.858403
substitute_ambiguity_shift,tool_handoff,human_temporary_obstruction,0,0.64,0.598068,0.158427,0.152928,0.097947,0.490032,0.55384,0.396226,0.125184,0.853436
substitute_ambiguity_shift,tool_handoff,human_temporary_obstruction,1,0.64,0.598068,0.158427,0.152928,0.097947,0.490032,0.55384,0.396226,0.125184,0.86362
substitute_ambiguity_shift,tool_handoff,human_temporary_obstruction,2,0.64,0.598068,0.158427,0.152928,0.097947,0.490032,0.55384,0.396226,0.125184,0.887593
substitute_ambiguity_shift,tool_handoff,human_temporary_obstruction,3,0.64,0.598068,0.158427,0.152928,0.097947,0.490032,0.55384,0.396226,0.125184,0.870739
substitute_ambiguity_shift,tool_handoff,human_temporary_obstruction,4,0.64,0.598068,0.158427,0.152928,0.097947,0.490032,0.55384,0.396226,0.125184,0.86297
substitute_ambiguity_shift,tool_handoff,human_temporary_obstruction,5,0.64,0.598068,0.158427,0.152928,0.097947,0.490032,0.55384,0.396226,0.125184,0.86098
substitute_ambiguity_shift,tool_handoff,human_temporary_obstruction,6,0.64,0.598068,0.158427,0.152928,0.097947,0.490032,0.55384,0.396226,0.125184,0.845328
substitute_ambiguity_shift,tool_handoff,human_temporary_obstruction,7,0.64,0.598068,0.158427,0.152928,0.097947,0.490032,0.55384,0.396226,0.125184,0.867449
substitute_ambiguity_shift,tool_handoff,human_temporary_obstruction,8,0.64,0.598068,0.158427,0.152928,0.097947,0.490032,0.55384,0.396226,0.125184,0.871979
substitute_ambiguity_shift,tool_handoff,human_temporary_obstruction,9,0.64,0.598068,0.158427,0.152928,0.097947,0.490032,0.55384,0.396226,0.125184,0.840931
substitute_ambiguity_shift,tool_handoff,goal_specification_changed,0,0.64,0.226296,0.668916,0.33984,0.277516,0.326688,0.11592,0.146431,0.688512,0.854678
substitute_ambiguity_shift,tool_handoff,goal_specification_changed,1,0.64,0.226296,0.668916,0.33984,0.277516,0.326688,0.11592,0.146431,0.688512,0.855683
substitute_ambiguity_shift,tool_handoff,goal_specification_changed,2,0.64,0.226296,0.668916,0.33984,0.277516,0.326688,0.11592,0.146431,0.688512,0.853506
substitute_ambiguity_shift,tool_handoff,goal_specification_changed,3,0.64,0.226296,0.668916,0.33984,0.277516,0.326688,0.11592,0.146431,0.688512,0.860109
substitute_ambiguity_shift,tool_handoff,goal_specification_changed,4,0.64,0.226296,0.668916,0.33984,0.277516,0.326688,0.11592,0.146431,0.688512,0.86108
substitute_ambiguity_shift,tool_handoff,goal_specification_changed,5,0.64,0.226296,0.668916,0.33984,0.277516,0.326688,0.11592,0.146431,0.688512,0.86026
substitute_ambiguity_shift,tool_handoff,goal_specification_changed,6,0.64,0.226296,0.668916,0.33984,0.277516,0.326688,0.11592,0.146431,0.688512,0.870812
substitute_ambiguity_shift,tool_handoff,goal_specification_changed,7,0.64,0.226296,0.668916,0.33984,0.277516,0.326688,0.11592,0.146431,0.688512,0.840568
substitute_ambiguity_shift,tool_handoff,goal_specification_changed,8,0.64,0.226296,0.668916,0.33984,0.277516,0.326688,0.11592,0.146431,0.688512,0.849842
substitute_ambiguity_shift,tool_handoff,goal_specification_changed,9,0.64,0.226296,0.668916,0.33984,0.277516,0.326688,0.11592,0.146431,0.688512,0.860729
substitute_ambiguity_shift,tool_handoff,substitute_goal_available,0,0.64,0.339444,0.545694,0.305856,0.367301,0.27224,0.1932,0.12059,0.344256,0.864766
substitute_ambiguity_shift,tool_handoff,substitute_goal_available,1,0.64,0.339444,0.545694,0.305856,0.367301,0.27224,0.1932,0.12059,0.344256,0.868331
substitute_ambiguity_shift,tool_handoff,substitute_goal_available,2,0.64,0.339444,0.545694,0.305856,0.367301,0.27224,0.1932,0.12059,0.344256,0.866327
substitute_ambiguity_shift,tool_handoff,substitute_goal_available,3,0.64,0.339444,0.545694,0.305856,0.367301,0.27224,0.1932,0.12059,0.344256,0.865792
substitute_ambiguity_shift,tool_handoff,substitute_goal_available,4,0.64,0.339444,0.545694,0.305856,0.367301,0.27224,0.1932,0.12059,0.344256,0.875441
substitute_ambiguity_shift,tool_handoff,substitute_goal_available,5,0.64,0.339444,0.545694,0.305856,0.367301,0.27224,0.1932,0.12059,0.344256,0.869403
substitute_ambiguity_shift,tool_handoff,substitute_goal_available,6,0.64,0.339444,0.545694,0.305856,0.367301,0.27224,0.1932,0.12059,0.344256,0.855037
substitute_ambiguity_shift,tool_handoff,substitute_goal_available,7,0.64,0.339444,0.545694,0.305856,0.367301,0.27224,0.1932,0.12059,0.344256,0.856738
substitute_ambiguity_shift,tool_handoff,substitute_goal_available,8,0.64,0.339444,0.545694,0.305856,0.367301,0.27224,0.1932,0.12059,0.344256,0.859155
substitute_ambiguity_shift,tool_handoff,substitute_goal_available,9,0.64,0.339444,0.545694,0.305856,0.367301,0.27224,0.1932,0.12059,0.344256,0.835726
substitute_ambiguity_shift,tool_handoff,delayed_reappearance,0,0.64,0.64656,0.22884,0.33984,0.14692,0.3403,0.46368,0.163658,0.219072,0.856361
substitute_ambiguity_shift,tool_handoff,delayed_reappearance,1,0.64,0.64656,0.22884,0.33984,0.14692,0.3403,0.46368,0.163658,0.219072,0.866252
substitute_ambiguity_shift,tool_handoff,delayed_reappearance,2,0.64,0.64656,0.22884,0.33984,0.14692,0.3403,0.46368,0.163658,0.219072,0.871813
substitute_ambiguity_shift,tool_handoff,delayed_reappearance,3,0.64,0.64656,0.22884,0.33984,0.14692,0.3403,0.46368,0.163658,0.219072,0.854189
substitute_ambiguity_shift,tool_handoff,delayed_reappearance,4,0.64,0.64656,0.22884,0.33984,0.14692,0.3403,0.46368,0.163658,0.219072,0.863367
substitute_ambiguity_shift,tool_handoff,delayed_reappearance,5,0.64,0.64656,0.22884,0.33984,0.14692,0.3403,0.46368,0.163658,0.219072,0.863912
substitute_ambiguity_shift,tool_handoff,delayed_reappearance,6,0.64,0.64656,0.22884,0.33984,0.14692,0.3403,0.46368,0.163658,0.219072,0.886684
substitute_ambiguity_shift,tool_handoff,delayed_reappearance,7,0.64,0.64656,0.22884,0.33984,0.14692,0.3403,0.46368,0.163658,0.219072,0.867337
substitute_ambiguity_shift,tool_handoff,delayed_reappearance,8,0.64,0.64656,0.22884,0.33984,0.14692,0.3403,0.46368,0.163658,0.219072,0.87259
substitute_ambiguity_shift,tool_handoff,delayed_reappearance,9,0.64,0.64656,0.22884,0.33984,0.14692,0.3403,0.46368,0.163658,0.219072,0.855153
substitute_ambiguity_shift,tool_handoff,cascading_disappearing_goal,0,0.64,0.678888,0.739328,0.662688,0.302003,0.585316,0.28336,0.275635,0.516384,0.831336
substitute_ambiguity_shift,tool_handoff,cascading_disappearing_goal,1,0.64,0.678888,0.739328,0.662688,0.302003,0.585316,0.28336,0.275635,0.516384,0.846765
substitute_ambiguity_shift,tool_handoff,cascading_disappearing_goal,2,0.64,0.678888,0.739328,0.662688,0.302003,0.585316,0.28336,0.275635,0.516384,0.835586
substitute_ambiguity_shift,tool_handoff,cascading_disappearing_goal,3,0.64,0.678888,0.739328,0.662688,0.302003,0.585316,0.28336,0.275635,0.516384,0.863107
substitute_ambiguity_shift,tool_handoff,cascading_disappearing_goal,4,0.64,0.678888,0.739328,0.662688,0.302003,0.585316,0.28336,0.275635,0.516384,0.852304
substitute_ambiguity_shift,tool_handoff,cascading_disappearing_goal,5,0.64,0.678888,0.739328,0.662688,0.302003,0.585316,0.28336,0.275635,0.516384,0.844255
substitute_ambiguity_shift,tool_handoff,cascading_disappearing_goal,6,0.64,0.678888,0.739328,0.662688,0.302003,0.585316,0.28336,0.275635,0.516384,0.855064
substitute_ambiguity_shift,tool_handoff,cascading_disappearing_goal,7,0.64,0.678888,0.739328,0.662688,0.302003,0.585316,0.28336,0.275635,0.516384,0.830935
substitute_ambiguity_shift,tool_handoff,cascading_disappearing_goal,8,0.64,0.678888,0.739328,0.662688,0.302003,0.585316,0.28336,0.275635,0.516384,0.843193
substitute_ambiguity_shift,tool_handoff,cascading_disappearing_goal,9,0.64,0.678888,0.739328,0.662688,0.302003,0.585316,0.28336,0.275635,0.516384,0.8582
substitute_ambiguity_shift,mobile_pick_and_place,visual_occlusion,0,0.64,0.679606,0.061901,0.118944,0.08872,0.149568,0.5152,0.048888,0.062592,0.875144
substitute_ambiguity_shift,mobile_pick_and_place,visual_occlusion,1,0.64,0.679606,0.061901,0.118944,0.08872,0.149568,0.5152,0.048888,0.062592,0.888543
substitute_ambiguity_shift,mobile_pick_and_place,visual_occlusion,2,0.64,0.679606,0.061901,0.118944,0.08872,0.149568,0.5152,0.048888,0.062592,0.869646
substitute_ambiguity_shift,mobile_pick_and_place,visual_occlusion,3,0.64,0.679606,0.061901,0.118944,0.08872,0.149568,0.5152,0.048888,0.062592,0.87523
substitute_ambiguity_shift,mobile_pick_and_place,visual_occlusion,4,0.64,0.679606,0.061901,0.118944,0.08872,0.149568,0.5152,0.048888,0.062592,0.870846
substitute_ambiguity_shift,mobile_pick_and_place,visual_occlusion,5,0.64,0.679606,0.061901,0.118944,0.08872,0.149568,0.5152,0.048888,0.062592,0.885161
substitute_ambiguity_shift,mobile_pick_and_place,visual_occlusion,6,0.64,0.679606,0.061901,0.118944,0.08872,0.149568,0.5152,0.048888,0.062592,0.875261
substitute_ambiguity_shift,mobile_pick_and_place,visual_occlusion,7,0.64,0.679606,0.061901,0.118944,0.08872,0.149568,0.5152,0.048888,0.062592,0.878443
substitute_ambiguity_shift,mobile_pick_and_place,visual_occlusion,8,0.64,0.679606,0.061901,0.118944,0.08872,0.149568,0.5152,0.048888,0.062592,0.859313
substitute_ambiguity_shift,mobile_pick_and_place,visual_occlusion,9,0.64,0.679606,0.061901,0.118944,0.08872,0.149568,0.5152,0.048888,0.062592,0.867958
substitute_ambiguity_shift,mobile_pick_and_place,object_moved,0,0.64,0.324358,0.216653,0.713664,0.150824,0.28044,0.24472,0.043999,0.11736,0.885081
substitute_ambiguity_shift,mobile_pick_and_place,object_moved,1,0.64,0.324358,0.216653,0.713664,0.150824,0.28044,0.24472,0.043999,0.11736,0.863338
substitute_ambiguity_shift,mobile_pick_and_place,object_moved,2,0.64,0.324358,0.216653,0.713664,0.150824,0.28044,0.24472,0.043999,0.11736,0.876888
substitute_ambiguity_shift,mobile_pick_and_place,object_moved,3,0.64,0.324358,0.216653,0.713664,0.150824,0.28044,0.24472,0.043999,0.11736,0.881156
substitute_ambiguity_shift,mobile_pick_and_place,object_moved,4,0.64,0.324358,0.216653,0.713664,0.150824,0.28044,0.24472,0.043999,0.11736,0.884506
substitute_ambiguity_shift,mobile_pick_and_place,object_moved,5,0.64,0.324358,0.216653,0.713664,0.150824,0.28044,0.24472,0.043999,0.11736,0.883797
substitute_ambiguity_shift,mobile_pick_and_place,object_moved,6,0.64,0.324358,0.216653,0.713664,0.150824,0.28044,0.24472,0.043999,0.11736,0.881345
substitute_ambiguity_shift,mobile_pick_and_place,object_moved,7,0.64,0.324358,0.216653,0.713664,0.150824,0.28044,0.24472,0.043999,0.11736,0.872814
substitute_ambiguity_shift,mobile_pick_and_place,object_moved,8,0.64,0.324358,0.216653,0.713664,0.150824,0.28044,0.24472,0.043999,0.11736,0.877206
substitute_ambiguity_shift,mobile_pick_and_place,object_moved,9,0.64,0.324358,0.216653,0.713664,0.150824,0.28044,0.24472,0.043999,0.11736,0.890419
substitute_ambiguity_shift,mobile_pick_and_place,object_removed,0,0.64,0.262575,0.688646,0.237888,0.186312,0.361456,0.10304,0.048888,0.172128,0.885163
substitute_ambiguity_shift,mobile_pick_and_place,object_removed,1,0.64,0.262575,0.688646,0.237888,0.186312,0.361456,0.10304,0.048888,0.172128,0.875558
substitute_ambiguity_shift,mobile_pick_and_place,object_removed,2,0.64,0.262575,0.688646,0.237888,0.186312,0.361456,0.10304,0.048888,0.172128,0.865217
substitute_ambiguity_shift,mobile_pick_and_place,object_removed,3,0.64,0.262575,0.688646,0.237888,0.186312,0.361456,0.10304,0.048888,0.172128,0.873808
substitute_ambiguity_shift,mobile_pick_and_place,object_removed,4,0.64,0.262575,0.688646,0.237888,0.186312,0.361456,0.10304,0.048888,0.172128,0.8809
substitute_ambiguity_shift,mobile_pick_and_place,object_removed,5,0.64,0.262575,0.688646,0.237888,0.186312,0.361456,0.10304,0.048888,0.172128,0.863129
substitute_ambiguity_shift,mobile_pick_and_place,object_removed,6,0.64,0.262575,0.688646,0.237888,0.186312,0.361456,0.10304,0.048888,0.172128,0.8388
substitute_ambiguity_shift,mobile_pick_and_place,object_removed,7,0.64,0.262575,0.688646,0.237888,0.186312,0.361456,0.10304,0.048888,0.172128,0.858792
substitute_ambiguity_shift,mobile_pick_and_place,object_removed,8,0.64,0.262575,0.688646,0.237888,0.186312,0.361456,0.10304,0.048888,0.172128,0.875863
substitute_ambiguity_shift,mobile_pick_and_place,object_removed,9,0.64,0.262575,0.688646,0.237888,0.186312,0.361456,0.10304,0.048888,0.172128,0.889453
substitute_ambiguity_shift,mobile_pick_and_place,human_temporary_obstruction,0,0.64,0.571487,0.139277,0.152928,0.106464,0.448704,0.55384,0.224885,0.125184,0.868162
substitute_ambiguity_shift,mobile_pick_and_place,human_temporary_obstruction,1,0.64,0.571487,0.139277,0.152928,0.106464,0.448704,0.55384,0.224885,0.125184,0.888888
substitute_ambiguity_shift,mobile_pick_and_place,human_temporary_obstruction,2,0.64,0.571487,0.139277,0.152928,0.106464,0.448704,0.55384,0.224885,0.125184,0.857034
substitute_ambiguity_shift,mobile_pick_and_place,human_temporary_obstruction,3,0.64,0.571487,0.139277,0.152928,0.106464,0.448704,0.55384,0.224885,0.125184,0.876738
substitute_ambiguity_shift,mobile_pick_and_place,human_temporary_obstruction,4,0.64,0.571487,0.139277,0.152928,0.106464,0.448704,0.55384,0.224885,0.125184,0.878533
substitute_ambiguity_shift,mobile_pick_and_place,human_temporary_obstruction,5,0.64,0.571487,0.139277,0.152928,0.106464,0.448704,0.55384,0.224885,0.125184,0.873277
substitute_ambiguity_shift,mobile_pick_and_place,human_temporary_obstruction,6,0.64,0.571487,0.139277,0.152928,0.106464,0.448704,0.55384,0.224885,0.125184,0.871749
substitute_ambiguity_shift,mobile_pick_and_place,human_temporary_obstruction,7,0.64,0.571487,0.139277,0.152928,0.106464,0.448704,0.55384,0.224885,0.125184,0.866312
substitute_ambiguity_shift,mobile_pick_and_place,human_temporary_obstruction,8,0.64,0.571487,0.139277,0.152928,0.106464,0.448704,0.55384,0.224885,0.125184,0.886383
substitute_ambiguity_shift,mobile_pick_and_place,human_temporary_obstruction,9,0.64,0.571487,0.139277,0.152928,0.106464,0.448704,0.55384,0.224885,0.125184,0.871166
substitute_ambiguity_shift,mobile_pick_and_place,goal_specification_changed,0,0.64,0.216238,0.588058,0.33984,0.301648,0.299136,0.11592,0.08311,0.688512,0.850023
substitute_ambiguity_shift,mobile_pick_and_place,goal_specification_changed,1,0.64,0.216238,0.588058,0.33984,0.301648,0.299136,0.11592,0.08311,0.688512,0.859831
substitute_ambiguity_shift,mobile_pick_and_place,goal_specification_changed,2,0.64,0.216238,0.588058,0.33984,0.301648,0.299136,0.11592,0.08311,0.688512,0.86091
substitute_ambiguity_shift,mobile_pick_and_place,goal_specification_changed,3,0.64,0.216238,0.588058,0.33984,0.301648,0.299136,0.11592,0.08311,0.688512,0.867576
substitute_ambiguity_shift,mobile_pick_and_place,goal_specification_changed,4,0.64,0.216238,0.588058,0.33984,0.301648,0.299136,0.11592,0.08311,0.688512,0.883431
substitute_ambiguity_shift,mobile_pick_and_place,goal_specification_changed,5,0.64,0.216238,0.588058,0.33984,0.301648,0.299136,0.11592,0.08311,0.688512,0.851962
substitute_ambiguity_shift,mobile_pick_and_place,goal_specification_changed,6,0.64,0.216238,0.588058,0.33984,0.301648,0.299136,0.11592,0.08311,0.688512,0.881151
substitute_ambiguity_shift,mobile_pick_and_place,goal_specification_changed,7,0.64,0.216238,0.588058,0.33984,0.301648,0.299136,0.11592,0.08311,0.688512,0.862822
substitute_ambiguity_shift,mobile_pick_and_place,goal_specification_changed,8,0.64,0.216238,0.588058,0.33984,0.301648,0.299136,0.11592,0.08311,0.688512,0.873388
substitute_ambiguity_shift,mobile_pick_and_place,goal_specification_changed,9,0.64,0.216238,0.588058,0.33984,0.301648,0.299136,0.11592,0.08311,0.688512,0.868419
substitute_ambiguity_shift,mobile_pick_and_place,substitute_goal_available,0,0.64,0.324358,0.479731,0.305856,0.39924,0.24928,0.1932,0.068443,0.344256,0.862866
substitute_ambiguity_shift,mobile_pick_and_place,substitute_goal_available,1,0.64,0.324358,0.479731,0.305856,0.39924,0.24928,0.1932,0.068443,0.344256,0.864818
substitute_ambiguity_shift,mobile_pick_and_place,substitute_goal_available,2,0.64,0.324358,0.479731,0.305856,0.39924,0.24928,0.1932,0.068443,0.344256,0.872056
substitute_ambiguity_shift,mobile_pick_and_place,substitute_goal_available,3,0.64,0.324358,0.479731,0.305856,0.39924,0.24928,0.1932,0.068443,0.344256,0.866334
substitute_ambiguity_shift,mobile_pick_and_place,substitute_goal_available,4,0.64,0.324358,0.479731,0.305856,0.39924,0.24928,0.1932,0.068443,0.344256,0.85523
substitute_ambiguity_shift,mobile_pick_and_place,substitute_goal_available,5,0.64,0.324358,0.479731,0.305856,0.39924,0.24928,0.1932,0.068443,0.344256,0.856493
substitute_ambiguity_shift,mobile_pick_and_place,substitute_goal_available,6,0.64,0.324358,0.479731,0.305856,0.39924,0.24928,0.1932,0.068443,0.344256,0.873399
substitute_ambiguity_shift,mobile_pick_and_place,substitute_goal_available,7,0.64,0.324358,0.479731,0.305856,0.39924,0.24928,0.1932,0.068443,0.344256,0.858781
substitute_ambiguity_shift,mobile_pick_and_place,substitute_goal_available,8,0.64,0.324358,0.479731,0.305856,0.39924,0.24928,0.1932,0.068443,0.344256,0.868057
substitute_ambiguity_shift,mobile_pick_and_place,substitute_goal_available,9,0.64,0.324358,0.479731,0.305856,0.39924,0.24928,0.1932,0.068443,0.344256,0.864271
substitute_ambiguity_shift,mobile_pick_and_place,delayed_reappearance,0,0.64,0.617824,0.201178,0.33984,0.159696,0.3116,0.46368,0.092887,0.219072,0.881693
substitute_ambiguity_shift,mobile_pick_and_place,delayed_reappearance,1,0.64,0.617824,0.201178,0.33984,0.159696,0.3116,0.46368,0.092887,0.219072,0.86956
substitute_ambiguity_shift,mobile_pick_and_place,delayed_reappearance,2,0.64,0.617824,0.201178,0.33984,0.159696,0.3116,0.46368,0.092887,0.219072,0.88666
substitute_ambiguity_shift,mobile_pick_and_place,delayed_reappearance,3,0.64,0.617824,0.201178,0.33984,0.159696,0.3116,0.46368,0.092887,0.219072,0.874679
substitute_ambiguity_shift,mobile_pick_and_place,delayed_reappearance,4,0.64,0.617824,0.201178,0.33984,0.159696,0.3116,0.46368,0.092887,0.219072,0.881277
substitute_ambiguity_shift,mobile_pick_and_place,delayed_reappearance,5,0.64,0.617824,0.201178,0.33984,0.159696,0.3116,0.46368,0.092887,0.219072,0.862513
substitute_ambiguity_shift,mobile_pick_and_place,delayed_reappearance,6,0.64,0.617824,0.201178,0.33984,0.159696,0.3116,0.46368,0.092887,0.219072,0.86506
substitute_ambiguity_shift,mobile_pick_and_place,delayed_reappearance,7,0.64,0.617824,0.201178,0.33984,0.159696,0.3116,0.46368,0.092887,0.219072,0.876757
substitute_ambiguity_shift,mobile_pick_and_place,delayed_reappearance,8,0.64,0.617824,0.201178,0.33984,0.159696,0.3116,0.46368,0.092887,0.219072,0.864733
substitute_ambiguity_shift,mobile_pick_and_place,delayed_reappearance,9,0.64,0.617824,0.201178,0.33984,0.159696,0.3116,0.46368,0.092887,0.219072,0.866907
substitute_ambiguity_shift,mobile_pick_and_place,cascading_disappearing_goal,0,0.64,0.648715,0.649958,0.662688,0.328264,0.535952,0.28336,0.156442,0.516384,0.851222
substitute_ambiguity_shift,mobile_pick_and_place,cascading_disappearing_goal,1,0.64,0.648715,0.649958,0.662688,0.328264,0.535952,0.28336,0.156442,0.516384,0.8633
substitute_ambiguity_shift,mobile_pick_and_place,cascading_disappearing_goal,2,0.64,0.648715,0.649958,0.662688,0.328264,0.535952,0.28336,0.156442,0.516384,0.852278
substitute_ambiguity_shift,mobile_pick_and_place,cascading_disappearing_goal,3,0.64,0.648715,0.649958,0.662688,0.328264,0.535952,0.28336,0.156442,0.516384,0.840491
substitute_ambiguity_shift,mobile_pick_and_place,cascading_disappearing_goal,4,0.64,0.648715,0.649958,0.662688,0.328264,0.535952,0.28336,0.156442,0.516384,0.863616
substitute_ambiguity_shift,mobile_pick_and_place,cascading_disappearing_goal,5,0.64,0.648715,0.649958,0.662688,0.328264,0.535952,0.28336,0.156442,0.516384,0.84835
substitute_ambiguity_shift,mobile_pick_and_place,cascading_disappearing_goal,6,0.64,0.648715,0.649958,0.662688,0.328264,0.535952,0.28336,0.156442,0.516384,0.85615
substitute_ambiguity_shift,mobile_pick_and_place,cascading_disappearing_goal,7,0.64,0.648715,0.649958,0.662688,0.328264,0.535952,0.28336,0.156442,0.516384,0.866068
substitute_ambiguity_shift,mobile_pick_and_place,cascading_disappearing_goal,8,0.64,0.648715,0.649958,0.662688,0.328264,0.535952,0.28336,0.156442,0.516384,0.848078
substitute_ambiguity_shift,mobile_pick_and_place,cascading_disappearing_goal,9,0.64,0.648715,0.649958,0.662688,0.328264,0.535952,0.28336,0.156442,0.516384,0.847469
substitute_ambiguity_shift,cabinet_restocking,visual_occlusion,0,0.64,0.663802,0.068091,0.118944,0.102915,0.153504,0.5152,0.0582,0.062592,0.87825
substitute_ambiguity_shift,cabinet_restocking,visual_occlusion,1,0.64,0.663802,0.068091,0.118944,0.102915,0.153504,0.5152,0.0582,0.062592,0.876553
substitute_ambiguity_shift,cabinet_restocking,visual_occlusion,2,0.64,0.663802,0.068091,0.118944,0.102915,0.153504,0.5152,0.0582,0.062592,0.847212
substitute_ambiguity_shift,cabinet_restocking,visual_occlusion,3,0.64,0.663802,0.068091,0.118944,0.102915,0.153504,0.5152,0.0582,0.062592,0.855004
substitute_ambiguity_shift,cabinet_restocking,visual_occlusion,4,0.64,0.663802,0.068091,0.118944,0.102915,0.153504,0.5152,0.0582,0.062592,0.871908
substitute_ambiguity_shift,cabinet_restocking,visual_occlusion,5,0.64,0.663802,0.068091,0.118944,0.102915,0.153504,0.5152,0.0582,0.062592,0.86103
substitute_ambiguity_shift,cabinet_restocking,visual_occlusion,6,0.64,0.663802,0.068091,0.118944,0.102915,0.153504,0.5152,0.0582,0.062592,0.890528
substitute_ambiguity_shift,cabinet_restocking,visual_occlusion,7,0.64,0.663802,0.068091,0.118944,0.102915,0.153504,0.5152,0.0582,0.062592,0.881209
substitute_ambiguity_shift,cabinet_restocking,visual_occlusion,8,0.64,0.663802,0.068091,0.118944,0.102915,0.153504,0.5152,0.0582,0.062592,0.866806
substitute_ambiguity_shift,cabinet_restocking,visual_occlusion,9,0.64,0.663802,0.068091,0.118944,0.102915,0.153504,0.5152,0.0582,0.062592,0.865527
substitute_ambiguity_shift,cabinet_restocking,object_moved,0,0.64,0.316814,0.238318,0.713664,0.174956,0.28782,0.24472,0.05238,0.11736,0.862502
substitute_ambiguity_shift,cabinet_restocking,object_moved,1,0.64,0.316814,0.238318,0.713664,0.174956,0.28782,0.24472,0.05238,0.11736,0.879226
substitute_ambiguity_shift,cabinet_restocking,object_moved,2,0.64,0.316814,0.238318,0.713664,0.174956,0.28782,0.24472,0.05238,0.11736,0.882037
substitute_ambiguity_shift,cabinet_restocking,object_moved,3,0.64,0.316814,0.238318,0.713664,0.174956,0.28782,0.24472,0.05238,0.11736,0.872112
substitute_ambiguity_shift,cabinet_restocking,object_moved,4,0.64,0.316814,0.238318,0.713664,0.174956,0.28782,0.24472,0.05238,0.11736,0.847797
substitute_ambiguity_shift,cabinet_restocking,object_moved,5,0.64,0.316814,0.238318,0.713664,0.174956,0.28782,0.24472,0.05238,0.11736,0.859513
substitute_ambiguity_shift,cabinet_restocking,object_moved,6,0.64,0.316814,0.238318,0.713664,0.174956,0.28782,0.24472,0.05238,0.11736,0.87889
substitute_ambiguity_shift,cabinet_restocking,object_moved,7,0.64,0.316814,0.238318,0.713664,0.174956,0.28782,0.24472,0.05238,0.11736,0.879841
substitute_ambiguity_shift,cabinet_restocking,object_moved,8,0.64,0.316814,0.238318,0.713664,0.174956,0.28782,0.24472,0.05238,0.11736,0.865097
substitute_ambiguity_shift,cabinet_restocking,object_moved,9,0.64,0.316814,0.238318,0.713664,0.174956,0.28782,0.24472,0.05238,0.11736,0.883896
substitute_ambiguity_shift,cabinet_restocking,object_removed,0,0.64,0.256469,0.757511,0.237888,0.216122,0.370968,0.10304,0.0582,0.172128,0.871278
substitute_ambiguity_shift,cabinet_restocking,object_removed,1,0.64,0.256469,0.757511,0.237888,0.216122,0.370968,0.10304,0.0582,0.172128,0.878864
substitute_ambiguity_shift,cabinet_restocking,object_removed,2,0.64,0.256469,0.757511,0.237888,0.216122,0.370968,0.10304,0.0582,0.172128,0.877592
substitute_ambiguity_shift,cabinet_restocking,object_removed,3,0.64,0.256469,0.757511,0.237888,0.216122,0.370968,0.10304,0.0582,0.172128,0.856075
substitute_ambiguity_shift,cabinet_restocking,object_removed,4,0.64,0.256469,0.757511,0.237888,0.216122,0.370968,0.10304,0.0582,0.172128,0.863155
substitute_ambiguity_shift,cabinet_restocking,object_removed,5,0.64,0.256469,0.757511,0.237888,0.216122,0.370968,0.10304,0.0582,0.172128,0.863617
substitute_ambiguity_shift,cabinet_restocking,object_removed,6,0.64,0.256469,0.757511,0.237888,0.216122,0.370968,0.10304,0.0582,0.172128,0.873356
substitute_ambiguity_shift,cabinet_restocking,object_removed,7,0.64,0.256469,0.757511,0.237888,0.216122,0.370968,0.10304,0.0582,0.172128,0.852464
substitute_ambiguity_shift,cabinet_restocking,object_removed,8,0.64,0.256469,0.757511,0.237888,0.216122,0.370968,0.10304,0.0582,0.172128,0.851647
substitute_ambiguity_shift,cabinet_restocking,object_removed,9,0.64,0.256469,0.757511,0.237888,0.216122,0.370968,0.10304,0.0582,0.172128,0.858886
substitute_ambiguity_shift,cabinet_restocking,human_temporary_obstruction,0,0.64,0.558197,0.153204,0.152928,0.123498,0.460512,0.55384,0.26772,0.125184,0.864571
substitute_ambiguity_shift,cabinet_restocking,human_temporary_obstruction,1,0.64,0.558197,0.153204,0.152928,0.123498,0.460512,0.55384,0.26772,0.125184,0.876633
substitute_ambiguity_shift,cabinet_restocking,human_temporary_obstruction,2,0.64,0.558197,0.153204,0.152928,0.123498,0.460512,0.55384,0.26772,0.125184,0.856571
substitute_ambiguity_shift,cabinet_restocking,human_temporary_obstruction,3,0.64,0.558197,0.153204,0.152928,0.123498,0.460512,0.55384,0.26772,0.125184,0.872804
substitute_ambiguity_shift,cabinet_restocking,human_temporary_obstruction,4,0.64,0.558197,0.153204,0.152928,0.123498,0.460512,0.55384,0.26772,0.125184,0.85384
substitute_ambiguity_shift,cabinet_restocking,human_temporary_obstruction,5,0.64,0.558197,0.153204,0.152928,0.123498,0.460512,0.55384,0.26772,0.125184,0.862953
substitute_ambiguity_shift,cabinet_restocking,human_temporary_obstruction,6,0.64,0.558197,0.153204,0.152928,0.123498,0.460512,0.55384,0.26772,0.125184,0.880763
substitute_ambiguity_shift,cabinet_restocking,human_temporary_obstruction,7,0.64,0.558197,0.153204,0.152928,0.123498,0.460512,0.55384,0.26772,0.125184,0.869904
substitute_ambiguity_shift,cabinet_restocking,human_temporary_obstruction,8,0.64,0.558197,0.153204,0.152928,0.123498,0.460512,0.55384,0.26772,0.125184,0.901186
substitute_ambiguity_shift,cabinet_restocking,human_temporary_obstruction,9,0.64,0.558197,0.153204,0.152928,0.123498,0.460512,0.55384,0.26772,0.125184,0.868864
substitute_ambiguity_shift,cabinet_restocking,goal_specification_changed,0,0.64,0.21121,0.646863,0.33984,0.349912,0.307008,0.11592,0.09894,0.688512,0.859987
substitute_ambiguity_shift,cabinet_restocking,goal_specification_changed,1,0.64,0.21121,0.646863,0.33984,0.349912,0.307008,0.11592,0.09894,0.688512,0.872659
substitute_ambiguity_shift,cabinet_restocking,goal_specification_changed,2,0.64,0.21121,0.646863,0.33984,0.349912,0.307008,0.11592,0.09894,0.688512,0.843616
substitute_ambiguity_shift,cabinet_restocking,goal_specification_changed,3,0.64,0.21121,0.646863,0.33984,0.349912,0.307008,0.11592,0.09894,0.688512,0.890772
substitute_ambiguity_shift,cabinet_restocking,goal_specification_changed,4,0.64,0.21121,0.646863,0.33984,0.349912,0.307008,0.11592,0.09894,0.688512,0.866675
substitute_ambiguity_shift,cabinet_restocking,goal_specification_changed,5,0.64,0.21121,0.646863,0.33984,0.349912,0.307008,0.11592,0.09894,0.688512,0.85758
substitute_ambiguity_shift,cabinet_restocking,goal_specification_changed,6,0.64,0.21121,0.646863,0.33984,0.349912,0.307008,0.11592,0.09894,0.688512,0.864629
substitute_ambiguity_shift,cabinet_restocking,goal_specification_changed,7,0.64,0.21121,0.646863,0.33984,0.349912,0.307008,0.11592,0.09894,0.688512,0.881036
substitute_ambiguity_shift,cabinet_restocking,goal_specification_changed,8,0.64,0.21121,0.646863,0.33984,0.349912,0.307008,0.11592,0.09894,0.688512,0.878953
substitute_ambiguity_shift,cabinet_restocking,goal_specification_changed,9,0.64,0.21121,0.646863,0.33984,0.349912,0.307008,0.11592,0.09894,0.688512,0.862374
substitute_ambiguity_shift,cabinet_restocking,substitute_goal_available,0,0.64,0.316814,0.527704,0.305856,0.463118,0.25584,0.1932,0.08148,0.344256,0.851648
substitute_ambiguity_shift,cabinet_restocking,substitute_goal_available,1,0.64,0.316814,0.527704,0.305856,0.463118,0.25584,0.1932,0.08148,0.344256,0.875132
substitute_ambiguity_shift,cabinet_restocking,substitute_goal_available,2,0.64,0.316814,0.527704,0.305856,0.463118,0.25584,0.1932,0.08148,0.344256,0.865903
substitute_ambiguity_shift,cabinet_restocking,substitute_goal_available,3,0.64,0.316814,0.527704,0.305856,0.463118,0.25584,0.1932,0.08148,0.344256,0.86371
substitute_ambiguity_shift,cabinet_restocking,substitute_goal_available,4,0.64,0.316814,0.527704,0.305856,0.463118,0.25584,0.1932,0.08148,0.344256,0.861306
substitute_ambiguity_shift,cabinet_restocking,substitute_goal_available,5,0.64,0.316814,0.527704,0.305856,0.463118,0.25584,0.1932,0.08148,0.344256,0.877256
substitute_ambiguity_shift,cabinet_restocking,substitute_goal_available,6,0.64,0.316814,0.527704,0.305856,0.463118,0.25584,0.1932,0.08148,0.344256,0.856963
substitute_ambiguity_shift,cabinet_restocking,substitute_goal_available,7,0.64,0.316814,0.527704,0.305856,0.463118,0.25584,0.1932,0.08148,0.344256,0.856976
substitute_ambiguity_shift,cabinet_restocking,substitute_goal_available,8,0.64,0.316814,0.527704,0.305856,0.463118,0.25584,0.1932,0.08148,0.344256,0.865084
substitute_ambiguity_shift,cabinet_restocking,substitute_goal_available,9,0.64,0.316814,0.527704,0.305856,0.463118,0.25584,0.1932,0.08148,0.344256,0.87048
substitute_ambiguity_shift,cabinet_restocking,delayed_reappearance,0,0.64,0.603456,0.221295,0.33984,0.185247,0.3198,0.46368,0.11058,0.219072,0.877322
substitute_ambiguity_shift,cabinet_restocking,delayed_reappearance,1,0.64,0.603456,0.221295,0.33984,0.185247,0.3198,0.46368,0.11058,0.219072,0.868072
substitute_ambiguity_shift,cabinet_restocking,delayed_reappearance,2,0.64,0.603456,0.221295,0.33984,0.185247,0.3198,0.46368,0.11058,0.219072,0.865801
substitute_ambiguity_shift,cabinet_restocking,delayed_reappearance,3,0.64,0.603456,0.221295,0.33984,0.185247,0.3198,0.46368,0.11058,0.219072,0.87966
substitute_ambiguity_shift,cabinet_restocking,delayed_reappearance,4,0.64,0.603456,0.221295,0.33984,0.185247,0.3198,0.46368,0.11058,0.219072,0.87022
substitute_ambiguity_shift,cabinet_restocking,delayed_reappearance,5,0.64,0.603456,0.221295,0.33984,0.185247,0.3198,0.46368,0.11058,0.219072,0.863613
substitute_ambiguity_shift,cabinet_restocking,delayed_reappearance,6,0.64,0.603456,0.221295,0.33984,0.185247,0.3198,0.46368,0.11058,0.219072,0.870534
substitute_ambiguity_shift,cabinet_restocking,delayed_reappearance,7,0.64,0.603456,0.221295,0.33984,0.185247,0.3198,0.46368,0.11058,0.219072,0.875896
substitute_ambiguity_shift,cabinet_restocking,delayed_reappearance,8,0.64,0.603456,0.221295,0.33984,0.185247,0.3198,0.46368,0.11058,0.219072,0.855002
substitute_ambiguity_shift,cabinet_restocking,delayed_reappearance,9,0.64,0.603456,0.221295,0.33984,0.185247,0.3198,0.46368,0.11058,0.219072,0.855161
substitute_ambiguity_shift,cabinet_restocking,cascading_disappearing_goal,0,0.64,0.633629,0.714954,0.662688,0.380786,0.550056,0.28336,0.18624,0.516384,0.843688
substitute_ambiguity_shift,cabinet_restocking,cascading_disappearing_goal,1,0.64,0.633629,0.714954,0.662688,0.380786,0.550056,0.28336,0.18624,0.516384,0.86237
substitute_ambiguity_shift,cabinet_restocking,cascading_disappearing_goal,2,0.64,0.633629,0.714954,0.662688,0.380786,0.550056,0.28336,0.18624,0.516384,0.859397
substitute_ambiguity_shift,cabinet_restocking,cascading_disappearing_goal,3,0.64,0.633629,0.714954,0.662688,0.380786,0.550056,0.28336,0.18624,0.516384,0.862017
substitute_ambiguity_shift,cabinet_restocking,cascading_disappearing_goal,4,0.64,0.633629,0.714954,0.662688,0.380786,0.550056,0.28336,0.18624,0.516384,0.854811
substitute_ambiguity_shift,cabinet_restocking,cascading_disappearing_goal,5,0.64,0.633629,0.714954,0.662688,0.380786,0.550056,0.28336,0.18624,0.516384,0.855124
substitute_ambiguity_shift,cabinet_restocking,cascading_disappearing_goal,6,0.64,0.633629,0.714954,0.662688,0.380786,0.550056,0.28336,0.18624,0.516384,0.859652
substitute_ambiguity_shift,cabinet_restocking,cascading_disappearing_goal,7,0.64,0.633629,0.714954,0.662688,0.380786,0.550056,0.28336,0.18624,0.516384,0.847662
substitute_ambiguity_shift,cabinet_restocking,cascading_disappearing_goal,8,0.64,0.633629,0.714954,0.662688,0.380786,0.550056,0.28336,0.18624,0.516384,0.85624
substitute_ambiguity_shift,cabinet_restocking,cascading_disappearing_goal,9,0.64,0.633629,0.714954,0.662688,0.380786,0.550056,0.28336,0.18624,0.516384,0.860963
human_obstruction_shift,shelf_retrieval,visual_occlusion,0,0.66,0.799181,0.050804,0.126952,0.041942,0.123504,0.59616,0.04655,0.046784,0.867955
human_obstruction_shift,shelf_retrieval,visual_occlusion,1,0.66,0.799181,0.050804,0.126952,0.041942,0.123504,0.59616,0.04655,0.046784,0.86557
human_obstruction_shift,shelf_retrieval,visual_occlusion,2,0.66,0.799181,0.050804,0.126952,0.041942,0.123504,0.59616,0.04655,0.046784,0.883247
human_obstruction_shift,shelf_retrieval,visual_occlusion,3,0.66,0.799181,0.050804,0.126952,0.041942,0.123504,0.59616,0.04655,0.046784,0.88665
human_obstruction_shift,shelf_retrieval,visual_occlusion,4,0.66,0.799181,0.050804,0.126952,0.041942,0.123504,0.59616,0.04655,0.046784,0.882158
human_obstruction_shift,shelf_retrieval,visual_occlusion,5,0.66,0.799181,0.050804,0.126952,0.041942,0.123504,0.59616,0.04655,0.046784,0.87515
human_obstruction_shift,shelf_retrieval,visual_occlusion,6,0.66,0.799181,0.050804,0.126952,0.041942,0.123504,0.59616,0.04655,0.046784,0.884183
human_obstruction_shift,shelf_retrieval,visual_occlusion,7,0.66,0.799181,0.050804,0.126952,0.041942,0.123504,0.59616,0.04655,0.046784,0.877978
human_obstruction_shift,shelf_retrieval,visual_occlusion,8,0.66,0.799181,0.050804,0.126952,0.041942,0.123504,0.59616,0.04655,0.046784,0.892624
human_obstruction_shift,shelf_retrieval,visual_occlusion,9,0.66,0.799181,0.050804,0.126952,0.041942,0.123504,0.59616,0.04655,0.046784,0.884537
human_obstruction_shift,shelf_retrieval,object_moved,0,0.66,0.381427,0.177816,0.761712,0.071302,0.23157,0.283176,0.041895,0.08772,0.870691
human_obstruction_shift,shelf_retrieval,object_moved,1,0.66,0.381427,0.177816,0.761712,0.071302,0.23157,0.283176,0.041895,0.08772,0.88458
human_obstruction_shift,shelf_retrieval,object_moved,2,0.66,0.381427,0.177816,0.761712,0.071302,0.23157,0.283176,0.041895,0.08772,0.888295
human_obstruction_shift,shelf_retrieval,object_moved,3,0.66,0.381427,0.177816,0.761712,0.071302,0.23157,0.283176,0.041895,0.08772,0.896813
human_obstruction_shift,shelf_retrieval,object_moved,4,0.66,0.381427,0.177816,0.761712,0.071302,0.23157,0.283176,0.041895,0.08772,0.903402
human_obstruction_shift,shelf_retrieval,object_moved,5,0.66,0.381427,0.177816,0.761712,0.071302,0.23157,0.283176,0.041895,0.08772,0.884282
human_obstruction_shift,shelf_retrieval,object_moved,6,0.66,0.381427,0.177816,0.761712,0.071302,0.23157,0.283176,0.041895,0.08772,0.8853
human_obstruction_shift,shelf_retrieval,object_moved,7,0.66,0.381427,0.177816,0.761712,0.071302,0.23157,0.283176,0.041895,0.08772,0.878299
human_obstruction_shift,shelf_retrieval,object_moved,8,0.66,0.381427,0.177816,0.761712,0.071302,0.23157,0.283176,0.041895,0.08772,0.878424
human_obstruction_shift,shelf_retrieval,object_moved,9,0.66,0.381427,0.177816,0.761712,0.071302,0.23157,0.283176,0.041895,0.08772,0.886308
human_obstruction_shift,shelf_retrieval,object_removed,0,0.66,0.308774,0.5652,0.253904,0.088079,0.298468,0.119232,0.04655,0.128656,0.872198
human_obstruction_shift,shelf_retrieval,object_removed,1,0.66,0.308774,0.5652,0.253904,0.088079,0.298468,0.119232,0.04655,0.128656,0.873685
human_obstruction_shift,shelf_retrieval,object_removed,2,0.66,0.308774,0.5652,0.253904,0.088079,0.298468,0.119232,0.04655,0.128656,0.874036
human_obstruction_shift,shelf_retrieval,object_removed,3,0.66,0.308774,0.5652,0.253904,0.088079,0.298468,0.119232,0.04655,0.128656,0.882977
human_obstruction_shift,shelf_retrieval,object_removed,4,0.66,0.308774,0.5652,0.253904,0.088079,0.298468,0.119232,0.04655,0.128656,0.913571
human_obstruction_shift,shelf_retrieval,object_removed,5,0.66,0.308774,0.5652,0.253904,0.088079,0.298468,0.119232,0.04655,0.128656,0.887105
human_obstruction_shift,shelf_retrieval,object_removed,6,0.66,0.308774,0.5652,0.253904,0.088079,0.298468,0.119232,0.04655,0.128656,0.881449
human_obstruction_shift,shelf_retrieval,object_removed,7,0.66,0.308774,0.5652,0.253904,0.088079,0.298468,0.119232,0.04655,0.128656,0.873404
human_obstruction_shift,shelf_retrieval,object_removed,8,0.66,0.308774,0.5652,0.253904,0.088079,0.298468,0.119232,0.04655,0.128656,0.891006
human_obstruction_shift,shelf_retrieval,object_removed,9,0.66,0.308774,0.5652,0.253904,0.088079,0.298468,0.119232,0.04655,0.128656,0.89011
human_obstruction_shift,shelf_retrieval,human_temporary_obstruction,0,0.66,0.672038,0.11431,0.163224,0.050331,0.370512,0.640872,0.214132,0.093568,0.869468
human_obstruction_shift,shelf_retrieval,human_temporary_obstruction,1,0.66,0.672038,0.11431,0.163224,0.050331,0.370512,0.640872,0.214132,0.093568,0.867555
human_obstruction_shift,shelf_retrieval,human_temporary_obstruction,2,0.66,0.672038,0.11431,0.163224,0.050331,0.370512,0.640872,0.214132,0.093568,0.873879
human_obstruction_shift,shelf_retrieval,human_temporary_obstruction,3,0.66,0.672038,0.11431,0.163224,0.050331,0.370512,0.640872,0.214132,0.093568,0.886273
human_obstruction_shift,shelf_retrieval,human_temporary_obstruction,4,0.66,0.672038,0.11431,0.163224,0.050331,0.370512,0.640872,0.214132,0.093568,0.86365
human_obstruction_shift,shelf_retrieval,human_temporary_obstruction,5,0.66,0.672038,0.11431,0.163224,0.050331,0.370512,0.640872,0.214132,0.093568,0.886801
human_obstruction_shift,shelf_retrieval,human_temporary_obstruction,6,0.66,0.672038,0.11431,0.163224,0.050331,0.370512,0.640872,0.214132,0.093568,0.87884
human_obstruction_shift,shelf_retrieval,human_temporary_obstruction,7,0.66,0.672038,0.11431,0.163224,0.050331,0.370512,0.640872,0.214132,0.093568,0.888445
human_obstruction_shift,shelf_retrieval,human_temporary_obstruction,8,0.66,0.672038,0.11431,0.163224,0.050331,0.370512,0.640872,0.214132,0.093568,0.863632
human_obstruction_shift,shelf_retrieval,human_temporary_obstruction,9,0.66,0.672038,0.11431,0.163224,0.050331,0.370512,0.640872,0.214132,0.093568,0.879864
human_obstruction_shift,shelf_retrieval,goal_specification_changed,0,0.66,0.254285,0.482643,0.36272,0.142604,0.247008,0.134136,0.079136,0.514624,0.891892
human_obstruction_shift,shelf_retrieval,goal_specification_changed,1,0.66,0.254285,0.482643,0.36272,0.142604,0.247008,0.134136,0.079136,0.514624,0.876565
human_obstruction_shift,shelf_retrieval,goal_specification_changed,2,0.66,0.254285,0.482643,0.36272,0.142604,0.247008,0.134136,0.079136,0.514624,0.896387
human_obstruction_shift,shelf_retrieval,goal_specification_changed,3,0.66,0.254285,0.482643,0.36272,0.142604,0.247008,0.134136,0.079136,0.514624,0.887258
human_obstruction_shift,shelf_retrieval,goal_specification_changed,4,0.66,0.254285,0.482643,0.36272,0.142604,0.247008,0.134136,0.079136,0.514624,0.885694
human_obstruction_shift,shelf_retrieval,goal_specification_changed,5,0.66,0.254285,0.482643,0.36272,0.142604,0.247008,0.134136,0.079136,0.514624,0.887685
human_obstruction_shift,shelf_retrieval,goal_specification_changed,6,0.66,0.254285,0.482643,0.36272,0.142604,0.247008,0.134136,0.079136,0.514624,0.874417
human_obstruction_shift,shelf_retrieval,goal_specification_changed,7,0.66,0.254285,0.482643,0.36272,0.142604,0.247008,0.134136,0.079136,0.514624,0.877139
human_obstruction_shift,shelf_retrieval,goal_specification_changed,8,0.66,0.254285,0.482643,0.36272,0.142604,0.247008,0.134136,0.079136,0.514624,0.881652
human_obstruction_shift,shelf_retrieval,goal_specification_changed,9,0.66,0.254285,0.482643,0.36272,0.142604,0.247008,0.134136,0.079136,0.514624,0.862089
human_obstruction_shift,shelf_retrieval,substitute_goal_available,0,0.66,0.381427,0.393735,0.326448,0.188741,0.20584,0.22356,0.065171,0.257312,0.864666
human_obstruction_shift,shelf_retrieval,substitute_goal_available,1,0.66,0.381427,0.393735,0.326448,0.188741,0.20584,0.22356,0.065171,0.257312,0.881909
human_obstruction_shift,shelf_retrieval,substitute_goal_available,2,0.66,0.381427,0.393735,0.326448,0.188741,0.20584,0.22356,0.065171,0.257312,0.868737
human_obstruction_shift,shelf_retrieval,substitute_goal_available,3,0.66,0.381427,0.393735,0.326448,0.188741,0.20584,0.22356,0.065171,0.257312,0.876232
human_obstruction_shift,shelf_retrieval,substitute_goal_available,4,0.66,0.381427,0.393735,0.326448,0.188741,0.20584,0.22356,0.065171,0.257312,0.877124
human_obstruction_shift,shelf_retrieval,substitute_goal_available,5,0.66,0.381427,0.393735,0.326448,0.188741,0.20584,0.22356,0.065171,0.257312,0.892203
human_obstruction_shift,shelf_retrieval,substitute_goal_available,6,0.66,0.381427,0.393735,0.326448,0.188741,0.20584,0.22356,0.065171,0.257312,0.872425
human_obstruction_shift,shelf_retrieval,substitute_goal_available,7,0.66,0.381427,0.393735,0.326448,0.188741,0.20584,0.22356,0.065171,0.257312,0.891127
human_obstruction_shift,shelf_retrieval,substitute_goal_available,8,0.66,0.381427,0.393735,0.326448,0.188741,0.20584,0.22356,0.065171,0.257312,0.872462
human_obstruction_shift,shelf_retrieval,substitute_goal_available,9,0.66,0.381427,0.393735,0.326448,0.188741,0.20584,0.22356,0.065171,0.257312,0.9017
human_obstruction_shift,shelf_retrieval,delayed_reappearance,0,0.66,0.726528,0.165115,0.36272,0.075496,0.2573,0.536544,0.088446,0.163744,0.883287
human_obstruction_shift,shelf_retrieval,delayed_reappearance,1,0.66,0.726528,0.165115,0.36272,0.075496,0.2573,0.536544,0.088446,0.163744,0.860376
human_obstruction_shift,shelf_retrieval,delayed_reappearance,2,0.66,0.726528,0.165115,0.36272,0.075496,0.2573,0.536544,0.088446,0.163744,0.869922
human_obstruction_shift,shelf_retrieval,delayed_reappearance,3,0.66,0.726528,0.165115,0.36272,0.075496,0.2573,0.536544,0.088446,0.163744,0.872384
human_obstruction_shift,shelf_retrieval,delayed_reappearance,4,0.66,0.726528,0.165115,0.36272,0.075496,0.2573,0.536544,0.088446,0.163744,0.866414
human_obstruction_shift,shelf_retrieval,delayed_reappearance,5,0.66,0.726528,0.165115,0.36272,0.075496,0.2573,0.536544,0.088446,0.163744,0.88498
human_obstruction_shift,shelf_retrieval,delayed_reappearance,6,0.66,0.726528,0.165115,0.36272,0.075496,0.2573,0.536544,0.088446,0.163744,0.878038
human_obstruction_shift,shelf_retrieval,delayed_reappearance,7,0.66,0.726528,0.165115,0.36272,0.075496,0.2573,0.536544,0.088446,0.163744,0.878909
human_obstruction_shift,shelf_retrieval,delayed_reappearance,8,0.66,0.726528,0.165115,0.36272,0.075496,0.2573,0.536544,0.088446,0.163744,0.882506
human_obstruction_shift,shelf_retrieval,delayed_reappearance,9,0.66,0.726528,0.165115,0.36272,0.075496,0.2573,0.536544,0.088446,0.163744,0.874621
human_obstruction_shift,shelf_retrieval,cascading_disappearing_goal,0,0.66,0.762854,0.533447,0.707304,0.155187,0.442556,0.327888,0.148961,0.385968,0.879631
human_obstruction_shift,shelf_retrieval,cascading_disappearing_goal,1,0.66,0.762854,0.533447,0.707304,0.155187,0.442556,0.327888,0.148961,0.385968,0.866161
human_obstruction_shift,shelf_retrieval,cascading_disappearing_goal,2,0.66,0.762854,0.533447,0.707304,0.155187,0.442556,0.327888,0.148961,0.385968,0.888292
human_obstruction_shift,shelf_retrieval,cascading_disappearing_goal,3,0.66,0.762854,0.533447,0.707304,0.155187,0.442556,0.327888,0.148961,0.385968,0.869598
human_obstruction_shift,shelf_retrieval,cascading_disappearing_goal,4,0.66,0.762854,0.533447,0.707304,0.155187,0.442556,0.327888,0.148961,0.385968,0.868668
human_obstruction_shift,shelf_retrieval,cascading_disappearing_goal,5,0.66,0.762854,0.533447,0.707304,0.155187,0.442556,0.327888,0.148961,0.385968,0.874684
human_obstruction_shift,shelf_retrieval,cascading_disappearing_goal,6,0.66,0.762854,0.533447,0.707304,0.155187,0.442556,0.327888,0.148961,0.385968,0.872898
human_obstruction_shift,shelf_retrieval,cascading_disappearing_goal,7,0.66,0.762854,0.533447,0.707304,0.155187,0.442556,0.327888,0.148961,0.385968,0.873998
human_obstruction_shift,shelf_retrieval,cascading_disappearing_goal,8,0.66,0.762854,0.533447,0.707304,0.155187,0.442556,0.327888,0.148961,0.385968,0.864973
human_obstruction_shift,shelf_retrieval,cascading_disappearing_goal,9,0.66,0.762854,0.533447,0.707304,0.155187,0.442556,0.327888,0.148961,0.385968,0.870711
human_obstruction_shift,drawer_placement,visual_occlusion,0,0.66,0.744691,0.056152,0.126952,0.051811,0.13944,0.59616,0.060874,0.046784,0.886454
human_obstruction_shift,drawer_placement,visual_occlusion,1,0.66,0.744691,0.056152,0.126952,0.051811,0.13944,0.59616,0.060874,0.046784,0.877871
human_obstruction_shift,drawer_placement,visual_occlusion,2,0.66,0.744691,0.056152,0.126952,0.051811,0.13944,0.59616,0.060874,0.046784,0.870066
human_obstruction_shift,drawer_placement,visual_occlusion,3,0.66,0.744691,0.056152,0.126952,0.051811,0.13944,0.59616,0.060874,0.046784,0.865164
human_obstruction_shift,drawer_placement,visual_occlusion,4,0.66,0.744691,0.056152,0.126952,0.051811,0.13944,0.59616,0.060874,0.046784,0.864838
human_obstruction_shift,drawer_placement,visual_occlusion,5,0.66,0.744691,0.056152,0.126952,0.051811,0.13944,0.59616,0.060874,0.046784,0.873417
human_obstruction_shift,drawer_placement,visual_occlusion,6,0.66,0.744691,0.056152,0.126952,0.051811,0.13944,0.59616,0.060874,0.046784,0.85432
human_obstruction_shift,drawer_placement,visual_occlusion,7,0.66,0.744691,0.056152,0.126952,0.051811,0.13944,0.59616,0.060874,0.046784,0.8598
human_obstruction_shift,drawer_placement,visual_occlusion,8,0.66,0.744691,0.056152,0.126952,0.051811,0.13944,0.59616,0.060874,0.046784,0.872415
human_obstruction_shift,drawer_placement,visual_occlusion,9,0.66,0.744691,0.056152,0.126952,0.051811,0.13944,0.59616,0.060874,0.046784,0.869469
human_obstruction_shift,drawer_placement,object_moved,0,0.66,0.355421,0.196533,0.761712,0.088079,0.26145,0.283176,0.054786,0.08772,0.884053
human_obstruction_shift,drawer_placement,object_moved,1,0.66,0.355421,0.196533,0.761712,0.088079,0.26145,0.283176,0.054786,0.08772,0.874862
human_obstruction_shift,drawer_placement,object_moved,2,0.66,0.355421,0.196533,0.761712,0.088079,0.26145,0.283176,0.054786,0.08772,0.886409
human_obstruction_shift,drawer_placement,object_moved,3,0.66,0.355421,0.196533,0.761712,0.088079,0.26145,0.283176,0.054786,0.08772,0.865871
human_obstruction_shift,drawer_placement,object_moved,4,0.66,0.355421,0.196533,0.761712,0.088079,0.26145,0.283176,0.054786,0.08772,0.876863
human_obstruction_shift,drawer_placement,object_moved,5,0.66,0.355421,0.196533,0.761712,0.088079,0.26145,0.283176,0.054786,0.08772,0.862371
human_obstruction_shift,drawer_placement,object_moved,6,0.66,0.355421,0.196533,0.761712,0.088079,0.26145,0.283176,0.054786,0.08772,0.882894
human_obstruction_shift,drawer_placement,object_moved,7,0.66,0.355421,0.196533,0.761712,0.088079,0.26145,0.283176,0.054786,0.08772,0.876986
human_obstruction_shift,drawer_placement,object_moved,8,0.66,0.355421,0.196533,0.761712,0.088079,0.26145,0.283176,0.054786,0.08772,0.879354
human_obstruction_shift,drawer_placement,object_moved,9,0.66,0.355421,0.196533,0.761712,0.088079,0.26145,0.283176,0.054786,0.08772,0.874794
human_obstruction_shift,drawer_placement,object_removed,0,0.66,0.287722,0.624695,0.253904,0.108804,0.33698,0.119232,0.060874,0.128656,0.865585
human_obstruction_shift,drawer_placement,object_removed,1,0.66,0.287722,0.624695,0.253904,0.108804,0.33698,0.119232,0.060874,0.128656,0.871153
human_obstruction_shift,drawer_placement,object_removed,2,0.66,0.287722,0.624695,0.253904,0.108804,0.33698,0.119232,0.060874,0.128656,0.883159
human_obstruction_shift,drawer_placement,object_removed,3,0.66,0.287722,0.624695,0.253904,0.108804,0.33698,0.119232,0.060874,0.128656,0.8808
human_obstruction_shift,drawer_placement,object_removed,4,0.66,0.287722,0.624695,0.253904,0.108804,0.33698,0.119232,0.060874,0.128656,0.87755
human_obstruction_shift,drawer_placement,object_removed,5,0.66,0.287722,0.624695,0.253904,0.108804,0.33698,0.119232,0.060874,0.128656,0.880383
human_obstruction_shift,drawer_placement,object_removed,6,0.66,0.287722,0.624695,0.253904,0.108804,0.33698,0.119232,0.060874,0.128656,0.892521
human_obstruction_shift,drawer_placement,object_removed,7,0.66,0.287722,0.624695,0.253904,0.108804,0.33698,0.119232,0.060874,0.128656,0.876406
human_obstruction_shift,drawer_placement,object_removed,8,0.66,0.287722,0.624695,0.253904,0.108804,0.33698,0.119232,0.060874,0.128656,0.883507
human_obstruction_shift,drawer_placement,object_removed,9,0.66,0.287722,0.624695,0.253904,0.108804,0.33698,0.119232,0.060874,0.128656,0.890972
human_obstruction_shift,drawer_placement,human_temporary_obstruction,0,0.66,0.626218,0.126343,0.163224,0.062173,0.41832,0.640872,0.280019,0.093568,0.871664
human_obstruction_shift,drawer_placement,human_temporary_obstruction,1,0.66,0.626218,0.126343,0.163224,0.062173,0.41832,0.640872,0.280019,0.093568,0.889305
human_obstruction_shift,drawer_placement,human_temporary_obstruction,2,0.66,0.626218,0.126343,0.163224,0.062173,0.41832,0.640872,0.280019,0.093568,0.877118
human_obstruction_shift,drawer_placement,human_temporary_obstruction,3,0.66,0.626218,0.126343,0.163224,0.062173,0.41832,0.640872,0.280019,0.093568,0.866538
human_obstruction_shift,drawer_placement,human_temporary_obstruction,4,0.66,0.626218,0.126343,0.163224,0.062173,0.41832,0.640872,0.280019,0.093568,0.8883
human_obstruction_shift,drawer_placement,human_temporary_obstruction,5,0.66,0.626218,0.126343,0.163224,0.062173,0.41832,0.640872,0.280019,0.093568,0.881155
human_obstruction_shift,drawer_placement,human_temporary_obstruction,6,0.66,0.626218,0.126343,0.163224,0.062173,0.41832,0.640872,0.280019,0.093568,0.873071
human_obstruction_shift,drawer_placement,human_temporary_obstruction,7,0.66,0.626218,0.126343,0.163224,0.062173,0.41832,0.640872,0.280019,0.093568,0.868341
human_obstruction_shift,drawer_placement,human_temporary_obstruction,8,0.66,0.626218,0.126343,0.163224,0.062173,0.41832,0.640872,0.280019,0.093568,0.867093
human_obstruction_shift,drawer_placement,human_temporary_obstruction,9,0.66,0.626218,0.126343,0.163224,0.062173,0.41832,0.640872,0.280019,0.093568,0.869585
human_obstruction_shift,drawer_placement,goal_specification_changed,0,0.66,0.236947,0.533447,0.36272,0.176158,0.27888,0.134136,0.103485,0.514624,0.881479
human_obstruction_shift,drawer_placement,goal_specification_changed,1,0.66,0.236947,0.533447,0.36272,0.176158,0.27888,0.134136,0.103485,0.514624,0.876851
human_obstruction_shift,drawer_placement,goal_specification_changed,2,0.66,0.236947,0.533447,0.36272,0.176158,0.27888,0.134136,0.103485,0.514624,0.881239
human_obstruction_shift,drawer_placement,goal_specification_changed,3,0.66,0.236947,0.533447,0.36272,0.176158,0.27888,0.134136,0.103485,0.514624,0.877247
human_obstruction_shift,drawer_placement,goal_specification_changed,4,0.66,0.236947,0.533447,0.36272,0.176158,0.27888,0.134136,0.103485,0.514624,0.868509
human_obstruction_shift,drawer_placement,goal_specification_changed,5,0.66,0.236947,0.533447,0.36272,0.176158,0.27888,0.134136,0.103485,0.514624,0.865158
human_obstruction_shift,drawer_placement,goal_specification_changed,6,0.66,0.236947,0.533447,0.36272,0.176158,0.27888,0.134136,0.103485,0.514624,0.878274
human_obstruction_shift,drawer_placement,goal_specification_changed,7,0.66,0.236947,0.533447,0.36272,0.176158,0.27888,0.134136,0.103485,0.514624,0.862284
human_obstruction_shift,drawer_placement,goal_specification_changed,8,0.66,0.236947,0.533447,0.36272,0.176158,0.27888,0.134136,0.103485,0.514624,0.868675
human_obstruction_shift,drawer_placement,goal_specification_changed,9,0.66,0.236947,0.533447,0.36272,0.176158,0.27888,0.134136,0.103485,0.514624,0.891953
human_obstruction_shift,drawer_placement,substitute_goal_available,0,0.66,0.355421,0.43518,0.326448,0.23315,0.2324,0.22356,0.085223,0.257312,0.8693
human_obstruction_shift,drawer_placement,substitute_goal_available,1,0.66,0.355421,0.43518,0.326448,0.23315,0.2324,0.22356,0.085223,0.257312,0.867194
human_obstruction_shift,drawer_placement,substitute_goal_available,2,0.66,0.355421,0.43518,0.326448,0.23315,0.2324,0.22356,0.085223,0.257312,0.886002
human_obstruction_shift,drawer_placement,substitute_goal_available,3,0.66,0.355421,0.43518,0.326448,0.23315,0.2324,0.22356,0.085223,0.257312,0.882615
human_obstruction_shift,drawer_placement,substitute_goal_available,4,0.66,0.355421,0.43518,0.326448,0.23315,0.2324,0.22356,0.085223,0.257312,0.880325
human_obstruction_shift,drawer_placement,substitute_goal_available,5,0.66,0.355421,0.43518,0.326448,0.23315,0.2324,0.22356,0.085223,0.257312,0.879833
human_obstruction_shift,drawer_placement,substitute_goal_available,6,0.66,0.355421,0.43518,0.326448,0.23315,0.2324,0.22356,0.085223,0.257312,0.870352
human_obstruction_shift,drawer_placement,substitute_goal_available,7,0.66,0.355421,0.43518,0.326448,0.23315,0.2324,0.22356,0.085223,0.257312,0.875664
human_obstruction_shift,drawer_placement,substitute_goal_available,8,0.66,0.355421,0.43518,0.326448,0.23315,0.2324,0.22356,0.085223,0.257312,0.854704
human_obstruction_shift,drawer_placement,substitute_goal_available,9,0.66,0.355421,0.43518,0.326448,0.23315,0.2324,0.22356,0.085223,0.257312,0.873654
human_obstruction_shift,drawer_placement,delayed_reappearance,0,0.66,0.676992,0.182495,0.36272,0.09326,0.2905,0.536544,0.11566,0.163744,0.868682
human_obstruction_shift,drawer_placement,delayed_reappearance,1,0.66,0.676992,0.182495,0.36272,0.09326,0.2905,0.536544,0.11566,0.163744,0.878986
human_obstruction_shift,drawer_placement,delayed_reappearance,2,0.66,0.676992,0.182495,0.36272,0.09326,0.2905,0.536544,0.11566,0.163744,0.877679
human_obstruction_shift,drawer_placement,delayed_reappearance,3,0.66,0.676992,0.182495,0.36272,0.09326,0.2905,0.536544,0.11566,0.163744,0.86808
human_obstruction_shift,drawer_placement,delayed_reappearance,4,0.66,0.676992,0.182495,0.36272,0.09326,0.2905,0.536544,0.11566,0.163744,0.875596
human_obstruction_shift,drawer_placement,delayed_reappearance,5,0.66,0.676992,0.182495,0.36272,0.09326,0.2905,0.536544,0.11566,0.163744,0.859156
human_obstruction_shift,drawer_placement,delayed_reappearance,6,0.66,0.676992,0.182495,0.36272,0.09326,0.2905,0.536544,0.11566,0.163744,0.873408
human_obstruction_shift,drawer_placement,delayed_reappearance,7,0.66,0.676992,0.182495,0.36272,0.09326,0.2905,0.536544,0.11566,0.163744,0.85949
human_obstruction_shift,drawer_placement,delayed_reappearance,8,0.66,0.676992,0.182495,0.36272,0.09326,0.2905,0.536544,0.11566,0.163744,0.870471
human_obstruction_shift,drawer_placement,delayed_reappearance,9,0.66,0.676992,0.182495,0.36272,0.09326,0.2905,0.536544,0.11566,0.163744,0.866701
human_obstruction_shift,drawer_placement,cascading_disappearing_goal,0,0.66,0.710842,0.589599,0.707304,0.191701,0.49966,0.327888,0.194796,0.385968,0.868275
human_obstruction_shift,drawer_placement,cascading_disappearing_goal,1,0.66,0.710842,0.589599,0.707304,0.191701,0.49966,0.327888,0.194796,0.385968,0.863861
human_obstruction_shift,drawer_placement,cascading_disappearing_goal,2,0.66,0.710842,0.589599,0.707304,0.191701,0.49966,0.327888,0.194796,0.385968,0.861771
human_obstruction_shift,drawer_placement,cascading_disappearing_goal,3,0.66,0.710842,0.589599,0.707304,0.191701,0.49966,0.327888,0.194796,0.385968,0.856777
human_obstruction_shift,drawer_placement,cascading_disappearing_goal,4,0.66,0.710842,0.589599,0.707304,0.191701,0.49966,0.327888,0.194796,0.385968,0.858958
human_obstruction_shift,drawer_placement,cascading_disappearing_goal,5,0.66,0.710842,0.589599,0.707304,0.191701,0.49966,0.327888,0.194796,0.385968,0.855701
human_obstruction_shift,drawer_placement,cascading_disappearing_goal,6,0.66,0.710842,0.589599,0.707304,0.191701,0.49966,0.327888,0.194796,0.385968,0.862037
human_obstruction_shift,drawer_placement,cascading_disappearing_goal,7,0.66,0.710842,0.589599,0.707304,0.191701,0.49966,0.327888,0.194796,0.385968,0.850233
human_obstruction_shift,drawer_placement,cascading_disappearing_goal,8,0.66,0.710842,0.589599,0.707304,0.191701,0.49966,0.327888,0.194796,0.385968,0.862323
human_obstruction_shift,drawer_placement,cascading_disappearing_goal,9,0.66,0.710842,0.589599,0.707304,0.191701,0.49966,0.327888,0.194796,0.385968,0.867669
human_obstruction_shift,bin_sorting,visual_occlusion,0,0.66,0.68112,0.048131,0.126952,0.081418,0.10956,0.59616,0.04297,0.046784,0.891352
human_obstruction_shift,bin_sorting,visual_occlusion,1,0.66,0.68112,0.048131,0.126952,0.081418,0.10956,0.59616,0.04297,0.046784,0.893715
human_obstruction_shift,bin_sorting,visual_occlusion,2,0.66,0.68112,0.048131,0.126952,0.081418,0.10956,0.59616,0.04297,0.046784,0.90156
human_obstruction_shift,bin_sorting,visual_occlusion,3,0.66,0.68112,0.048131,0.126952,0.081418,0.10956,0.59616,0.04297,0.046784,0.891414
human_obstruction_shift,bin_sorting,visual_occlusion,4,0.66,0.68112,0.048131,0.126952,0.081418,0.10956,0.59616,0.04297,0.046784,0.90219
human_obstruction_shift,bin_sorting,visual_occlusion,5,0.66,0.68112,0.048131,0.126952,0.081418,0.10956,0.59616,0.04297,0.046784,0.87739
human_obstruction_shift,bin_sorting,visual_occlusion,6,0.66,0.68112,0.048131,0.126952,0.081418,0.10956,0.59616,0.04297,0.046784,0.891847
human_obstruction_shift,bin_sorting,visual_occlusion,7,0.66,0.68112,0.048131,0.126952,0.081418,0.10956,0.59616,0.04297,0.046784,0.864469
human_obstruction_shift,bin_sorting,visual_occlusion,8,0.66,0.68112,0.048131,0.126952,0.081418,0.10956,0.59616,0.04297,0.046784,0.87643
human_obstruction_shift,bin_sorting,visual_occlusion,9,0.66,0.68112,0.048131,0.126952,0.081418,0.10956,0.59616,0.04297,0.046784,0.874631
human_obstruction_shift,bin_sorting,object_moved,0,0.66,0.32508,0.168457,0.761712,0.13841,0.205425,0.283176,0.038673,0.08772,0.874976
human_obstruction_shift,bin_sorting,object_moved,1,0.66,0.32508,0.168457,0.761712,0.13841,0.205425,0.283176,0.038673,0.08772,0.8867
human_obstruction_shift,bin_sorting,object_moved,2,0.66,0.32508,0.168457,0.761712,0.13841,0.205425,0.283176,0.038673,0.08772,0.888055
human_obstruction_shift,bin_sorting,object_moved,3,0.66,0.32508,0.168457,0.761712,0.13841,0.205425,0.283176,0.038673,0.08772,0.885126
human_obstruction_shift,bin_sorting,object_moved,4,0.66,0.32508,0.168457,0.761712,0.13841,0.205425,0.283176,0.038673,0.08772,0.882892
human_obstruction_shift,bin_sorting,object_moved,5,0.66,0.32508,0.168457,0.761712,0.13841,0.205425,0.283176,0.038673,0.08772,0.886817
human_obstruction_shift,bin_sorting,object_moved,6,0.66,0.32508,0.168457,0.761712,0.13841,0.205425,0.283176,0.038673,0.08772,0.888485
human_obstruction_shift,bin_sorting,object_moved,7,0.66,0.32508,0.168457,0.761712,0.13841,0.205425,0.283176,0.038673,0.08772,0.893001
human_obstruction_shift,bin_sorting,object_moved,8,0.66,0.32508,0.168457,0.761712,0.13841,0.205425,0.283176,0.038673,0.08772,0.879247
human_obstruction_shift,bin_sorting,object_moved,9,0.66,0.32508,0.168457,0.761712,0.13841,0.205425,0.283176,0.038673,0.08772,0.876699
human_obstruction_shift,bin_sorting,object_removed,0,0.66,0.26316,0.535452,0.253904,0.170977,0.26477,0.119232,0.04297,0.128656,0.860907
human_obstruction_shift,bin_sorting,object_removed,1,0.66,0.26316,0.535452,0.253904,0.170977,0.26477,0.119232,0.04297,0.128656,0.882309
human_obstruction_shift,bin_sorting,object_removed,2,0.66,0.26316,0.535452,0.253904,0.170977,0.26477,0.119232,0.04297,0.128656,0.879635
human_obstruction_shift,bin_sorting,object_removed,3,0.66,0.26316,0.535452,0.253904,0.170977,0.26477,0.119232,0.04297,0.128656,0.88256
human_obstruction_shift,bin_sorting,object_removed,4,0.66,0.26316,0.535452,0.253904,0.170977,0.26477,0.119232,0.04297,0.128656,0.885051
human_obstruction_shift,bin_sorting,object_removed,5,0.66,0.26316,0.535452,0.253904,0.170977,0.26477,0.119232,0.04297,0.128656,0.867652
human_obstruction_shift,bin_sorting,object_removed,6,0.66,0.26316,0.535452,0.253904,0.170977,0.26477,0.119232,0.04297,0.128656,0.906353
human_obstruction_shift,bin_sorting,object_removed,7,0.66,0.26316,0.535452,0.253904,0.170977,0.26477,0.119232,0.04297,0.128656,0.891332
human_obstruction_shift,bin_sorting,object_removed,8,0.66,0.26316,0.535452,0.253904,0.170977,0.26477,0.119232,0.04297,0.128656,0.878941
human_obstruction_shift,bin_sorting,object_removed,9,0.66,0.26316,0.535452,0.253904,0.170977,0.26477,0.119232,0.04297,0.128656,0.880547
human_obstruction_shift,bin_sorting,human_temporary_obstruction,0,0.66,0.57276,0.108294,0.163224,0.097701,0.32868,0.640872,0.19766,0.093568,0.882142
human_obstruction_shift,bin_sorting,human_temporary_obstruction,1,0.66,0.57276,0.108294,0.163224,0.097701,0.32868,0.640872,0.19766,0.093568,0.901428
human_obstruction_shift,bin_sorting,human_temporary_obstruction,2,0.66,0.57276,0.108294,0.163224,0.097701,0.32868,0.640872,0.19766,0.093568,0.882358
human_obstruction_shift,bin_sorting,human_temporary_obstruction,3,0.66,0.57276,0.108294,0.163224,0.097701,0.32868,0.640872,0.19766,0.093568,0.887183
human_obstruction_shift,bin_sorting,human_temporary_obstruction,4,0.66,0.57276,0.108294,0.163224,0.097701,0.32868,0.640872,0.19766,0.093568,0.890211
human_obstruction_shift,bin_sorting,human_temporary_obstruction,5,0.66,0.57276,0.108294,0.163224,0.097701,0.32868,0.640872,0.19766,0.093568,0.89284
human_obstruction_shift,bin_sorting,human_temporary_obstruction,6,0.66,0.57276,0.108294,0.163224,0.097701,0.32868,0.640872,0.19766,0.093568,0.887622
human_obstruction_shift,bin_sorting,human_temporary_obstruction,7,0.66,0.57276,0.108294,0.163224,0.097701,0.32868,0.640872,0.19766,0.093568,0.89123
human_obstruction_shift,bin_sorting,human_temporary_obstruction,8,0.66,0.57276,0.108294,0.163224,0.097701,0.32868,0.640872,0.19766,0.093568,0.880948
human_obstruction_shift,bin_sorting,human_temporary_obstruction,9,0.66,0.57276,0.108294,0.163224,0.097701,0.32868,0.640872,0.19766,0.093568,0.862549
human_obstruction_shift,bin_sorting,goal_specification_changed,0,0.66,0.21672,0.45724,0.36272,0.27682,0.21912,0.134136,0.073048,0.514624,0.878817
human_obstruction_shift,bin_sorting,goal_specification_changed,1,0.66,0.21672,0.45724,0.36272,0.27682,0.21912,0.134136,0.073048,0.514624,0.89059
human_obstruction_shift,bin_sorting,goal_specification_changed,2,0.66,0.21672,0.45724,0.36272,0.27682,0.21912,0.134136,0.073048,0.514624,0.893284
human_obstruction_shift,bin_sorting,goal_specification_changed,3,0.66,0.21672,0.45724,0.36272,0.27682,0.21912,0.134136,0.073048,0.514624,0.894186
human_obstruction_shift,bin_sorting,goal_specification_changed,4,0.66,0.21672,0.45724,0.36272,0.27682,0.21912,0.134136,0.073048,0.514624,0.882928
human_obstruction_shift,bin_sorting,goal_specification_changed,5,0.66,0.21672,0.45724,0.36272,0.27682,0.21912,0.134136,0.073048,0.514624,0.884197
human_obstruction_shift,bin_sorting,goal_specification_changed,6,0.66,0.21672,0.45724,0.36272,0.27682,0.21912,0.134136,0.073048,0.514624,0.880048
human_obstruction_shift,bin_sorting,goal_specification_changed,7,0.66,0.21672,0.45724,0.36272,0.27682,0.21912,0.134136,0.073048,0.514624,0.887001
human_obstruction_shift,bin_sorting,goal_specification_changed,8,0.66,0.21672,0.45724,0.36272,0.27682,0.21912,0.134136,0.073048,0.514624,0.876379
human_obstruction_shift,bin_sorting,goal_specification_changed,9,0.66,0.21672,0.45724,0.36272,0.27682,0.21912,0.134136,0.073048,0.514624,0.89074
human_obstruction_shift,bin_sorting,substitute_goal_available,0,0.66,0.32508,0.373012,0.326448,0.366379,0.1826,0.22356,0.060157,0.257312,0.877679
human_obstruction_shift,bin_sorting,substitute_goal_available,1,0.66,0.32508,0.373012,0.326448,0.366379,0.1826,0.22356,0.060157,0.257312,0.8852
human_obstruction_shift,bin_sorting,substitute_goal_available,2,0.66,0.32508,0.373012,0.326448,0.366379,0.1826,0.22356,0.060157,0.257312,0.877237
human_obstruction_shift,bin_sorting,substitute_goal_available,3,0.66,0.32508,0.373012,0.326448,0.366379,0.1826,0.22356,0.060157,0.257312,0.875535
human_obstruction_shift,bin_sorting,substitute_goal_available,4,0.66,0.32508,0.373012,0.326448,0.366379,0.1826,0.22356,0.060157,0.257312,0.881142
human_obstruction_shift,bin_sorting,substitute_goal_available,5,0.66,0.32508,0.373012,0.326448,0.366379,0.1826,0.22356,0.060157,0.257312,0.885068
human_obstruction_shift,bin_sorting,substitute_goal_available,6,0.66,0.32508,0.373012,0.326448,0.366379,0.1826,0.22356,0.060157,0.257312,0.887516
human_obstruction_shift,bin_sorting,substitute_goal_available,7,0.66,0.32508,0.373012,0.326448,0.366379,0.1826,0.22356,0.060157,0.257312,0.89209
human_obstruction_shift,bin_sorting,substitute_goal_available,8,0.66,0.32508,0.373012,0.326448,0.366379,0.1826,0.22356,0.060157,0.257312,0.875814
human_obstruction_shift,bin_sorting,substitute_goal_available,9,0.66,0.32508,0.373012,0.326448,0.366379,0.1826,0.22356,0.060157,0.257312,0.891754
human_obstruction_shift,bin_sorting,delayed_reappearance,0,0.66,0.6192,0.156424,0.36272,0.146552,0.22825,0.536544,0.081642,0.163744,0.889556
human_obstruction_shift,bin_sorting,delayed_reappearance,1,0.66,0.6192,0.156424,0.36272,0.146552,0.22825,0.536544,0.081642,0.163744,0.889514
human_obstruction_shift,bin_sorting,delayed_reappearance,2,0.66,0.6192,0.156424,0.36272,0.146552,0.22825,0.536544,0.081642,0.163744,0.883398
human_obstruction_shift,bin_sorting,delayed_reappearance,3,0.66,0.6192,0.156424,0.36272,0.146552,0.22825,0.536544,0.081642,0.163744,0.89118
human_obstruction_shift,bin_sorting,delayed_reappearance,4,0.66,0.6192,0.156424,0.36272,0.146552,0.22825,0.536544,0.081642,0.163744,0.868359
human_obstruction_shift,bin_sorting,delayed_reappearance,5,0.66,0.6192,0.156424,0.36272,0.146552,0.22825,0.536544,0.081642,0.163744,0.887864
human_obstruction_shift,bin_sorting,delayed_reappearance,6,0.66,0.6192,0.156424,0.36272,0.146552,0.22825,0.536544,0.081642,0.163744,0.908062
human_obstruction_shift,bin_sorting,delayed_reappearance,7,0.66,0.6192,0.156424,0.36272,0.146552,0.22825,0.536544,0.081642,0.163744,0.873499
human_obstruction_shift,bin_sorting,delayed_reappearance,8,0.66,0.6192,0.156424,0.36272,0.146552,0.22825,0.536544,0.081642,0.163744,0.891843
human_obstruction_shift,bin_sorting,delayed_reappearance,9,0.66,0.6192,0.156424,0.36272,0.146552,0.22825,0.536544,0.081642,0.163744,0.873678
human_obstruction_shift,bin_sorting,cascading_disappearing_goal,0,0.66,0.65016,0.505371,0.707304,0.301245,0.39259,0.327888,0.137503,0.385968,0.884484
human_obstruction_shift,bin_sorting,cascading_disappearing_goal,1,0.66,0.65016,0.505371,0.707304,0.301245,0.39259,0.327888,0.137503,0.385968,0.883707
human_obstruction_shift,bin_sorting,cascading_disappearing_goal,2,0.66,0.65016,0.505371,0.707304,0.301245,0.39259,0.327888,0.137503,0.385968,0.86831
human_obstruction_shift,bin_sorting,cascading_disappearing_goal,3,0.66,0.65016,0.505371,0.707304,0.301245,0.39259,0.327888,0.137503,0.385968,0.879178
human_obstruction_shift,bin_sorting,cascading_disappearing_goal,4,0.66,0.65016,0.505371,0.707304,0.301245,0.39259,0.327888,0.137503,0.385968,0.863971
human_obstruction_shift,bin_sorting,cascading_disappearing_goal,5,0.66,0.65016,0.505371,0.707304,0.301245,0.39259,0.327888,0.137503,0.385968,0.882445
human_obstruction_shift,bin_sorting,cascading_disappearing_goal,6,0.66,0.65016,0.505371,0.707304,0.301245,0.39259,0.327888,0.137503,0.385968,0.892023
human_obstruction_shift,bin_sorting,cascading_disappearing_goal,7,0.66,0.65016,0.505371,0.707304,0.301245,0.39259,0.327888,0.137503,0.385968,0.859467
human_obstruction_shift,bin_sorting,cascading_disappearing_goal,8,0.66,0.65016,0.505371,0.707304,0.301245,0.39259,0.327888,0.137503,0.385968,0.875805
human_obstruction_shift,bin_sorting,cascading_disappearing_goal,9,0.66,0.65016,0.505371,0.707304,0.301245,0.39259,0.327888,0.137503,0.385968,0.889749
human_obstruction_shift,tool_handoff,visual_occlusion,0,0.66,0.817344,0.060832,0.126952,0.056746,0.165336,0.59616,0.13249,0.046784,0.863905
human_obstruction_shift,tool_handoff,visual_occlusion,1,0.66,0.817344,0.060832,0.126952,0.056746,0.165336,0.59616,0.13249,0.046784,0.883578
human_obstruction_shift,tool_handoff,visual_occlusion,2,0.66,0.817344,0.060832,0.126952,0.056746,0.165336,0.59616,0.13249,0.046784,0.88303
human_obstruction_shift,tool_handoff,visual_occlusion,3,0.66,0.817344,0.060832,0.126952,0.056746,0.165336,0.59616,0.13249,0.046784,0.857208
human_obstruction_shift,tool_handoff,visual_occlusion,4,0.66,0.817344,0.060832,0.126952,0.056746,0.165336,0.59616,0.13249,0.046784,0.857842
human_obstruction_shift,tool_handoff,visual_occlusion,5,0.66,0.817344,0.060832,0.126952,0.056746,0.165336,0.59616,0.13249,0.046784,0.859969
human_obstruction_shift,tool_handoff,visual_occlusion,6,0.66,0.817344,0.060832,0.126952,0.056746,0.165336,0.59616,0.13249,0.046784,0.871691
human_obstruction_shift,tool_handoff,visual_occlusion,7,0.66,0.817344,0.060832,0.126952,0.056746,0.165336,0.59616,0.13249,0.046784,0.877986
human_obstruction_shift,tool_handoff,visual_occlusion,8,0.66,0.817344,0.060832,0.126952,0.056746,0.165336,0.59616,0.13249,0.046784,0.864824
human_obstruction_shift,tool_handoff,visual_occlusion,9,0.66,0.817344,0.060832,0.126952,0.056746,0.165336,0.59616,0.13249,0.046784,0.869913
human_obstruction_shift,tool_handoff,object_moved,0,0.66,0.390096,0.212911,0.761712,0.096468,0.310005,0.283176,0.119241,0.08772,0.868991
human_obstruction_shift,tool_handoff,object_moved,1,0.66,0.390096,0.212911,0.761712,0.096468,0.310005,0.283176,0.119241,0.08772,0.873621
human_obstruction_shift,tool_handoff,object_moved,2,0.66,0.390096,0.212911,0.761712,0.096468,0.310005,0.283176,0.119241,0.08772,0.865029
human_obstruction_shift,tool_handoff,object_moved,3,0.66,0.390096,0.212911,0.761712,0.096468,0.310005,0.283176,0.119241,0.08772,0.87394
human_obstruction_shift,tool_handoff,object_moved,4,0.66,0.390096,0.212911,0.761712,0.096468,0.310005,0.283176,0.119241,0.08772,0.853507
human_obstruction_shift,tool_handoff,object_moved,5,0.66,0.390096,0.212911,0.761712,0.096468,0.310005,0.283176,0.119241,0.08772,0.865328
human_obstruction_shift,tool_handoff,object_moved,6,0.66,0.390096,0.212911,0.761712,0.096468,0.310005,0.283176,0.119241,0.08772,0.873202
human_obstruction_shift,tool_handoff,object_moved,7,0.66,0.390096,0.212911,0.761712,0.096468,0.310005,0.283176,0.119241,0.08772,0.881717
human_obstruction_shift,tool_handoff,object_moved,8,0.66,0.390096,0.212911,0.761712,0.096468,0.310005,0.283176,0.119241,0.08772,0.878752
human_obstruction_shift,tool_handoff,object_moved,9,0.66,0.390096,0.212911,0.761712,0.096468,0.310005,0.283176,0.119241,0.08772,0.888069
human_obstruction_shift,tool_handoff,object_removed,0,0.66,0.315792,0.676752,0.253904,0.119166,0.399562,0.119232,0.13249,0.128656,0.869317
human_obstruction_shift,tool_handoff,object_removed,1,0.66,0.315792,0.676752,0.253904,0.119166,0.399562,0.119232,0.13249,0.128656,0.867404
human_obstruction_shift,tool_handoff,object_removed,2,0.66,0.315792,0.676752,0.253904,0.119166,0.399562,0.119232,0.13249,0.128656,0.876113
human_obstruction_shift,tool_handoff,object_removed,3,0.66,0.315792,0.676752,0.253904,0.119166,0.399562,0.119232,0.13249,0.128656,0.849267
human_obstruction_shift,tool_handoff,object_removed,4,0.66,0.315792,0.676752,0.253904,0.119166,0.399562,0.119232,0.13249,0.128656,0.856678
human_obstruction_shift,tool_handoff,object_removed,5,0.66,0.315792,0.676752,0.253904,0.119166,0.399562,0.119232,0.13249,0.128656,0.860304
human_obstruction_shift,tool_handoff,object_removed,6,0.66,0.315792,0.676752,0.253904,0.119166,0.399562,0.119232,0.13249,0.128656,0.861185
human_obstruction_shift,tool_handoff,object_removed,7,0.66,0.315792,0.676752,0.253904,0.119166,0.399562,0.119232,0.13249,0.128656,0.876039
human_obstruction_shift,tool_handoff,object_removed,8,0.66,0.315792,0.676752,0.253904,0.119166,0.399562,0.119232,0.13249,0.128656,0.871593
human_obstruction_shift,tool_handoff,object_removed,9,0.66,0.315792,0.676752,0.253904,0.119166,0.399562,0.119232,0.13249,0.128656,0.854653
human_obstruction_shift,tool_handoff,human_temporary_obstruction,0,0.66,0.687312,0.136871,0.163224,0.068095,0.496008,0.640872,0.609452,0.093568,0.867466
human_obstruction_shift,tool_handoff,human_temporary_obstruction,1,0.66,0.687312,0.136871,0.163224,0.068095,0.496008,0.640872,0.609452,0.093568,0.867063
human_obstruction_shift,tool_handoff,human_temporary_obstruction,2,0.66,0.687312,0.136871,0.163224,0.068095,0.496008,0.640872,0.609452,0.093568,0.875416
human_obstruction_shift,tool_handoff,human_temporary_obstruction,3,0.66,0.687312,0.136871,0.163224,0.068095,0.496008,0.640872,0.609452,0.093568,0.866209
human_obstruction_shift,tool_handoff,human_temporary_obstruction,4,0.66,0.687312,0.136871,0.163224,0.068095,0.496008,0.640872,0.609452,0.093568,0.858626
human_obstruction_shift,tool_handoff,human_temporary_obstruction,5,0.66,0.687312,0.136871,0.163224,0.068095,0.496008,0.640872,0.609452,0.093568,0.869979
human_obstruction_shift,tool_handoff,human_temporary_obstruction,6,0.66,0.687312,0.136871,0.163224,0.068095,0.496008,0.640872,0.609452,0.093568,0.869966
human_obstruction_shift,tool_handoff,human_temporary_obstruction,7,0.66,0.687312,0.136871,0.163224,0.068095,0.496008,0.640872,0.609452,0.093568,0.878123
human_obstruction_shift,tool_handoff,human_temporary_obstruction,8,0.66,0.687312,0.136871,0.163224,0.068095,0.496008,0.640872,0.609452,0.093568,0.862367
human_obstruction_shift,tool_handoff,human_temporary_obstruction,9,0.66,0.687312,0.136871,0.163224,0.068095,0.496008,0.640872,0.609452,0.093568,0.871347
human_obstruction_shift,tool_handoff,goal_specification_changed,0,0.66,0.260064,0.577901,0.36272,0.192935,0.330672,0.134136,0.225232,0.514624,0.865803
human_obstruction_shift,tool_handoff,goal_specification_changed,1,0.66,0.260064,0.577901,0.36272,0.192935,0.330672,0.134136,0.225232,0.514624,0.857659
human_obstruction_shift,tool_handoff,goal_specification_changed,2,0.66,0.260064,0.577901,0.36272,0.192935,0.330672,0.134136,0.225232,0.514624,0.864422
human_obstruction_shift,tool_handoff,goal_specification_changed,3,0.66,0.260064,0.577901,0.36272,0.192935,0.330672,0.134136,0.225232,0.514624,0.871331
human_obstruction_shift,tool_handoff,goal_specification_changed,4,0.66,0.260064,0.577901,0.36272,0.192935,0.330672,0.134136,0.225232,0.514624,0.874496
human_obstruction_shift,tool_handoff,goal_specification_changed,5,0.66,0.260064,0.577901,0.36272,0.192935,0.330672,0.134136,0.225232,0.514624,0.855926
human_obstruction_shift,tool_handoff,goal_specification_changed,6,0.66,0.260064,0.577901,0.36272,0.192935,0.330672,0.134136,0.225232,0.514624,0.852065
human_obstruction_shift,tool_handoff,goal_specification_changed,7,0.66,0.260064,0.577901,0.36272,0.192935,0.330672,0.134136,0.225232,0.514624,0.864948
human_obstruction_shift,tool_handoff,goal_specification_changed,8,0.66,0.260064,0.577901,0.36272,0.192935,0.330672,0.134136,0.225232,0.514624,0.841805
human_obstruction_shift,tool_handoff,goal_specification_changed,9,0.66,0.260064,0.577901,0.36272,0.192935,0.330672,0.134136,0.225232,0.514624,0.847474
human_obstruction_shift,tool_handoff,substitute_goal_available,0,0.66,0.390096,0.471446,0.326448,0.255355,0.27556,0.22356,0.185485,0.257312,0.869546
human_obstruction_shift,tool_handoff,substitute_goal_available,1,0.66,0.390096,0.471446,0.326448,0.255355,0.27556,0.22356,0.185485,0.257312,0.861402
human_obstruction_shift,tool_handoff,substitute_goal_available,2,0.66,0.390096,0.471446,0.326448,0.255355,0.27556,0.22356,0.185485,0.257312,0.879909
human_obstruction_shift,tool_handoff,substitute_goal_available,3,0.66,0.390096,0.471446,0.326448,0.255355,0.27556,0.22356,0.185485,0.257312,0.860843
human_obstruction_shift,tool_handoff,substitute_goal_available,4,0.66,0.390096,0.471446,0.326448,0.255355,0.27556,0.22356,0.185485,0.257312,0.85682
human_obstruction_shift,tool_handoff,substitute_goal_available,5,0.66,0.390096,0.471446,0.326448,0.255355,0.27556,0.22356,0.185485,0.257312,0.84125
human_obstruction_shift,tool_handoff,substitute_goal_available,6,0.66,0.390096,0.471446,0.326448,0.255355,0.27556,0.22356,0.185485,0.257312,0.868447
human_obstruction_shift,tool_handoff,substitute_goal_available,7,0.66,0.390096,0.471446,0.326448,0.255355,0.27556,0.22356,0.185485,0.257312,0.859409
human_obstruction_shift,tool_handoff,substitute_goal_available,8,0.66,0.390096,0.471446,0.326448,0.255355,0.27556,0.22356,0.185485,0.257312,0.857249
human_obstruction_shift,tool_handoff,substitute_goal_available,9,0.66,0.390096,0.471446,0.326448,0.255355,0.27556,0.22356,0.185485,0.257312,0.872564
human_obstruction_shift,tool_handoff,delayed_reappearance,0,0.66,0.74304,0.197703,0.36272,0.102142,0.34445,0.536544,0.25173,0.163744,0.85164
human_obstruction_shift,tool_handoff,delayed_reappearance,1,0.66,0.74304,0.197703,0.36272,0.102142,0.34445,0.536544,0.25173,0.163744,0.859908
human_obstruction_shift,tool_handoff,delayed_reappearance,2,0.66,0.74304,0.197703,0.36272,0.102142,0.34445,0.536544,0.25173,0.163744,0.863086
human_obstruction_shift,tool_handoff,delayed_reappearance,3,0.66,0.74304,0.197703,0.36272,0.102142,0.34445,0.536544,0.25173,0.163744,0.86691
human_obstruction_shift,tool_handoff,delayed_reappearance,4,0.66,0.74304,0.197703,0.36272,0.102142,0.34445,0.536544,0.25173,0.163744,0.853244
human_obstruction_shift,tool_handoff,delayed_reappearance,5,0.66,0.74304,0.197703,0.36272,0.102142,0.34445,0.536544,0.25173,0.163744,0.848155
human_obstruction_shift,tool_handoff,delayed_reappearance,6,0.66,0.74304,0.197703,0.36272,0.102142,0.34445,0.536544,0.25173,0.163744,0.862965
human_obstruction_shift,tool_handoff,delayed_reappearance,7,0.66,0.74304,0.197703,0.36272,0.102142,0.34445,0.536544,0.25173,0.163744,0.863031
human_obstruction_shift,tool_handoff,delayed_reappearance,8,0.66,0.74304,0.197703,0.36272,0.102142,0.34445,0.536544,0.25173,0.163744,0.851536
human_obstruction_shift,tool_handoff,delayed_reappearance,9,0.66,0.74304,0.197703,0.36272,0.102142,0.34445,0.536544,0.25173,0.163744,0.853109
human_obstruction_shift,tool_handoff,cascading_disappearing_goal,0,0.66,0.780192,0.638733,0.707304,0.209959,0.592454,0.327888,0.423967,0.385968,0.865499
human_obstruction_shift,tool_handoff,cascading_disappearing_goal,1,0.66,0.780192,0.638733,0.707304,0.209959,0.592454,0.327888,0.423967,0.385968,0.845226
human_obstruction_shift,tool_handoff,cascading_disappearing_goal,2,0.66,0.780192,0.638733,0.707304,0.209959,0.592454,0.327888,0.423967,0.385968,0.865993
human_obstruction_shift,tool_handoff,cascading_disappearing_goal,3,0.66,0.780192,0.638733,0.707304,0.209959,0.592454,0.327888,0.423967,0.385968,0.843531
human_obstruction_shift,tool_handoff,cascading_disappearing_goal,4,0.66,0.780192,0.638733,0.707304,0.209959,0.592454,0.327888,0.423967,0.385968,0.850383
human_obstruction_shift,tool_handoff,cascading_disappearing_goal,5,0.66,0.780192,0.638733,0.707304,0.209959,0.592454,0.327888,0.423967,0.385968,0.845302
human_obstruction_shift,tool_handoff,cascading_disappearing_goal,6,0.66,0.780192,0.638733,0.707304,0.209959,0.592454,0.327888,0.423967,0.385968,0.842409
human_obstruction_shift,tool_handoff,cascading_disappearing_goal,7,0.66,0.780192,0.638733,0.707304,0.209959,0.592454,0.327888,0.423967,0.385968,0.840775
human_obstruction_shift,tool_handoff,cascading_disappearing_goal,8,0.66,0.780192,0.638733,0.707304,0.209959,0.592454,0.327888,0.423967,0.385968,0.861884
human_obstruction_shift,tool_handoff,cascading_disappearing_goal,9,0.66,0.780192,0.638733,0.707304,0.209959,0.592454,0.327888,0.423967,0.385968,0.853521
human_obstruction_shift,mobile_pick_and_place,visual_occlusion,0,0.66,0.781018,0.053478,0.126952,0.06168,0.151392,0.59616,0.075197,0.046784,0.888369
human_obstruction_shift,mobile_pick_and_place,visual_occlusion,1,0.66,0.781018,0.053478,0.126952,0.06168,0.151392,0.59616,0.075197,0.046784,0.862822
human_obstruction_shift,mobile_pick_and_place,visual_occlusion,2,0.66,0.781018,0.053478,0.126952,0.06168,0.151392,0.59616,0.075197,0.046784,0.868449
human_obstruction_shift,mobile_pick_and_place,visual_occlusion,3,0.66,0.781018,0.053478,0.126952,0.06168,0.151392,0.59616,0.075197,0.046784,0.873556
human_obstruction_shift,mobile_pick_and_place,visual_occlusion,4,0.66,0.781018,0.053478,0.126952,0.06168,0.151392,0.59616,0.075197,0.046784,0.878081
human_obstruction_shift,mobile_pick_and_place,visual_occlusion,5,0.66,0.781018,0.053478,0.126952,0.06168,0.151392,0.59616,0.075197,0.046784,0.860786
human_obstruction_shift,mobile_pick_and_place,visual_occlusion,6,0.66,0.781018,0.053478,0.126952,0.06168,0.151392,0.59616,0.075197,0.046784,0.844468
human_obstruction_shift,mobile_pick_and_place,visual_occlusion,7,0.66,0.781018,0.053478,0.126952,0.06168,0.151392,0.59616,0.075197,0.046784,0.882168
human_obstruction_shift,mobile_pick_and_place,visual_occlusion,8,0.66,0.781018,0.053478,0.126952,0.06168,0.151392,0.59616,0.075197,0.046784,0.85999
human_obstruction_shift,mobile_pick_and_place,visual_occlusion,9,0.66,0.781018,0.053478,0.126952,0.06168,0.151392,0.59616,0.075197,0.046784,0.871643
human_obstruction_shift,mobile_pick_and_place,object_moved,0,0.66,0.372758,0.187174,0.761712,0.104856,0.28386,0.283176,0.067677,0.08772,0.887578
human_obstruction_shift,mobile_pick_and_place,object_moved,1,0.66,0.372758,0.187174,0.761712,0.104856,0.28386,0.283176,0.067677,0.08772,0.86633
human_obstruction_shift,mobile_pick_and_place,object_moved,2,0.66,0.372758,0.187174,0.761712,0.104856,0.28386,0.283176,0.067677,0.08772,0.886217
human_obstruction_shift,mobile_pick_and_place,object_moved,3,0.66,0.372758,0.187174,0.761712,0.104856,0.28386,0.283176,0.067677,0.08772,0.875212
human_obstruction_shift,mobile_pick_and_place,object_moved,4,0.66,0.372758,0.187174,0.761712,0.104856,0.28386,0.283176,0.067677,0.08772,0.868433
human_obstruction_shift,mobile_pick_and_place,object_moved,5,0.66,0.372758,0.187174,0.761712,0.104856,0.28386,0.283176,0.067677,0.08772,0.870985
human_obstruction_shift,mobile_pick_and_place,object_moved,6,0.66,0.372758,0.187174,0.761712,0.104856,0.28386,0.283176,0.067677,0.08772,0.87095
human_obstruction_shift,mobile_pick_and_place,object_moved,7,0.66,0.372758,0.187174,0.761712,0.104856,0.28386,0.283176,0.067677,0.08772,0.890057
human_obstruction_shift,mobile_pick_and_place,object_moved,8,0.66,0.372758,0.187174,0.761712,0.104856,0.28386,0.283176,0.067677,0.08772,0.838288
human_obstruction_shift,mobile_pick_and_place,object_moved,9,0.66,0.372758,0.187174,0.761712,0.104856,0.28386,0.283176,0.067677,0.08772,0.88239
human_obstruction_shift,mobile_pick_and_place,object_removed,0,0.66,0.301757,0.594947,0.253904,0.129528,0.365864,0.119232,0.075197,0.128656,0.853431
human_obstruction_shift,mobile_pick_and_place,object_removed,1,0.66,0.301757,0.594947,0.253904,0.129528,0.365864,0.119232,0.075197,0.128656,0.860323
human_obstruction_shift,mobile_pick_and_place,object_removed,2,0.66,0.301757,0.594947,0.253904,0.129528,0.365864,0.119232,0.075197,0.128656,0.883155
human_obstruction_shift,mobile_pick_and_place,object_removed,3,0.66,0.301757,0.594947,0.253904,0.129528,0.365864,0.119232,0.075197,0.128656,0.879773
human_obstruction_shift,mobile_pick_and_place,object_removed,4,0.66,0.301757,0.594947,0.253904,0.129528,0.365864,0.119232,0.075197,0.128656,0.85472
human_obstruction_shift,mobile_pick_and_place,object_removed,5,0.66,0.301757,0.594947,0.253904,0.129528,0.365864,0.119232,0.075197,0.128656,0.875639
human_obstruction_shift,mobile_pick_and_place,object_removed,6,0.66,0.301757,0.594947,0.253904,0.129528,0.365864,0.119232,0.075197,0.128656,0.863374
human_obstruction_shift,mobile_pick_and_place,object_removed,7,0.66,0.301757,0.594947,0.253904,0.129528,0.365864,0.119232,0.075197,0.128656,0.871359
human_obstruction_shift,mobile_pick_and_place,object_removed,8,0.66,0.301757,0.594947,0.253904,0.129528,0.365864,0.119232,0.075197,0.128656,0.870223
human_obstruction_shift,mobile_pick_and_place,object_removed,9,0.66,0.301757,0.594947,0.253904,0.129528,0.365864,0.119232,0.075197,0.128656,0.861215
human_obstruction_shift,mobile_pick_and_place,human_temporary_obstruction,0,0.66,0.656765,0.120326,0.163224,0.074016,0.454176,0.640872,0.345905,0.093568,0.878331
human_obstruction_shift,mobile_pick_and_place,human_temporary_obstruction,1,0.66,0.656765,0.120326,0.163224,0.074016,0.454176,0.640872,0.345905,0.093568,0.86923
human_obstruction_shift,mobile_pick_and_place,human_temporary_obstruction,2,0.66,0.656765,0.120326,0.163224,0.074016,0.454176,0.640872,0.345905,0.093568,0.864167
human_obstruction_shift,mobile_pick_and_place,human_temporary_obstruction,3,0.66,0.656765,0.120326,0.163224,0.074016,0.454176,0.640872,0.345905,0.093568,0.857756
human_obstruction_shift,mobile_pick_and_place,human_temporary_obstruction,4,0.66,0.656765,0.120326,0.163224,0.074016,0.454176,0.640872,0.345905,0.093568,0.856075
human_obstruction_shift,mobile_pick_and_place,human_temporary_obstruction,5,0.66,0.656765,0.120326,0.163224,0.074016,0.454176,0.640872,0.345905,0.093568,0.872633
human_obstruction_shift,mobile_pick_and_place,human_temporary_obstruction,6,0.66,0.656765,0.120326,0.163224,0.074016,0.454176,0.640872,0.345905,0.093568,0.870902
human_obstruction_shift,mobile_pick_and_place,human_temporary_obstruction,7,0.66,0.656765,0.120326,0.163224,0.074016,0.454176,0.640872,0.345905,0.093568,0.882181
human_obstruction_shift,mobile_pick_and_place,human_temporary_obstruction,8,0.66,0.656765,0.120326,0.163224,0.074016,0.454176,0.640872,0.345905,0.093568,0.85734
human_obstruction_shift,mobile_pick_and_place,human_temporary_obstruction,9,0.66,0.656765,0.120326,0.163224,0.074016,0.454176,0.640872,0.345905,0.093568,0.860899
human_obstruction_shift,mobile_pick_and_place,goal_specification_changed,0,0.66,0.248506,0.508045,0.36272,0.209712,0.302784,0.134136,0.127835,0.514624,0.867581
human_obstruction_shift,mobile_pick_and_place,goal_specification_changed,1,0.66,0.248506,0.508045,0.36272,0.209712,0.302784,0.134136,0.127835,0.514624,0.858863
human_obstruction_shift,mobile_pick_and_place,goal_specification_changed,2,0.66,0.248506,0.508045,0.36272,0.209712,0.302784,0.134136,0.127835,0.514624,0.872585
human_obstruction_shift,mobile_pick_and_place,goal_specification_changed,3,0.66,0.248506,0.508045,0.36272,0.209712,0.302784,0.134136,0.127835,0.514624,0.873872
human_obstruction_shift,mobile_pick_and_place,goal_specification_changed,4,0.66,0.248506,0.508045,0.36272,0.209712,0.302784,0.134136,0.127835,0.514624,0.879336
human_obstruction_shift,mobile_pick_and_place,goal_specification_changed,5,0.66,0.248506,0.508045,0.36272,0.209712,0.302784,0.134136,0.127835,0.514624,0.86529
human_obstruction_shift,mobile_pick_and_place,goal_specification_changed,6,0.66,0.248506,0.508045,0.36272,0.209712,0.302784,0.134136,0.127835,0.514624,0.885394
human_obstruction_shift,mobile_pick_and_place,goal_specification_changed,7,0.66,0.248506,0.508045,0.36272,0.209712,0.302784,0.134136,0.127835,0.514624,0.870632
human_obstruction_shift,mobile_pick_and_place,goal_specification_changed,8,0.66,0.248506,0.508045,0.36272,0.209712,0.302784,0.134136,0.127835,0.514624,0.853448
human_obstruction_shift,mobile_pick_and_place,goal_specification_changed,9,0.66,0.248506,0.508045,0.36272,0.209712,0.302784,0.134136,0.127835,0.514624,0.870047
human_obstruction_shift,mobile_pick_and_place,substitute_goal_available,0,0.66,0.372758,0.414458,0.326448,0.27756,0.25232,0.22356,0.105276,0.257312,0.856331
human_obstruction_shift,mobile_pick_and_place,substitute_goal_available,1,0.66,0.372758,0.414458,0.326448,0.27756,0.25232,0.22356,0.105276,0.257312,0.86474
human_obstruction_shift,mobile_pick_and_place,substitute_goal_available,2,0.66,0.372758,0.414458,0.326448,0.27756,0.25232,0.22356,0.105276,0.257312,0.893159
human_obstruction_shift,mobile_pick_and_place,substitute_goal_available,3,0.66,0.372758,0.414458,0.326448,0.27756,0.25232,0.22356,0.105276,0.257312,0.863507
human_obstruction_shift,mobile_pick_and_place,substitute_goal_available,4,0.66,0.372758,0.414458,0.326448,0.27756,0.25232,0.22356,0.105276,0.257312,0.866855
human_obstruction_shift,mobile_pick_and_place,substitute_goal_available,5,0.66,0.372758,0.414458,0.326448,0.27756,0.25232,0.22356,0.105276,0.257312,0.869335
human_obstruction_shift,mobile_pick_and_place,substitute_goal_available,6,0.66,0.372758,0.414458,0.326448,0.27756,0.25232,0.22356,0.105276,0.257312,0.891049
human_obstruction_shift,mobile_pick_and_place,substitute_goal_available,7,0.66,0.372758,0.414458,0.326448,0.27756,0.25232,0.22356,0.105276,0.257312,0.860796
human_obstruction_shift,mobile_pick_and_place,substitute_goal_available,8,0.66,0.372758,0.414458,0.326448,0.27756,0.25232,0.22356,0.105276,0.257312,0.864064
human_obstruction_shift,mobile_pick_and_place,substitute_goal_available,9,0.66,0.372758,0.414458,0.326448,0.27756,0.25232,0.22356,0.105276,0.257312,0.875206
human_obstruction_shift,mobile_pick_and_place,delayed_reappearance,0,0.66,0.710016,0.173805,0.36272,0.111024,0.3154,0.536544,0.142874,0.163744,0.874854
human_obstruction_shift,mobile_pick_and_place,delayed_reappearance,1,0.66,0.710016,0.173805,0.36272,0.111024,0.3154,0.536544,0.142874,0.163744,0.848966
human_obstruction_shift,mobile_pick_and_place,delayed_reappearance,2,0.66,0.710016,0.173805,0.36272,0.111024,0.3154,0.536544,0.142874,0.163744,0.870527
human_obstruction_shift,mobile_pick_and_place,delayed_reappearance,3,0.66,0.710016,0.173805,0.36272,0.111024,0.3154,0.536544,0.142874,0.163744,0.868102
human_obstruction_shift,mobile_pick_and_place,delayed_reappearance,4,0.66,0.710016,0.173805,0.36272,0.111024,0.3154,0.536544,0.142874,0.163744,0.869603
human_obstruction_shift,mobile_pick_and_place,delayed_reappearance,5,0.66,0.710016,0.173805,0.36272,0.111024,0.3154,0.536544,0.142874,0.163744,0.851322
human_obstruction_shift,mobile_pick_and_place,delayed_reappearance,6,0.66,0.710016,0.173805,0.36272,0.111024,0.3154,0.536544,0.142874,0.163744,0.884924
human_obstruction_shift,mobile_pick_and_place,delayed_reappearance,7,0.66,0.710016,0.173805,0.36272,0.111024,0.3154,0.536544,0.142874,0.163744,0.862552
human_obstruction_shift,mobile_pick_and_place,delayed_reappearance,8,0.66,0.710016,0.173805,0.36272,0.111024,0.3154,0.536544,0.142874,0.163744,0.855468
human_obstruction_shift,mobile_pick_and_place,delayed_reappearance,9,0.66,0.710016,0.173805,0.36272,0.111024,0.3154,0.536544,0.142874,0.163744,0.86806
human_obstruction_shift,mobile_pick_and_place,cascading_disappearing_goal,0,0.66,0.745517,0.561523,0.707304,0.228216,0.542488,0.327888,0.24063,0.385968,0.862945
human_obstruction_shift,mobile_pick_and_place,cascading_disappearing_goal,1,0.66,0.745517,0.561523,0.707304,0.228216,0.542488,0.327888,0.24063,0.385968,0.848258
human_obstruction_shift,mobile_pick_and_place,cascading_disappearing_goal,2,0.66,0.745517,0.561523,0.707304,0.228216,0.542488,0.327888,0.24063,0.385968,0.843956
human_obstruction_shift,mobile_pick_and_place,cascading_disappearing_goal,3,0.66,0.745517,0.561523,0.707304,0.228216,0.542488,0.327888,0.24063,0.385968,0.840073
human_obstruction_shift,mobile_pick_and_place,cascading_disappearing_goal,4,0.66,0.745517,0.561523,0.707304,0.228216,0.542488,0.327888,0.24063,0.385968,0.833855
human_obstruction_shift,mobile_pick_and_place,cascading_disappearing_goal,5,0.66,0.745517,0.561523,0.707304,0.228216,0.542488,0.327888,0.24063,0.385968,0.867717
human_obstruction_shift,mobile_pick_and_place,cascading_disappearing_goal,6,0.66,0.745517,0.561523,0.707304,0.228216,0.542488,0.327888,0.24063,0.385968,0.845216
human_obstruction_shift,mobile_pick_and_place,cascading_disappearing_goal,7,0.66,0.745517,0.561523,0.707304,0.228216,0.542488,0.327888,0.24063,0.385968,0.86718
human_obstruction_shift,mobile_pick_and_place,cascading_disappearing_goal,8,0.66,0.745517,0.561523,0.707304,0.228216,0.542488,0.327888,0.24063,0.385968,0.853484
human_obstruction_shift,mobile_pick_and_place,cascading_disappearing_goal,9,0.66,0.745517,0.561523,0.707304,0.228216,0.542488,0.327888,0.24063,0.385968,0.85714
human_obstruction_shift,cabinet_restocking,visual_occlusion,0,0.66,0.762854,0.058826,0.126952,0.071549,0.155376,0.59616,0.08952,0.046784,0.865407
human_obstruction_shift,cabinet_restocking,visual_occlusion,1,0.66,0.762854,0.058826,0.126952,0.071549,0.155376,0.59616,0.08952,0.046784,0.894982
human_obstruction_shift,cabinet_restocking,visual_occlusion,2,0.66,0.762854,0.058826,0.126952,0.071549,0.155376,0.59616,0.08952,0.046784,0.875288
human_obstruction_shift,cabinet_restocking,visual_occlusion,3,0.66,0.762854,0.058826,0.126952,0.071549,0.155376,0.59616,0.08952,0.046784,0.874312
human_obstruction_shift,cabinet_restocking,visual_occlusion,4,0.66,0.762854,0.058826,0.126952,0.071549,0.155376,0.59616,0.08952,0.046784,0.872144
human_obstruction_shift,cabinet_restocking,visual_occlusion,5,0.66,0.762854,0.058826,0.126952,0.071549,0.155376,0.59616,0.08952,0.046784,0.875988
human_obstruction_shift,cabinet_restocking,visual_occlusion,6,0.66,0.762854,0.058826,0.126952,0.071549,0.155376,0.59616,0.08952,0.046784,0.857462
human_obstruction_shift,cabinet_restocking,visual_occlusion,7,0.66,0.762854,0.058826,0.126952,0.071549,0.155376,0.59616,0.08952,0.046784,0.87736
human_obstruction_shift,cabinet_restocking,visual_occlusion,8,0.66,0.762854,0.058826,0.126952,0.071549,0.155376,0.59616,0.08952,0.046784,0.877694
human_obstruction_shift,cabinet_restocking,visual_occlusion,9,0.66,0.762854,0.058826,0.126952,0.071549,0.155376,0.59616,0.08952,0.046784,0.862513
human_obstruction_shift,cabinet_restocking,object_moved,0,0.66,0.36409,0.205892,0.761712,0.121633,0.29133,0.283176,0.080568,0.08772,0.884746
human_obstruction_shift,cabinet_restocking,object_moved,1,0.66,0.36409,0.205892,0.761712,0.121633,0.29133,0.283176,0.080568,0.08772,0.88184
human_obstruction_shift,cabinet_restocking,object_moved,2,0.66,0.36409,0.205892,0.761712,0.121633,0.29133,0.283176,0.080568,0.08772,0.862675
human_obstruction_shift,cabinet_restocking,object_moved,3,0.66,0.36409,0.205892,0.761712,0.121633,0.29133,0.283176,0.080568,0.08772,0.872517
human_obstruction_shift,cabinet_restocking,object_moved,4,0.66,0.36409,0.205892,0.761712,0.121633,0.29133,0.283176,0.080568,0.08772,0.875709
human_obstruction_shift,cabinet_restocking,object_moved,5,0.66,0.36409,0.205892,0.761712,0.121633,0.29133,0.283176,0.080568,0.08772,0.854458
human_obstruction_shift,cabinet_restocking,object_moved,6,0.66,0.36409,0.205892,0.761712,0.121633,0.29133,0.283176,0.080568,0.08772,0.881251
human_obstruction_shift,cabinet_restocking,object_moved,7,0.66,0.36409,0.205892,0.761712,0.121633,0.29133,0.283176,0.080568,0.08772,0.878292
human_obstruction_shift,cabinet_restocking,object_moved,8,0.66,0.36409,0.205892,0.761712,0.121633,0.29133,0.283176,0.080568,0.08772,0.880584
human_obstruction_shift,cabinet_restocking,object_moved,9,0.66,0.36409,0.205892,0.761712,0.121633,0.29133,0.283176,0.080568,0.08772,0.899093
human_obstruction_shift,cabinet_restocking,object_removed,0,0.66,0.294739,0.654442,0.253904,0.150252,0.375492,0.119232,0.08952,0.128656,0.863815
human_obstruction_shift,cabinet_restocking,object_removed,1,0.66,0.294739,0.654442,0.253904,0.150252,0.375492,0.119232,0.08952,0.128656,0.888271
human_obstruction_shift,cabinet_restocking,object_removed,2,0.66,0.294739,0.654442,0.253904,0.150252,0.375492,0.119232,0.08952,0.128656,0.867322
human_obstruction_shift,cabinet_restocking,object_removed,3,0.66,0.294739,0.654442,0.253904,0.150252,0.375492,0.119232,0.08952,0.128656,0.860745
human_obstruction_shift,cabinet_restocking,object_removed,4,0.66,0.294739,0.654442,0.253904,0.150252,0.375492,0.119232,0.08952,0.128656,0.881895
human_obstruction_shift,cabinet_restocking,object_removed,5,0.66,0.294739,0.654442,0.253904,0.150252,0.375492,0.119232,0.08952,0.128656,0.865612
human_obstruction_shift,cabinet_restocking,object_removed,6,0.66,0.294739,0.654442,0.253904,0.150252,0.375492,0.119232,0.08952,0.128656,0.873673
human_obstruction_shift,cabinet_restocking,object_removed,7,0.66,0.294739,0.654442,0.253904,0.150252,0.375492,0.119232,0.08952,0.128656,0.871403
human_obstruction_shift,cabinet_restocking,object_removed,8,0.66,0.294739,0.654442,0.253904,0.150252,0.375492,0.119232,0.08952,0.128656,0.873957
human_obstruction_shift,cabinet_restocking,object_removed,9,0.66,0.294739,0.654442,0.253904,0.150252,0.375492,0.119232,0.08952,0.128656,0.875757
human_obstruction_shift,cabinet_restocking,human_temporary_obstruction,0,0.66,0.641491,0.132359,0.163224,0.085859,0.466128,0.640872,0.411792,0.093568,0.864658
human_obstruction_shift,cabinet_restocking,human_temporary_obstruction,1,0.66,0.641491,0.132359,0.163224,0.085859,0.466128,0.640872,0.411792,0.093568,0.876413
human_obstruction_shift,cabinet_restocking,human_temporary_obstruction,2,0.66,0.641491,0.132359,0.163224,0.085859,0.466128,0.640872,0.411792,0.093568,0.859334
human_obstruction_shift,cabinet_restocking,human_temporary_obstruction,3,0.66,0.641491,0.132359,0.163224,0.085859,0.466128,0.640872,0.411792,0.093568,0.874749
human_obstruction_shift,cabinet_restocking,human_temporary_obstruction,4,0.66,0.641491,0.132359,0.163224,0.085859,0.466128,0.640872,0.411792,0.093568,0.870043
human_obstruction_shift,cabinet_restocking,human_temporary_obstruction,5,0.66,0.641491,0.132359,0.163224,0.085859,0.466128,0.640872,0.411792,0.093568,0.850795
human_obstruction_shift,cabinet_restocking,human_temporary_obstruction,6,0.66,0.641491,0.132359,0.163224,0.085859,0.466128,0.640872,0.411792,0.093568,0.86796
human_obstruction_shift,cabinet_restocking,human_temporary_obstruction,7,0.66,0.641491,0.132359,0.163224,0.085859,0.466128,0.640872,0.411792,0.093568,0.85655
human_obstruction_shift,cabinet_restocking,human_temporary_obstruction,8,0.66,0.641491,0.132359,0.163224,0.085859,0.466128,0.640872,0.411792,0.093568,0.853723
human_obstruction_shift,cabinet_restocking,human_temporary_obstruction,9,0.66,0.641491,0.132359,0.163224,0.085859,0.466128,0.640872,0.411792,0.093568,0.876812
human_obstruction_shift,cabinet_restocking,goal_specification_changed,0,0.66,0.242726,0.558849,0.36272,0.243266,0.310752,0.134136,0.152184,0.514624,0.87295
human_obstruction_shift,cabinet_restocking,goal_specification_changed,1,0.66,0.242726,0.558849,0.36272,0.243266,0.310752,0.134136,0.152184,0.514624,0.868873
human_obstruction_shift,cabinet_restocking,goal_specification_changed,2,0.66,0.242726,0.558849,0.36272,0.243266,0.310752,0.134136,0.152184,0.514624,0.855956
human_obstruction_shift,cabinet_restocking,goal_specification_changed,3,0.66,0.242726,0.558849,0.36272,0.243266,0.310752,0.134136,0.152184,0.514624,0.848343
human_obstruction_shift,cabinet_restocking,goal_specification_changed,4,0.66,0.242726,0.558849,0.36272,0.243266,0.310752,0.134136,0.152184,0.514624,0.874801
human_obstruction_shift,cabinet_restocking,goal_specification_changed,5,0.66,0.242726,0.558849,0.36272,0.243266,0.310752,0.134136,0.152184,0.514624,0.844436
human_obstruction_shift,cabinet_restocking,goal_specification_changed,6,0.66,0.242726,0.558849,0.36272,0.243266,0.310752,0.134136,0.152184,0.514624,0.847175
human_obstruction_shift,cabinet_restocking,goal_specification_changed,7,0.66,0.242726,0.558849,0.36272,0.243266,0.310752,0.134136,0.152184,0.514624,0.866541
human_obstruction_shift,cabinet_restocking,goal_specification_changed,8,0.66,0.242726,0.558849,0.36272,0.243266,0.310752,0.134136,0.152184,0.514624,0.866073
human_obstruction_shift,cabinet_restocking,goal_specification_changed,9,0.66,0.242726,0.558849,0.36272,0.243266,0.310752,0.134136,0.152184,0.514624,0.861886
human_obstruction_shift,cabinet_restocking,substitute_goal_available,0,0.66,0.36409,0.455903,0.326448,0.32197,0.25896,0.22356,0.125328,0.257312,0.875273
human_obstruction_shift,cabinet_restocking,substitute_goal_available,1,0.66,0.36409,0.455903,0.326448,0.32197,0.25896,0.22356,0.125328,0.257312,0.867505
human_obstruction_shift,cabinet_restocking,substitute_goal_available,2,0.66,0.36409,0.455903,0.326448,0.32197,0.25896,0.22356,0.125328,0.257312,0.860722
human_obstruction_shift,cabinet_restocking,substitute_goal_available,3,0.66,0.36409,0.455903,0.326448,0.32197,0.25896,0.22356,0.125328,0.257312,0.877183
human_obstruction_shift,cabinet_restocking,substitute_goal_available,4,0.66,0.36409,0.455903,0.326448,0.32197,0.25896,0.22356,0.125328,0.257312,0.860261
human_obstruction_shift,cabinet_restocking,substitute_goal_available,5,0.66,0.36409,0.455903,0.326448,0.32197,0.25896,0.22356,0.125328,0.257312,0.856469
human_obstruction_shift,cabinet_restocking,substitute_goal_available,6,0.66,0.36409,0.455903,0.326448,0.32197,0.25896,0.22356,0.125328,0.257312,0.872299
human_obstruction_shift,cabinet_restocking,substitute_goal_available,7,0.66,0.36409,0.455903,0.326448,0.32197,0.25896,0.22356,0.125328,0.257312,0.865011
human_obstruction_shift,cabinet_restocking,substitute_goal_available,8,0.66,0.36409,0.455903,0.326448,0.32197,0.25896,0.22356,0.125328,0.257312,0.859546
human_obstruction_shift,cabinet_restocking,substitute_goal_available,9,0.66,0.36409,0.455903,0.326448,0.32197,0.25896,0.22356,0.125328,0.257312,0.866211
human_obstruction_shift,cabinet_restocking,delayed_reappearance,0,0.66,0.693504,0.191185,0.36272,0.128788,0.3237,0.536544,0.170088,0.163744,0.874072
human_obstruction_shift,cabinet_restocking,delayed_reappearance,1,0.66,0.693504,0.191185,0.36272,0.128788,0.3237,0.536544,0.170088,0.163744,0.874099
human_obstruction_shift,cabinet_restocking,delayed_reappearance,2,0.66,0.693504,0.191185,0.36272,0.128788,0.3237,0.536544,0.170088,0.163744,0.850499
human_obstruction_shift,cabinet_restocking,delayed_reappearance,3,0.66,0.693504,0.191185,0.36272,0.128788,0.3237,0.536544,0.170088,0.163744,0.85638
human_obstruction_shift,cabinet_restocking,delayed_reappearance,4,0.66,0.693504,0.191185,0.36272,0.128788,0.3237,0.536544,0.170088,0.163744,0.862945
human_obstruction_shift,cabinet_restocking,delayed_reappearance,5,0.66,0.693504,0.191185,0.36272,0.128788,0.3237,0.536544,0.170088,0.163744,0.85899
human_obstruction_shift,cabinet_restocking,delayed_reappearance,6,0.66,0.693504,0.191185,0.36272,0.128788,0.3237,0.536544,0.170088,0.163744,0.869198
human_obstruction_shift,cabinet_restocking,delayed_reappearance,7,0.66,0.693504,0.191185,0.36272,0.128788,0.3237,0.536544,0.170088,0.163744,0.859066
human_obstruction_shift,cabinet_restocking,delayed_reappearance,8,0.66,0.693504,0.191185,0.36272,0.128788,0.3237,0.536544,0.170088,0.163744,0.861064
human_obstruction_shift,cabinet_restocking,delayed_reappearance,9,0.66,0.693504,0.191185,0.36272,0.128788,0.3237,0.536544,0.170088,0.163744,0.855364
human_obstruction_shift,cabinet_restocking,cascading_disappearing_goal,0,0.66,0.728179,0.617676,0.707304,0.264731,0.556764,0.327888,0.286464,0.385968,0.84279
human_obstruction_shift,cabinet_restocking,cascading_disappearing_goal,1,0.66,0.728179,0.617676,0.707304,0.264731,0.556764,0.327888,0.286464,0.385968,0.865154
human_obstruction_shift,cabinet_restocking,cascading_disappearing_goal,2,0.66,0.728179,0.617676,0.707304,0.264731,0.556764,0.327888,0.286464,0.385968,0.854548
human_obstruction_shift,cabinet_restocking,cascading_disappearing_goal,3,0.66,0.728179,0.617676,0.707304,0.264731,0.556764,0.327888,0.286464,0.385968,0.875547
human_obstruction_shift,cabinet_restocking,cascading_disappearing_goal,4,0.66,0.728179,0.617676,0.707304,0.264731,0.556764,0.327888,0.286464,0.385968,0.858706
human_obstruction_shift,cabinet_restocking,cascading_disappearing_goal,5,0.66,0.728179,0.617676,0.707304,0.264731,0.556764,0.327888,0.286464,0.385968,0.872601
human_obstruction_shift,cabinet_restocking,cascading_disappearing_goal,6,0.66,0.728179,0.617676,0.707304,0.264731,0.556764,0.327888,0.286464,0.385968,0.853299
human_obstruction_shift,cabinet_restocking,cascading_disappearing_goal,7,0.66,0.728179,0.617676,0.707304,0.264731,0.556764,0.327888,0.286464,0.385968,0.865595
human_obstruction_shift,cabinet_restocking,cascading_disappearing_goal,8,0.66,0.728179,0.617676,0.707304,0.264731,0.556764,0.327888,0.286464,0.385968,0.85705
human_obstruction_shift,cabinet_restocking,cascading_disappearing_goal,9,0.66,0.728179,0.617676,0.707304,0.264731,0.556764,0.327888,0.286464,0.385968,0.840619
combined_extreme,shelf_retrieval,visual_occlusion,0,0.84,0.850291,0.065421,0.141736,0.056086,0.136896,0.64032,0.042058,0.067584,0.87005
combined_extreme,shelf_retrieval,visual_occlusion,1,0.84,0.850291,0.065421,0.141736,0.056086,0.136896,0.64032,0.042058,0.067584,0.873445
combined_extreme,shelf_retrieval,visual_occlusion,2,0.84,0.850291,0.065421,0.141736,0.056086,0.136896,0.64032,0.042058,0.067584,0.879952
combined_extreme,shelf_retrieval,visual_occlusion,3,0.84,0.850291,0.065421,0.141736,0.056086,0.136896,0.64032,0.042058,0.067584,0.893977
combined_extreme,shelf_retrieval,visual_occlusion,4,0.84,0.850291,0.065421,0.141736,0.056086,0.136896,0.64032,0.042058,0.067584,0.879449
combined_extreme,shelf_retrieval,visual_occlusion,5,0.84,0.850291,0.065421,0.141736,0.056086,0.136896,0.64032,0.042058,0.067584,0.875661
combined_extreme,shelf_retrieval,visual_occlusion,6,0.84,0.850291,0.065421,0.141736,0.056086,0.136896,0.64032,0.042058,0.067584,0.863055
combined_extreme,shelf_retrieval,visual_occlusion,7,0.84,0.850291,0.065421,0.141736,0.056086,0.136896,0.64032,0.042058,0.067584,0.88206
combined_extreme,shelf_retrieval,visual_occlusion,8,0.84,0.850291,0.065421,0.141736,0.056086,0.136896,0.64032,0.042058,0.067584,0.865765
combined_extreme,shelf_retrieval,visual_occlusion,9,0.84,0.850291,0.065421,0.141736,0.056086,0.136896,0.64032,0.042058,0.067584,0.886729
combined_extreme,shelf_retrieval,object_moved,0,0.84,0.405821,0.228973,0.850416,0.095347,0.25668,0.304152,0.037852,0.12672,0.872019
combined_extreme,shelf_retrieval,object_moved,1,0.84,0.405821,0.228973,0.850416,0.095347,0.25668,0.304152,0.037852,0.12672,0.872038
combined_extreme,shelf_retrieval,object_moved,2,0.84,0.405821,0.228973,0.850416,0.095347,0.25668,0.304152,0.037852,0.12672,0.877349
combined_extreme,shelf_retrieval,object_moved,3,0.84,0.405821,0.228973,0.850416,0.095347,0.25668,0.304152,0.037852,0.12672,0.8899
combined_extreme,shelf_retrieval,object_moved,4,0.84,0.405821,0.228973,0.850416,0.095347,0.25668,0.304152,0.037852,0.12672,0.876847
combined_extreme,shelf_retrieval,object_moved,5,0.84,0.405821,0.228973,0.850416,0.095347,0.25668,0.304152,0.037852,0.12672,0.883873
combined_extreme,shelf_retrieval,object_moved,6,0.84,0.405821,0.228973,0.850416,0.095347,0.25668,0.304152,0.037852,0.12672,0.874163
combined_extreme,shelf_retrieval,object_moved,7,0.84,0.405821,0.228973,0.850416,0.095347,0.25668,0.304152,0.037852,0.12672,0.881882
combined_extreme,shelf_retrieval,object_moved,8,0.84,0.405821,0.228973,0.850416,0.095347,0.25668,0.304152,0.037852,0.12672,0.872886
combined_extreme,shelf_retrieval,object_moved,9,0.84,0.405821,0.228973,0.850416,0.095347,0.25668,0.304152,0.037852,0.12672,0.882386
combined_extreme,shelf_retrieval,object_removed,0,0.84,0.328522,0.727806,0.283472,0.117781,0.330832,0.128064,0.042058,0.185856,0.873458
combined_extreme,shelf_retrieval,object_removed,1,0.84,0.328522,0.727806,0.283472,0.117781,0.330832,0.128064,0.042058,0.185856,0.896497
combined_extreme,shelf_retrieval,object_removed,2,0.84,0.328522,0.727806,0.283472,0.117781,0.330832,0.128064,0.042058,0.185856,0.876948
combined_extreme,shelf_retrieval,object_removed,3,0.84,0.328522,0.727806,0.283472,0.117781,0.330832,0.128064,0.042058,0.185856,0.863079
combined_extreme,shelf_retrieval,object_removed,4,0.84,0.328522,0.727806,0.283472,0.117781,0.330832,0.128064,0.042058,0.185856,0.879406
combined_extreme,shelf_retrieval,object_removed,5,0.84,0.328522,0.727806,0.283472,0.117781,0.330832,0.128064,0.042058,0.185856,0.879883
combined_extreme,shelf_retrieval,object_removed,6,0.84,0.328522,0.727806,0.283472,0.117781,0.330832,0.128064,0.042058,0.185856,0.887966
combined_extreme,shelf_retrieval,object_removed,7,0.84,0.328522,0.727806,0.283472,0.117781,0.330832,0.128064,0.042058,0.185856,0.865937
combined_extreme,shelf_retrieval,object_removed,8,0.84,0.328522,0.727806,0.283472,0.117781,0.330832,0.128064,0.042058,0.185856,0.879044
combined_extreme,shelf_retrieval,object_removed,9,0.84,0.328522,0.727806,0.283472,0.117781,0.330832,0.128064,0.042058,0.185856,0.886313
combined_extreme,shelf_retrieval,human_temporary_obstruction,0,0.84,0.715018,0.147197,0.182232,0.067304,0.410688,0.688344,0.193465,0.135168,0.875643
combined_extreme,shelf_retrieval,human_temporary_obstruction,1,0.84,0.715018,0.147197,0.182232,0.067304,0.410688,0.688344,0.193465,0.135168,0.883038
combined_extreme,shelf_retrieval,human_temporary_obstruction,2,0.84,0.715018,0.147197,0.182232,0.067304,0.410688,0.688344,0.193465,0.135168,0.857014
combined_extreme,shelf_retrieval,human_temporary_obstruction,3,0.84,0.715018,0.147197,0.182232,0.067304,0.410688,0.688344,0.193465,0.135168,0.873832
combined_extreme,shelf_retrieval,human_temporary_obstruction,4,0.84,0.715018,0.147197,0.182232,0.067304,0.410688,0.688344,0.193465,0.135168,0.862905
combined_extreme,shelf_retrieval,human_temporary_obstruction,5,0.84,0.715018,0.147197,0.182232,0.067304,0.410688,0.688344,0.193465,0.135168,0.852298
combined_extreme,shelf_retrieval,human_temporary_obstruction,6,0.84,0.715018,0.147197,0.182232,0.067304,0.410688,0.688344,0.193465,0.135168,0.864089
combined_extreme,shelf_retrieval,human_temporary_obstruction,7,0.84,0.715018,0.147197,0.182232,0.067304,0.410688,0.688344,0.193465,0.135168,0.869802
combined_extreme,shelf_retrieval,human_temporary_obstruction,8,0.84,0.715018,0.147197,0.182232,0.067304,0.410688,0.688344,0.193465,0.135168,0.876053
combined_extreme,shelf_retrieval,human_temporary_obstruction,9,0.84,0.715018,0.147197,0.182232,0.067304,0.410688,0.688344,0.193465,0.135168,0.865276
combined_extreme,shelf_retrieval,goal_specification_changed,0,0.84,0.270547,0.621498,0.40496,0.190694,0.273792,0.144072,0.071498,0.743424,0.857223
combined_extreme,shelf_retrieval,goal_specification_changed,1,0.84,0.270547,0.621498,0.40496,0.190694,0.273792,0.144072,0.071498,0.743424,0.869698
combined_extreme,shelf_retrieval,goal_specification_changed,2,0.84,0.270547,0.621498,0.40496,0.190694,0.273792,0.144072,0.071498,0.743424,0.868684
combined_extreme,shelf_retrieval,goal_specification_changed,3,0.84,0.270547,0.621498,0.40496,0.190694,0.273792,0.144072,0.071498,0.743424,0.872638
combined_extreme,shelf_retrieval,goal_specification_changed,4,0.84,0.270547,0.621498,0.40496,0.190694,0.273792,0.144072,0.071498,0.743424,0.882339
combined_extreme,shelf_retrieval,goal_specification_changed,5,0.84,0.270547,0.621498,0.40496,0.190694,0.273792,0.144072,0.071498,0.743424,0.863778
combined_extreme,shelf_retrieval,goal_specification_changed,6,0.84,0.270547,0.621498,0.40496,0.190694,0.273792,0.144072,0.071498,0.743424,0.881151
combined_extreme,shelf_retrieval,goal_specification_changed,7,0.84,0.270547,0.621498,0.40496,0.190694,0.273792,0.144072,0.071498,0.743424,0.870901
combined_extreme,shelf_retrieval,goal_specification_changed,8,0.84,0.270547,0.621498,0.40496,0.190694,0.273792,0.144072,0.071498,0.743424,0.871132
combined_extreme,shelf_retrieval,goal_specification_changed,9,0.84,0.270547,0.621498,0.40496,0.190694,0.273792,0.144072,0.071498,0.743424,0.861875
combined_extreme,shelf_retrieval,substitute_goal_available,0,0.84,0.405821,0.507011,0.364464,0.252389,0.22816,0.24012,0.058881,0.371712,0.880827
combined_extreme,shelf_retrieval,substitute_goal_available,1,0.84,0.405821,0.507011,0.364464,0.252389,0.22816,0.24012,0.058881,0.371712,0.845885
combined_extreme,shelf_retrieval,substitute_goal_available,2,0.84,0.405821,0.507011,0.364464,0.252389,0.22816,0.24012,0.058881,0.371712,0.868396
combined_extreme,shelf_retrieval,substitute_goal_available,3,0.84,0.405821,0.507011,0.364464,0.252389,0.22816,0.24012,0.058881,0.371712,0.870673
combined_extreme,shelf_retrieval,substitute_goal_available,4,0.84,0.405821,0.507011,0.364464,0.252389,0.22816,0.24012,0.058881,0.371712,0.873302
combined_extreme,shelf_retrieval,substitute_goal_available,5,0.84,0.405821,0.507011,0.364464,0.252389,0.22816,0.24012,0.058881,0.371712,0.860771
combined_extreme,shelf_retrieval,substitute_goal_available,6,0.84,0.405821,0.507011,0.364464,0.252389,0.22816,0.24012,0.058881,0.371712,0.870433
combined_extreme,shelf_retrieval,substitute_goal_available,7,0.84,0.405821,0.507011,0.364464,0.252389,0.22816,0.24012,0.058881,0.371712,0.886086
combined_extreme,shelf_retrieval,substitute_goal_available,8,0.84,0.405821,0.507011,0.364464,0.252389,0.22816,0.24012,0.058881,0.371712,0.882103
combined_extreme,shelf_retrieval,substitute_goal_available,9,0.84,0.405821,0.507011,0.364464,0.252389,0.22816,0.24012,0.058881,0.371712,0.869432
combined_extreme,shelf_retrieval,delayed_reappearance,0,0.84,0.772992,0.212618,0.40496,0.100956,0.2852,0.576288,0.079909,0.236544,0.88178
combined_extreme,shelf_retrieval,delayed_reappearance,1,0.84,0.772992,0.212618,0.40496,0.100956,0.2852,0.576288,0.079909,0.236544,0.86727
combined_extreme,shelf_retrieval,delayed_reappearance,2,0.84,0.772992,0.212618,0.40496,0.100956,0.2852,0.576288,0.079909,0.236544,0.853511
combined_extreme,shelf_retrieval,delayed_reappearance,3,0.84,0.772992,0.212618,0.40496,0.100956,0.2852,0.576288,0.079909,0.236544,0.893122
combined_extreme,shelf_retrieval,delayed_reappearance,4,0.84,0.772992,0.212618,0.40496,0.100956,0.2852,0.576288,0.079909,0.236544,0.863384
combined_extreme,shelf_retrieval,delayed_reappearance,5,0.84,0.772992,0.212618,0.40496,0.100956,0.2852,0.576288,0.079909,0.236544,0.861997
combined_extreme,shelf_retrieval,delayed_reappearance,6,0.84,0.772992,0.212618,0.40496,0.100956,0.2852,0.576288,0.079909,0.236544,0.846231
combined_extreme,shelf_retrieval,delayed_reappearance,7,0.84,0.772992,0.212618,0.40496,0.100956,0.2852,0.576288,0.079909,0.236544,0.86111
combined_extreme,shelf_retrieval,delayed_reappearance,8,0.84,0.772992,0.212618,0.40496,0.100956,0.2852,0.576288,0.079909,0.236544,0.853241
combined_extreme,shelf_retrieval,delayed_reappearance,9,0.84,0.772992,0.212618,0.40496,0.100956,0.2852,0.576288,0.079909,0.236544,0.87562
combined_extreme,shelf_retrieval,cascading_disappearing_goal,0,0.84,0.811642,0.686918,0.789672,0.20752,0.490544,0.352176,0.134584,0.557568,0.854673
combined_extreme,shelf_retrieval,cascading_disappearing_goal,1,0.84,0.811642,0.686918,0.789672,0.20752,0.490544,0.352176,0.134584,0.557568,0.867691
combined_extreme,shelf_retrieval,cascading_disappearing_goal,2,0.84,0.811642,0.686918,0.789672,0.20752,0.490544,0.352176,0.134584,0.557568,0.83839
combined_extreme,shelf_retrieval,cascading_disappearing_goal,3,0.84,0.811642,0.686918,0.789672,0.20752,0.490544,0.352176,0.134584,0.557568,0.861143
combined_extreme,shelf_retrieval,cascading_disappearing_goal,4,0.84,0.811642,0.686918,0.789672,0.20752,0.490544,0.352176,0.134584,0.557568,0.844752
combined_extreme,shelf_retrieval,cascading_disappearing_goal,5,0.84,0.811642,0.686918,0.789672,0.20752,0.490544,0.352176,0.134584,0.557568,0.87433
combined_extreme,shelf_retrieval,cascading_disappearing_goal,6,0.84,0.811642,0.686918,0.789672,0.20752,0.490544,0.352176,0.134584,0.557568,0.874536
combined_extreme,shelf_retrieval,cascading_disappearing_goal,7,0.84,0.811642,0.686918,0.789672,0.20752,0.490544,0.352176,0.134584,0.557568,0.842957
combined_extreme,shelf_retrieval,cascading_disappearing_goal,8,0.84,0.811642,0.686918,0.789672,0.20752,0.490544,0.352176,0.134584,0.557568,0.857043
combined_extreme,shelf_retrieval,cascading_disappearing_goal,9,0.84,0.811642,0.686918,0.789672,0.20752,0.490544,0.352176,0.134584,0.557568,0.863167
combined_extreme,drawer_placement,visual_occlusion,0,0.84,0.792317,0.072307,0.141736,0.069283,0.15456,0.64032,0.054998,0.067584,0.867124
combined_extreme,drawer_placement,visual_occlusion,1,0.84,0.792317,0.072307,0.141736,0.069283,0.15456,0.64032,0.054998,0.067584,0.872852
combined_extreme,drawer_placement,visual_occlusion,2,0.84,0.792317,0.072307,0.141736,0.069283,0.15456,0.64032,0.054998,0.067584,0.867463
combined_extreme,drawer_placement,visual_occlusion,3,0.84,0.792317,0.072307,0.141736,0.069283,0.15456,0.64032,0.054998,0.067584,0.893483
combined_extreme,drawer_placement,visual_occlusion,4,0.84,0.792317,0.072307,0.141736,0.069283,0.15456,0.64032,0.054998,0.067584,0.869342
combined_extreme,drawer_placement,visual_occlusion,5,0.84,0.792317,0.072307,0.141736,0.069283,0.15456,0.64032,0.054998,0.067584,0.876717
combined_extreme,drawer_placement,visual_occlusion,6,0.84,0.792317,0.072307,0.141736,0.069283,0.15456,0.64032,0.054998,0.067584,0.870345
combined_extreme,drawer_placement,visual_occlusion,7,0.84,0.792317,0.072307,0.141736,0.069283,0.15456,0.64032,0.054998,0.067584,0.860282
combined_extreme,drawer_placement,visual_occlusion,8,0.84,0.792317,0.072307,0.141736,0.069283,0.15456,0.64032,0.054998,0.067584,0.872712
combined_extreme,drawer_placement,visual_occlusion,9,0.84,0.792317,0.072307,0.141736,0.069283,0.15456,0.64032,0.054998,0.067584,0.852427
combined_extreme,drawer_placement,object_moved,0,0.84,0.378151,0.253075,0.850416,0.117781,0.2898,0.304152,0.049499,0.12672,0.85784
combined_extreme,drawer_placement,object_moved,1,0.84,0.378151,0.253075,0.850416,0.117781,0.2898,0.304152,0.049499,0.12672,0.85871
combined_extreme,drawer_placement,object_moved,2,0.84,0.378151,0.253075,0.850416,0.117781,0.2898,0.304152,0.049499,0.12672,0.871321
combined_extreme,drawer_placement,object_moved,3,0.84,0.378151,0.253075,0.850416,0.117781,0.2898,0.304152,0.049499,0.12672,0.866904
combined_extreme,drawer_placement,object_moved,4,0.84,0.378151,0.253075,0.850416,0.117781,0.2898,0.304152,0.049499,0.12672,0.869253
combined_extreme,drawer_placement,object_moved,5,0.84,0.378151,0.253075,0.850416,0.117781,0.2898,0.304152,0.049499,0.12672,0.866461
combined_extreme,drawer_placement,object_moved,6,0.84,0.378151,0.253075,0.850416,0.117781,0.2898,0.304152,0.049499,0.12672,0.875041
combined_extreme,drawer_placement,object_moved,7,0.84,0.378151,0.253075,0.850416,0.117781,0.2898,0.304152,0.049499,0.12672,0.884291
combined_extreme,drawer_placement,object_moved,8,0.84,0.378151,0.253075,0.850416,0.117781,0.2898,0.304152,0.049499,0.12672,0.889625
combined_extreme,drawer_placement,object_moved,9,0.84,0.378151,0.253075,0.850416,0.117781,0.2898,0.304152,0.049499,0.12672,0.874504
combined_extreme,drawer_placement,object_removed,0,0.84,0.306122,0.804418,0.283472,0.145495,0.37352,0.128064,0.054998,0.185856,0.866919
combined_extreme,drawer_placement,object_removed,1,0.84,0.306122,0.804418,0.283472,0.145495,0.37352,0.128064,0.054998,0.185856,0.875491
combined_extreme,drawer_placement,object_removed,2,0.84,0.306122,0.804418,0.283472,0.145495,0.37352,0.128064,0.054998,0.185856,0.862401
combined_extreme,drawer_placement,object_removed,3,0.84,0.306122,0.804418,0.283472,0.145495,0.37352,0.128064,0.054998,0.185856,0.857804
combined_extreme,drawer_placement,object_removed,4,0.84,0.306122,0.804418,0.283472,0.145495,0.37352,0.128064,0.054998,0.185856,0.8661
combined_extreme,drawer_placement,object_removed,5,0.84,0.306122,0.804418,0.283472,0.145495,0.37352,0.128064,0.054998,0.185856,0.876051
combined_extreme,drawer_placement,object_removed,6,0.84,0.306122,0.804418,0.283472,0.145495,0.37352,0.128064,0.054998,0.185856,0.855924
combined_extreme,drawer_placement,object_removed,7,0.84,0.306122,0.804418,0.283472,0.145495,0.37352,0.128064,0.054998,0.185856,0.863909
combined_extreme,drawer_placement,object_removed,8,0.84,0.306122,0.804418,0.283472,0.145495,0.37352,0.128064,0.054998,0.185856,0.847305
combined_extreme,drawer_placement,object_removed,9,0.84,0.306122,0.804418,0.283472,0.145495,0.37352,0.128064,0.054998,0.185856,0.867203
combined_extreme,drawer_placement,human_temporary_obstruction,0,0.84,0.666266,0.162691,0.182232,0.08314,0.46368,0.688344,0.252993,0.135168,0.869528
combined_extreme,drawer_placement,human_temporary_obstruction,1,0.84,0.666266,0.162691,0.182232,0.08314,0.46368,0.688344,0.252993,0.135168,0.868925
combined_extreme,drawer_placement,human_temporary_obstruction,2,0.84,0.666266,0.162691,0.182232,0.08314,0.46368,0.688344,0.252993,0.135168,0.861328
combined_extreme,drawer_placement,human_temporary_obstruction,3,0.84,0.666266,0.162691,0.182232,0.08314,0.46368,0.688344,0.252993,0.135168,0.876473
combined_extreme,drawer_placement,human_temporary_obstruction,4,0.84,0.666266,0.162691,0.182232,0.08314,0.46368,0.688344,0.252993,0.135168,0.86164
combined_extreme,drawer_placement,human_temporary_obstruction,5,0.84,0.666266,0.162691,0.182232,0.08314,0.46368,0.688344,0.252993,0.135168,0.858344
combined_extreme,drawer_placement,human_temporary_obstruction,6,0.84,0.666266,0.162691,0.182232,0.08314,0.46368,0.688344,0.252993,0.135168,0.863528
combined_extreme,drawer_placement,human_temporary_obstruction,7,0.84,0.666266,0.162691,0.182232,0.08314,0.46368,0.688344,0.252993,0.135168,0.877284
combined_extreme,drawer_placement,human_temporary_obstruction,8,0.84,0.666266,0.162691,0.182232,0.08314,0.46368,0.688344,0.252993,0.135168,0.87669
combined_extreme,drawer_placement,human_temporary_obstruction,9,0.84,0.666266,0.162691,0.182232,0.08314,0.46368,0.688344,0.252993,0.135168,0.879302
combined_extreme,drawer_placement,goal_specification_changed,0,0.84,0.252101,0.686918,0.40496,0.235563,0.30912,0.144072,0.093497,0.743424,0.862095
combined_extreme,drawer_placement,goal_specification_changed,1,0.84,0.252101,0.686918,0.40496,0.235563,0.30912,0.144072,0.093497,0.743424,0.853249
combined_extreme,drawer_placement,goal_specification_changed,2,0.84,0.252101,0.686918,0.40496,0.235563,0.30912,0.144072,0.093497,0.743424,0.863924
combined_extreme,drawer_placement,goal_specification_changed,3,0.84,0.252101,0.686918,0.40496,0.235563,0.30912,0.144072,0.093497,0.743424,0.858079
combined_extreme,drawer_placement,goal_specification_changed,4,0.84,0.252101,0.686918,0.40496,0.235563,0.30912,0.144072,0.093497,0.743424,0.873939
combined_extreme,drawer_placement,goal_specification_changed,5,0.84,0.252101,0.686918,0.40496,0.235563,0.30912,0.144072,0.093497,0.743424,0.851854
combined_extreme,drawer_placement,goal_specification_changed,6,0.84,0.252101,0.686918,0.40496,0.235563,0.30912,0.144072,0.093497,0.743424,0.869253
combined_extreme,drawer_placement,goal_specification_changed,7,0.84,0.252101,0.686918,0.40496,0.235563,0.30912,0.144072,0.093497,0.743424,0.846545
combined_extreme,drawer_placement,goal_specification_changed,8,0.84,0.252101,0.686918,0.40496,0.235563,0.30912,0.144072,0.093497,0.743424,0.847881
combined_extreme,drawer_placement,goal_specification_changed,9,0.84,0.252101,0.686918,0.40496,0.235563,0.30912,0.144072,0.093497,0.743424,0.86834
combined_extreme,drawer_placement,substitute_goal_available,0,0.84,0.378151,0.560381,0.364464,0.311774,0.2576,0.24012,0.076998,0.371712,0.858229
combined_extreme,drawer_placement,substitute_goal_available,1,0.84,0.378151,0.560381,0.364464,0.311774,0.2576,0.24012,0.076998,0.371712,0.866462
combined_extreme,drawer_placement,substitute_goal_available,2,0.84,0.378151,0.560381,0.364464,0.311774,0.2576,0.24012,0.076998,0.371712,0.85918
combined_extreme,drawer_placement,substitute_goal_available,3,0.84,0.378151,0.560381,0.364464,0.311774,0.2576,0.24012,0.076998,0.371712,0.88092
combined_extreme,drawer_placement,substitute_goal_available,4,0.84,0.378151,0.560381,0.364464,0.311774,0.2576,0.24012,0.076998,0.371712,0.863009
combined_extreme,drawer_placement,substitute_goal_available,5,0.84,0.378151,0.560381,0.364464,0.311774,0.2576,0.24012,0.076998,0.371712,0.856193
combined_extreme,drawer_placement,substitute_goal_available,6,0.84,0.378151,0.560381,0.364464,0.311774,0.2576,0.24012,0.076998,0.371712,0.847412
combined_extreme,drawer_placement,substitute_goal_available,7,0.84,0.378151,0.560381,0.364464,0.311774,0.2576,0.24012,0.076998,0.371712,0.856875
combined_extreme,drawer_placement,substitute_goal_available,8,0.84,0.378151,0.560381,0.364464,0.311774,0.2576,0.24012,0.076998,0.371712,0.862681
combined_extreme,drawer_placement,substitute_goal_available,9,0.84,0.378151,0.560381,0.364464,0.311774,0.2576,0.24012,0.076998,0.371712,0.850413
combined_extreme,drawer_placement,delayed_reappearance,0,0.84,0.720288,0.234998,0.40496,0.12471,0.322,0.576288,0.104497,0.236544,0.849268
combined_extreme,drawer_placement,delayed_reappearance,1,0.84,0.720288,0.234998,0.40496,0.12471,0.322,0.576288,0.104497,0.236544,0.862742
combined_extreme,drawer_placement,delayed_reappearance,2,0.84,0.720288,0.234998,0.40496,0.12471,0.322,0.576288,0.104497,0.236544,0.874607
combined_extreme,drawer_placement,delayed_reappearance,3,0.84,0.720288,0.234998,0.40496,0.12471,0.322,0.576288,0.104497,0.236544,0.856337
combined_extreme,drawer_placement,delayed_reappearance,4,0.84,0.720288,0.234998,0.40496,0.12471,0.322,0.576288,0.104497,0.236544,0.879416
combined_extreme,drawer_placement,delayed_reappearance,5,0.84,0.720288,0.234998,0.40496,0.12471,0.322,0.576288,0.104497,0.236544,0.887704
combined_extreme,drawer_placement,delayed_reappearance,6,0.84,0.720288,0.234998,0.40496,0.12471,0.322,0.576288,0.104497,0.236544,0.856951
combined_extreme,drawer_placement,delayed_reappearance,7,0.84,0.720288,0.234998,0.40496,0.12471,0.322,0.576288,0.104497,0.236544,0.848629
combined_extreme,drawer_placement,delayed_reappearance,8,0.84,0.720288,0.234998,0.40496,0.12471,0.322,0.576288,0.104497,0.236544,0.863012
combined_extreme,drawer_placement,delayed_reappearance,9,0.84,0.720288,0.234998,0.40496,0.12471,0.322,0.576288,0.104497,0.236544,0.866082
combined_extreme,drawer_placement,cascading_disappearing_goal,0,0.84,0.756302,0.759226,0.789672,0.256348,0.55384,0.352176,0.175995,0.557568,0.84937
combined_extreme,drawer_placement,cascading_disappearing_goal,1,0.84,0.756302,0.759226,0.789672,0.256348,0.55384,0.352176,0.175995,0.557568,0.850762
combined_extreme,drawer_placement,cascading_disappearing_goal,2,0.84,0.756302,0.759226,0.789672,0.256348,0.55384,0.352176,0.175995,0.557568,0.834025
combined_extreme,drawer_placement,cascading_disappearing_goal,3,0.84,0.756302,0.759226,0.789672,0.256348,0.55384,0.352176,0.175995,0.557568,0.833408
combined_extreme,drawer_placement,cascading_disappearing_goal,4,0.84,0.756302,0.759226,0.789672,0.256348,0.55384,0.352176,0.175995,0.557568,0.842872
combined_extreme,drawer_placement,cascading_disappearing_goal,5,0.84,0.756302,0.759226,0.789672,0.256348,0.55384,0.352176,0.175995,0.557568,0.84944
combined_extreme,drawer_placement,cascading_disappearing_goal,6,0.84,0.756302,0.759226,0.789672,0.256348,0.55384,0.352176,0.175995,0.557568,0.83287
combined_extreme,drawer_placement,cascading_disappearing_goal,7,0.84,0.756302,0.759226,0.789672,0.256348,0.55384,0.352176,0.175995,0.557568,0.839568
combined_extreme,drawer_placement,cascading_disappearing_goal,8,0.84,0.756302,0.759226,0.789672,0.256348,0.55384,0.352176,0.175995,0.557568,0.839509
combined_extreme,drawer_placement,cascading_disappearing_goal,9,0.84,0.756302,0.759226,0.789672,0.256348,0.55384,0.352176,0.175995,0.557568,0.828653
combined_extreme,bin_sorting,visual_occlusion,0,0.84,0.72468,0.061978,0.141736,0.108874,0.12144,0.64032,0.038822,0.067584,0.877184
combined_extreme,bin_sorting,visual_occlusion,1,0.84,0.72468,0.061978,0.141736,0.108874,0.12144,0.64032,0.038822,0.067584,0.887226
combined_extreme,bin_sorting,visual_occlusion,2,0.84,0.72468,0.061978,0.141736,0.108874,0.12144,0.64032,0.038822,0.067584,0.867501
combined_extreme,bin_sorting,visual_occlusion,3,0.84,0.72468,0.061978,0.141736,0.108874,0.12144,0.64032,0.038822,0.067584,0.866389
combined_extreme,bin_sorting,visual_occlusion,4,0.84,0.72468,0.061978,0.141736,0.108874,0.12144,0.64032,0.038822,0.067584,0.883594
combined_extreme,bin_sorting,visual_occlusion,5,0.84,0.72468,0.061978,0.141736,0.108874,0.12144,0.64032,0.038822,0.067584,0.877649
combined_extreme,bin_sorting,visual_occlusion,6,0.84,0.72468,0.061978,0.141736,0.108874,0.12144,0.64032,0.038822,0.067584,0.881357
combined_extreme,bin_sorting,visual_occlusion,7,0.84,0.72468,0.061978,0.141736,0.108874,0.12144,0.64032,0.038822,0.067584,0.896525
combined_extreme,bin_sorting,visual_occlusion,8,0.84,0.72468,0.061978,0.141736,0.108874,0.12144,0.64032,0.038822,0.067584,0.879794
combined_extreme,bin_sorting,visual_occlusion,9,0.84,0.72468,0.061978,0.141736,0.108874,0.12144,0.64032,0.038822,0.067584,0.880587
combined_extreme,bin_sorting,object_moved,0,0.84,0.34587,0.216922,0.850416,0.185085,0.2277,0.304152,0.03494,0.12672,0.874043
combined_extreme,bin_sorting,object_moved,1,0.84,0.34587,0.216922,0.850416,0.185085,0.2277,0.304152,0.03494,0.12672,0.870646
combined_extreme,bin_sorting,object_moved,2,0.84,0.34587,0.216922,0.850416,0.185085,0.2277,0.304152,0.03494,0.12672,0.883082
combined_extreme,bin_sorting,object_moved,3,0.84,0.34587,0.216922,0.850416,0.185085,0.2277,0.304152,0.03494,0.12672,0.853023
combined_extreme,bin_sorting,object_moved,4,0.84,0.34587,0.216922,0.850416,0.185085,0.2277,0.304152,0.03494,0.12672,0.887299
combined_extreme,bin_sorting,object_moved,5,0.84,0.34587,0.216922,0.850416,0.185085,0.2277,0.304152,0.03494,0.12672,0.890813
combined_extreme,bin_sorting,object_moved,6,0.84,0.34587,0.216922,0.850416,0.185085,0.2277,0.304152,0.03494,0.12672,0.898294
combined_extreme,bin_sorting,object_moved,7,0.84,0.34587,0.216922,0.850416,0.185085,0.2277,0.304152,0.03494,0.12672,0.878348
combined_extreme,bin_sorting,object_moved,8,0.84,0.34587,0.216922,0.850416,0.185085,0.2277,0.304152,0.03494,0.12672,0.902201
combined_extreme,bin_sorting,object_moved,9,0.84,0.34587,0.216922,0.850416,0.185085,0.2277,0.304152,0.03494,0.12672,0.874504
combined_extreme,bin_sorting,object_removed,0,0.84,0.27999,0.689501,0.283472,0.228635,0.29348,0.128064,0.038822,0.185856,0.902609
combined_extreme,bin_sorting,object_removed,1,0.84,0.27999,0.689501,0.283472,0.228635,0.29348,0.128064,0.038822,0.185856,0.873754
combined_extreme,bin_sorting,object_removed,2,0.84,0.27999,0.689501,0.283472,0.228635,0.29348,0.128064,0.038822,0.185856,0.8904
combined_extreme,bin_sorting,object_removed,3,0.84,0.27999,0.689501,0.283472,0.228635,0.29348,0.128064,0.038822,0.185856,0.876211
combined_extreme,bin_sorting,object_removed,4,0.84,0.27999,0.689501,0.283472,0.228635,0.29348,0.128064,0.038822,0.185856,0.86622
combined_extreme,bin_sorting,object_removed,5,0.84,0.27999,0.689501,0.283472,0.228635,0.29348,0.128064,0.038822,0.185856,0.873266
combined_extreme,bin_sorting,object_removed,6,0.84,0.27999,0.689501,0.283472,0.228635,0.29348,0.128064,0.038822,0.185856,0.877021
combined_extreme,bin_sorting,object_removed,7,0.84,0.27999,0.689501,0.283472,0.228635,0.29348,0.128064,0.038822,0.185856,0.866399
combined_extreme,bin_sorting,object_removed,8,0.84,0.27999,0.689501,0.283472,0.228635,0.29348,0.128064,0.038822,0.185856,0.863043
combined_extreme,bin_sorting,object_removed,9,0.84,0.27999,0.689501,0.283472,0.228635,0.29348,0.128064,0.038822,0.185856,0.869585
combined_extreme,bin_sorting,human_temporary_obstruction,0,0.84,0.60939,0.13945,0.182232,0.130648,0.36432,0.688344,0.178583,0.135168,0.890625
combined_extreme,bin_sorting,human_temporary_obstruction,1,0.84,0.60939,0.13945,0.182232,0.130648,0.36432,0.688344,0.178583,0.135168,0.870721
combined_extreme,bin_sorting,human_temporary_obstruction,2,0.84,0.60939,0.13945,0.182232,0.130648,0.36432,0.688344,0.178583,0.135168,0.883203
combined_extreme,bin_sorting,human_temporary_obstruction,3,0.84,0.60939,0.13945,0.182232,0.130648,0.36432,0.688344,0.178583,0.135168,0.885735
combined_extreme,bin_sorting,human_temporary_obstruction,4,0.84,0.60939,0.13945,0.182232,0.130648,0.36432,0.688344,0.178583,0.135168,0.870564
combined_extreme,bin_sorting,human_temporary_obstruction,5,0.84,0.60939,0.13945,0.182232,0.130648,0.36432,0.688344,0.178583,0.135168,0.894945
combined_extreme,bin_sorting,human_temporary_obstruction,6,0.84,0.60939,0.13945,0.182232,0.130648,0.36432,0.688344,0.178583,0.135168,0.886368
combined_extreme,bin_sorting,human_temporary_obstruction,7,0.84,0.60939,0.13945,0.182232,0.130648,0.36432,0.688344,0.178583,0.135168,0.892289
combined_extreme,bin_sorting,human_temporary_obstruction,8,0.84,0.60939,0.13945,0.182232,0.130648,0.36432,0.688344,0.178583,0.135168,0.851383
combined_extreme,bin_sorting,human_temporary_obstruction,9,0.84,0.60939,0.13945,0.182232,0.130648,0.36432,0.688344,0.178583,0.135168,0.864744
combined_extreme,bin_sorting,goal_specification_changed,0,0.84,0.23058,0.588787,0.40496,0.37017,0.24288,0.144072,0.065998,0.743424,0.868596
combined_extreme,bin_sorting,goal_specification_changed,1,0.84,0.23058,0.588787,0.40496,0.37017,0.24288,0.144072,0.065998,0.743424,0.862142
combined_extreme,bin_sorting,goal_specification_changed,2,0.84,0.23058,0.588787,0.40496,0.37017,0.24288,0.144072,0.065998,0.743424,0.88982
combined_extreme,bin_sorting,goal_specification_changed,3,0.84,0.23058,0.588787,0.40496,0.37017,0.24288,0.144072,0.065998,0.743424,0.890114
combined_extreme,bin_sorting,goal_specification_changed,4,0.84,0.23058,0.588787,0.40496,0.37017,0.24288,0.144072,0.065998,0.743424,0.856365
combined_extreme,bin_sorting,goal_specification_changed,5,0.84,0.23058,0.588787,0.40496,0.37017,0.24288,0.144072,0.065998,0.743424,0.866317
combined_extreme,bin_sorting,goal_specification_changed,6,0.84,0.23058,0.588787,0.40496,0.37017,0.24288,0.144072,0.065998,0.743424,0.883551
combined_extreme,bin_sorting,goal_specification_changed,7,0.84,0.23058,0.588787,0.40496,0.37017,0.24288,0.144072,0.065998,0.743424,0.871162
combined_extreme,bin_sorting,goal_specification_changed,8,0.84,0.23058,0.588787,0.40496,0.37017,0.24288,0.144072,0.065998,0.743424,0.875261
combined_extreme,bin_sorting,goal_specification_changed,9,0.84,0.23058,0.588787,0.40496,0.37017,0.24288,0.144072,0.065998,0.743424,0.884052
combined_extreme,bin_sorting,substitute_goal_available,0,0.84,0.34587,0.480326,0.364464,0.489931,0.2024,0.24012,0.054351,0.371712,0.875965
combined_extreme,bin_sorting,substitute_goal_available,1,0.84,0.34587,0.480326,0.364464,0.489931,0.2024,0.24012,0.054351,0.371712,0.873911
combined_extreme,bin_sorting,substitute_goal_available,2,0.84,0.34587,0.480326,0.364464,0.489931,0.2024,0.24012,0.054351,0.371712,0.877959
combined_extreme,bin_sorting,substitute_goal_available,3,0.84,0.34587,0.480326,0.364464,0.489931,0.2024,0.24012,0.054351,0.371712,0.866268
combined_extreme,bin_sorting,substitute_goal_available,4,0.84,0.34587,0.480326,0.364464,0.489931,0.2024,0.24012,0.054351,0.371712,0.867147
combined_extreme,bin_sorting,substitute_goal_available,5,0.84,0.34587,0.480326,0.364464,0.489931,0.2024,0.24012,0.054351,0.371712,0.868458
combined_extreme,bin_sorting,substitute_goal_available,6,0.84,0.34587,0.480326,0.364464,0.489931,0.2024,0.24012,0.054351,0.371712,0.885577
combined_extreme,bin_sorting,substitute_goal_available,7,0.84,0.34587,0.480326,0.364464,0.489931,0.2024,0.24012,0.054351,0.371712,0.870044
combined_extreme,bin_sorting,substitute_goal_available,8,0.84,0.34587,0.480326,0.364464,0.489931,0.2024,0.24012,0.054351,0.371712,0.871938
combined_extreme,bin_sorting,substitute_goal_available,9,0.84,0.34587,0.480326,0.364464,0.489931,0.2024,0.24012,0.054351,0.371712,0.880088
combined_extreme,bin_sorting,delayed_reappearance,0,0.84,0.6588,0.201427,0.40496,0.195972,0.253,0.576288,0.073763,0.236544,0.871064
combined_extreme,bin_sorting,delayed_reappearance,1,0.84,0.6588,0.201427,0.40496,0.195972,0.253,0.576288,0.073763,0.236544,0.869179
combined_extreme,bin_sorting,delayed_reappearance,2,0.84,0.6588,0.201427,0.40496,0.195972,0.253,0.576288,0.073763,0.236544,0.889232
combined_extreme,bin_sorting,delayed_reappearance,3,0.84,0.6588,0.201427,0.40496,0.195972,0.253,0.576288,0.073763,0.236544,0.880443
combined_extreme,bin_sorting,delayed_reappearance,4,0.84,0.6588,0.201427,0.40496,0.195972,0.253,0.576288,0.073763,0.236544,0.884803
combined_extreme,bin_sorting,delayed_reappearance,5,0.84,0.6588,0.201427,0.40496,0.195972,0.253,0.576288,0.073763,0.236544,0.867537
combined_extreme,bin_sorting,delayed_reappearance,6,0.84,0.6588,0.201427,0.40496,0.195972,0.253,0.576288,0.073763,0.236544,0.885141
combined_extreme,bin_sorting,delayed_reappearance,7,0.84,0.6588,0.201427,0.40496,0.195972,0.253,0.576288,0.073763,0.236544,0.874585
combined_extreme,bin_sorting,delayed_reappearance,8,0.84,0.6588,0.201427,0.40496,0.195972,0.253,0.576288,0.073763,0.236544,0.892146
combined_extreme,bin_sorting,delayed_reappearance,9,0.84,0.6588,0.201427,0.40496,0.195972,0.253,0.576288,0.073763,0.236544,0.868407
combined_extreme,bin_sorting,cascading_disappearing_goal,0,0.84,0.69174,0.650765,0.789672,0.402832,0.43516,0.352176,0.124232,0.557568,0.857447
combined_extreme,bin_sorting,cascading_disappearing_goal,1,0.84,0.69174,0.650765,0.789672,0.402832,0.43516,0.352176,0.124232,0.557568,0.83311
combined_extreme,bin_sorting,cascading_disappearing_goal,2,0.84,0.69174,0.650765,0.789672,0.402832,0.43516,0.352176,0.124232,0.557568,0.842655
combined_extreme,bin_sorting,cascading_disappearing_goal,3,0.84,0.69174,0.650765,0.789672,0.402832,0.43516,0.352176,0.124232,0.557568,0.862665
combined_extreme,bin_sorting,cascading_disappearing_goal,4,0.84,0.69174,0.650765,0.789672,0.402832,0.43516,0.352176,0.124232,0.557568,0.858846
combined_extreme,bin_sorting,cascading_disappearing_goal,5,0.84,0.69174,0.650765,0.789672,0.402832,0.43516,0.352176,0.124232,0.557568,0.849183
combined_extreme,bin_sorting,cascading_disappearing_goal,6,0.84,0.69174,0.650765,0.789672,0.402832,0.43516,0.352176,0.124232,0.557568,0.892103
combined_extreme,bin_sorting,cascading_disappearing_goal,7,0.84,0.69174,0.650765,0.789672,0.402832,0.43516,0.352176,0.124232,0.557568,0.862027
combined_extreme,bin_sorting,cascading_disappearing_goal,8,0.84,0.69174,0.650765,0.789672,0.402832,0.43516,0.352176,0.124232,0.557568,0.854035
combined_extreme,bin_sorting,cascading_disappearing_goal,9,0.84,0.69174,0.650765,0.789672,0.402832,0.43516,0.352176,0.124232,0.557568,0.850966
combined_extreme,tool_handoff,visual_occlusion,0,0.84,0.869616,0.078333,0.141736,0.075882,0.183264,0.64032,0.119702,0.067584,0.847061
combined_extreme,tool_handoff,visual_occlusion,1,0.84,0.869616,0.078333,0.141736,0.075882,0.183264,0.64032,0.119702,0.067584,0.854015
combined_extreme,tool_handoff,visual_occlusion,2,0.84,0.869616,0.078333,0.141736,0.075882,0.183264,0.64032,0.119702,0.067584,0.861327
combined_extreme,tool_handoff,visual_occlusion,3,0.84,0.869616,0.078333,0.141736,0.075882,0.183264,0.64032,0.119702,0.067584,0.851456
combined_extreme,tool_handoff,visual_occlusion,4,0.84,0.869616,0.078333,0.141736,0.075882,0.183264,0.64032,0.119702,0.067584,0.860009
combined_extreme,tool_handoff,visual_occlusion,5,0.84,0.869616,0.078333,0.141736,0.075882,0.183264,0.64032,0.119702,0.067584,0.86246
combined_extreme,tool_handoff,visual_occlusion,6,0.84,0.869616,0.078333,0.141736,0.075882,0.183264,0.64032,0.119702,0.067584,0.86034
combined_extreme,tool_handoff,visual_occlusion,7,0.84,0.869616,0.078333,0.141736,0.075882,0.183264,0.64032,0.119702,0.067584,0.859616
combined_extreme,tool_handoff,visual_occlusion,8,0.84,0.869616,0.078333,0.141736,0.075882,0.183264,0.64032,0.119702,0.067584,0.866033
combined_extreme,tool_handoff,visual_occlusion,9,0.84,0.869616,0.078333,0.141736,0.075882,0.183264,0.64032,0.119702,0.067584,0.866066
combined_extreme,tool_handoff,object_moved,0,0.84,0.415044,0.274165,0.850416,0.128999,0.34362,0.304152,0.107732,0.12672,0.86325
combined_extreme,tool_handoff,object_moved,1,0.84,0.415044,0.274165,0.850416,0.128999,0.34362,0.304152,0.107732,0.12672,0.85375
combined_extreme,tool_handoff,object_moved,2,0.84,0.415044,0.274165,0.850416,0.128999,0.34362,0.304152,0.107732,0.12672,0.876375
combined_extreme,tool_handoff,object_moved,3,0.84,0.415044,0.274165,0.850416,0.128999,0.34362,0.304152,0.107732,0.12672,0.87209
combined_extreme,tool_handoff,object_moved,4,0.84,0.415044,0.274165,0.850416,0.128999,0.34362,0.304152,0.107732,0.12672,0.865191
combined_extreme,tool_handoff,object_moved,5,0.84,0.415044,0.274165,0.850416,0.128999,0.34362,0.304152,0.107732,0.12672,0.851646
combined_extreme,tool_handoff,object_moved,6,0.84,0.415044,0.274165,0.850416,0.128999,0.34362,0.304152,0.107732,0.12672,0.88444
combined_extreme,tool_handoff,object_moved,7,0.84,0.415044,0.274165,0.850416,0.128999,0.34362,0.304152,0.107732,0.12672,0.849341
combined_extreme,tool_handoff,object_moved,8,0.84,0.415044,0.274165,0.850416,0.128999,0.34362,0.304152,0.107732,0.12672,0.881097
combined_extreme,tool_handoff,object_moved,9,0.84,0.415044,0.274165,0.850416,0.128999,0.34362,0.304152,0.107732,0.12672,0.862594
combined_extreme,tool_handoff,object_removed,0,0.84,0.335988,0.871452,0.283472,0.159351,0.442888,0.128064,0.119702,0.185856,0.872822
combined_extreme,tool_handoff,object_removed,1,0.84,0.335988,0.871452,0.283472,0.159351,0.442888,0.128064,0.119702,0.185856,0.85088
combined_extreme,tool_handoff,object_removed,2,0.84,0.335988,0.871452,0.283472,0.159351,0.442888,0.128064,0.119702,0.185856,0.860913
combined_extreme,tool_handoff,object_removed,3,0.84,0.335988,0.871452,0.283472,0.159351,0.442888,0.128064,0.119702,0.185856,0.852347
combined_extreme,tool_handoff,object_removed,4,0.84,0.335988,0.871452,0.283472,0.159351,0.442888,0.128064,0.119702,0.185856,0.865904
combined_extreme,tool_handoff,object_removed,5,0.84,0.335988,0.871452,0.283472,0.159351,0.442888,0.128064,0.119702,0.185856,0.852593
combined_extreme,tool_handoff,object_removed,6,0.84,0.335988,0.871452,0.283472,0.159351,0.442888,0.128064,0.119702,0.185856,0.861702
combined_extreme,tool_handoff,object_removed,7,0.84,0.335988,0.871452,0.283472,0.159351,0.442888,0.128064,0.119702,0.185856,0.848766
combined_extreme,tool_handoff,object_removed,8,0.84,0.335988,0.871452,0.283472,0.159351,0.442888,0.128064,0.119702,0.185856,0.850424
combined_extreme,tool_handoff,object_removed,9,0.84,0.335988,0.871452,0.283472,0.159351,0.442888,0.128064,0.119702,0.185856,0.857326
combined_extreme,tool_handoff,human_temporary_obstruction,0,0.84,0.731268,0.176249,0.182232,0.091058,0.549792,0.688344,0.550631,0.135168,0.851591
combined_extreme,tool_handoff,human_temporary_obstruction,1,0.84,0.731268,0.176249,0.182232,0.091058,0.549792,0.688344,0.550631,0.135168,0.841053
combined_extreme,tool_handoff,human_temporary_obstruction,2,0.84,0.731268,0.176249,0.182232,0.091058,0.549792,0.688344,0.550631,0.135168,0.872202
combined_extreme,tool_handoff,human_temporary_obstruction,3,0.84,0.731268,0.176249,0.182232,0.091058,0.549792,0.688344,0.550631,0.135168,0.857773
combined_extreme,tool_handoff,human_temporary_obstruction,4,0.84,0.731268,0.176249,0.182232,0.091058,0.549792,0.688344,0.550631,0.135168,0.863035
combined_extreme,tool_handoff,human_temporary_obstruction,5,0.84,0.731268,0.176249,0.182232,0.091058,0.549792,0.688344,0.550631,0.135168,0.848085
combined_extreme,tool_handoff,human_temporary_obstruction,6,0.84,0.731268,0.176249,0.182232,0.091058,0.549792,0.688344,0.550631,0.135168,0.857753
combined_extreme,tool_handoff,human_temporary_obstruction,7,0.84,0.731268,0.176249,0.182232,0.091058,0.549792,0.688344,0.550631,0.135168,0.856611
combined_extreme,tool_handoff,human_temporary_obstruction,8,0.84,0.731268,0.176249,0.182232,0.091058,0.549792,0.688344,0.550631,0.135168,0.854698
combined_extreme,tool_handoff,human_temporary_obstruction,9,0.84,0.731268,0.176249,0.182232,0.091058,0.549792,0.688344,0.550631,0.135168,0.856386
combined_extreme,tool_handoff,goal_specification_changed,0,0.84,0.276696,0.744162,0.40496,0.257997,0.366528,0.144072,0.203494,0.743424,0.855919
combined_extreme,tool_handoff,goal_specification_changed,1,0.84,0.276696,0.744162,0.40496,0.257997,0.366528,0.144072,0.203494,0.743424,0.857555
combined_extreme,tool_handoff,goal_specification_changed,2,0.84,0.276696,0.744162,0.40496,0.257997,0.366528,0.144072,0.203494,0.743424,0.850241
combined_extreme,tool_handoff,goal_specification_changed,3,0.84,0.276696,0.744162,0.40496,0.257997,0.366528,0.144072,0.203494,0.743424,0.847191
combined_extreme,tool_handoff,goal_specification_changed,4,0.84,0.276696,0.744162,0.40496,0.257997,0.366528,0.144072,0.203494,0.743424,0.857154
combined_extreme,tool_handoff,goal_specification_changed,5,0.84,0.276696,0.744162,0.40496,0.257997,0.366528,0.144072,0.203494,0.743424,0.862069
combined_extreme,tool_handoff,goal_specification_changed,6,0.84,0.276696,0.744162,0.40496,0.257997,0.366528,0.144072,0.203494,0.743424,0.838903
combined_extreme,tool_handoff,goal_specification_changed,7,0.84,0.276696,0.744162,0.40496,0.257997,0.366528,0.144072,0.203494,0.743424,0.854793
combined_extreme,tool_handoff,goal_specification_changed,8,0.84,0.276696,0.744162,0.40496,0.257997,0.366528,0.144072,0.203494,0.743424,0.846706
combined_extreme,tool_handoff,goal_specification_changed,9,0.84,0.276696,0.744162,0.40496,0.257997,0.366528,0.144072,0.203494,0.743424,0.843408
combined_extreme,tool_handoff,substitute_goal_available,0,0.84,0.415044,0.607079,0.364464,0.341467,0.30544,0.24012,0.167583,0.371712,0.864366
combined_extreme,tool_handoff,substitute_goal_available,1,0.84,0.415044,0.607079,0.364464,0.341467,0.30544,0.24012,0.167583,0.371712,0.862947
combined_extreme,tool_handoff,substitute_goal_available,2,0.84,0.415044,0.607079,0.364464,0.341467,0.30544,0.24012,0.167583,0.371712,0.849249
combined_extreme,tool_handoff,substitute_goal_available,3,0.84,0.415044,0.607079,0.364464,0.341467,0.30544,0.24012,0.167583,0.371712,0.871767
combined_extreme,tool_handoff,substitute_goal_available,4,0.84,0.415044,0.607079,0.364464,0.341467,0.30544,0.24012,0.167583,0.371712,0.87278
combined_extreme,tool_handoff,substitute_goal_available,5,0.84,0.415044,0.607079,0.364464,0.341467,0.30544,0.24012,0.167583,0.371712,0.843963
combined_extreme,tool_handoff,substitute_goal_available,6,0.84,0.415044,0.607079,0.364464,0.341467,0.30544,0.24012,0.167583,0.371712,0.870998
combined_extreme,tool_handoff,substitute_goal_available,7,0.84,0.415044,0.607079,0.364464,0.341467,0.30544,0.24012,0.167583,0.371712,0.838719
combined_extreme,tool_handoff,substitute_goal_available,8,0.84,0.415044,0.607079,0.364464,0.341467,0.30544,0.24012,0.167583,0.371712,0.849264
combined_extreme,tool_handoff,substitute_goal_available,9,0.84,0.415044,0.607079,0.364464,0.341467,0.30544,0.24012,0.167583,0.371712,0.84563
combined_extreme,tool_handoff,delayed_reappearance,0,0.84,0.79056,0.254582,0.40496,0.136587,0.3818,0.576288,0.227435,0.236544,0.854819
combined_extreme,tool_handoff,delayed_reappearance,1,0.84,0.79056,0.254582,0.40496,0.136587,0.3818,0.576288,0.227435,0.236544,0.857683
combined_extreme,tool_handoff,delayed_reappearance,2,0.84,0.79056,0.254582,0.40496,0.136587,0.3818,0.576288,0.227435,0.236544,0.84191
combined_extreme,tool_handoff,delayed_reappearance,3,0.84,0.79056,0.254582,0.40496,0.136587,0.3818,0.576288,0.227435,0.236544,0.857229
combined_extreme,tool_handoff,delayed_reappearance,4,0.84,0.79056,0.254582,0.40496,0.136587,0.3818,0.576288,0.227435,0.236544,0.846209
combined_extreme,tool_handoff,delayed_reappearance,5,0.84,0.79056,0.254582,0.40496,0.136587,0.3818,0.576288,0.227435,0.236544,0.851961
combined_extreme,tool_handoff,delayed_reappearance,6,0.84,0.79056,0.254582,0.40496,0.136587,0.3818,0.576288,0.227435,0.236544,0.869895
combined_extreme,tool_handoff,delayed_reappearance,7,0.84,0.79056,0.254582,0.40496,0.136587,0.3818,0.576288,0.227435,0.236544,0.848473
combined_extreme,tool_handoff,delayed_reappearance,8,0.84,0.79056,0.254582,0.40496,0.136587,0.3818,0.576288,0.227435,0.236544,0.870261
combined_extreme,tool_handoff,delayed_reappearance,9,0.84,0.79056,0.254582,0.40496,0.136587,0.3818,0.576288,0.227435,0.236544,0.85713
combined_extreme,tool_handoff,cascading_disappearing_goal,0,0.84,0.830088,0.822494,0.789672,0.280762,0.656696,0.352176,0.383048,0.557568,0.838405
combined_extreme,tool_handoff,cascading_disappearing_goal,1,0.84,0.830088,0.822494,0.789672,0.280762,0.656696,0.352176,0.383048,0.557568,0.832539
combined_extreme,tool_handoff,cascading_disappearing_goal,2,0.84,0.830088,0.822494,0.789672,0.280762,0.656696,0.352176,0.383048,0.557568,0.853219
combined_extreme,tool_handoff,cascading_disappearing_goal,3,0.84,0.830088,0.822494,0.789672,0.280762,0.656696,0.352176,0.383048,0.557568,0.822514
combined_extreme,tool_handoff,cascading_disappearing_goal,4,0.84,0.830088,0.822494,0.789672,0.280762,0.656696,0.352176,0.383048,0.557568,0.852015
combined_extreme,tool_handoff,cascading_disappearing_goal,5,0.84,0.830088,0.822494,0.789672,0.280762,0.656696,0.352176,0.383048,0.557568,0.864133
combined_extreme,tool_handoff,cascading_disappearing_goal,6,0.84,0.830088,0.822494,0.789672,0.280762,0.656696,0.352176,0.383048,0.557568,0.829803
combined_extreme,tool_handoff,cascading_disappearing_goal,7,0.84,0.830088,0.822494,0.789672,0.280762,0.656696,0.352176,0.383048,0.557568,0.84193
combined_extreme,tool_handoff,cascading_disappearing_goal,8,0.84,0.830088,0.822494,0.789672,0.280762,0.656696,0.352176,0.383048,0.557568,0.860063
combined_extreme,tool_handoff,cascading_disappearing_goal,9,0.84,0.830088,0.822494,0.789672,0.280762,0.656696,0.352176,0.383048,0.557568,0.825758
combined_extreme,mobile_pick_and_place,visual_occlusion,0,0.84,0.830966,0.068864,0.141736,0.08248,0.167808,0.64032,0.067939,0.067584,0.847089
combined_extreme,mobile_pick_and_place,visual_occlusion,1,0.84,0.830966,0.068864,0.141736,0.08248,0.167808,0.64032,0.067939,0.067584,0.85744
combined_extreme,mobile_pick_and_place,visual_occlusion,2,0.84,0.830966,0.068864,0.141736,0.08248,0.167808,0.64032,0.067939,0.067584,0.852487
combined_extreme,mobile_pick_and_place,visual_occlusion,3,0.84,0.830966,0.068864,0.141736,0.08248,0.167808,0.64032,0.067939,0.067584,0.867795
combined_extreme,mobile_pick_and_place,visual_occlusion,4,0.84,0.830966,0.068864,0.141736,0.08248,0.167808,0.64032,0.067939,0.067584,0.868793
combined_extreme,mobile_pick_and_place,visual_occlusion,5,0.84,0.830966,0.068864,0.141736,0.08248,0.167808,0.64032,0.067939,0.067584,0.852709
combined_extreme,mobile_pick_and_place,visual_occlusion,6,0.84,0.830966,0.068864,0.141736,0.08248,0.167808,0.64032,0.067939,0.067584,0.854462
combined_extreme,mobile_pick_and_place,visual_occlusion,7,0.84,0.830966,0.068864,0.141736,0.08248,0.167808,0.64032,0.067939,0.067584,0.858756
combined_extreme,mobile_pick_and_place,visual_occlusion,8,0.84,0.830966,0.068864,0.141736,0.08248,0.167808,0.64032,0.067939,0.067584,0.866787
combined_extreme,mobile_pick_and_place,visual_occlusion,9,0.84,0.830966,0.068864,0.141736,0.08248,0.167808,0.64032,0.067939,0.067584,0.870891
combined_extreme,mobile_pick_and_place,object_moved,0,0.84,0.396598,0.241024,0.850416,0.140216,0.31464,0.304152,0.061145,0.12672,0.861546
combined_extreme,mobile_pick_and_place,object_moved,1,0.84,0.396598,0.241024,0.850416,0.140216,0.31464,0.304152,0.061145,0.12672,0.865065
combined_extreme,mobile_pick_and_place,object_moved,2,0.84,0.396598,0.241024,0.850416,0.140216,0.31464,0.304152,0.061145,0.12672,0.861928
combined_extreme,mobile_pick_and_place,object_moved,3,0.84,0.396598,0.241024,0.850416,0.140216,0.31464,0.304152,0.061145,0.12672,0.856156
combined_extreme,mobile_pick_and_place,object_moved,4,0.84,0.396598,0.241024,0.850416,0.140216,0.31464,0.304152,0.061145,0.12672,0.870469
combined_extreme,mobile_pick_and_place,object_moved,5,0.84,0.396598,0.241024,0.850416,0.140216,0.31464,0.304152,0.061145,0.12672,0.855072
combined_extreme,mobile_pick_and_place,object_moved,6,0.84,0.396598,0.241024,0.850416,0.140216,0.31464,0.304152,0.061145,0.12672,0.866821
combined_extreme,mobile_pick_and_place,object_moved,7,0.84,0.396598,0.241024,0.850416,0.140216,0.31464,0.304152,0.061145,0.12672,0.867578
combined_extreme,mobile_pick_and_place,object_moved,8,0.84,0.396598,0.241024,0.850416,0.140216,0.31464,0.304152,0.061145,0.12672,0.850988
combined_extreme,mobile_pick_and_place,object_moved,9,0.84,0.396598,0.241024,0.850416,0.140216,0.31464,0.304152,0.061145,0.12672,0.884141
combined_extreme,mobile_pick_and_place,object_removed,0,0.84,0.321055,0.766112,0.283472,0.173208,0.405536,0.128064,0.067939,0.185856,0.860943
combined_extreme,mobile_pick_and_place,object_removed,1,0.84,0.321055,0.766112,0.283472,0.173208,0.405536,0.128064,0.067939,0.185856,0.852304
combined_extreme,mobile_pick_and_place,object_removed,2,0.84,0.321055,0.766112,0.283472,0.173208,0.405536,0.128064,0.067939,0.185856,0.86886
combined_extreme,mobile_pick_and_place,object_removed,3,0.84,0.321055,0.766112,0.283472,0.173208,0.405536,0.128064,0.067939,0.185856,0.865377
combined_extreme,mobile_pick_and_place,object_removed,4,0.84,0.321055,0.766112,0.283472,0.173208,0.405536,0.128064,0.067939,0.185856,0.859952
combined_extreme,mobile_pick_and_place,object_removed,5,0.84,0.321055,0.766112,0.283472,0.173208,0.405536,0.128064,0.067939,0.185856,0.865407
combined_extreme,mobile_pick_and_place,object_removed,6,0.84,0.321055,0.766112,0.283472,0.173208,0.405536,0.128064,0.067939,0.185856,0.8529
combined_extreme,mobile_pick_and_place,object_removed,7,0.84,0.321055,0.766112,0.283472,0.173208,0.405536,0.128064,0.067939,0.185856,0.878046
combined_extreme,mobile_pick_and_place,object_removed,8,0.84,0.321055,0.766112,0.283472,0.173208,0.405536,0.128064,0.067939,0.185856,0.870057
combined_extreme,mobile_pick_and_place,object_removed,9,0.84,0.321055,0.766112,0.283472,0.173208,0.405536,0.128064,0.067939,0.185856,0.883978
combined_extreme,mobile_pick_and_place,human_temporary_obstruction,0,0.84,0.698767,0.154944,0.182232,0.098976,0.503424,0.688344,0.31252,0.135168,0.864934
combined_extreme,mobile_pick_and_place,human_temporary_obstruction,1,0.84,0.698767,0.154944,0.182232,0.098976,0.503424,0.688344,0.31252,0.135168,0.860016
combined_extreme,mobile_pick_and_place,human_temporary_obstruction,2,0.84,0.698767,0.154944,0.182232,0.098976,0.503424,0.688344,0.31252,0.135168,0.846421
combined_extreme,mobile_pick_and_place,human_temporary_obstruction,3,0.84,0.698767,0.154944,0.182232,0.098976,0.503424,0.688344,0.31252,0.135168,0.876792
combined_extreme,mobile_pick_and_place,human_temporary_obstruction,4,0.84,0.698767,0.154944,0.182232,0.098976,0.503424,0.688344,0.31252,0.135168,0.872877
combined_extreme,mobile_pick_and_place,human_temporary_obstruction,5,0.84,0.698767,0.154944,0.182232,0.098976,0.503424,0.688344,0.31252,0.135168,0.858263
combined_extreme,mobile_pick_and_place,human_temporary_obstruction,6,0.84,0.698767,0.154944,0.182232,0.098976,0.503424,0.688344,0.31252,0.135168,0.879586
combined_extreme,mobile_pick_and_place,human_temporary_obstruction,7,0.84,0.698767,0.154944,0.182232,0.098976,0.503424,0.688344,0.31252,0.135168,0.868398
combined_extreme,mobile_pick_and_place,human_temporary_obstruction,8,0.84,0.698767,0.154944,0.182232,0.098976,0.503424,0.688344,0.31252,0.135168,0.882698
combined_extreme,mobile_pick_and_place,human_temporary_obstruction,9,0.84,0.698767,0.154944,0.182232,0.098976,0.503424,0.688344,0.31252,0.135168,0.858688
combined_extreme,mobile_pick_and_place,goal_specification_changed,0,0.84,0.264398,0.654208,0.40496,0.280432,0.335616,0.144072,0.115497,0.743424,0.841453
combined_extreme,mobile_pick_and_place,goal_specification_changed,1,0.84,0.264398,0.654208,0.40496,0.280432,0.335616,0.144072,0.115497,0.743424,0.851363
combined_extreme,mobile_pick_and_place,goal_specification_changed,2,0.84,0.264398,0.654208,0.40496,0.280432,0.335616,0.144072,0.115497,0.743424,0.8486
combined_extreme,mobile_pick_and_place,goal_specification_changed,3,0.84,0.264398,0.654208,0.40496,0.280432,0.335616,0.144072,0.115497,0.743424,0.83655
combined_extreme,mobile_pick_and_place,goal_specification_changed,4,0.84,0.264398,0.654208,0.40496,0.280432,0.335616,0.144072,0.115497,0.743424,0.839956
combined_extreme,mobile_pick_and_place,goal_specification_changed,5,0.84,0.264398,0.654208,0.40496,0.280432,0.335616,0.144072,0.115497,0.743424,0.863523
combined_extreme,mobile_pick_and_place,goal_specification_changed,6,0.84,0.264398,0.654208,0.40496,0.280432,0.335616,0.144072,0.115497,0.743424,0.86397
combined_extreme,mobile_pick_and_place,goal_specification_changed,7,0.84,0.264398,0.654208,0.40496,0.280432,0.335616,0.144072,0.115497,0.743424,0.854938
combined_extreme,mobile_pick_and_place,goal_specification_changed,8,0.84,0.264398,0.654208,0.40496,0.280432,0.335616,0.144072,0.115497,0.743424,0.856069
combined_extreme,mobile_pick_and_place,goal_specification_changed,9,0.84,0.264398,0.654208,0.40496,0.280432,0.335616,0.144072,0.115497,0.743424,0.87376
combined_extreme,mobile_pick_and_place,substitute_goal_available,0,0.84,0.396598,0.533696,0.364464,0.37116,0.27968,0.24012,0.095115,0.371712,0.858992
combined_extreme,mobile_pick_and_place,substitute_goal_available,1,0.84,0.396598,0.533696,0.364464,0.37116,0.27968,0.24012,0.095115,0.371712,0.852019
combined_extreme,mobile_pick_and_place,substitute_goal_available,2,0.84,0.396598,0.533696,0.364464,0.37116,0.27968,0.24012,0.095115,0.371712,0.865291
combined_extreme,mobile_pick_and_place,substitute_goal_available,3,0.84,0.396598,0.533696,0.364464,0.37116,0.27968,0.24012,0.095115,0.371712,0.868333
combined_extreme,mobile_pick_and_place,substitute_goal_available,4,0.84,0.396598,0.533696,0.364464,0.37116,0.27968,0.24012,0.095115,0.371712,0.855619
combined_extreme,mobile_pick_and_place,substitute_goal_available,5,0.84,0.396598,0.533696,0.364464,0.37116,0.27968,0.24012,0.095115,0.371712,0.868279
combined_extreme,mobile_pick_and_place,substitute_goal_available,6,0.84,0.396598,0.533696,0.364464,0.37116,0.27968,0.24012,0.095115,0.371712,0.870268
combined_extreme,mobile_pick_and_place,substitute_goal_available,7,0.84,0.396598,0.533696,0.364464,0.37116,0.27968,0.24012,0.095115,0.371712,0.862972
combined_extreme,mobile_pick_and_place,substitute_goal_available,8,0.84,0.396598,0.533696,0.364464,0.37116,0.27968,0.24012,0.095115,0.371712,0.869199
combined_extreme,mobile_pick_and_place,substitute_goal_available,9,0.84,0.396598,0.533696,0.364464,0.37116,0.27968,0.24012,0.095115,0.371712,0.856903
combined_extreme,mobile_pick_and_place,delayed_reappearance,0,0.84,0.755424,0.223808,0.40496,0.148464,0.3496,0.576288,0.129084,0.236544,0.864874
combined_extreme,mobile_pick_and_place,delayed_reappearance,1,0.84,0.755424,0.223808,0.40496,0.148464,0.3496,0.576288,0.129084,0.236544,0.872909
combined_extreme,mobile_pick_and_place,delayed_reappearance,2,0.84,0.755424,0.223808,0.40496,0.148464,0.3496,0.576288,0.129084,0.236544,0.866725
combined_extreme,mobile_pick_and_place,delayed_reappearance,3,0.84,0.755424,0.223808,0.40496,0.148464,0.3496,0.576288,0.129084,0.236544,0.855569
combined_extreme,mobile_pick_and_place,delayed_reappearance,4,0.84,0.755424,0.223808,0.40496,0.148464,0.3496,0.576288,0.129084,0.236544,0.881113
combined_extreme,mobile_pick_and_place,delayed_reappearance,5,0.84,0.755424,0.223808,0.40496,0.148464,0.3496,0.576288,0.129084,0.236544,0.849305
combined_extreme,mobile_pick_and_place,delayed_reappearance,6,0.84,0.755424,0.223808,0.40496,0.148464,0.3496,0.576288,0.129084,0.236544,0.853205
combined_extreme,mobile_pick_and_place,delayed_reappearance,7,0.84,0.755424,0.223808,0.40496,0.148464,0.3496,0.576288,0.129084,0.236544,0.856931
combined_extreme,mobile_pick_and_place,delayed_reappearance,8,0.84,0.755424,0.223808,0.40496,0.148464,0.3496,0.576288,0.129084,0.236544,0.860022
combined_extreme,mobile_pick_and_place,delayed_reappearance,9,0.84,0.755424,0.223808,0.40496,0.148464,0.3496,0.576288,0.129084,0.236544,0.852676
combined_extreme,mobile_pick_and_place,cascading_disappearing_goal,0,0.84,0.793195,0.723072,0.789672,0.305176,0.601312,0.352176,0.217405,0.557568,0.859335
combined_extreme,mobile_pick_and_place,cascading_disappearing_goal,1,0.84,0.793195,0.723072,0.789672,0.305176,0.601312,0.352176,0.217405,0.557568,0.819176
combined_extreme,mobile_pick_and_place,cascading_disappearing_goal,2,0.84,0.793195,0.723072,0.789672,0.305176,0.601312,0.352176,0.217405,0.557568,0.839003
combined_extreme,mobile_pick_and_place,cascading_disappearing_goal,3,0.84,0.793195,0.723072,0.789672,0.305176,0.601312,0.352176,0.217405,0.557568,0.856575
combined_extreme,mobile_pick_and_place,cascading_disappearing_goal,4,0.84,0.793195,0.723072,0.789672,0.305176,0.601312,0.352176,0.217405,0.557568,0.856082
combined_extreme,mobile_pick_and_place,cascading_disappearing_goal,5,0.84,0.793195,0.723072,0.789672,0.305176,0.601312,0.352176,0.217405,0.557568,0.861323
combined_extreme,mobile_pick_and_place,cascading_disappearing_goal,6,0.84,0.793195,0.723072,0.789672,0.305176,0.601312,0.352176,0.217405,0.557568,0.871372
combined_extreme,mobile_pick_and_place,cascading_disappearing_goal,7,0.84,0.793195,0.723072,0.789672,0.305176,0.601312,0.352176,0.217405,0.557568,0.855965
combined_extreme,mobile_pick_and_place,cascading_disappearing_goal,8,0.84,0.793195,0.723072,0.789672,0.305176,0.601312,0.352176,0.217405,0.557568,0.834834
combined_extreme,mobile_pick_and_place,cascading_disappearing_goal,9,0.84,0.793195,0.723072,0.789672,0.305176,0.601312,0.352176,0.217405,0.557568,0.866601
combined_extreme,cabinet_restocking,visual_occlusion,0,0.84,0.811642,0.07575,0.141736,0.095677,0.172224,0.64032,0.08088,0.067584,0.86069
combined_extreme,cabinet_restocking,visual_occlusion,1,0.84,0.811642,0.07575,0.141736,0.095677,0.172224,0.64032,0.08088,0.067584,0.879009
combined_extreme,cabinet_restocking,visual_occlusion,2,0.84,0.811642,0.07575,0.141736,0.095677,0.172224,0.64032,0.08088,0.067584,0.846898
combined_extreme,cabinet_restocking,visual_occlusion,3,0.84,0.811642,0.07575,0.141736,0.095677,0.172224,0.64032,0.08088,0.067584,0.853085
combined_extreme,cabinet_restocking,visual_occlusion,4,0.84,0.811642,0.07575,0.141736,0.095677,0.172224,0.64032,0.08088,0.067584,0.880243
combined_extreme,cabinet_restocking,visual_occlusion,5,0.84,0.811642,0.07575,0.141736,0.095677,0.172224,0.64032,0.08088,0.067584,0.857043
combined_extreme,cabinet_restocking,visual_occlusion,6,0.84,0.811642,0.07575,0.141736,0.095677,0.172224,0.64032,0.08088,0.067584,0.863222
combined_extreme,cabinet_restocking,visual_occlusion,7,0.84,0.811642,0.07575,0.141736,0.095677,0.172224,0.64032,0.08088,0.067584,0.859277
combined_extreme,cabinet_restocking,visual_occlusion,8,0.84,0.811642,0.07575,0.141736,0.095677,0.172224,0.64032,0.08088,0.067584,0.866974
combined_extreme,cabinet_restocking,visual_occlusion,9,0.84,0.811642,0.07575,0.141736,0.095677,0.172224,0.64032,0.08088,0.067584,0.853223
combined_extreme,cabinet_restocking,object_moved,0,0.84,0.387374,0.265126,0.850416,0.162651,0.32292,0.304152,0.072792,0.12672,0.853618
combined_extreme,cabinet_restocking,object_moved,1,0.84,0.387374,0.265126,0.850416,0.162651,0.32292,0.304152,0.072792,0.12672,0.864679
combined_extreme,cabinet_restocking,object_moved,2,0.84,0.387374,0.265126,0.850416,0.162651,0.32292,0.304152,0.072792,0.12672,0.860113
combined_extreme,cabinet_restocking,object_moved,3,0.84,0.387374,0.265126,0.850416,0.162651,0.32292,0.304152,0.072792,0.12672,0.851435
combined_extreme,cabinet_restocking,object_moved,4,0.84,0.387374,0.265126,0.850416,0.162651,0.32292,0.304152,0.072792,0.12672,0.889691
combined_extreme,cabinet_restocking,object_moved,5,0.84,0.387374,0.265126,0.850416,0.162651,0.32292,0.304152,0.072792,0.12672,0.865925
combined_extreme,cabinet_restocking,object_moved,6,0.84,0.387374,0.265126,0.850416,0.162651,0.32292,0.304152,0.072792,0.12672,0.861106
combined_extreme,cabinet_restocking,object_moved,7,0.84,0.387374,0.265126,0.850416,0.162651,0.32292,0.304152,0.072792,0.12672,0.861835
combined_extreme,cabinet_restocking,object_moved,8,0.84,0.387374,0.265126,0.850416,0.162651,0.32292,0.304152,0.072792,0.12672,0.866594
combined_extreme,cabinet_restocking,object_moved,9,0.84,0.387374,0.265126,0.850416,0.162651,0.32292,0.304152,0.072792,0.12672,0.873622
combined_extreme,cabinet_restocking,object_removed,0,0.84,0.313589,0.842723,0.283472,0.200921,0.416208,0.128064,0.08088,0.185856,0.853823
combined_extreme,cabinet_restocking,object_removed,1,0.84,0.313589,0.842723,0.283472,0.200921,0.416208,0.128064,0.08088,0.185856,0.866311
combined_extreme,cabinet_restocking,object_removed,2,0.84,0.313589,0.842723,0.283472,0.200921,0.416208,0.128064,0.08088,0.185856,0.879741
combined_extreme,cabinet_restocking,object_removed,3,0.84,0.313589,0.842723,0.283472,0.200921,0.416208,0.128064,0.08088,0.185856,0.848573
combined_extreme,cabinet_restocking,object_removed,4,0.84,0.313589,0.842723,0.283472,0.200921,0.416208,0.128064,0.08088,0.185856,0.842363
combined_extreme,cabinet_restocking,object_removed,5,0.84,0.313589,0.842723,0.283472,0.200921,0.416208,0.128064,0.08088,0.185856,0.864309
combined_extreme,cabinet_restocking,object_removed,6,0.84,0.313589,0.842723,0.283472,0.200921,0.416208,0.128064,0.08088,0.185856,0.860275
combined_extreme,cabinet_restocking,object_removed,7,0.84,0.313589,0.842723,0.283472,0.200921,0.416208,0.128064,0.08088,0.185856,0.862284
combined_extreme,cabinet_restocking,object_removed,8,0.84,0.313589,0.842723,0.283472,0.200921,0.416208,0.128064,0.08088,0.185856,0.863575
combined_extreme,cabinet_restocking,object_removed,9,0.84,0.313589,0.842723,0.283472,0.200921,0.416208,0.128064,0.08088,0.185856,0.857498
combined_extreme,cabinet_restocking,human_temporary_obstruction,0,0.84,0.682517,0.170438,0.182232,0.114812,0.516672,0.688344,0.372048,0.135168,0.850215
combined_extreme,cabinet_restocking,human_temporary_obstruction,1,0.84,0.682517,0.170438,0.182232,0.114812,0.516672,0.688344,0.372048,0.135168,0.877874
combined_extreme,cabinet_restocking,human_temporary_obstruction,2,0.84,0.682517,0.170438,0.182232,0.114812,0.516672,0.688344,0.372048,0.135168,0.863633
combined_extreme,cabinet_restocking,human_temporary_obstruction,3,0.84,0.682517,0.170438,0.182232,0.114812,0.516672,0.688344,0.372048,0.135168,0.852859
combined_extreme,cabinet_restocking,human_temporary_obstruction,4,0.84,0.682517,0.170438,0.182232,0.114812,0.516672,0.688344,0.372048,0.135168,0.856419
combined_extreme,cabinet_restocking,human_temporary_obstruction,5,0.84,0.682517,0.170438,0.182232,0.114812,0.516672,0.688344,0.372048,0.135168,0.842809
combined_extreme,cabinet_restocking,human_temporary_obstruction,6,0.84,0.682517,0.170438,0.182232,0.114812,0.516672,0.688344,0.372048,0.135168,0.849653
combined_extreme,cabinet_restocking,human_temporary_obstruction,7,0.84,0.682517,0.170438,0.182232,0.114812,0.516672,0.688344,0.372048,0.135168,0.859578
combined_extreme,cabinet_restocking,human_temporary_obstruction,8,0.84,0.682517,0.170438,0.182232,0.114812,0.516672,0.688344,0.372048,0.135168,0.866032
combined_extreme,cabinet_restocking,human_temporary_obstruction,9,0.84,0.682517,0.170438,0.182232,0.114812,0.516672,0.688344,0.372048,0.135168,0.837679
combined_extreme,cabinet_restocking,goal_specification_changed,0,0.84,0.25825,0.719629,0.40496,0.325301,0.344448,0.144072,0.137496,0.743424,0.875248
combined_extreme,cabinet_restocking,goal_specification_changed,1,0.84,0.25825,0.719629,0.40496,0.325301,0.344448,0.144072,0.137496,0.743424,0.85438
combined_extreme,cabinet_restocking,goal_specification_changed,2,0.84,0.25825,0.719629,0.40496,0.325301,0.344448,0.144072,0.137496,0.743424,0.848542
combined_extreme,cabinet_restocking,goal_specification_changed,3,0.84,0.25825,0.719629,0.40496,0.325301,0.344448,0.144072,0.137496,0.743424,0.873391
combined_extreme,cabinet_restocking,goal_specification_changed,4,0.84,0.25825,0.719629,0.40496,0.325301,0.344448,0.144072,0.137496,0.743424,0.856492
combined_extreme,cabinet_restocking,goal_specification_changed,5,0.84,0.25825,0.719629,0.40496,0.325301,0.344448,0.144072,0.137496,0.743424,0.871764
combined_extreme,cabinet_restocking,goal_specification_changed,6,0.84,0.25825,0.719629,0.40496,0.325301,0.344448,0.144072,0.137496,0.743424,0.858361
combined_extreme,cabinet_restocking,goal_specification_changed,7,0.84,0.25825,0.719629,0.40496,0.325301,0.344448,0.144072,0.137496,0.743424,0.847821
combined_extreme,cabinet_restocking,goal_specification_changed,8,0.84,0.25825,0.719629,0.40496,0.325301,0.344448,0.144072,0.137496,0.743424,0.853891
combined_extreme,cabinet_restocking,goal_specification_changed,9,0.84,0.25825,0.719629,0.40496,0.325301,0.344448,0.144072,0.137496,0.743424,0.85866
combined_extreme,cabinet_restocking,substitute_goal_available,0,0.84,0.387374,0.587066,0.364464,0.430546,0.28704,0.24012,0.113232,0.371712,0.871505
combined_extreme,cabinet_restocking,substitute_goal_available,1,0.84,0.387374,0.587066,0.364464,0.430546,0.28704,0.24012,0.113232,0.371712,0.866873
combined_extreme,cabinet_restocking,substitute_goal_available,2,0.84,0.387374,0.587066,0.364464,0.430546,0.28704,0.24012,0.113232,0.371712,0.84845
combined_extreme,cabinet_restocking,substitute_goal_available,3,0.84,0.387374,0.587066,0.364464,0.430546,0.28704,0.24012,0.113232,0.371712,0.855195
combined_extreme,cabinet_restocking,substitute_goal_available,4,0.84,0.387374,0.587066,0.364464,0.430546,0.28704,0.24012,0.113232,0.371712,0.8526
combined_extreme,cabinet_restocking,substitute_goal_available,5,0.84,0.387374,0.587066,0.364464,0.430546,0.28704,0.24012,0.113232,0.371712,0.872874
combined_extreme,cabinet_restocking,substitute_goal_available,6,0.84,0.387374,0.587066,0.364464,0.430546,0.28704,0.24012,0.113232,0.371712,0.865238
combined_extreme,cabinet_restocking,substitute_goal_available,7,0.84,0.387374,0.587066,0.364464,0.430546,0.28704,0.24012,0.113232,0.371712,0.868527
combined_extreme,cabinet_restocking,substitute_goal_available,8,0.84,0.387374,0.587066,0.364464,0.430546,0.28704,0.24012,0.113232,0.371712,0.86784
combined_extreme,cabinet_restocking,substitute_goal_available,9,0.84,0.387374,0.587066,0.364464,0.430546,0.28704,0.24012,0.113232,0.371712,0.870745
combined_extreme,cabinet_restocking,delayed_reappearance,0,0.84,0.737856,0.246189,0.40496,0.172218,0.3588,0.576288,0.153672,0.236544,0.857625
combined_extreme,cabinet_restocking,delayed_reappearance,1,0.84,0.737856,0.246189,0.40496,0.172218,0.3588,0.576288,0.153672,0.236544,0.866177
combined_extreme,cabinet_restocking,delayed_reappearance,2,0.84,0.737856,0.246189,0.40496,0.172218,0.3588,0.576288,0.153672,0.236544,0.87618
combined_extreme,cabinet_restocking,delayed_reappearance,3,0.84,0.737856,0.246189,0.40496,0.172218,0.3588,0.576288,0.153672,0.236544,0.860625
combined_extreme,cabinet_restocking,delayed_reappearance,4,0.84,0.737856,0.246189,0.40496,0.172218,0.3588,0.576288,0.153672,0.236544,0.872876
combined_extreme,cabinet_restocking,delayed_reappearance,5,0.84,0.737856,0.246189,0.40496,0.172218,0.3588,0.576288,0.153672,0.236544,0.842141
combined_extreme,cabinet_restocking,delayed_reappearance,6,0.84,0.737856,0.246189,0.40496,0.172218,0.3588,0.576288,0.153672,0.236544,0.871966
combined_extreme,cabinet_restocking,delayed_reappearance,7,0.84,0.737856,0.246189,0.40496,0.172218,0.3588,0.576288,0.153672,0.236544,0.852646
combined_extreme,cabinet_restocking,delayed_reappearance,8,0.84,0.737856,0.246189,0.40496,0.172218,0.3588,0.576288,0.153672,0.236544,0.848277
combined_extreme,cabinet_restocking,delayed_reappearance,9,0.84,0.737856,0.246189,0.40496,0.172218,0.3588,0.576288,0.153672,0.236544,0.859456
combined_extreme,cabinet_restocking,cascading_disappearing_goal,0,0.84,0.774749,0.795379,0.789672,0.354004,0.617136,0.352176,0.258816,0.557568,0.842867
combined_extreme,cabinet_restocking,cascading_disappearing_goal,1,0.84,0.774749,0.795379,0.789672,0.354004,0.617136,0.352176,0.258816,0.557568,0.85161
combined_extreme,cabinet_restocking,cascading_disappearing_goal,2,0.84,0.774749,0.795379,0.789672,0.354004,0.617136,0.352176,0.258816,0.557568,0.849097
combined_extreme,cabinet_restocking,cascading_disappearing_goal,3,0.84,0.774749,0.795379,0.789672,0.354004,0.617136,0.352176,0.258816,0.557568,0.840225
combined_extreme,cabinet_restocking,cascading_disappearing_goal,4,0.84,0.774749,0.795379,0.789672,0.354004,0.617136,0.352176,0.258816,0.557568,0.825997
combined_extreme,cabinet_restocking,cascading_disappearing_goal,5,0.84,0.774749,0.795379,0.789672,0.354004,0.617136,0.352176,0.258816,0.557568,0.860516
combined_extreme,cabinet_restocking,cascading_disappearing_goal,6,0.84,0.774749,0.795379,0.789672,0.354004,0.617136,0.352176,0.258816,0.557568,0.838115
combined_extreme,cabinet_restocking,cascading_disappearing_goal,7,0.84,0.774749,0.795379,0.789672,0.354004,0.617136,0.352176,0.258816,0.557568,0.833504
combined_extreme,cabinet_restocking,cascading_disappearing_goal,8,0.84,0.774749,0.795379,0.789672,0.354004,0.617136,0.352176,0.258816,0.557568,0.829856
combined_extreme,cabinet_restocking,cascading_disappearing_goal,9,0.84,0.774749,0.795379,0.789672,0.354004,0.617136,0.352176,0.258816,0.557568,0.830627
