risk_budget,method,seed,mean_coverage,ci95_coverage,mean_success,ci95_success,mean_goal_validity_f1,ci95_goal_validity_f1,mean_stale_goal_pursuit,ci95_stale_goal_pursuit,mean_unsafe_reach,ci95_unsafe_reach,mean_false_abandonment,ci95_false_abandonment,mean_reappearance_recovery,ci95_reappearance_recovery,mean_intervention_cost,ci95_intervention_cost,mean_ece,ci95_ece,mean_utility,ci95_utility,groups
0.05,active_subgoal_probe_policy,0,0.34375,0.039759,0.154514,0.030846,0.532354,0.003259,0.088542,0.023001,0.013889,0.010607,0.083333,0.021577,0.430556,0.039444,0.279441,0.001018,0.113484,0.001083,-0.021087,0.03276,192
0.05,active_subgoal_probe_policy,1,0.355903,0.038917,0.157986,0.028923,0.534283,0.003208,0.069444,0.020939,0.005208,0.005863,0.092014,0.024213,0.430556,0.04003,0.280301,0.001065,0.113058,0.001036,-0.010389,0.030142,192
0.05,active_subgoal_probe_policy,2,0.368056,0.03736,0.170139,0.030127,0.533812,0.003261,0.074653,0.022468,0.006944,0.006752,0.072917,0.022323,0.411458,0.0424,0.280525,0.001065,0.112677,0.001089,0.016672,0.033197,192
0.05,active_subgoal_probe_policy,3,0.355903,0.040672,0.173611,0.029332,0.537081,0.003219,0.076389,0.021008,0.008681,0.007529,0.079861,0.02184,0.473958,0.041058,0.280359,0.001011,0.113403,0.001043,0.005121,0.029774,192
0.05,active_subgoal_probe_policy,4,0.376736,0.036065,0.152778,0.027646,0.5342,0.003253,0.057292,0.018476,0.017361,0.010504,0.083333,0.02263,0.458333,0.040798,0.280286,0.000997,0.113432,0.001055,-0.002291,0.029981,192
0.05,active_subgoal_probe_policy,5,0.362847,0.036346,0.178819,0.029692,0.534397,0.003216,0.085069,0.02224,0.006944,0.006752,0.074653,0.020856,0.414931,0.038823,0.279069,0.001023,0.113339,0.001069,0.011356,0.030773,192
0.05,active_subgoal_probe_policy,6,0.394097,0.040743,0.192708,0.032871,0.531791,0.00323,0.069444,0.020375,0.026042,0.013573,0.0625,0.019072,0.442708,0.04127,0.279865,0.001168,0.113065,0.001109,0.030253,0.034806,192
0.05,active_subgoal_probe_policy,7,0.375,0.041082,0.189236,0.030728,0.53445,0.003299,0.078125,0.021156,0.017361,0.011559,0.083333,0.021031,0.414931,0.040295,0.279847,0.000967,0.113777,0.001124,0.020229,0.03297,192
0.05,active_subgoal_probe_policy,8,0.352431,0.041276,0.170139,0.030511,0.534966,0.003268,0.072917,0.021255,0.006944,0.006752,0.065972,0.020606,0.461806,0.03971,0.279892,0.001046,0.113034,0.001103,0.01454,0.032006,192
0.05,active_subgoal_probe_policy,9,0.409722,0.040643,0.1875,0.033644,0.5326,0.003231,0.069444,0.020939,0.024306,0.013204,0.078125,0.021699,0.472222,0.041877,0.280575,0.001084,0.112509,0.001045,0.018992,0.036054,192
0.05,active_viewpoint_reacquisition,0,0.309028,0.0369,0.104167,0.023943,0.424183,0.003298,0.151042,0.029265,0.045139,0.01688,0.112847,0.027078,0.40625,0.041055,0.254407,0.001042,0.145485,0.001109,-0.084758,0.027178,192
0.05,active_viewpoint_reacquisition,1,0.302083,0.037109,0.128472,0.028025,0.423497,0.003223,0.135417,0.029012,0.041667,0.017728,0.112847,0.023388,0.40625,0.038721,0.25451,0.00102,0.145421,0.001058,-0.061624,0.031838,192
0.05,active_viewpoint_reacquisition,2,0.288194,0.038369,0.090278,0.023616,0.422703,0.003267,0.125,0.028339,0.03125,0.013779,0.130208,0.027654,0.402778,0.041176,0.255196,0.001096,0.145518,0.001033,-0.101617,0.024149,192
0.05,active_viewpoint_reacquisition,3,0.267361,0.036503,0.09375,0.024793,0.423867,0.003413,0.105903,0.026781,0.050347,0.017602,0.095486,0.02345,0.390625,0.04252,0.254637,0.001065,0.145478,0.001074,-0.099973,0.027909,192
0.05,active_viewpoint_reacquisition,4,0.269097,0.037353,0.098958,0.026444,0.423794,0.003359,0.109375,0.025605,0.043403,0.016625,0.116319,0.026781,0.388889,0.038999,0.253202,0.001046,0.145341,0.001098,-0.086439,0.028115,192
0.05,active_viewpoint_reacquisition,5,0.335069,0.040511,0.128472,0.028025,0.422453,0.003258,0.142361,0.027501,0.041667,0.016362,0.118056,0.025512,0.392361,0.040075,0.255049,0.001202,0.145403,0.001048,-0.073855,0.029341,192
0.05,active_viewpoint_reacquisition,6,0.314236,0.038047,0.088542,0.023502,0.423467,0.002993,0.133681,0.028569,0.050347,0.018252,0.09375,0.024319,0.418403,0.038673,0.254376,0.001028,0.145092,0.001076,-0.094313,0.026909,192
0.05,active_viewpoint_reacquisition,7,0.286458,0.036935,0.111111,0.025682,0.423345,0.003327,0.142361,0.029145,0.052083,0.018471,0.109375,0.026935,0.397569,0.040922,0.254542,0.000993,0.145303,0.001085,-0.084642,0.02934,192
0.05,active_viewpoint_reacquisition,8,0.288194,0.038064,0.114583,0.026275,0.422698,0.003291,0.145833,0.027978,0.045139,0.01688,0.105903,0.024512,0.404514,0.039529,0.254465,0.001146,0.145195,0.001072,-0.079346,0.028042,192
0.05,active_viewpoint_reacquisition,9,0.305556,0.034904,0.109375,0.025605,0.42489,0.003169,0.149306,0.02964,0.041667,0.017728,0.116319,0.027212,0.381944,0.041212,0.254355,0.001066,0.145312,0.000991,-0.068843,0.027136,192
0.05,conformal_goal_validity_filter,0,0.472222,0.039296,0.217014,0.033361,0.527072,0.003334,0.072917,0.021795,0.0,0.0,0.112847,0.026645,0.321181,0.037177,0.240572,0.001063,0.071619,0.001112,0.046958,0.036192,192
0.05,conformal_goal_validity_filter,1,0.477431,0.03995,0.210069,0.031407,0.527447,0.003141,0.060764,0.018879,0.0,0.0,0.119792,0.026908,0.347222,0.041176,0.241131,0.001158,0.071739,0.001086,0.033029,0.034433,192
0.05,conformal_goal_validity_filter,2,0.460069,0.042781,0.213542,0.034151,0.526047,0.003239,0.052083,0.01783,0.001736,0.003403,0.114583,0.027146,0.352431,0.041557,0.241059,0.000973,0.071312,0.001054,0.048505,0.036434,192
0.05,conformal_goal_validity_filter,3,0.472222,0.039884,0.213542,0.032402,0.526635,0.003226,0.065972,0.020033,0.0,0.0,0.125,0.027506,0.309028,0.038746,0.240637,0.001103,0.07188,0.001034,0.041179,0.033655,192
0.05,conformal_goal_validity_filter,4,0.425347,0.040708,0.184028,0.030415,0.527367,0.003414,0.059028,0.021025,0.003472,0.0048,0.131944,0.028527,0.342014,0.037817,0.240469,0.00099,0.071712,0.001072,0.007176,0.033521,192
0.05,conformal_goal_validity_filter,5,0.453125,0.040397,0.208333,0.032186,0.526542,0.003217,0.048611,0.019274,0.003472,0.0048,0.104167,0.023943,0.317708,0.038079,0.241382,0.001047,0.071715,0.001001,0.047897,0.033013,192
0.05,conformal_goal_validity_filter,6,0.435764,0.041064,0.192708,0.033223,0.526995,0.003434,0.071181,0.021643,0.001736,0.003403,0.118056,0.026408,0.336806,0.03949,0.241202,0.001029,0.071631,0.001151,0.024353,0.035743,192
0.05,conformal_goal_validity_filter,7,0.453125,0.041252,0.180556,0.031577,0.526647,0.00299,0.048611,0.017368,0.001736,0.003403,0.111111,0.025225,0.34375,0.037344,0.241012,0.001144,0.071851,0.001089,0.016415,0.032367,192
0.05,conformal_goal_validity_filter,8,0.460069,0.043053,0.180556,0.031944,0.526475,0.00324,0.052083,0.01783,0.0,0.0,0.126736,0.029198,0.350694,0.03912,0.240974,0.001161,0.071296,0.001114,0.010856,0.035836,192
0.05,conformal_goal_validity_filter,9,0.449653,0.039731,0.196181,0.032455,0.526772,0.003244,0.038194,0.015812,0.001736,0.003403,0.121528,0.028232,0.3125,0.037567,0.24002,0.001048,0.072055,0.000997,0.034562,0.032857,192
0.05,failure_aware_manipulation_policy,0,0.328125,0.035611,0.151042,0.029265,0.48205,0.003189,0.09375,0.024319,0.008681,0.007529,0.130208,0.028484,0.348958,0.036519,0.239295,0.001073,0.120208,0.001099,-0.031854,0.031571,192
0.05,failure_aware_manipulation_policy,1,0.371528,0.03852,0.163194,0.03272,0.481452,0.00325,0.074653,0.020856,0.017361,0.011559,0.111111,0.025682,0.342014,0.040493,0.239272,0.001044,0.119974,0.001132,-0.018154,0.033314,192
0.05,failure_aware_manipulation_policy,2,0.354167,0.039969,0.125,0.027926,0.482703,0.003242,0.078125,0.021699,0.017361,0.010504,0.121528,0.026967,0.369792,0.03557,0.23909,0.000998,0.119786,0.001013,-0.039745,0.02974,192
0.05,failure_aware_manipulation_policy,3,0.345486,0.037177,0.121528,0.026967,0.482532,0.003363,0.067708,0.021327,0.015625,0.009992,0.126736,0.026699,0.321181,0.038711,0.24006,0.001096,0.120347,0.001076,-0.05287,0.028347,192
0.05,failure_aware_manipulation_policy,4,0.310764,0.035145,0.119792,0.026028,0.482186,0.003182,0.067708,0.021327,0.019097,0.010986,0.107639,0.024119,0.340278,0.039774,0.240121,0.000979,0.120591,0.001068,-0.053866,0.028227,192
0.05,failure_aware_manipulation_policy,5,0.359375,0.03827,0.138889,0.027435,0.48168,0.003405,0.064236,0.022076,0.010417,0.008225,0.112847,0.026645,0.361111,0.037786,0.239681,0.001017,0.119564,0.001041,-0.033747,0.027782,192
0.05,failure_aware_manipulation_policy,6,0.345486,0.038711,0.157986,0.029322,0.48206,0.003225,0.065972,0.020606,0.019097,0.010986,0.123264,0.027452,0.328125,0.039041,0.239358,0.00111,0.120366,0.001075,-0.010585,0.030667,192
0.05,failure_aware_manipulation_policy,7,0.324653,0.039029,0.133681,0.028569,0.482605,0.0034,0.074653,0.021407,0.012153,0.00886,0.145833,0.028798,0.350694,0.038821,0.239668,0.001016,0.120172,0.001054,-0.048082,0.031166,192
0.05,failure_aware_manipulation_policy,8,0.338542,0.039338,0.147569,0.030775,0.480883,0.003331,0.064236,0.020433,0.020833,0.011443,0.098958,0.02462,0.34375,0.039759,0.239258,0.001064,0.120275,0.001082,-0.023337,0.034149,192
0.05,failure_aware_manipulation_policy,9,0.376736,0.03856,0.149306,0.030796,0.48135,0.0032,0.078125,0.022747,0.017361,0.010504,0.131944,0.027276,0.340278,0.03736,0.23962,0.001014,0.120437,0.001022,-0.022755,0.030323,192
0.05,goal_retargeting_heuristic,0,0.307292,0.036718,0.135417,0.028198,0.395395,0.003404,0.104167,0.025359,0.027778,0.013066,0.118056,0.027699,0.284722,0.037978,0.230666,0.001041,0.138593,0.001029,-0.064859,0.030395,192
0.05,goal_retargeting_heuristic,1,0.298611,0.038283,0.116319,0.026343,0.394673,0.003079,0.109375,0.028201,0.038194,0.015057,0.170139,0.031265,0.289931,0.036386,0.230227,0.000904,0.138947,0.001113,-0.092167,0.029403,192
0.05,goal_retargeting_heuristic,2,0.289931,0.037952,0.088542,0.024943,0.39577,0.003327,0.100694,0.023754,0.024306,0.012291,0.147569,0.029619,0.262153,0.036466,0.230367,0.001116,0.138221,0.001086,-0.100357,0.026281,192
0.05,goal_retargeting_heuristic,3,0.286458,0.037249,0.107639,0.024597,0.395718,0.003244,0.104167,0.025814,0.034722,0.014441,0.163194,0.02854,0.265625,0.037541,0.231166,0.001073,0.138552,0.001061,-0.090952,0.025704,192
0.05,goal_retargeting_heuristic,4,0.315972,0.040292,0.111111,0.027435,0.39755,0.003103,0.111111,0.025225,0.038194,0.015812,0.159722,0.031989,0.277778,0.037786,0.230048,0.001226,0.138931,0.001073,-0.097897,0.026546,192
0.05,goal_retargeting_heuristic,5,0.28125,0.035011,0.114583,0.025373,0.395007,0.00303,0.100694,0.024239,0.022569,0.011877,0.157986,0.028106,0.303819,0.038522,0.230171,0.000932,0.138051,0.001032,-0.079783,0.026431,192
0.05,goal_retargeting_heuristic,6,0.298611,0.038283,0.114583,0.025828,0.392986,0.003357,0.088542,0.023502,0.03125,0.013779,0.178819,0.032678,0.28125,0.035995,0.230825,0.001084,0.138144,0.001052,-0.074912,0.024255,192
0.05,goal_retargeting_heuristic,7,0.310764,0.040385,0.125,0.027926,0.396711,0.003345,0.074653,0.02029,0.039931,0.015351,0.173611,0.033063,0.295139,0.036662,0.229553,0.00103,0.138764,0.001062,-0.068503,0.02882,192
0.05,goal_retargeting_heuristic,8,0.282986,0.036526,0.09375,0.024319,0.397094,0.003407,0.097222,0.026353,0.019097,0.010986,0.168403,0.029347,0.270833,0.037876,0.230177,0.00101,0.138295,0.001062,-0.107029,0.024754,192
0.05,goal_retargeting_heuristic,9,0.284722,0.034442,0.105903,0.024512,0.395339,0.003246,0.092014,0.024689,0.03125,0.0146,0.145833,0.029199,0.307292,0.03827,0.23007,0.001162,0.13899,0.00105,-0.083973,0.026036,192
0.05,learned_goal_state_classifier,0,0.366319,0.04024,0.163194,0.03089,0.548394,0.003329,0.074653,0.021944,0.015625,0.009992,0.137153,0.029048,0.362847,0.038219,0.230408,0.00102,0.102115,0.001049,-0.024258,0.031022,192
0.05,learned_goal_state_classifier,1,0.401042,0.038459,0.159722,0.030499,0.547147,0.003049,0.0625,0.020256,0.005208,0.005863,0.119792,0.027759,0.357639,0.038746,0.229582,0.000972,0.102227,0.001052,-0.004832,0.032463,192
0.05,learned_goal_state_classifier,2,0.357639,0.034956,0.161458,0.02894,0.547585,0.003379,0.072917,0.022323,0.005208,0.005863,0.119792,0.027759,0.375,0.036267,0.230299,0.001112,0.102324,0.000985,-0.014059,0.031416,192
0.05,learned_goal_state_classifier,3,0.366319,0.038767,0.168403,0.028543,0.546641,0.003425,0.078125,0.021156,0.010417,0.008225,0.125,0.025302,0.383681,0.040168,0.230877,0.001001,0.10208,0.001118,0.0033,0.029845,192
0.05,learned_goal_state_classifier,4,0.371528,0.038821,0.161458,0.030122,0.547131,0.00325,0.071181,0.024183,0.013889,0.009446,0.109375,0.025147,0.305556,0.037477,0.229676,0.000944,0.102414,0.001104,-0.005253,0.032168,192
0.05,learned_goal_state_classifier,5,0.425347,0.042662,0.196181,0.033164,0.547195,0.003396,0.057292,0.019696,0.003472,0.0048,0.123264,0.027452,0.355903,0.038009,0.230966,0.001062,0.102227,0.001086,0.023257,0.033747,192
0.05,learned_goal_state_classifier,6,0.385417,0.036636,0.204861,0.030415,0.548066,0.003409,0.081597,0.023012,0.008681,0.007529,0.128472,0.027607,0.364583,0.039539,0.230383,0.001013,0.102152,0.001045,0.035554,0.029418,192
0.05,learned_goal_state_classifier,7,0.366319,0.038767,0.168403,0.028543,0.548234,0.003248,0.085069,0.02224,0.010417,0.008225,0.114583,0.026275,0.388889,0.038093,0.230796,0.001118,0.102823,0.001075,-0.00406,0.030166,192
0.05,learned_goal_state_classifier,8,0.376736,0.038257,0.178819,0.030082,0.54746,0.003104,0.069444,0.022022,0.010417,0.008225,0.123264,0.0257,0.383681,0.038692,0.231276,0.001064,0.102289,0.00109,0.015674,0.032519,192
0.05,learned_goal_state_classifier,9,0.404514,0.040114,0.166667,0.030131,0.546566,0.003387,0.085069,0.024243,0.005208,0.005863,0.119792,0.027759,0.324653,0.037817,0.230818,0.00104,0.102008,0.001078,-0.010438,0.032979,192
0.05,oracle_goal_state_supervisor,0,1.0,0.0,0.850694,0.028025,0.78877,0.003258,0.0,0.0,0.0,0.0,0.015625,0.009992,0.579861,0.03993,0.33943,0.001058,0.017881,0.001018,0.778388,0.029471,192
0.05,oracle_goal_state_supervisor,1,1.0,0.0,0.862847,0.030227,0.787606,0.003155,0.0,0.0,0.0,0.0,0.005208,0.005863,0.611111,0.038699,0.341064,0.001039,0.017156,0.001083,0.79888,0.030905,192
0.05,oracle_goal_state_supervisor,2,1.0,0.0,0.852431,0.029619,0.788333,0.00316,0.0,0.0,0.0,0.0,0.019097,0.010986,0.583333,0.037683,0.340226,0.001001,0.017639,0.001008,0.778562,0.030817,192
0.05,oracle_goal_state_supervisor,3,1.0,0.0,0.847222,0.029282,0.789469,0.003278,0.0,0.0,0.0,0.0,0.005208,0.005863,0.600694,0.041851,0.341236,0.000979,0.01789,0.001026,0.782418,0.029746,192
0.05,oracle_goal_state_supervisor,4,1.0,0.0,0.855903,0.02957,0.788397,0.003069,0.0,0.0,0.0,0.0,0.015625,0.009992,0.579861,0.03814,0.340702,0.00102,0.017531,0.001002,0.783328,0.030236,192
0.05,oracle_goal_state_supervisor,5,1.0,0.0,0.828125,0.02894,0.787511,0.003364,0.0,0.0,0.0,0.0,0.008681,0.007529,0.574653,0.041276,0.339992,0.001076,0.017654,0.001052,0.759062,0.029213,192
0.05,oracle_goal_state_supervisor,6,1.0,0.0,0.873264,0.02839,0.788055,0.003119,0.0,0.0,0.0,0.0,0.006944,0.006752,0.592014,0.041975,0.340681,0.000998,0.017272,0.001077,0.804465,0.028788,192
0.05,oracle_goal_state_supervisor,7,1.0,0.0,0.845486,0.028898,0.787176,0.003076,0.0,0.0,0.0,0.0,0.010417,0.008225,0.588542,0.041004,0.34031,0.00108,0.01794,0.001076,0.77595,0.03024,192
0.05,oracle_goal_state_supervisor,8,1.0,0.0,0.866319,0.029372,0.790173,0.003208,0.0,0.0,0.0,0.0,0.008681,0.007529,0.605903,0.041028,0.33996,0.001068,0.017747,0.001036,0.800901,0.029815,192
0.05,oracle_goal_state_supervisor,9,1.0,0.0,0.878472,0.027817,0.787229,0.00354,0.0,0.0,0.0,0.0,0.003472,0.0048,0.574653,0.041276,0.338819,0.001048,0.017462,0.001096,0.814132,0.028253,192
0.05,pomdp_belief_planner,0,0.352431,0.040708,0.161458,0.03126,0.485838,0.003192,0.107639,0.024597,0.027778,0.013066,0.130208,0.028484,0.340278,0.038283,0.238027,0.001111,0.124237,0.001095,-0.036073,0.033878,192
0.05,pomdp_belief_planner,1,0.354167,0.039677,0.135417,0.028608,0.485686,0.003074,0.092014,0.024213,0.024306,0.012291,0.118056,0.025964,0.395833,0.043053,0.237825,0.001029,0.124251,0.001104,-0.048473,0.031333,192
0.05,pomdp_belief_planner,2,0.314236,0.034854,0.112847,0.024836,0.486372,0.003114,0.095486,0.024423,0.029514,0.01427,0.128472,0.026312,0.352431,0.039252,0.238375,0.001019,0.123633,0.001024,-0.066792,0.028412,192
0.05,pomdp_belief_planner,3,0.355903,0.039215,0.154514,0.028898,0.486547,0.003295,0.092014,0.023728,0.020833,0.011443,0.126736,0.027558,0.402778,0.039148,0.238537,0.001119,0.1242,0.001135,-0.022595,0.031386,192
0.05,pomdp_belief_planner,4,0.347222,0.039444,0.130208,0.028484,0.485635,0.003487,0.114583,0.027146,0.029514,0.01427,0.111111,0.025225,0.350694,0.037911,0.238113,0.001012,0.123779,0.00109,-0.060377,0.029466,192
0.05,pomdp_belief_planner,5,0.354167,0.040259,0.149306,0.029245,0.486416,0.003169,0.086806,0.023384,0.034722,0.015226,0.116319,0.026781,0.338542,0.041358,0.237656,0.000965,0.123955,0.001118,-0.040895,0.031338,192
0.05,pomdp_belief_planner,6,0.326389,0.035112,0.112847,0.027078,0.486499,0.003221,0.102431,0.026618,0.029514,0.01343,0.147569,0.029223,0.335069,0.038143,0.237562,0.00107,0.123678,0.001086,-0.079236,0.029299,192
0.05,pomdp_belief_planner,7,0.315972,0.03852,0.105903,0.026343,0.486846,0.003197,0.078125,0.021156,0.022569,0.011877,0.119792,0.027759,0.401042,0.042486,0.237033,0.00115,0.123534,0.001075,-0.061624,0.02709,192
0.05,pomdp_belief_planner,8,0.355903,0.037079,0.130208,0.028072,0.487766,0.003147,0.098958,0.023656,0.029514,0.01343,0.125,0.028747,0.368056,0.040066,0.236376,0.001003,0.124346,0.001081,-0.054646,0.032173,192
0.05,pomdp_belief_planner,9,0.328125,0.038137,0.142361,0.03032,0.486302,0.003258,0.095486,0.024423,0.026042,0.012687,0.125,0.027079,0.371528,0.043084,0.238159,0.001056,0.124039,0.00104,-0.043619,0.031759,192
0.05,proposed_disappearing_goal_belief_revision_v4,0,0.416667,0.039787,0.25,0.035125,0.637204,0.003297,0.022569,0.01282,0.001736,0.003403,0.055556,0.020087,0.486111,0.040319,0.267138,0.000993,0.082788,0.00103,0.118716,0.037744,192
0.05,proposed_disappearing_goal_belief_revision_v4,1,0.381944,0.03767,0.213542,0.03276,0.638341,0.00327,0.036458,0.014755,0.0,0.0,0.076389,0.024104,0.489583,0.041758,0.266954,0.001037,0.08275,0.001025,0.077526,0.033773,192
0.05,proposed_disappearing_goal_belief_revision_v4,2,0.423611,0.041773,0.248264,0.034875,0.638691,0.003223,0.017361,0.010504,0.0,0.0,0.055556,0.018893,0.473958,0.039908,0.26677,0.001029,0.082326,0.001089,0.122351,0.037578,192
0.05,proposed_disappearing_goal_belief_revision_v4,3,0.416667,0.039197,0.237847,0.035331,0.63715,0.003289,0.046875,0.017128,0.001736,0.003403,0.072917,0.0207,0.425347,0.039547,0.266407,0.001062,0.08298,0.000966,0.097383,0.036578,192
0.05,proposed_disappearing_goal_belief_revision_v4,4,0.411458,0.038365,0.227431,0.036685,0.638013,0.003197,0.024306,0.013204,0.003472,0.0048,0.055556,0.018267,0.446181,0.039639,0.266845,0.001095,0.082336,0.001075,0.093617,0.040562,192
0.05,proposed_disappearing_goal_belief_revision_v4,5,0.416667,0.040655,0.25,0.035455,0.637387,0.003347,0.024306,0.014058,0.0,0.0,0.0625,0.019673,0.467014,0.039511,0.267809,0.001116,0.082545,0.001018,0.117051,0.036646,192
0.05,proposed_disappearing_goal_belief_revision_v4,6,0.414931,0.039418,0.255208,0.0352,0.636402,0.003286,0.027778,0.013066,0.0,0.0,0.059028,0.019293,0.442708,0.038948,0.267249,0.000997,0.082565,0.001115,0.124558,0.036452,192
0.05,proposed_disappearing_goal_belief_revision_v4,7,0.425347,0.03774,0.237847,0.032944,0.637147,0.003442,0.03125,0.013779,0.0,0.0,0.048611,0.017368,0.487847,0.041749,0.267291,0.001142,0.082403,0.001134,0.103181,0.033817,192
0.05,proposed_disappearing_goal_belief_revision_v4,8,0.435764,0.043002,0.277778,0.036533,0.638447,0.003155,0.026042,0.012687,0.001736,0.003403,0.0625,0.021374,0.467014,0.040957,0.266809,0.000965,0.082015,0.00111,0.143266,0.038331,192
0.05,proposed_disappearing_goal_belief_revision_v4,9,0.432292,0.038911,0.227431,0.035393,0.637761,0.003425,0.024306,0.012291,0.0,0.0,0.0625,0.020256,0.470486,0.040439,0.267344,0.001067,0.082472,0.001093,0.089672,0.036606,192
0.05,risk_budgeted_goal_recovery,0,0.472222,0.040175,0.253472,0.033597,0.532513,0.003326,0.039931,0.016799,0.0,0.0,0.076389,0.022609,0.376736,0.040904,0.265694,0.001063,0.082416,0.001071,0.10097,0.035339,192
0.05,risk_budgeted_goal_recovery,1,0.423611,0.04205,0.190972,0.036583,0.533033,0.003288,0.085069,0.023758,0.0,0.0,0.118056,0.026845,0.40625,0.039613,0.265857,0.001081,0.082084,0.001056,0.011329,0.039353,192
0.05,risk_budgeted_goal_recovery,2,0.440972,0.040937,0.243056,0.034103,0.532328,0.003395,0.046875,0.017128,0.0,0.0,0.086806,0.023384,0.399306,0.038671,0.266066,0.001048,0.082654,0.00104,0.086011,0.035581,192
0.05,risk_budgeted_goal_recovery,3,0.470486,0.039271,0.232639,0.034537,0.533652,0.003261,0.065972,0.021163,0.0,0.0,0.125,0.027926,0.411458,0.044016,0.265557,0.000927,0.083014,0.000963,0.058072,0.037808,192
0.05,risk_budgeted_goal_recovery,4,0.428819,0.037255,0.201389,0.031253,0.533285,0.003306,0.046875,0.017128,0.0,0.0,0.095486,0.024895,0.378472,0.040148,0.266126,0.00113,0.082327,0.001079,0.039028,0.03355,192
0.05,risk_budgeted_goal_recovery,5,0.447917,0.043331,0.213542,0.033463,0.533782,0.003274,0.038194,0.016531,0.0,0.0,0.123264,0.02659,0.375,0.039933,0.265716,0.001042,0.082233,0.001091,0.040675,0.033923,192
0.05,risk_budgeted_goal_recovery,6,0.440972,0.040652,0.237847,0.033643,0.533199,0.003222,0.081597,0.023012,0.0,0.0,0.144097,0.026232,0.388889,0.038093,0.266131,0.001029,0.082708,0.00102,0.052909,0.035418,192
0.05,risk_budgeted_goal_recovery,7,0.487847,0.044187,0.222222,0.035236,0.53198,0.003135,0.045139,0.016175,0.0,0.0,0.107639,0.025526,0.428819,0.039676,0.266035,0.001081,0.082299,0.001074,0.066035,0.037706,192
0.05,risk_budgeted_goal_recovery,8,0.428819,0.039676,0.232639,0.033511,0.533211,0.003135,0.045139,0.018207,0.0,0.0,0.114583,0.026275,0.387153,0.040939,0.265728,0.001036,0.081945,0.001063,0.077133,0.034709,192
0.05,risk_budgeted_goal_recovery,9,0.453125,0.039227,0.206597,0.033296,0.533443,0.003164,0.053819,0.021576,0.0,0.0,0.086806,0.022366,0.378472,0.039268,0.265764,0.001036,0.082351,0.001087,0.048524,0.035128,192
0.05,risk_calibrated_goal_belief_revision_v5,0,0.479167,0.042235,0.345486,0.039308,0.72327,0.003276,0.001736,0.003403,0.0,0.0,0.029514,0.01343,0.527778,0.040175,0.295517,0.00106,0.034832,0.001036,0.240739,0.041172,192
0.05,risk_calibrated_goal_belief_revision_v5,1,0.460069,0.037566,0.300347,0.034979,0.724462,0.003232,0.0,0.0,0.0,0.0,0.026042,0.012687,0.552083,0.039392,0.296201,0.001062,0.035108,0.000961,0.195484,0.036577,192
0.05,risk_calibrated_goal_belief_revision_v5,2,0.493056,0.039481,0.338542,0.039041,0.723599,0.003304,0.0,0.0,0.0,0.0,0.029514,0.015064,0.538194,0.041432,0.296287,0.001041,0.034701,0.001054,0.232753,0.040065,192
0.05,risk_calibrated_goal_belief_revision_v5,3,0.472222,0.040175,0.309028,0.038444,0.72359,0.003123,0.0,0.0,0.0,0.0,0.022569,0.011877,0.532986,0.041522,0.294868,0.001165,0.034377,0.001078,0.20849,0.040266,192
0.05,risk_calibrated_goal_belief_revision_v5,4,0.465278,0.040928,0.321181,0.038409,0.723045,0.003517,0.001736,0.003403,0.0,0.0,0.019097,0.010986,0.559028,0.04122,0.295792,0.001101,0.034998,0.001032,0.219448,0.040507,192
0.05,risk_calibrated_goal_belief_revision_v5,5,0.473958,0.039615,0.305556,0.037165,0.725134,0.003199,0.001736,0.003403,0.0,0.0,0.022569,0.01282,0.508681,0.040922,0.295809,0.001002,0.035505,0.001001,0.205236,0.03947,192
0.05,risk_calibrated_goal_belief_revision_v5,6,0.505208,0.03978,0.324653,0.037817,0.724081,0.003425,0.0,0.0,0.0,0.0,0.032986,0.014918,0.550347,0.042009,0.296731,0.00113,0.035279,0.00105,0.222505,0.040274,192
0.05,risk_calibrated_goal_belief_revision_v5,7,0.489583,0.041479,0.362847,0.038522,0.7235,0.003162,0.0,0.0,0.0,0.0,0.022569,0.011877,0.506944,0.040355,0.296139,0.001077,0.034803,0.001019,0.264007,0.04038,192
0.05,risk_calibrated_goal_belief_revision_v5,8,0.460069,0.042234,0.295139,0.03852,0.722904,0.003244,0.0,0.0,0.0,0.0,0.019097,0.010986,0.534722,0.039185,0.295604,0.001104,0.034975,0.001115,0.193539,0.04011,192
0.05,risk_calibrated_goal_belief_revision_v5,9,0.515625,0.041446,0.329861,0.038596,0.722859,0.003125,0.0,0.0,0.0,0.0,0.026042,0.013573,0.557292,0.042657,0.295619,0.001117,0.034595,0.001067,0.229724,0.04087,192
0.05,robust_mpc_replan,0,0.355903,0.039511,0.135417,0.030191,0.45021,0.003169,0.098958,0.02462,0.008681,0.008942,0.140625,0.029512,0.319444,0.037321,0.251142,0.001168,0.114993,0.001034,-0.051539,0.033005,192
0.05,robust_mpc_replan,1,0.378472,0.040148,0.180556,0.031944,0.449787,0.003252,0.085069,0.024719,0.012153,0.00886,0.168403,0.03013,0.335069,0.040222,0.251584,0.001036,0.115748,0.001041,-0.00633,0.031572,192
0.05,robust_mpc_replan,2,0.364583,0.041268,0.166667,0.029742,0.449916,0.003253,0.072917,0.02013,0.012153,0.00886,0.159722,0.030878,0.383681,0.038992,0.251213,0.000979,0.115613,0.001073,-0.013919,0.031017,192
0.05,robust_mpc_replan,3,0.381944,0.040066,0.166667,0.030515,0.451076,0.002986,0.079861,0.024359,0.008681,0.007529,0.125,0.026206,0.357639,0.040795,0.250552,0.001047,0.115866,0.001022,-0.019326,0.029772,192
0.05,robust_mpc_replan,4,0.407986,0.040564,0.185764,0.032252,0.45119,0.003371,0.072917,0.021795,0.010417,0.008225,0.151042,0.028458,0.331597,0.037836,0.251778,0.00108,0.115357,0.001099,0.000889,0.035574,192
0.05,robust_mpc_replan,5,0.392361,0.038896,0.177083,0.031604,0.449911,0.003294,0.078125,0.021156,0.013889,0.009446,0.152778,0.029677,0.321181,0.038711,0.251374,0.001065,0.11527,0.001042,-0.018573,0.032925,192
0.05,robust_mpc_replan,6,0.331597,0.041364,0.119792,0.026028,0.449229,0.002939,0.090278,0.023118,0.010417,0.008225,0.121528,0.026967,0.340278,0.03736,0.250982,0.001021,0.11517,0.001117,-0.056276,0.026871,192
0.05,robust_mpc_replan,7,0.390625,0.038798,0.173611,0.029726,0.450597,0.003325,0.059028,0.019293,0.010417,0.008225,0.125,0.025302,0.303819,0.037913,0.25189,0.001168,0.116038,0.001046,-0.009877,0.03279,192
0.05,robust_mpc_replan,8,0.355903,0.037702,0.149306,0.029245,0.451043,0.003325,0.067708,0.020774,0.010417,0.008225,0.140625,0.028304,0.326389,0.03736,0.25225,0.001075,0.1155,0.001075,-0.019187,0.029828,192
0.05,robust_mpc_replan,9,0.371528,0.042266,0.15625,0.030095,0.448665,0.00313,0.086806,0.023384,0.008681,0.007529,0.140625,0.027042,0.371528,0.042266,0.251113,0.00107,0.115871,0.001128,-0.02749,0.029827,192
0.1,active_subgoal_probe_policy,0,0.543403,0.03901,0.248264,0.034875,0.532417,0.003153,0.079861,0.023384,0.026042,0.015192,0.069444,0.022545,0.440972,0.040937,0.297735,0.001064,0.113744,0.00113,0.057621,0.039802,192
0.1,active_subgoal_probe_policy,1,0.527778,0.039884,0.258681,0.034009,0.53503,0.003181,0.090278,0.025964,0.010417,0.008225,0.059028,0.018046,0.432292,0.041516,0.298021,0.001049,0.113109,0.001015,0.086453,0.035924,192
0.1,active_subgoal_probe_policy,2,0.524306,0.041079,0.286458,0.037249,0.533829,0.003233,0.085069,0.024243,0.020833,0.011443,0.069444,0.019796,0.4375,0.039086,0.298307,0.001109,0.112681,0.00107,0.113764,0.03765,192
0.1,active_subgoal_probe_policy,3,0.493056,0.038887,0.25,0.038899,0.535893,0.003209,0.085069,0.021167,0.020833,0.011443,0.086806,0.02184,0.446181,0.042747,0.298463,0.001028,0.113649,0.001093,0.063278,0.039569,192
0.1,active_subgoal_probe_policy,4,0.463542,0.040612,0.222222,0.03589,0.533841,0.003285,0.078125,0.022747,0.015625,0.009992,0.078125,0.022229,0.430556,0.039444,0.299109,0.001022,0.11363,0.001069,0.055162,0.038749,192
0.1,active_subgoal_probe_policy,5,0.494792,0.043148,0.256944,0.03736,0.534061,0.003177,0.102431,0.024807,0.024306,0.013204,0.078125,0.021699,0.4375,0.040259,0.296988,0.000992,0.113206,0.001059,0.066087,0.037027,192
0.1,active_subgoal_probe_policy,6,0.494792,0.044477,0.236111,0.036052,0.532709,0.003366,0.079861,0.022881,0.020833,0.012419,0.074653,0.02298,0.458333,0.041364,0.297566,0.001197,0.113382,0.001082,0.060973,0.037082,192
0.1,active_subgoal_probe_policy,7,0.538194,0.040866,0.262153,0.035495,0.534005,0.003292,0.079861,0.0213,0.015625,0.009992,0.079861,0.022881,0.432292,0.042895,0.296999,0.001055,0.113817,0.001161,0.088712,0.036542,192
0.1,active_subgoal_probe_policy,8,0.508681,0.041205,0.255208,0.035529,0.534675,0.003294,0.074653,0.021944,0.026042,0.013573,0.072917,0.02013,0.456597,0.041888,0.298017,0.001077,0.113072,0.001106,0.077964,0.037438,192
0.1,active_subgoal_probe_policy,9,0.526042,0.044329,0.258681,0.0382,0.533572,0.00324,0.076389,0.021555,0.027778,0.013928,0.059028,0.019887,0.447917,0.042791,0.298174,0.001153,0.112856,0.001061,0.073658,0.040899,192
0.1,active_viewpoint_reacquisition,0,0.470486,0.039566,0.192708,0.03105,0.424022,0.003156,0.137153,0.028236,0.041667,0.016362,0.072917,0.019543,0.352431,0.038654,0.271997,0.00108,0.145619,0.001076,-0.015872,0.033844,192
0.1,active_viewpoint_reacquisition,1,0.427083,0.040771,0.170139,0.032001,0.423717,0.00323,0.147569,0.029223,0.043403,0.017311,0.086806,0.023877,0.380208,0.043047,0.272862,0.001037,0.145323,0.00111,-0.038796,0.034438,192
0.1,active_viewpoint_reacquisition,2,0.411458,0.038967,0.164931,0.029347,0.423429,0.003329,0.133681,0.026009,0.0625,0.022437,0.09375,0.023836,0.376736,0.040618,0.273427,0.00108,0.145395,0.000985,-0.04446,0.033261,192
0.1,active_viewpoint_reacquisition,3,0.473958,0.040773,0.197917,0.031327,0.424746,0.003362,0.138889,0.028271,0.059028,0.01868,0.097222,0.022545,0.378472,0.039857,0.27293,0.00101,0.145445,0.00112,-0.018699,0.032182,192
0.1,active_viewpoint_reacquisition,4,0.446181,0.040797,0.213542,0.034826,0.423752,0.003157,0.126736,0.027558,0.048611,0.018026,0.107639,0.024597,0.375,0.038448,0.27188,0.001036,0.145133,0.00108,-0.012805,0.039055,192
0.1,active_viewpoint_reacquisition,5,0.451389,0.040355,0.190972,0.029542,0.422428,0.003166,0.147569,0.029223,0.048611,0.017368,0.076389,0.021555,0.404514,0.041258,0.273318,0.001126,0.145259,0.001012,-0.032095,0.032103,192
0.1,active_viewpoint_reacquisition,6,0.421875,0.039412,0.178819,0.030466,0.422923,0.003107,0.140625,0.028712,0.057292,0.020278,0.088542,0.023502,0.411458,0.038667,0.272728,0.001054,0.144904,0.00111,-0.023687,0.032452,192
0.1,active_viewpoint_reacquisition,7,0.451389,0.039481,0.180556,0.030067,0.423685,0.003459,0.128472,0.028438,0.090278,0.025051,0.100694,0.024239,0.368056,0.040643,0.273306,0.000989,0.145186,0.0011,-0.042493,0.032977,192
0.1,active_viewpoint_reacquisition,8,0.453125,0.039227,0.166667,0.028949,0.423559,0.003283,0.140625,0.028712,0.052083,0.01783,0.121528,0.025182,0.414931,0.040868,0.272732,0.001162,0.145164,0.001075,-0.054624,0.03175,192
0.1,active_viewpoint_reacquisition,9,0.4375,0.040547,0.196181,0.032455,0.425102,0.003186,0.145833,0.028798,0.039931,0.015351,0.104167,0.024896,0.390625,0.04141,0.272725,0.001035,0.145692,0.001019,-0.016679,0.033357,192
0.1,conformal_goal_validity_filter,0,0.642361,0.039045,0.328125,0.041358,0.527791,0.003424,0.079861,0.022881,0.005208,0.005863,0.100694,0.024715,0.335069,0.039639,0.259255,0.001016,0.07159,0.001124,0.14961,0.044182,192
0.1,conformal_goal_validity_filter,1,0.59375,0.040196,0.279514,0.037372,0.52721,0.003145,0.088542,0.023502,0.010417,0.008225,0.112847,0.024836,0.328125,0.038742,0.258947,0.001133,0.072422,0.001135,0.090078,0.042299,192
0.1,conformal_goal_validity_filter,2,0.602431,0.041487,0.291667,0.038749,0.525396,0.003234,0.055556,0.018267,0.005208,0.005863,0.130208,0.028889,0.333333,0.04094,0.259153,0.000947,0.071432,0.001125,0.1089,0.0421,192
0.1,conformal_goal_validity_filter,3,0.609375,0.042245,0.322917,0.037962,0.525904,0.003222,0.067708,0.020206,0.008681,0.007529,0.102431,0.024333,0.348958,0.038384,0.258568,0.001078,0.071774,0.001091,0.149874,0.038133,192
0.1,conformal_goal_validity_filter,4,0.604167,0.039086,0.255208,0.03806,0.526926,0.00335,0.074653,0.02029,0.006944,0.008299,0.095486,0.023941,0.342014,0.040779,0.258431,0.001115,0.071685,0.001077,0.075681,0.04226,192
0.1,conformal_goal_validity_filter,5,0.605903,0.041592,0.314236,0.041276,0.52682,0.003165,0.069444,0.020375,0.006944,0.008299,0.100694,0.024715,0.355903,0.038917,0.259698,0.001126,0.071968,0.001045,0.130538,0.043432,192
0.1,conformal_goal_validity_filter,6,0.614583,0.038495,0.293403,0.037099,0.526671,0.003288,0.072917,0.021255,0.005208,0.007593,0.107639,0.025526,0.340278,0.037047,0.259785,0.000945,0.071892,0.001124,0.100267,0.040535,192
0.1,conformal_goal_validity_filter,7,0.586806,0.041079,0.274306,0.035122,0.526834,0.003114,0.072917,0.021255,0.001736,0.003403,0.100694,0.024715,0.331597,0.036266,0.25935,0.001171,0.072058,0.001037,0.101259,0.037268,192
0.1,conformal_goal_validity_filter,8,0.598958,0.040234,0.293403,0.037721,0.526734,0.003309,0.069444,0.020375,0.003472,0.0048,0.111111,0.025225,0.350694,0.038217,0.259033,0.001018,0.07114,0.001126,0.118061,0.041311,192
0.1,conformal_goal_validity_filter,9,0.611111,0.037477,0.276042,0.035672,0.525788,0.003337,0.092014,0.023728,0.006944,0.006752,0.102431,0.02385,0.338542,0.038742,0.258084,0.00104,0.071873,0.001034,0.083649,0.039769,192
0.1,failure_aware_manipulation_policy,0,0.536458,0.039449,0.258681,0.036961,0.482569,0.0033,0.074653,0.021407,0.017361,0.011559,0.107639,0.025978,0.345486,0.039603,0.257184,0.00109,0.12006,0.001079,0.070912,0.041691,192
0.1,failure_aware_manipulation_policy,1,0.513889,0.041176,0.25,0.036106,0.481333,0.003232,0.100694,0.02564,0.017361,0.010504,0.105903,0.025444,0.328125,0.039926,0.257601,0.000988,0.119665,0.001094,0.055524,0.038486,192
0.1,failure_aware_manipulation_policy,2,0.486111,0.038548,0.241319,0.033838,0.481603,0.003246,0.100694,0.02609,0.034722,0.015972,0.100694,0.023754,0.347222,0.036692,0.257692,0.000991,0.119921,0.001066,0.040114,0.035267,192
0.1,failure_aware_manipulation_policy,3,0.524306,0.038444,0.267361,0.035205,0.482196,0.003423,0.090278,0.022609,0.026042,0.014405,0.102431,0.022853,0.354167,0.040259,0.258857,0.001129,0.120332,0.001065,0.081309,0.037745,192
0.1,failure_aware_manipulation_policy,4,0.505208,0.044214,0.265625,0.036279,0.4814,0.003221,0.079861,0.022881,0.032986,0.014918,0.105903,0.026343,0.368056,0.040928,0.258466,0.000975,0.120541,0.001074,0.065985,0.037874,192
0.1,failure_aware_manipulation_policy,5,0.515625,0.038232,0.246528,0.03145,0.481749,0.003475,0.081597,0.024482,0.020833,0.011443,0.116319,0.027637,0.401042,0.039652,0.257069,0.001003,0.119935,0.001078,0.067253,0.034803,192
0.1,failure_aware_manipulation_policy,6,0.482639,0.040002,0.243056,0.033759,0.48195,0.003354,0.086806,0.023384,0.017361,0.010504,0.09375,0.025715,0.369792,0.038098,0.258099,0.001037,0.120628,0.001075,0.054157,0.036291,192
0.1,failure_aware_manipulation_policy,7,0.529514,0.04101,0.237847,0.036625,0.481381,0.003381,0.100694,0.024239,0.03125,0.0146,0.128472,0.02675,0.385417,0.039686,0.25755,0.000991,0.119701,0.001109,0.024947,0.040169,192
0.1,failure_aware_manipulation_policy,8,0.524306,0.040795,0.269097,0.037353,0.481681,0.003219,0.098958,0.026444,0.020833,0.011443,0.104167,0.026261,0.366319,0.039658,0.257276,0.001038,0.120295,0.001063,0.074729,0.03795,192
0.1,failure_aware_manipulation_policy,9,0.496528,0.044741,0.236111,0.03507,0.480753,0.003251,0.105903,0.025897,0.017361,0.011559,0.085069,0.023263,0.333333,0.040367,0.258094,0.001058,0.12074,0.001048,0.0452,0.035447,192
0.1,goal_retargeting_heuristic,0,0.451389,0.041493,0.184028,0.033337,0.396263,0.00326,0.098958,0.026444,0.032986,0.014116,0.152778,0.028476,0.324653,0.038428,0.248837,0.001013,0.138663,0.001066,-0.0305,0.036051,192
0.1,goal_retargeting_heuristic,1,0.501736,0.043423,0.227431,0.034392,0.396056,0.003121,0.104167,0.025814,0.03125,0.0146,0.151042,0.02966,0.279514,0.038598,0.248562,0.000902,0.138939,0.001104,0.00189,0.039238,192
0.1,goal_retargeting_heuristic,2,0.475694,0.042197,0.203125,0.034743,0.395927,0.003383,0.098958,0.024143,0.045139,0.018207,0.168403,0.032365,0.317708,0.036199,0.248586,0.001102,0.138297,0.001054,-0.019093,0.036232,192
0.1,goal_retargeting_heuristic,3,0.442708,0.040702,0.170139,0.029738,0.394447,0.003235,0.112847,0.026204,0.041667,0.015634,0.137153,0.029048,0.270833,0.033644,0.248956,0.001024,0.138375,0.001062,-0.048305,0.034098,192
0.1,goal_retargeting_heuristic,4,0.463542,0.037945,0.203125,0.033025,0.396634,0.002986,0.081597,0.023012,0.024306,0.012291,0.125,0.027079,0.295139,0.035697,0.248651,0.001147,0.138962,0.001057,0.001286,0.035935,192
0.1,goal_retargeting_heuristic,5,0.487847,0.040904,0.192708,0.031791,0.394521,0.002955,0.097222,0.024523,0.043403,0.016625,0.170139,0.032362,0.296875,0.035896,0.248688,0.000984,0.137794,0.001056,-0.046901,0.035048,192
0.1,goal_retargeting_heuristic,6,0.472222,0.040463,0.222222,0.032486,0.393933,0.003348,0.112847,0.025756,0.039931,0.016799,0.152778,0.028882,0.298611,0.038887,0.249486,0.001013,0.138405,0.001028,0.001474,0.035427,192
0.1,goal_retargeting_heuristic,7,0.463542,0.040035,0.157986,0.029322,0.396982,0.00345,0.090278,0.022609,0.029514,0.01343,0.144097,0.02957,0.272569,0.034896,0.248432,0.001095,0.138727,0.001074,-0.05409,0.031843,192
0.1,goal_retargeting_heuristic,8,0.451389,0.037978,0.192708,0.030672,0.396671,0.003384,0.109375,0.026935,0.043403,0.016625,0.119792,0.026908,0.267361,0.037448,0.249218,0.00102,0.137974,0.001056,-0.035119,0.033857,192
0.1,goal_retargeting_heuristic,9,0.461806,0.040292,0.201389,0.030878,0.394028,0.002957,0.083333,0.021577,0.034722,0.015226,0.159722,0.027276,0.279514,0.034455,0.247726,0.001134,0.138829,0.001044,-0.008523,0.034427,192
0.1,learned_goal_state_classifier,0,0.519097,0.042526,0.246528,0.034621,0.548229,0.00318,0.0625,0.020256,0.019097,0.011999,0.097222,0.023555,0.359375,0.038573,0.24797,0.001025,0.10208,0.001033,0.074949,0.03932,192
0.1,learned_goal_state_classifier,1,0.543403,0.039603,0.260417,0.035588,0.547487,0.003236,0.064236,0.020433,0.024306,0.012291,0.105903,0.023543,0.375,0.039345,0.248581,0.001055,0.102293,0.001029,0.081389,0.037896,192
0.1,learned_goal_state_classifier,2,0.519097,0.04307,0.276042,0.039097,0.547231,0.003385,0.060764,0.019485,0.012153,0.00886,0.074653,0.021944,0.366319,0.037547,0.248593,0.001028,0.102409,0.000997,0.103149,0.040317,192
0.1,learned_goal_state_classifier,3,0.539931,0.039968,0.279514,0.03799,0.546974,0.003485,0.090278,0.023118,0.015625,0.009992,0.086806,0.024832,0.383681,0.041592,0.24886,0.000951,0.10233,0.001128,0.099442,0.038565,192
0.1,learned_goal_state_classifier,4,0.541667,0.043557,0.267361,0.040436,0.548372,0.003387,0.050347,0.017602,0.019097,0.010986,0.098958,0.02688,0.368056,0.039774,0.247882,0.001028,0.101896,0.001122,0.101288,0.044426,192
0.1,learned_goal_state_classifier,5,0.536458,0.043384,0.263889,0.036692,0.547756,0.003322,0.083333,0.02211,0.019097,0.010986,0.086806,0.023384,0.401042,0.03906,0.248889,0.001015,0.10226,0.001094,0.082373,0.037786,192
0.1,learned_goal_state_classifier,6,0.532986,0.040095,0.258681,0.035021,0.548564,0.003518,0.072917,0.021795,0.020833,0.012419,0.102431,0.024333,0.373264,0.037411,0.248815,0.00108,0.102332,0.001095,0.075641,0.039787,192
0.1,learned_goal_state_classifier,7,0.532986,0.038917,0.256944,0.036413,0.549151,0.003275,0.065972,0.020606,0.017361,0.010504,0.083333,0.025071,0.354167,0.039969,0.248707,0.00111,0.102271,0.001072,0.084574,0.037977,192
0.1,learned_goal_state_classifier,8,0.538194,0.041712,0.286458,0.035324,0.548125,0.003297,0.055556,0.018893,0.015625,0.009992,0.090278,0.023118,0.362847,0.040005,0.249003,0.001123,0.102539,0.00106,0.116417,0.037972,192
0.1,learned_goal_state_classifier,9,0.548611,0.043143,0.260417,0.037188,0.546866,0.003147,0.064236,0.019855,0.013889,0.009446,0.121528,0.026967,0.387153,0.040654,0.248599,0.001086,0.102492,0.001092,0.084734,0.04,192
0.1,oracle_goal_state_supervisor,0,1.0,0.0,0.878472,0.028232,0.788078,0.003395,0.0,0.0,0.0,0.0,0.0,0.0,0.574653,0.042662,0.34658,0.001121,0.0183,0.001042,0.814079,0.028615,192
0.1,oracle_goal_state_supervisor,1,1.0,0.0,0.862847,0.028236,0.787738,0.003174,0.0,0.0,0.0,0.0,0.005208,0.005863,0.618056,0.036732,0.347172,0.001034,0.017343,0.001072,0.797326,0.029083,192
0.1,oracle_goal_state_supervisor,2,1.0,0.0,0.838542,0.029339,0.787976,0.00323,0.0,0.0,0.0,0.0,0.003472,0.0048,0.590278,0.040066,0.345907,0.000989,0.017615,0.001031,0.771807,0.029105,192
0.1,oracle_goal_state_supervisor,3,1.0,0.0,0.869792,0.026799,0.788131,0.003187,0.0,0.0,0.0,0.0,0.010417,0.008225,0.578125,0.040289,0.347493,0.000991,0.01783,0.001057,0.797147,0.02692,192
0.1,oracle_goal_state_supervisor,4,1.0,0.0,0.871528,0.02675,0.78767,0.003176,0.0,0.0,0.0,0.0,0.006944,0.006752,0.578125,0.037907,0.346633,0.000968,0.017868,0.001052,0.800987,0.027133,192
0.1,oracle_goal_state_supervisor,5,1.0,0.0,0.852431,0.028003,0.787866,0.003141,0.0,0.0,0.0,0.0,0.001736,0.003403,0.597222,0.037321,0.345927,0.001122,0.017459,0.001019,0.786402,0.027998,192
0.1,oracle_goal_state_supervisor,6,1.0,0.0,0.862847,0.028236,0.788026,0.003042,0.0,0.0,0.0,0.0,0.008681,0.007529,0.583333,0.043956,0.346626,0.000964,0.017708,0.00108,0.792252,0.028708,192
0.1,oracle_goal_state_supervisor,7,1.0,0.0,0.885417,0.026275,0.787629,0.003099,0.0,0.0,0.0,0.0,0.0,0.0,0.585069,0.039122,0.346143,0.001056,0.017671,0.001025,0.818436,0.026477,192
0.1,oracle_goal_state_supervisor,8,1.0,0.0,0.862847,0.026971,0.789697,0.003236,0.0,0.0,0.0,0.0,0.005208,0.005863,0.586806,0.039342,0.346435,0.001105,0.017479,0.001045,0.797316,0.027444,192
0.1,oracle_goal_state_supervisor,9,1.0,0.0,0.850694,0.027182,0.787024,0.003529,0.0,0.0,0.0,0.0,0.005208,0.005863,0.586806,0.043017,0.345164,0.001024,0.017425,0.001078,0.782683,0.026886,192
0.1,pomdp_belief_planner,0,0.479167,0.043323,0.246528,0.037214,0.485429,0.003319,0.086806,0.022881,0.032986,0.014918,0.102431,0.024807,0.359375,0.038573,0.255767,0.001064,0.124626,0.001082,0.046815,0.037637,192
0.1,pomdp_belief_planner,1,0.515625,0.041164,0.230903,0.035269,0.48707,0.003105,0.121528,0.025182,0.038194,0.016531,0.121528,0.028232,0.350694,0.039416,0.255886,0.001,0.12356,0.001124,0.004976,0.039689,192
0.1,pomdp_belief_planner,2,0.465278,0.039481,0.201389,0.031253,0.4866,0.003201,0.098958,0.02462,0.038194,0.015057,0.116319,0.026781,0.376736,0.040331,0.256241,0.001076,0.123754,0.001035,0.009045,0.034097,192
0.1,pomdp_belief_planner,3,0.482639,0.040002,0.21875,0.033655,0.486412,0.003316,0.100694,0.02564,0.041667,0.016362,0.125,0.028747,0.359375,0.039468,0.256673,0.001069,0.124147,0.001115,-0.000875,0.036092,192
0.1,pomdp_belief_planner,4,0.463542,0.040325,0.241319,0.034519,0.485051,0.003419,0.086806,0.023877,0.038194,0.015812,0.131944,0.027699,0.324653,0.039914,0.256138,0.001016,0.124012,0.001079,0.027599,0.040077,192
0.1,pomdp_belief_planner,5,0.484375,0.041726,0.208333,0.033946,0.485858,0.003253,0.088542,0.024472,0.026042,0.013573,0.130208,0.027654,0.366319,0.040529,0.255883,0.001007,0.124179,0.001097,0.018181,0.036298,192
0.1,pomdp_belief_planner,6,0.501736,0.042883,0.210069,0.034244,0.485406,0.003521,0.116319,0.028055,0.036458,0.015523,0.104167,0.026701,0.364583,0.036477,0.256147,0.00115,0.123681,0.001072,-0.002136,0.038107,192
0.1,pomdp_belief_planner,7,0.496528,0.039784,0.220486,0.0336,0.487994,0.003261,0.123264,0.028696,0.036458,0.014755,0.090278,0.022609,0.359375,0.040053,0.255656,0.001062,0.123502,0.001092,0.021989,0.035294,192
0.1,pomdp_belief_planner,8,0.456597,0.041328,0.203125,0.033376,0.487161,0.003002,0.102431,0.025272,0.026042,0.012687,0.114583,0.026275,0.376736,0.039159,0.254585,0.001102,0.123966,0.001025,-0.000519,0.033283,192
0.1,pomdp_belief_planner,9,0.463542,0.044444,0.203125,0.034406,0.487848,0.003214,0.083333,0.02211,0.020833,0.011443,0.114583,0.026275,0.407986,0.041416,0.256562,0.001041,0.123802,0.001014,0.018982,0.03514,192
0.1,proposed_disappearing_goal_belief_revision_v4,0,0.59375,0.039318,0.373264,0.038636,0.637077,0.003308,0.029514,0.01343,0.003472,0.0048,0.0625,0.020822,0.463542,0.040035,0.285896,0.001086,0.082426,0.001017,0.243556,0.040996,192
0.1,proposed_disappearing_goal_belief_revision_v4,1,0.569444,0.045218,0.350694,0.04058,0.637009,0.003188,0.034722,0.015972,0.003472,0.0048,0.046875,0.018437,0.440972,0.04122,0.284938,0.001021,0.083078,0.001094,0.215408,0.042649,192
0.1,proposed_disappearing_goal_belief_revision_v4,2,0.553819,0.039639,0.300347,0.036922,0.638447,0.003183,0.036458,0.015523,0.001736,0.003403,0.055556,0.018267,0.458333,0.036586,0.284484,0.000979,0.082118,0.001071,0.167214,0.039124,192
0.1,proposed_disappearing_goal_belief_revision_v4,3,0.602431,0.03888,0.355903,0.039804,0.636773,0.003186,0.027778,0.013928,0.012153,0.010089,0.046875,0.016434,0.453125,0.041813,0.284228,0.001159,0.083015,0.000992,0.223662,0.041658,192
0.1,proposed_disappearing_goal_belief_revision_v4,4,0.541667,0.03964,0.310764,0.037079,0.639146,0.003248,0.034722,0.016685,0.001736,0.003403,0.0625,0.020822,0.510417,0.038871,0.284713,0.001054,0.082639,0.00102,0.175308,0.040376,192
0.1,proposed_disappearing_goal_belief_revision_v4,5,0.546875,0.041813,0.357639,0.035941,0.638081,0.003378,0.029514,0.015064,0.006944,0.006752,0.043403,0.017311,0.451389,0.043412,0.285656,0.001124,0.08246,0.001034,0.224706,0.038331,192
0.1,proposed_disappearing_goal_belief_revision_v4,6,0.583333,0.041784,0.340278,0.039774,0.637808,0.003179,0.036458,0.016256,0.003472,0.0048,0.055556,0.020087,0.458333,0.036903,0.285692,0.000961,0.082273,0.001057,0.199388,0.040493,192
0.1,proposed_disappearing_goal_belief_revision_v4,7,0.545139,0.044545,0.324653,0.04273,0.636927,0.003498,0.03125,0.013779,0.006944,0.006752,0.038194,0.015057,0.484375,0.04228,0.285703,0.00102,0.082066,0.001124,0.195156,0.044376,192
0.1,proposed_disappearing_goal_belief_revision_v4,8,0.527778,0.041877,0.314236,0.038954,0.637761,0.002997,0.034722,0.014441,0.003472,0.0048,0.072917,0.02013,0.493056,0.0426,0.284982,0.001067,0.081764,0.001104,0.178897,0.040115,192
0.1,proposed_disappearing_goal_belief_revision_v4,9,0.572917,0.038419,0.340278,0.037978,0.636652,0.003312,0.038194,0.015812,0.0,0.0,0.060764,0.020074,0.456597,0.041046,0.284867,0.001069,0.082416,0.001077,0.202197,0.040147,192
0.1,risk_budgeted_goal_recovery,0,0.598958,0.038156,0.3125,0.037876,0.532631,0.003262,0.065972,0.021163,0.003472,0.0048,0.088542,0.023992,0.413194,0.040795,0.284166,0.001095,0.082321,0.001079,0.136521,0.040739,192
0.1,risk_budgeted_goal_recovery,1,0.633681,0.038162,0.355903,0.036764,0.53302,0.003189,0.052083,0.018471,0.001736,0.003403,0.09375,0.022838,0.401042,0.037229,0.283516,0.001084,0.082364,0.001067,0.202539,0.03649,192
0.1,risk_budgeted_goal_recovery,2,0.619792,0.03756,0.338542,0.040216,0.532844,0.003388,0.057292,0.020278,0.001736,0.003403,0.081597,0.0225,0.407986,0.041696,0.28442,0.001084,0.082104,0.001033,0.175558,0.04157,192
0.1,risk_budgeted_goal_recovery,3,0.602431,0.040059,0.324653,0.03873,0.534134,0.003184,0.065972,0.020033,0.0,0.0,0.088542,0.022489,0.380208,0.038175,0.284279,0.001013,0.083107,0.000987,0.149731,0.040503,192
0.1,risk_budgeted_goal_recovery,4,0.600694,0.043219,0.291667,0.037528,0.532898,0.003392,0.052083,0.01783,0.001736,0.003403,0.097222,0.024044,0.409722,0.03767,0.28382,0.00105,0.082363,0.001098,0.125937,0.03934,192
0.1,risk_budgeted_goal_recovery,5,0.604167,0.039677,0.340278,0.037047,0.532762,0.003304,0.059028,0.01868,0.001736,0.003403,0.095486,0.023941,0.413194,0.04192,0.283709,0.001061,0.082178,0.001072,0.166842,0.041054,192
0.1,risk_budgeted_goal_recovery,6,0.602431,0.039474,0.354167,0.037876,0.532923,0.003185,0.074653,0.021944,0.003472,0.0048,0.095486,0.02626,0.385417,0.041967,0.284266,0.000976,0.082635,0.001028,0.170046,0.039715,192
0.1,risk_budgeted_goal_recovery,7,0.614583,0.041688,0.333333,0.038599,0.532001,0.003062,0.065972,0.019443,0.003472,0.0048,0.086806,0.025753,0.409722,0.041773,0.28415,0.001006,0.082401,0.001105,0.162674,0.041216,192
0.1,risk_budgeted_goal_recovery,8,0.619792,0.035977,0.324653,0.037508,0.533572,0.003123,0.057292,0.018476,0.003472,0.006806,0.104167,0.026261,0.413194,0.039342,0.284873,0.001024,0.081987,0.001078,0.159052,0.039525,192
0.1,risk_budgeted_goal_recovery,9,0.635417,0.039832,0.347222,0.041458,0.533836,0.003282,0.052083,0.019091,0.001736,0.003403,0.090278,0.023118,0.373264,0.042371,0.283664,0.001107,0.08248,0.001112,0.182635,0.043419,192
0.1,risk_calibrated_goal_belief_revision_v5,0,0.628472,0.040866,0.461806,0.038217,0.723456,0.003359,0.0,0.0,0.0,0.0,0.017361,0.010504,0.552083,0.039978,0.313537,0.001062,0.035198,0.001079,0.370004,0.040491,192
0.1,risk_calibrated_goal_belief_revision_v5,1,0.685764,0.036165,0.461806,0.040002,0.724362,0.003418,0.001736,0.003403,0.0,0.0,0.012153,0.00886,0.520833,0.040259,0.314286,0.000989,0.035218,0.000988,0.371853,0.04142,192
0.1,risk_calibrated_goal_belief_revision_v5,2,0.675347,0.036882,0.446181,0.039345,0.724165,0.003296,0.001736,0.003403,0.0,0.0,0.010417,0.008225,0.534722,0.04525,0.314055,0.00093,0.03463,0.001049,0.356746,0.04096,192
0.1,risk_calibrated_goal_belief_revision_v5,3,0.657986,0.03873,0.458333,0.042475,0.723495,0.00324,0.001736,0.003403,0.0,0.0,0.017361,0.010504,0.541667,0.036903,0.31325,0.001069,0.034325,0.001043,0.364434,0.044114,192
0.1,risk_calibrated_goal_belief_revision_v5,4,0.638889,0.040175,0.447917,0.041967,0.724485,0.003321,0.003472,0.006806,0.0,0.0,0.026042,0.013573,0.559028,0.038293,0.314376,0.001212,0.035096,0.001022,0.343759,0.042202,192
0.1,risk_calibrated_goal_belief_revision_v5,5,0.609375,0.041691,0.413194,0.04022,0.725331,0.003219,0.001736,0.003403,0.0,0.0,0.019097,0.010986,0.524306,0.041642,0.314098,0.001065,0.03517,0.000988,0.31656,0.04219,192
0.1,risk_calibrated_goal_belief_revision_v5,6,0.645833,0.039382,0.458333,0.041645,0.723126,0.003377,0.0,0.0,0.0,0.0,0.020833,0.011443,0.552083,0.041967,0.314673,0.001196,0.035381,0.001044,0.363115,0.043508,192
0.1,risk_calibrated_goal_belief_revision_v5,7,0.597222,0.04003,0.402778,0.041458,0.723318,0.003162,0.0,0.0,0.0,0.0,0.013889,0.009446,0.526042,0.04134,0.314629,0.001058,0.034928,0.00098,0.307832,0.042817,192
0.1,risk_calibrated_goal_belief_revision_v5,8,0.661458,0.040505,0.458333,0.041645,0.722905,0.003187,0.005208,0.005863,0.0,0.0,0.019097,0.011999,0.532986,0.0429,0.3137,0.001056,0.035076,0.00106,0.364033,0.04411,192
0.1,risk_calibrated_goal_belief_revision_v5,9,0.633681,0.04024,0.434028,0.041291,0.722753,0.0032,0.0,0.0,0.0,0.0,0.020833,0.011443,0.515625,0.041726,0.314163,0.001045,0.033925,0.001039,0.337235,0.042961,192
0.1,robust_mpc_replan,0,0.541667,0.041364,0.291667,0.036586,0.450256,0.003148,0.09375,0.025258,0.03125,0.013779,0.105903,0.023043,0.345486,0.039308,0.269546,0.001223,0.115034,0.001081,0.083741,0.038427,192
0.1,robust_mpc_replan,1,0.494792,0.042605,0.243056,0.034442,0.450209,0.003304,0.090278,0.023616,0.024306,0.012291,0.130208,0.031213,0.34375,0.039759,0.269997,0.001084,0.115294,0.001061,0.034707,0.038507,192
0.1,robust_mpc_replan,2,0.496528,0.041781,0.253472,0.035941,0.449664,0.003083,0.086806,0.023384,0.019097,0.011999,0.105903,0.025444,0.314236,0.037431,0.269378,0.000982,0.11571,0.00112,0.047182,0.039695,192
0.1,robust_mpc_replan,3,0.506944,0.041212,0.229167,0.033644,0.451698,0.003054,0.086806,0.023384,0.024306,0.012291,0.116319,0.027212,0.328125,0.038441,0.269291,0.001051,0.115473,0.001055,0.020332,0.038518,192
0.1,robust_mpc_replan,4,0.498264,0.040654,0.251736,0.0357,0.450313,0.003391,0.100694,0.024239,0.020833,0.012419,0.131944,0.026408,0.338542,0.038137,0.269754,0.00101,0.115403,0.001129,0.044599,0.040024,192
0.1,robust_mpc_replan,5,0.560764,0.042832,0.270833,0.035001,0.450584,0.003307,0.09375,0.023836,0.017361,0.011559,0.142361,0.029933,0.376736,0.040904,0.269142,0.001097,0.115407,0.001024,0.056593,0.038833,192
0.1,robust_mpc_replan,6,0.529514,0.042951,0.243056,0.035441,0.449884,0.003182,0.105903,0.024512,0.015625,0.009992,0.109375,0.024203,0.34375,0.03857,0.269479,0.001109,0.115275,0.001103,0.043487,0.037805,192
0.1,robust_mpc_replan,7,0.491319,0.041487,0.255208,0.037753,0.449771,0.003188,0.083333,0.023139,0.019097,0.010986,0.123264,0.02659,0.357639,0.041361,0.26934,0.001177,0.116163,0.001009,0.061852,0.040062,192
0.1,robust_mpc_replan,8,0.512153,0.041469,0.229167,0.035985,0.451958,0.00315,0.079861,0.02184,0.032986,0.016404,0.097222,0.024044,0.357639,0.040508,0.269683,0.001078,0.115163,0.001111,0.038888,0.039803,192
0.1,robust_mpc_replan,9,0.506944,0.043143,0.253472,0.038444,0.448346,0.003198,0.111111,0.025682,0.022569,0.011877,0.09375,0.024319,0.359375,0.03827,0.269557,0.001095,0.115597,0.001122,0.046049,0.043355,192
0.18,active_subgoal_probe_policy,0,0.751736,0.035207,0.461806,0.04199,0.532733,0.003236,0.098958,0.02462,0.046875,0.017128,0.059028,0.01868,0.432292,0.039798,0.326966,0.00099,0.113504,0.001053,0.225816,0.044426,192
0.18,active_subgoal_probe_policy,1,0.758681,0.03418,0.409722,0.038887,0.533874,0.003243,0.083333,0.024124,0.036458,0.016256,0.053819,0.018685,0.421875,0.040289,0.327438,0.00101,0.113019,0.001051,0.205844,0.042417,192
0.18,active_subgoal_probe_policy,2,0.777778,0.035236,0.451389,0.040928,0.534586,0.00326,0.079861,0.022366,0.039931,0.015351,0.055556,0.018893,0.395833,0.040547,0.327932,0.001125,0.112819,0.001086,0.23627,0.046771,192
0.18,active_subgoal_probe_policy,3,0.760417,0.03067,0.446181,0.038143,0.536355,0.003201,0.100694,0.024715,0.057292,0.019096,0.071181,0.021099,0.454861,0.038369,0.328511,0.001052,0.11317,0.001079,0.211513,0.04374,192
0.18,active_subgoal_probe_policy,4,0.748264,0.033687,0.423611,0.03767,0.534758,0.003344,0.097222,0.024523,0.045139,0.01688,0.053819,0.018051,0.40625,0.039613,0.327362,0.000981,0.113429,0.001037,0.20499,0.040251,192
0.18,active_subgoal_probe_policy,5,0.776042,0.03518,0.447917,0.040842,0.533804,0.003108,0.0625,0.020822,0.050347,0.018252,0.064236,0.019855,0.434028,0.040148,0.326566,0.001023,0.113093,0.001044,0.232086,0.045475,192
0.18,active_subgoal_probe_policy,6,0.784722,0.034778,0.411458,0.040144,0.533361,0.003207,0.083333,0.02263,0.039931,0.016091,0.074653,0.021407,0.420139,0.040508,0.327514,0.001179,0.11311,0.001141,0.184955,0.045992,192
0.18,active_subgoal_probe_policy,7,0.784722,0.031989,0.479167,0.043591,0.5352,0.003347,0.100694,0.023259,0.043403,0.016625,0.039931,0.015351,0.4375,0.042509,0.327051,0.001086,0.113807,0.001119,0.258215,0.048007,192
0.18,active_subgoal_probe_policy,8,0.769097,0.034265,0.430556,0.040319,0.535883,0.00327,0.105903,0.025444,0.039931,0.015351,0.055556,0.018267,0.463542,0.040325,0.326464,0.000973,0.112637,0.001105,0.20999,0.044175,192
0.18,active_subgoal_probe_policy,9,0.756944,0.035441,0.434028,0.040723,0.533434,0.003274,0.083333,0.023139,0.050347,0.016928,0.064236,0.01926,0.473958,0.043801,0.32733,0.001109,0.112391,0.001094,0.226169,0.044585,192
0.18,active_viewpoint_reacquisition,0,0.717014,0.036843,0.329861,0.038293,0.423877,0.0032,0.131944,0.028932,0.0625,0.019072,0.079861,0.023384,0.402778,0.039738,0.301644,0.001068,0.14538,0.001013,0.071576,0.043207,192
0.18,active_viewpoint_reacquisition,1,0.704861,0.034705,0.34375,0.037031,0.423909,0.003256,0.138889,0.02948,0.065972,0.020606,0.097222,0.026353,0.381944,0.040643,0.301329,0.001025,0.145434,0.001103,0.072139,0.045103,192
0.18,active_viewpoint_reacquisition,2,0.710069,0.040041,0.340278,0.040355,0.42251,0.003256,0.177083,0.03197,0.064236,0.020433,0.095486,0.025813,0.392361,0.04122,0.302275,0.000988,0.145756,0.00096,0.047704,0.044802,192
0.18,active_viewpoint_reacquisition,3,0.6875,0.037256,0.329861,0.039784,0.423724,0.003358,0.145833,0.029595,0.067708,0.020206,0.069444,0.021487,0.362847,0.039713,0.301936,0.001123,0.145251,0.00109,0.056891,0.043782,192
0.18,active_viewpoint_reacquisition,4,0.663194,0.04122,0.302083,0.038646,0.422399,0.003298,0.149306,0.027607,0.059028,0.021025,0.067708,0.021327,0.390625,0.040558,0.300224,0.001022,0.145142,0.001123,0.043949,0.043627,192
0.18,active_viewpoint_reacquisition,5,0.684028,0.037292,0.328125,0.038137,0.422197,0.003324,0.163194,0.031635,0.064236,0.020433,0.067708,0.020774,0.371528,0.040002,0.302313,0.001118,0.145174,0.001037,0.050887,0.044076,192
0.18,active_viewpoint_reacquisition,6,0.670139,0.038596,0.336806,0.040075,0.424193,0.003123,0.145833,0.027978,0.052083,0.02084,0.092014,0.022207,0.364583,0.040699,0.302018,0.001146,0.144974,0.001064,0.081748,0.043937,192
0.18,active_viewpoint_reacquisition,7,0.684028,0.037292,0.314236,0.037431,0.423667,0.003315,0.128472,0.027607,0.059028,0.019293,0.071181,0.02054,0.402778,0.041176,0.302081,0.001018,0.145505,0.001135,0.056728,0.041969,192
0.18,active_viewpoint_reacquisition,8,0.678819,0.038105,0.347222,0.038849,0.424173,0.003266,0.128472,0.02675,0.057292,0.018476,0.09375,0.023343,0.387153,0.036426,0.302098,0.001119,0.14507,0.001084,0.088719,0.04474,192
0.18,active_viewpoint_reacquisition,9,0.711806,0.038369,0.345486,0.037489,0.42484,0.003208,0.140625,0.029512,0.076389,0.023118,0.071181,0.02054,0.375,0.039933,0.30204,0.001016,0.145235,0.001041,0.067753,0.045236,192
0.18,conformal_goal_validity_filter,0,0.864583,0.02736,0.498264,0.041504,0.527025,0.00334,0.076389,0.023118,0.032986,0.014918,0.072917,0.021255,0.364583,0.042105,0.288435,0.001068,0.072098,0.001131,0.283013,0.046649,192
0.18,conformal_goal_validity_filter,1,0.836806,0.030511,0.46875,0.040984,0.526512,0.003265,0.064236,0.019855,0.019097,0.010986,0.071181,0.02054,0.354167,0.038182,0.288348,0.001182,0.071959,0.001127,0.276211,0.044057,192
0.18,conformal_goal_validity_filter,2,0.887153,0.0253,0.524306,0.042197,0.525955,0.003096,0.092014,0.023232,0.026042,0.012687,0.078125,0.021699,0.348958,0.040737,0.288557,0.000973,0.071319,0.001128,0.298096,0.045791,192
0.18,conformal_goal_validity_filter,3,0.84375,0.030095,0.475694,0.042472,0.526314,0.003222,0.105903,0.025897,0.022569,0.01282,0.104167,0.027133,0.319444,0.038548,0.287923,0.001051,0.071752,0.001091,0.241903,0.049185,192
0.18,conformal_goal_validity_filter,4,0.864583,0.026495,0.503472,0.040652,0.526668,0.003488,0.069444,0.020375,0.029514,0.01343,0.067708,0.019019,0.331597,0.040511,0.287838,0.001022,0.071907,0.00108,0.300957,0.042634,192
0.18,conformal_goal_validity_filter,5,0.883681,0.027212,0.512153,0.042303,0.526495,0.003199,0.100694,0.024715,0.029514,0.01427,0.076389,0.020446,0.328125,0.040505,0.289115,0.001091,0.071691,0.001041,0.283327,0.048456,192
0.18,conformal_goal_validity_filter,6,0.852431,0.030395,0.473958,0.042176,0.525969,0.003297,0.100694,0.027395,0.015625,0.009992,0.069444,0.021487,0.357639,0.039342,0.289037,0.000974,0.071731,0.001077,0.264286,0.049407,192
0.18,conformal_goal_validity_filter,7,0.821181,0.033383,0.467014,0.042354,0.525852,0.00309,0.074653,0.021944,0.026042,0.012687,0.0625,0.019673,0.319444,0.036692,0.288182,0.001154,0.072032,0.001041,0.272236,0.047753,192
0.18,conformal_goal_validity_filter,8,0.855903,0.030728,0.477431,0.041099,0.526547,0.003376,0.074653,0.020856,0.032986,0.015679,0.078125,0.022747,0.359375,0.037964,0.288256,0.001142,0.071485,0.001029,0.265629,0.047052,192
0.18,conformal_goal_validity_filter,9,0.842014,0.029322,0.465278,0.038586,0.526016,0.003227,0.102431,0.025272,0.022569,0.011877,0.072917,0.021255,0.331597,0.040511,0.286825,0.000952,0.072125,0.001028,0.239833,0.045435,192
0.18,failure_aware_manipulation_policy,0,0.744792,0.035529,0.402778,0.041176,0.481758,0.00326,0.102431,0.025728,0.053819,0.020469,0.067708,0.020774,0.310764,0.038009,0.286113,0.001107,0.120047,0.001125,0.160713,0.048514,192
0.18,failure_aware_manipulation_policy,1,0.746528,0.036583,0.397569,0.03888,0.481782,0.003364,0.085069,0.02171,0.039931,0.016799,0.072917,0.021795,0.378472,0.038671,0.287233,0.001041,0.119817,0.001086,0.171558,0.044696,192
0.18,failure_aware_manipulation_policy,2,0.756944,0.036413,0.430556,0.042566,0.482678,0.003121,0.09375,0.025258,0.038194,0.015057,0.083333,0.02211,0.366319,0.038162,0.286454,0.001107,0.119598,0.001065,0.194673,0.046322,192
0.18,failure_aware_manipulation_policy,3,0.753472,0.034621,0.394097,0.043773,0.482399,0.003441,0.100694,0.025182,0.036458,0.016256,0.059028,0.019887,0.362847,0.040005,0.287226,0.001089,0.120272,0.001043,0.177688,0.046653,192
0.18,failure_aware_manipulation_policy,4,0.762153,0.034328,0.425347,0.041276,0.482081,0.003138,0.076389,0.023118,0.046875,0.016434,0.081597,0.023012,0.348958,0.036519,0.287336,0.001016,0.120341,0.001042,0.203595,0.046281,192
0.18,failure_aware_manipulation_policy,5,0.730903,0.038276,0.434028,0.042677,0.482101,0.00332,0.088542,0.023001,0.032986,0.014918,0.067708,0.020206,0.376736,0.040618,0.287072,0.001055,0.119685,0.001117,0.229631,0.045785,192
0.18,failure_aware_manipulation_policy,6,0.758681,0.033142,0.392361,0.039784,0.482082,0.003188,0.100694,0.023754,0.039931,0.016091,0.079861,0.0213,0.376736,0.037333,0.286552,0.001084,0.120724,0.001058,0.163466,0.043959,192
0.18,failure_aware_manipulation_policy,7,0.710069,0.03475,0.355903,0.038617,0.481121,0.003318,0.098958,0.02688,0.043403,0.015909,0.085069,0.023758,0.364583,0.041549,0.286762,0.00105,0.120001,0.001036,0.12208,0.042326,192
0.18,failure_aware_manipulation_policy,8,0.751736,0.036506,0.387153,0.037059,0.481753,0.003311,0.085069,0.02224,0.039931,0.016799,0.078125,0.022229,0.350694,0.038821,0.286154,0.001125,0.120413,0.001091,0.162118,0.042134,192
0.18,failure_aware_manipulation_policy,9,0.755208,0.034701,0.4375,0.039382,0.481286,0.003236,0.078125,0.021156,0.027778,0.013928,0.095486,0.024423,0.34375,0.038871,0.287342,0.001044,0.120562,0.001025,0.219805,0.041623,192
0.18,goal_retargeting_heuristic,0,0.727431,0.037779,0.375,0.039933,0.396676,0.00322,0.100694,0.02564,0.038194,0.017884,0.100694,0.023754,0.262153,0.037099,0.277709,0.001072,0.13853,0.001017,0.140831,0.045909,192
0.18,goal_retargeting_heuristic,1,0.711806,0.038971,0.366319,0.037856,0.395761,0.003142,0.097222,0.023555,0.064236,0.019855,0.112847,0.025756,0.272569,0.037779,0.2781,0.000855,0.138721,0.001104,0.105189,0.04114,192
0.18,goal_retargeting_heuristic,2,0.685764,0.039252,0.319444,0.038849,0.396148,0.003443,0.104167,0.023451,0.043403,0.01797,0.085069,0.023263,0.291667,0.038448,0.27762,0.001109,0.138058,0.001092,0.075109,0.044366,192
0.18,goal_retargeting_heuristic,3,0.710069,0.038257,0.380208,0.041952,0.395051,0.003201,0.085069,0.021167,0.045139,0.01688,0.100694,0.024715,0.288194,0.037448,0.278415,0.001027,0.138673,0.001019,0.149486,0.047516,192
0.18,goal_retargeting_heuristic,4,0.710069,0.03475,0.361111,0.036213,0.39523,0.003161,0.100694,0.023754,0.067708,0.020206,0.112847,0.0253,0.296875,0.039004,0.277668,0.001139,0.139201,0.001094,0.103633,0.040892,192
0.18,goal_retargeting_heuristic,5,0.722222,0.038093,0.329861,0.040364,0.395967,0.003103,0.119792,0.027337,0.071181,0.021643,0.097222,0.026353,0.270833,0.038182,0.277624,0.000992,0.137874,0.001011,0.051541,0.042011,192
0.18,goal_retargeting_heuristic,6,0.696181,0.038219,0.355903,0.038617,0.393617,0.003195,0.104167,0.024424,0.050347,0.016928,0.111111,0.026131,0.286458,0.038175,0.278898,0.001006,0.138509,0.001078,0.110131,0.042271,192
0.18,goal_retargeting_heuristic,7,0.701389,0.036732,0.336806,0.040937,0.396871,0.003473,0.105903,0.026781,0.067708,0.022392,0.092014,0.023232,0.274306,0.036102,0.277176,0.001067,0.138842,0.001072,0.082689,0.047838,192
0.18,goal_retargeting_heuristic,8,0.725694,0.034113,0.350694,0.04058,0.396061,0.003446,0.095486,0.024423,0.050347,0.016928,0.092014,0.022207,0.256944,0.03736,0.277873,0.001141,0.13845,0.001082,0.099261,0.045361,192
0.18,goal_retargeting_heuristic,9,0.720486,0.038898,0.333333,0.038296,0.394452,0.003229,0.104167,0.025359,0.055556,0.018893,0.109375,0.024679,0.322917,0.039169,0.277004,0.001119,0.138515,0.001034,0.077349,0.041794,192
0.18,learned_goal_state_classifier,0,0.774306,0.035779,0.463542,0.041743,0.548268,0.00322,0.090278,0.025512,0.038194,0.015812,0.095486,0.024423,0.361111,0.038397,0.277175,0.001012,0.102108,0.00102,0.235783,0.047656,192
0.18,learned_goal_state_classifier,1,0.810764,0.030347,0.449653,0.038541,0.547613,0.002986,0.076389,0.022088,0.041667,0.017058,0.076389,0.022609,0.381944,0.041493,0.277319,0.000999,0.102327,0.00107,0.227009,0.045811,192
0.18,learned_goal_state_classifier,2,0.753472,0.033942,0.432292,0.040951,0.54705,0.003189,0.088542,0.021966,0.032986,0.014918,0.057292,0.019096,0.314236,0.038352,0.277666,0.001113,0.102622,0.001014,0.223855,0.044036,192
0.18,learned_goal_state_classifier,3,0.753472,0.036583,0.383681,0.038692,0.546452,0.003465,0.057292,0.019696,0.036458,0.014755,0.060764,0.020646,0.392361,0.03737,0.277824,0.001079,0.102343,0.001145,0.194505,0.043281,192
0.18,learned_goal_state_classifier,4,0.765625,0.031653,0.435764,0.039621,0.547351,0.003297,0.079861,0.022366,0.034722,0.015972,0.065972,0.021706,0.366319,0.038767,0.277721,0.001036,0.102336,0.00111,0.234973,0.043744,192
0.18,learned_goal_state_classifier,5,0.777778,0.032842,0.456597,0.04244,0.54659,0.003496,0.074653,0.022468,0.022569,0.011877,0.086806,0.024832,0.397569,0.042044,0.277771,0.000975,0.102644,0.001103,0.25505,0.046378,192
0.18,learned_goal_state_classifier,6,0.769097,0.03323,0.473958,0.04134,0.547754,0.003296,0.100694,0.025182,0.032986,0.014116,0.071181,0.02054,0.383681,0.041311,0.277032,0.001034,0.102262,0.001045,0.25844,0.044005,192
0.18,learned_goal_state_classifier,7,0.769097,0.035269,0.434028,0.041851,0.548868,0.003217,0.078125,0.020598,0.029514,0.01343,0.078125,0.020025,0.385417,0.041126,0.277725,0.001028,0.102246,0.001065,0.228278,0.044921,192
0.18,learned_goal_state_classifier,8,0.776042,0.035835,0.4375,0.042235,0.547063,0.003209,0.081597,0.023012,0.034722,0.015226,0.053819,0.018685,0.322917,0.036397,0.278913,0.00104,0.102143,0.001062,0.244824,0.045485,192
0.18,learned_goal_state_classifier,9,0.770833,0.033989,0.418403,0.04015,0.546661,0.003194,0.085069,0.022757,0.026042,0.012687,0.064236,0.01926,0.376736,0.037952,0.27784,0.001046,0.102238,0.001068,0.221847,0.04747,192
0.18,oracle_goal_state_supervisor,0,1.0,0.0,0.871528,0.028025,0.787761,0.003304,0.0,0.0,0.0,0.0,0.0,0.0,0.576389,0.040928,0.35579,0.00111,0.017892,0.001082,0.804088,0.028408,192
0.18,oracle_goal_state_supervisor,1,1.0,0.0,0.883681,0.028055,0.786025,0.003091,0.0,0.0,0.0,0.0,0.0,0.0,0.588542,0.03956,0.357028,0.000997,0.017619,0.001074,0.81561,0.028243,192
0.18,oracle_goal_state_supervisor,2,1.0,0.0,0.875,0.026206,0.787915,0.003283,0.0,0.0,0.0,0.0,0.0,0.0,0.592014,0.041696,0.355349,0.00108,0.017612,0.001041,0.806459,0.026491,192
0.18,oracle_goal_state_supervisor,3,1.0,0.0,0.847222,0.026791,0.788691,0.0032,0.001736,0.003403,0.0,0.0,0.0,0.0,0.592014,0.042798,0.356692,0.000982,0.017799,0.001096,0.778138,0.027331,192
0.18,oracle_goal_state_supervisor,4,1.0,0.0,0.887153,0.026645,0.787143,0.003212,0.001736,0.003403,0.0,0.0,0.0,0.0,0.609375,0.037579,0.355915,0.001051,0.01778,0.001075,0.819175,0.026476,192
0.18,oracle_goal_state_supervisor,5,1.0,0.0,0.887153,0.026204,0.787555,0.003403,0.0,0.0,0.001736,0.003403,0.0,0.0,0.595486,0.039233,0.355903,0.001072,0.017754,0.001058,0.818746,0.026931,192
0.18,oracle_goal_state_supervisor,6,1.0,0.0,0.871528,0.026312,0.788026,0.003119,0.0,0.0,0.0,0.0,0.0,0.0,0.545139,0.040436,0.356392,0.00095,0.017254,0.001041,0.80084,0.026709,192
0.18,oracle_goal_state_supervisor,7,1.0,0.0,0.862847,0.027399,0.78759,0.002984,0.0,0.0,0.0,0.0,0.0,0.0,0.569444,0.042566,0.355576,0.001071,0.018079,0.001104,0.79448,0.028095,192
0.18,oracle_goal_state_supervisor,8,1.0,0.0,0.868056,0.027699,0.790354,0.003215,0.0,0.0,0.0,0.0,0.0,0.0,0.585069,0.038823,0.355527,0.001102,0.017707,0.001038,0.801316,0.027863,192
0.18,oracle_goal_state_supervisor,9,1.0,0.0,0.848958,0.029265,0.787773,0.003526,0.0,0.0,0.0,0.0,0.0,0.0,0.564236,0.040204,0.354659,0.001008,0.017551,0.001079,0.779444,0.029489,192
0.18,pomdp_belief_planner,0,0.737847,0.03347,0.383681,0.038086,0.485935,0.003284,0.130208,0.028484,0.046875,0.017128,0.083333,0.024124,0.368056,0.038283,0.285511,0.001173,0.124525,0.001054,0.129339,0.046012,192
0.18,pomdp_belief_planner,1,0.722222,0.036213,0.395833,0.041117,0.486308,0.003138,0.114583,0.026714,0.043403,0.016625,0.098958,0.023656,0.368056,0.038283,0.284683,0.00108,0.123517,0.001084,0.14345,0.046023,192
0.18,pomdp_belief_planner,2,0.737847,0.035166,0.404514,0.040114,0.485848,0.003296,0.100694,0.023754,0.052083,0.018471,0.088542,0.023992,0.350694,0.037603,0.285313,0.001162,0.123376,0.001033,0.162491,0.045293,192
0.18,pomdp_belief_planner,3,0.734375,0.036599,0.388889,0.040175,0.48642,0.003264,0.121528,0.026967,0.045139,0.01688,0.111111,0.026131,0.355903,0.040095,0.285178,0.00114,0.124083,0.001151,0.133352,0.0454,192
0.18,pomdp_belief_planner,4,0.746528,0.033597,0.407986,0.041696,0.486137,0.003481,0.125,0.025758,0.055556,0.018267,0.088542,0.022489,0.331597,0.039639,0.284956,0.00099,0.123779,0.001073,0.141811,0.046834,192
0.18,pomdp_belief_planner,5,0.744792,0.037131,0.388889,0.041877,0.486723,0.003113,0.116319,0.028466,0.048611,0.018661,0.090278,0.023118,0.338542,0.038742,0.284898,0.001052,0.123872,0.001093,0.142245,0.045726,192
0.18,pomdp_belief_planner,6,0.736111,0.03507,0.378472,0.037135,0.48618,0.003428,0.119792,0.027337,0.046875,0.017128,0.09375,0.025258,0.381944,0.038586,0.284965,0.001062,0.123711,0.001089,0.12637,0.041246,192
0.18,pomdp_belief_planner,7,0.743056,0.036732,0.409722,0.038586,0.487641,0.003205,0.111111,0.026573,0.048611,0.016685,0.090278,0.025051,0.376736,0.037644,0.285231,0.001182,0.123441,0.00105,0.161899,0.04616,192
0.18,pomdp_belief_planner,8,0.736111,0.0344,0.399306,0.042128,0.487657,0.003193,0.114583,0.026275,0.064236,0.01926,0.086806,0.024359,0.350694,0.037911,0.28379,0.00103,0.124395,0.001063,0.147979,0.047023,192
0.18,pomdp_belief_planner,9,0.763889,0.03406,0.385417,0.040842,0.486974,0.003078,0.147569,0.028822,0.043403,0.015909,0.088542,0.023001,0.305556,0.039884,0.285469,0.001023,0.123955,0.000988,0.112406,0.045447,192
0.18,proposed_disappearing_goal_belief_revision_v4,0,0.824653,0.03049,0.538194,0.03971,0.637573,0.003259,0.046875,0.017128,0.008681,0.007529,0.032986,0.014918,0.465278,0.041493,0.314987,0.001044,0.082612,0.00104,0.386869,0.042669,192
0.18,proposed_disappearing_goal_belief_revision_v4,1,0.800347,0.033794,0.536458,0.041463,0.637305,0.003286,0.041667,0.016362,0.024306,0.012291,0.043403,0.016625,0.442708,0.040126,0.314225,0.001046,0.082709,0.001124,0.373418,0.044162,192
0.18,proposed_disappearing_goal_belief_revision_v4,2,0.815972,0.033337,0.567708,0.041516,0.639129,0.003114,0.045139,0.018207,0.003472,0.0048,0.039931,0.015351,0.472222,0.039296,0.313787,0.001023,0.082198,0.001158,0.425844,0.04539,192
0.18,proposed_disappearing_goal_belief_revision_v4,3,0.831597,0.028948,0.555556,0.038699,0.637481,0.003245,0.041667,0.016362,0.022569,0.011877,0.024306,0.012291,0.479167,0.041958,0.313881,0.00108,0.082715,0.001021,0.410589,0.043115,192
0.18,proposed_disappearing_goal_belief_revision_v4,4,0.803819,0.032455,0.546875,0.040684,0.638787,0.003282,0.036458,0.015523,0.019097,0.010986,0.043403,0.016625,0.503472,0.040937,0.313959,0.001093,0.082478,0.001094,0.398636,0.045315,192
0.18,proposed_disappearing_goal_belief_revision_v4,5,0.814236,0.031151,0.543403,0.04244,0.638044,0.003265,0.065972,0.018835,0.017361,0.011559,0.027778,0.013928,0.458333,0.040511,0.314628,0.001162,0.082573,0.001032,0.379974,0.044773,192
0.18,proposed_disappearing_goal_belief_revision_v4,6,0.828125,0.029733,0.564236,0.038428,0.636712,0.003357,0.045139,0.01688,0.026042,0.013573,0.03125,0.013779,0.465278,0.044733,0.314933,0.000962,0.08276,0.001024,0.408757,0.042791,192
0.18,proposed_disappearing_goal_belief_revision_v4,7,0.836806,0.03272,0.53125,0.042381,0.636534,0.003439,0.060764,0.020646,0.012153,0.00886,0.038194,0.015057,0.456597,0.041888,0.314439,0.001056,0.08232,0.001146,0.371402,0.045494,192
0.18,proposed_disappearing_goal_belief_revision_v4,8,0.779514,0.034624,0.524306,0.04192,0.63872,0.003011,0.045139,0.017556,0.024306,0.012291,0.036458,0.015523,0.465278,0.038283,0.314532,0.001032,0.082091,0.00108,0.368438,0.042777,192
0.18,proposed_disappearing_goal_belief_revision_v4,9,0.800347,0.032745,0.541667,0.039345,0.638185,0.003323,0.045139,0.018207,0.010417,0.008225,0.029514,0.01427,0.463542,0.043115,0.314523,0.001057,0.082351,0.001122,0.397746,0.040788,192
0.18,risk_budgeted_goal_recovery,0,0.847222,0.027646,0.53125,0.038946,0.532675,0.003186,0.083333,0.02263,0.020833,0.011443,0.050347,0.016928,0.397569,0.040636,0.313342,0.001045,0.082241,0.001015,0.332766,0.043943,192
0.18,risk_budgeted_goal_recovery,1,0.866319,0.028973,0.503472,0.040364,0.533322,0.003175,0.069444,0.020375,0.026042,0.012687,0.081597,0.0225,0.397569,0.039178,0.312833,0.001065,0.082038,0.001082,0.294876,0.044095,192
0.18,risk_budgeted_goal_recovery,2,0.850694,0.028438,0.519097,0.037894,0.531619,0.003444,0.072917,0.0207,0.013889,0.009446,0.053819,0.018051,0.404514,0.041539,0.313511,0.001057,0.082606,0.001037,0.333692,0.041531,192
0.18,risk_budgeted_goal_recovery,3,0.850694,0.031543,0.515625,0.04088,0.533726,0.003262,0.072917,0.021795,0.008681,0.007529,0.0625,0.020256,0.409722,0.04205,0.313427,0.000956,0.083114,0.000992,0.330347,0.043319,192
0.18,risk_budgeted_goal_recovery,4,0.831597,0.029741,0.473958,0.039908,0.533651,0.003317,0.060764,0.018879,0.019097,0.011999,0.055556,0.018893,0.392361,0.034789,0.313121,0.00104,0.082328,0.001039,0.28658,0.043793,192
0.18,risk_budgeted_goal_recovery,5,0.857639,0.029542,0.5,0.039197,0.533555,0.003395,0.083333,0.025071,0.015625,0.009992,0.074653,0.019708,0.366319,0.039658,0.312423,0.001059,0.082416,0.001141,0.29133,0.045129,192
0.18,risk_budgeted_goal_recovery,6,0.859375,0.026167,0.506944,0.040928,0.532532,0.003267,0.072917,0.0207,0.019097,0.010986,0.064236,0.020995,0.435764,0.041627,0.313502,0.001046,0.082658,0.001053,0.306015,0.043878,192
0.18,risk_budgeted_goal_recovery,7,0.850694,0.027182,0.538194,0.04058,0.532135,0.003035,0.076389,0.020446,0.017361,0.010504,0.074653,0.021944,0.395833,0.039382,0.313565,0.001063,0.082468,0.001044,0.335412,0.04653,192
0.18,risk_budgeted_goal_recovery,8,0.822917,0.033044,0.5,0.041223,0.532984,0.002997,0.09375,0.025258,0.015625,0.009992,0.0625,0.019072,0.413194,0.041642,0.313614,0.001071,0.082526,0.001078,0.295517,0.046333,192
0.18,risk_budgeted_goal_recovery,9,0.831597,0.03013,0.498264,0.040939,0.532994,0.003262,0.065972,0.020606,0.010417,0.008225,0.086806,0.0213,0.388889,0.039884,0.31295,0.001081,0.082182,0.001082,0.30434,0.043422,192
0.18,risk_calibrated_goal_belief_revision_v5,0,0.881944,0.025964,0.696181,0.038823,0.723893,0.003242,0.012153,0.00886,0.0,0.0,0.005208,0.005863,0.526042,0.041058,0.343144,0.001036,0.035047,0.001062,0.602512,0.039978,192
0.18,risk_calibrated_goal_belief_revision_v5,1,0.90625,0.024319,0.682292,0.036199,0.724865,0.003225,0.012153,0.00886,0.001736,0.003403,0.012153,0.00886,0.526042,0.04134,0.343535,0.001057,0.035296,0.00104,0.586791,0.036965,192
0.18,risk_calibrated_goal_belief_revision_v5,2,0.875,0.027079,0.671875,0.036579,0.723448,0.003343,0.006944,0.006752,0.003472,0.0048,0.010417,0.008225,0.53125,0.042654,0.343864,0.000993,0.034464,0.001029,0.574747,0.037996,192
0.18,risk_calibrated_goal_belief_revision_v5,3,0.868056,0.028116,0.642361,0.04022,0.724362,0.002983,0.013889,0.009446,0.0,0.0,0.008681,0.007529,0.541667,0.041645,0.342611,0.001063,0.034453,0.0011,0.553444,0.041815,192
0.18,risk_calibrated_goal_belief_revision_v5,4,0.880208,0.026471,0.651042,0.038079,0.724982,0.003558,0.005208,0.005863,0.0,0.0,0.008681,0.007529,0.513889,0.04003,0.343157,0.001172,0.034746,0.001035,0.561714,0.038867,192
0.18,risk_calibrated_goal_belief_revision_v5,5,0.881944,0.027276,0.645833,0.041117,0.725182,0.003123,0.010417,0.008225,0.001736,0.003403,0.008681,0.007529,0.581597,0.041574,0.343448,0.000971,0.03549,0.000985,0.554517,0.043215,192
0.18,risk_calibrated_goal_belief_revision_v5,6,0.895833,0.024424,0.689236,0.038314,0.723528,0.003403,0.005208,0.005863,0.0,0.0,0.008681,0.007529,0.532986,0.040385,0.344028,0.001204,0.035433,0.00104,0.598571,0.03992,192
0.18,risk_calibrated_goal_belief_revision_v5,7,0.878472,0.02609,0.630208,0.037171,0.723542,0.003179,0.013889,0.009446,0.0,0.0,0.008681,0.007529,0.555556,0.043513,0.343638,0.001118,0.034757,0.001032,0.540024,0.038364,192
0.18,risk_calibrated_goal_belief_revision_v5,8,0.890625,0.025605,0.684028,0.040292,0.723686,0.003288,0.008681,0.007529,0.003472,0.0048,0.006944,0.006752,0.545139,0.042677,0.342502,0.001072,0.034952,0.001078,0.595286,0.042203,192
0.18,risk_calibrated_goal_belief_revision_v5,9,0.881944,0.025964,0.651042,0.041022,0.723513,0.003206,0.005208,0.005863,0.0,0.0,0.003472,0.0048,0.519097,0.039986,0.34385,0.001024,0.034636,0.001039,0.565067,0.042065,192
0.18,robust_mpc_replan,0,0.763889,0.032306,0.401042,0.042211,0.451324,0.003087,0.109375,0.025147,0.03125,0.013779,0.097222,0.022545,0.366319,0.039066,0.298522,0.001206,0.115124,0.001052,0.165138,0.048362,192
0.18,robust_mpc_replan,1,0.779514,0.034286,0.395833,0.038787,0.449783,0.003186,0.098958,0.02462,0.045139,0.017556,0.095486,0.02191,0.333333,0.037683,0.298625,0.001025,0.11547,0.001058,0.141213,0.044537,192
0.18,robust_mpc_replan,2,0.765625,0.032019,0.413194,0.04022,0.44984,0.003108,0.088542,0.023502,0.045139,0.01688,0.092014,0.022725,0.336806,0.038596,0.298171,0.001019,0.115494,0.001137,0.163177,0.046771,192
0.18,robust_mpc_replan,3,0.795139,0.034028,0.439236,0.040313,0.449888,0.003086,0.114583,0.027572,0.046875,0.017794,0.097222,0.024523,0.364583,0.041828,0.297776,0.001149,0.115501,0.001069,0.173552,0.045877,192
0.18,robust_mpc_replan,4,0.758681,0.034519,0.411458,0.040144,0.450957,0.003462,0.090278,0.023118,0.043403,0.016625,0.098958,0.023656,0.338542,0.03783,0.298992,0.001108,0.115308,0.001172,0.173598,0.044482,192
0.18,robust_mpc_replan,5,0.75,0.034117,0.421875,0.039412,0.450028,0.003116,0.111111,0.026573,0.041667,0.017058,0.071181,0.022175,0.368056,0.039185,0.298207,0.000993,0.115759,0.001032,0.181608,0.047984,192
0.18,robust_mpc_replan,6,0.769097,0.034938,0.416667,0.040367,0.447573,0.003166,0.09375,0.025258,0.027778,0.013928,0.083333,0.023637,0.336806,0.03949,0.298821,0.00107,0.115148,0.001093,0.182221,0.043489,192
0.18,robust_mpc_replan,7,0.774306,0.035122,0.447917,0.041408,0.450202,0.003151,0.085069,0.022757,0.038194,0.016531,0.09375,0.024793,0.375,0.036586,0.29893,0.001194,0.116151,0.001042,0.223417,0.044775,192
0.18,robust_mpc_replan,8,0.762153,0.033643,0.434028,0.042677,0.451589,0.003217,0.095486,0.025358,0.050347,0.017602,0.085069,0.023263,0.319444,0.037321,0.299185,0.000994,0.115418,0.001104,0.186086,0.046222,192
0.18,robust_mpc_replan,9,0.762153,0.036625,0.427083,0.041897,0.448792,0.00322,0.097222,0.023555,0.036458,0.014755,0.085069,0.023758,0.385417,0.040556,0.298444,0.001096,0.115256,0.00111,0.18717,0.046559,192
0.28,active_subgoal_probe_policy,0,1.0,0.0,0.647569,0.039547,0.532313,0.003183,0.078125,0.022229,0.043403,0.01797,0.060764,0.019485,0.421875,0.039116,0.346392,0.000925,0.11351,0.00109,0.398067,0.048382,192
0.28,active_subgoal_probe_policy,1,1.0,0.0,0.626736,0.038333,0.533764,0.003196,0.069444,0.020939,0.034722,0.014441,0.052083,0.017165,0.479167,0.041958,0.346528,0.001003,0.11306,0.001047,0.399457,0.043201,192
0.28,active_subgoal_probe_policy,2,1.0,0.0,0.638889,0.039591,0.53359,0.003287,0.085069,0.022757,0.041667,0.016362,0.053819,0.019298,0.458333,0.043557,0.347412,0.001041,0.112671,0.001057,0.391051,0.046409,192
0.28,active_subgoal_probe_policy,3,1.0,0.0,0.633681,0.037236,0.536229,0.003324,0.102431,0.023357,0.032986,0.014116,0.048611,0.016685,0.461806,0.04058,0.347596,0.001059,0.113126,0.001045,0.388936,0.042795,192
0.28,active_subgoal_probe_policy,4,1.0,0.0,0.645833,0.038182,0.53425,0.003255,0.092014,0.026065,0.027778,0.013066,0.050347,0.016928,0.442708,0.041551,0.346943,0.000919,0.113525,0.001034,0.406916,0.046619,192
0.28,active_subgoal_probe_policy,5,1.0,0.0,0.609375,0.04252,0.534087,0.003279,0.081597,0.023012,0.029514,0.01343,0.041667,0.017728,0.454861,0.043219,0.345464,0.001012,0.113062,0.001035,0.38588,0.050207,192
0.28,active_subgoal_probe_policy,6,1.0,0.0,0.605903,0.037157,0.532636,0.003313,0.088542,0.023001,0.057292,0.019696,0.052083,0.018471,0.4375,0.04168,0.346313,0.001126,0.113278,0.00106,0.343614,0.048788,192
0.28,active_subgoal_probe_policy,7,1.0,0.0,0.611111,0.045347,0.534297,0.003286,0.116319,0.025444,0.043403,0.016625,0.0625,0.020256,0.449653,0.04117,0.347038,0.00103,0.113223,0.00113,0.341519,0.052726,192
0.28,active_subgoal_probe_policy,8,1.0,0.0,0.628472,0.03852,0.533863,0.003356,0.083333,0.023637,0.041667,0.015634,0.064236,0.01926,0.458333,0.039933,0.345956,0.00098,0.113245,0.001057,0.376545,0.045497,192
0.28,active_subgoal_probe_policy,9,1.0,0.0,0.637153,0.038219,0.532002,0.003407,0.109375,0.026935,0.032986,0.015679,0.048611,0.018026,0.467014,0.042628,0.346983,0.001047,0.112681,0.001103,0.381719,0.044741,192
0.28,active_viewpoint_reacquisition,0,0.993056,0.006752,0.524306,0.037214,0.42231,0.003194,0.152778,0.031206,0.046875,0.017794,0.0625,0.018451,0.428819,0.039085,0.325627,0.001092,0.145684,0.001054,0.205347,0.044836,192
0.28,active_viewpoint_reacquisition,1,0.987847,0.00886,0.524306,0.040795,0.423871,0.003253,0.147569,0.028003,0.036458,0.016256,0.088542,0.023992,0.378472,0.041851,0.32606,0.000978,0.145263,0.001045,0.210052,0.050615,192
0.28,active_viewpoint_reacquisition,2,0.987847,0.010089,0.506944,0.042873,0.42387,0.00324,0.130208,0.029684,0.069444,0.019796,0.072917,0.021255,0.409722,0.037978,0.326438,0.001016,0.145325,0.000963,0.184845,0.050266,192
0.28,active_viewpoint_reacquisition,3,0.993056,0.006752,0.510417,0.042036,0.42342,0.003466,0.125,0.027079,0.067708,0.020206,0.074653,0.023481,0.418403,0.038067,0.326238,0.001021,0.145587,0.0011,0.190844,0.052094,192
0.28,active_viewpoint_reacquisition,4,0.984375,0.011096,0.484375,0.040017,0.422582,0.003418,0.164931,0.032003,0.067708,0.019622,0.097222,0.025455,0.381944,0.0426,0.325231,0.001092,0.145219,0.001114,0.125853,0.046838,192
0.28,active_viewpoint_reacquisition,5,0.991319,0.007529,0.508681,0.043673,0.421685,0.003326,0.131944,0.026408,0.053819,0.018685,0.085069,0.02224,0.354167,0.042509,0.326438,0.001091,0.145116,0.001037,0.192014,0.054213,192
0.28,active_viewpoint_reacquisition,6,0.994792,0.005863,0.569444,0.041738,0.423216,0.003031,0.133681,0.028158,0.060764,0.020074,0.069444,0.022545,0.394097,0.041871,0.325698,0.001084,0.145095,0.001105,0.252454,0.051619,192
0.28,active_viewpoint_reacquisition,7,0.991319,0.007529,0.510417,0.042586,0.424579,0.003305,0.163194,0.030511,0.064236,0.020433,0.071181,0.021643,0.380208,0.038478,0.326595,0.000998,0.145706,0.001131,0.168813,0.051188,192
0.28,active_viewpoint_reacquisition,8,0.991319,0.007529,0.541667,0.041923,0.422959,0.003311,0.166667,0.031269,0.088542,0.023992,0.085069,0.024719,0.361111,0.041598,0.325372,0.001047,0.145576,0.001087,0.162629,0.054014,192
0.28,active_viewpoint_reacquisition,9,0.980903,0.011999,0.565972,0.043755,0.424833,0.003073,0.145833,0.027133,0.086806,0.022881,0.104167,0.025814,0.369792,0.043249,0.32576,0.000971,0.145129,0.001013,0.19213,0.056128,192
0.28,conformal_goal_validity_filter,0,1.0,0.0,0.564236,0.036565,0.527005,0.003444,0.065972,0.020606,0.039931,0.015351,0.079861,0.022881,0.314236,0.040421,0.300062,0.001035,0.071602,0.001114,0.327453,0.04391,192
0.28,conformal_goal_validity_filter,1,1.0,0.0,0.602431,0.037971,0.526845,0.003157,0.090278,0.023118,0.029514,0.015064,0.083333,0.021577,0.375,0.041082,0.30042,0.001043,0.0719,0.001149,0.36315,0.046173,192
0.28,conformal_goal_validity_filter,2,1.0,0.0,0.600694,0.039857,0.526135,0.003104,0.0625,0.019673,0.024306,0.013204,0.085069,0.023758,0.328125,0.038742,0.299929,0.001,0.071045,0.001105,0.385101,0.047271,192
0.28,conformal_goal_validity_filter,3,1.0,0.0,0.579861,0.041361,0.526882,0.003296,0.085069,0.023263,0.036458,0.014755,0.078125,0.023253,0.329861,0.03768,0.29985,0.001053,0.07191,0.001068,0.341199,0.048904,192
0.28,conformal_goal_validity_filter,4,1.0,0.0,0.550347,0.04117,0.527499,0.003325,0.100694,0.025182,0.039931,0.016091,0.059028,0.018046,0.333333,0.039787,0.298617,0.000975,0.071647,0.001099,0.302879,0.046979,192
0.28,conformal_goal_validity_filter,5,1.0,0.0,0.583333,0.039197,0.526103,0.003191,0.086806,0.022881,0.029514,0.01343,0.105903,0.024032,0.302083,0.037422,0.300436,0.001114,0.071583,0.000995,0.328077,0.043669,192
0.28,conformal_goal_validity_filter,6,1.0,0.0,0.572917,0.041897,0.527641,0.003347,0.064236,0.019855,0.026042,0.012687,0.057292,0.019696,0.328125,0.040505,0.300627,0.001085,0.071675,0.001059,0.36584,0.048348,192
0.28,conformal_goal_validity_filter,7,1.0,0.0,0.600694,0.041008,0.525999,0.003045,0.074653,0.021407,0.027778,0.013066,0.064236,0.019855,0.314236,0.038047,0.299481,0.001095,0.07208,0.001077,0.380395,0.045407,192
0.28,conformal_goal_validity_filter,8,1.0,0.0,0.555556,0.038397,0.526819,0.003371,0.069444,0.020375,0.019097,0.010986,0.078125,0.023253,0.326389,0.037978,0.299759,0.001098,0.071224,0.001104,0.340849,0.044336,192
0.28,conformal_goal_validity_filter,9,1.0,0.0,0.59375,0.040196,0.526623,0.003246,0.078125,0.022229,0.026042,0.013573,0.112847,0.027078,0.315972,0.03852,0.299099,0.000987,0.072137,0.000996,0.344444,0.048071,192
0.28,failure_aware_manipulation_policy,0,1.0,0.0,0.5625,0.040833,0.482882,0.003203,0.085069,0.022757,0.043403,0.015909,0.079861,0.023384,0.359375,0.041199,0.306669,0.000994,0.120173,0.001076,0.305749,0.050169,192
0.28,failure_aware_manipulation_policy,1,1.0,0.0,0.59375,0.039318,0.482224,0.003384,0.098958,0.025089,0.034722,0.015972,0.100694,0.023259,0.340278,0.039481,0.307509,0.001075,0.12012,0.001093,0.315639,0.047244,192
0.28,failure_aware_manipulation_policy,2,1.0,0.0,0.616319,0.041592,0.482314,0.003223,0.092014,0.022725,0.043403,0.017311,0.074653,0.021944,0.338542,0.039041,0.307356,0.001022,0.119796,0.001046,0.356156,0.051144,192
0.28,failure_aware_manipulation_policy,3,1.0,0.0,0.59375,0.040771,0.482419,0.003344,0.079861,0.023384,0.03125,0.015376,0.072917,0.021795,0.333333,0.039787,0.308377,0.001079,0.120444,0.001093,0.349229,0.048988,192
0.28,failure_aware_manipulation_policy,4,1.0,0.0,0.546875,0.043182,0.481469,0.00316,0.114583,0.027146,0.032986,0.014116,0.09375,0.023343,0.381944,0.040355,0.307964,0.000982,0.120415,0.001051,0.270799,0.051537,192
0.28,failure_aware_manipulation_policy,5,1.0,0.0,0.621528,0.039857,0.482168,0.003425,0.095486,0.025813,0.041667,0.015634,0.109375,0.025605,0.378472,0.038971,0.307328,0.000973,0.119557,0.001062,0.339925,0.049172,192
0.28,failure_aware_manipulation_policy,6,1.0,0.0,0.567708,0.037073,0.48238,0.003277,0.079861,0.022366,0.032986,0.014116,0.107639,0.025066,0.369792,0.04104,0.307436,0.001069,0.120787,0.001066,0.307355,0.045818,192
0.28,failure_aware_manipulation_policy,7,1.0,0.0,0.592014,0.041416,0.481565,0.00339,0.102431,0.025272,0.041667,0.017058,0.074653,0.020856,0.348958,0.039578,0.307185,0.001072,0.119779,0.001074,0.320773,0.049096,192
0.28,failure_aware_manipulation_policy,8,1.0,0.0,0.588542,0.041568,0.480451,0.003282,0.085069,0.023263,0.03125,0.015376,0.074653,0.021407,0.321181,0.038409,0.30699,0.001039,0.1204,0.001074,0.339664,0.050655,192
0.28,failure_aware_manipulation_policy,9,1.0,0.0,0.560764,0.0406,0.482081,0.003186,0.097222,0.023555,0.048611,0.016685,0.083333,0.021031,0.350694,0.037911,0.308137,0.000957,0.120317,0.001048,0.286194,0.047179,192
0.28,goal_retargeting_heuristic,0,0.998264,0.003403,0.592014,0.043339,0.395104,0.003389,0.109375,0.025605,0.053819,0.018685,0.116319,0.025444,0.241319,0.038047,0.300471,0.001065,0.138628,0.001057,0.271171,0.049446,192
0.28,goal_retargeting_heuristic,1,0.994792,0.007593,0.550347,0.043373,0.395243,0.003029,0.114583,0.027572,0.057292,0.018476,0.126736,0.028797,0.286458,0.036935,0.30085,0.000919,0.138999,0.00111,0.219192,0.055822,192
0.28,goal_retargeting_heuristic,2,0.994792,0.005863,0.510417,0.041479,0.396462,0.003448,0.145833,0.030752,0.055556,0.019499,0.092014,0.023728,0.302083,0.039244,0.300537,0.001044,0.138205,0.001065,0.185098,0.051371,192
0.28,goal_retargeting_heuristic,3,0.994792,0.007593,0.553819,0.043019,0.395262,0.003187,0.109375,0.024203,0.052083,0.01783,0.100694,0.025182,0.262153,0.032767,0.300599,0.001014,0.138652,0.001026,0.24631,0.052743,192
0.28,goal_retargeting_heuristic,4,0.998264,0.003403,0.541667,0.043824,0.395844,0.002976,0.109375,0.025605,0.043403,0.015909,0.098958,0.025089,0.303819,0.037605,0.300159,0.001144,0.139001,0.00111,0.245452,0.052142,192
0.28,goal_retargeting_heuristic,5,0.987847,0.00886,0.555556,0.040175,0.394159,0.003028,0.104167,0.024424,0.050347,0.017602,0.138889,0.030642,0.293403,0.03312,0.299822,0.000966,0.138219,0.001039,0.235736,0.05229,192
0.28,goal_retargeting_heuristic,6,0.994792,0.005863,0.557292,0.040987,0.392771,0.003496,0.095486,0.02626,0.053819,0.018051,0.09375,0.024793,0.28125,0.035342,0.301321,0.001024,0.138621,0.001087,0.258271,0.04694,192
0.28,goal_retargeting_heuristic,7,0.994792,0.005863,0.579861,0.041642,0.396638,0.003498,0.109375,0.025605,0.038194,0.015812,0.111111,0.026573,0.3125,0.037567,0.300443,0.001058,0.13894,0.001075,0.285659,0.048909,192
0.28,goal_retargeting_heuristic,8,0.994792,0.005863,0.529514,0.040439,0.396474,0.003511,0.107639,0.027712,0.041667,0.015634,0.109375,0.025605,0.286458,0.036618,0.299962,0.001052,0.138233,0.001083,0.231265,0.047639,192
0.28,goal_retargeting_heuristic,9,0.993056,0.006752,0.526042,0.042451,0.394992,0.003298,0.098958,0.025089,0.057292,0.019096,0.090278,0.022609,0.303819,0.041434,0.300139,0.001131,0.138986,0.00107,0.228979,0.05028,192
0.28,learned_goal_state_classifier,0,1.0,0.0,0.605903,0.037779,0.549218,0.003257,0.076389,0.021555,0.036458,0.015523,0.069444,0.022022,0.347222,0.040893,0.295154,0.000989,0.102246,0.001028,0.37806,0.044244,192
0.28,learned_goal_state_classifier,1,1.0,0.0,0.595486,0.042645,0.548216,0.003041,0.086806,0.024359,0.045139,0.017556,0.088542,0.023992,0.373264,0.041539,0.295057,0.000972,0.102353,0.001049,0.339244,0.0541,192
0.28,learned_goal_state_classifier,2,1.0,0.0,0.631944,0.039774,0.546364,0.003396,0.076389,0.021008,0.036458,0.014755,0.065972,0.020033,0.399306,0.039268,0.295456,0.001007,0.102622,0.001027,0.403416,0.046097,192
0.28,learned_goal_state_classifier,3,1.0,0.0,0.633681,0.037856,0.546909,0.003411,0.086806,0.025753,0.03125,0.015376,0.0625,0.021374,0.388889,0.037477,0.296111,0.000957,0.102176,0.001173,0.402423,0.047347,192
0.28,learned_goal_state_classifier,4,1.0,0.0,0.598958,0.040523,0.547417,0.003252,0.107639,0.025526,0.029514,0.01427,0.078125,0.021156,0.369792,0.039889,0.295415,0.001018,0.102539,0.001063,0.349962,0.047297,192
0.28,learned_goal_state_classifier,5,1.0,0.0,0.605903,0.039877,0.547818,0.00349,0.090278,0.021555,0.038194,0.015812,0.0625,0.019072,0.361111,0.035564,0.295551,0.001038,0.10242,0.001119,0.368542,0.047466,192
0.28,learned_goal_state_classifier,6,1.0,0.0,0.645833,0.038182,0.547167,0.003287,0.09375,0.023343,0.029514,0.01427,0.055556,0.019499,0.375,0.039345,0.295387,0.001054,0.102805,0.001096,0.418691,0.044517,192
0.28,learned_goal_state_classifier,7,1.0,0.0,0.574653,0.041557,0.548759,0.003334,0.072917,0.021255,0.034722,0.015226,0.064236,0.01926,0.366319,0.039066,0.296093,0.001097,0.102537,0.001079,0.352257,0.048572,192
0.28,learned_goal_state_classifier,8,1.0,0.0,0.651042,0.041022,0.548093,0.003243,0.079861,0.0213,0.034722,0.014441,0.065972,0.020033,0.392361,0.040075,0.296148,0.001065,0.102426,0.001088,0.41849,0.044596,192
0.28,learned_goal_state_classifier,9,1.0,0.0,0.626736,0.04069,0.54588,0.003177,0.086806,0.022881,0.032986,0.014918,0.072917,0.021795,0.394097,0.038692,0.295919,0.001061,0.101957,0.001061,0.390033,0.047886,192
0.28,oracle_goal_state_supervisor,0,1.0,0.0,0.890625,0.023717,0.788192,0.003256,0.0,0.0,0.0,0.0,0.0,0.0,0.574653,0.041557,0.355717,0.001042,0.017932,0.001065,0.823943,0.024371,192
0.28,oracle_goal_state_supervisor,1,1.0,0.0,0.866319,0.029372,0.787504,0.003247,0.0,0.0,0.0,0.0,0.0,0.0,0.619792,0.040541,0.356261,0.001014,0.017445,0.001085,0.800008,0.029752,192
0.28,oracle_goal_state_supervisor,2,1.0,0.0,0.881944,0.025512,0.7887,0.003164,0.0,0.0,0.0,0.0,0.0,0.0,0.605903,0.037469,0.356537,0.001028,0.01771,0.001038,0.815118,0.025483,192
0.28,oracle_goal_state_supervisor,3,1.0,0.0,0.885417,0.024439,0.788335,0.003242,0.0,0.0,0.0,0.0,0.0,0.0,0.600694,0.038671,0.356396,0.001003,0.017897,0.001084,0.817757,0.024922,192
0.28,oracle_goal_state_supervisor,4,1.0,0.0,0.873264,0.029594,0.7885,0.003301,0.0,0.0,0.0,0.0,0.0,0.0,0.576389,0.040928,0.35589,0.001006,0.017785,0.00101,0.8052,0.030024,192
0.28,oracle_goal_state_supervisor,5,1.0,0.0,0.876736,0.024777,0.787571,0.003217,0.0,0.0,0.0,0.0,0.0,0.0,0.574653,0.037431,0.355759,0.001062,0.018039,0.00104,0.807821,0.024764,192
0.28,oracle_goal_state_supervisor,6,1.0,0.0,0.876736,0.027873,0.788127,0.003051,0.0,0.0,0.0,0.0,0.0,0.0,0.586806,0.041642,0.356104,0.000985,0.017497,0.001049,0.808126,0.027768,192
0.28,oracle_goal_state_supervisor,7,1.0,0.0,0.878472,0.027817,0.78768,0.003235,0.0,0.0,0.0,0.0,0.0,0.0,0.621528,0.038671,0.355596,0.00109,0.018065,0.001046,0.814472,0.027995,192
0.28,oracle_goal_state_supervisor,8,1.0,0.0,0.897569,0.024807,0.789537,0.003155,0.0,0.0,0.0,0.0,0.0,0.0,0.586806,0.040508,0.355632,0.001116,0.017817,0.001069,0.830202,0.025445,192
0.28,oracle_goal_state_supervisor,9,1.0,0.0,0.868056,0.025964,0.787494,0.003517,0.0,0.0,0.0,0.0,0.0,0.0,0.595486,0.038333,0.354909,0.001015,0.017373,0.001061,0.801499,0.025708,192
0.28,pomdp_belief_planner,0,1.0,0.0,0.552083,0.041126,0.485744,0.003202,0.095486,0.024423,0.043403,0.016625,0.079861,0.020747,0.350694,0.03971,0.306486,0.001074,0.124777,0.001111,0.284367,0.051437,192
0.28,pomdp_belief_planner,1,1.0,0.0,0.548611,0.040355,0.486557,0.003194,0.102431,0.025272,0.046875,0.017794,0.085069,0.02224,0.347222,0.040319,0.306495,0.001069,0.123613,0.001085,0.265384,0.05114,192
0.28,pomdp_belief_planner,2,1.0,0.0,0.579861,0.042472,0.485727,0.003191,0.100694,0.025182,0.052083,0.01783,0.116319,0.027637,0.368056,0.039774,0.307148,0.000994,0.123622,0.001072,0.275144,0.050784,192
0.28,pomdp_belief_planner,3,1.0,0.0,0.5625,0.040833,0.486523,0.003393,0.118056,0.026845,0.048611,0.016685,0.078125,0.022747,0.373264,0.041258,0.307084,0.001098,0.124126,0.001116,0.272382,0.051068,192
0.28,pomdp_belief_planner,4,1.0,0.0,0.548611,0.040643,0.486674,0.003469,0.114583,0.025373,0.038194,0.015057,0.088542,0.023001,0.380208,0.041952,0.30659,0.000973,0.12368,0.001027,0.26775,0.049998,192
0.28,pomdp_belief_planner,5,1.0,0.0,0.602431,0.03888,0.485987,0.003124,0.116319,0.027637,0.057292,0.017835,0.088542,0.023001,0.336806,0.037988,0.306697,0.001114,0.123987,0.001068,0.29817,0.046531,192
0.28,pomdp_belief_planner,6,1.0,0.0,0.553819,0.039345,0.486101,0.003321,0.112847,0.027505,0.052083,0.018471,0.105903,0.026781,0.364583,0.039539,0.306348,0.001092,0.123686,0.001084,0.251117,0.05291,192
0.28,pomdp_belief_planner,7,1.0,0.0,0.559028,0.042881,0.48821,0.00317,0.126736,0.027977,0.050347,0.017602,0.098958,0.025548,0.335069,0.039639,0.306143,0.00111,0.123479,0.001036,0.250187,0.049673,192
0.28,pomdp_belief_planner,8,1.0,0.0,0.567708,0.039209,0.487382,0.003107,0.135417,0.028198,0.069444,0.020939,0.072917,0.021255,0.348958,0.039871,0.30516,0.001044,0.124341,0.001094,0.251566,0.054242,192
0.28,pomdp_belief_planner,9,1.0,0.0,0.550347,0.042009,0.487223,0.003075,0.090278,0.022609,0.039931,0.016091,0.095486,0.027132,0.347222,0.042016,0.30635,0.001081,0.124202,0.000967,0.278794,0.051684,192
0.28,proposed_disappearing_goal_belief_revision_v4,0,1.0,0.0,0.684028,0.040866,0.637445,0.003331,0.052083,0.019691,0.022569,0.01282,0.045139,0.016175,0.463542,0.040035,0.330031,0.000986,0.082664,0.00101,0.506369,0.044264,192
0.28,proposed_disappearing_goal_belief_revision_v4,1,1.0,0.0,0.671875,0.038137,0.638214,0.003074,0.038194,0.015812,0.020833,0.011443,0.036458,0.015523,0.444444,0.03685,0.329591,0.001008,0.082946,0.001096,0.505617,0.043018,192
0.28,proposed_disappearing_goal_belief_revision_v4,2,1.0,0.0,0.696181,0.039122,0.639285,0.003188,0.055556,0.018267,0.017361,0.010504,0.038194,0.018524,0.489583,0.042312,0.328956,0.001089,0.082316,0.001068,0.522663,0.042347,192
0.28,proposed_disappearing_goal_belief_revision_v4,3,1.0,0.0,0.677083,0.038871,0.637361,0.003262,0.038194,0.015812,0.015625,0.009992,0.027778,0.013928,0.458333,0.038144,0.329105,0.001024,0.083284,0.00095,0.522984,0.041356,192
0.28,proposed_disappearing_goal_belief_revision_v4,4,1.0,0.0,0.678819,0.041328,0.638559,0.003321,0.060764,0.019485,0.019097,0.010986,0.032986,0.014116,0.470486,0.043221,0.329242,0.001069,0.082215,0.001124,0.502133,0.04494,192
0.28,proposed_disappearing_goal_belief_revision_v4,5,1.0,0.0,0.697917,0.035177,0.637728,0.003218,0.032986,0.015679,0.008681,0.007529,0.032986,0.015679,0.494792,0.042878,0.329975,0.001067,0.082384,0.001058,0.555114,0.041141,192
0.28,proposed_disappearing_goal_belief_revision_v4,6,1.0,0.0,0.685764,0.035516,0.637524,0.003268,0.039931,0.015351,0.022569,0.011877,0.03125,0.013779,0.442708,0.039541,0.330206,0.000958,0.082552,0.001055,0.518979,0.039909,192
0.28,proposed_disappearing_goal_belief_revision_v4,7,1.0,0.0,0.704861,0.034705,0.63686,0.003408,0.043403,0.015909,0.012153,0.00886,0.048611,0.018026,0.484375,0.042554,0.330447,0.001031,0.082138,0.001119,0.540095,0.039677,192
0.28,proposed_disappearing_goal_belief_revision_v4,8,1.0,0.0,0.689236,0.036764,0.63814,0.003106,0.050347,0.018252,0.015625,0.011096,0.053819,0.019892,0.430556,0.041176,0.32982,0.001007,0.081706,0.001115,0.509784,0.041395,192
0.28,proposed_disappearing_goal_belief_revision_v4,9,1.0,0.0,0.690972,0.040508,0.63814,0.003319,0.032986,0.014116,0.013889,0.009446,0.034722,0.015226,0.456597,0.03901,0.329882,0.001081,0.082561,0.001107,0.53868,0.044935,192
0.28,risk_budgeted_goal_recovery,0,1.0,0.0,0.621528,0.041572,0.532109,0.003327,0.072917,0.02013,0.022569,0.011877,0.069444,0.022022,0.390625,0.040844,0.325216,0.000988,0.082418,0.001029,0.403898,0.046006,192
0.28,risk_budgeted_goal_recovery,1,1.0,0.0,0.65625,0.040051,0.534035,0.003191,0.065972,0.023259,0.010417,0.008225,0.078125,0.021156,0.407986,0.040564,0.324677,0.000991,0.081966,0.00106,0.451038,0.047709,192
0.28,risk_budgeted_goal_recovery,2,1.0,0.0,0.635417,0.039539,0.532878,0.003424,0.086806,0.022366,0.022569,0.01282,0.076389,0.022088,0.380208,0.040252,0.324951,0.001076,0.082329,0.001029,0.402616,0.046287,192
0.28,risk_budgeted_goal_recovery,3,1.0,0.0,0.598958,0.039357,0.53387,0.003299,0.071181,0.021099,0.017361,0.010504,0.067708,0.020206,0.390625,0.039688,0.325316,0.000973,0.082673,0.000977,0.385813,0.04556,192
0.28,risk_budgeted_goal_recovery,4,1.0,0.0,0.638889,0.041317,0.532904,0.003297,0.088542,0.024472,0.026042,0.012687,0.069444,0.020375,0.4375,0.042782,0.324686,0.000981,0.082158,0.001056,0.410309,0.048211,192
0.28,risk_budgeted_goal_recovery,5,1.0,0.0,0.652778,0.041738,0.532842,0.003379,0.076389,0.024104,0.022569,0.011877,0.079861,0.022366,0.380208,0.039962,0.324858,0.001058,0.082346,0.001053,0.426031,0.048177,192
0.28,risk_budgeted_goal_recovery,6,1.0,0.0,0.630208,0.036856,0.532825,0.003203,0.074653,0.021407,0.022569,0.011877,0.0625,0.021374,0.423611,0.043143,0.325476,0.000991,0.082564,0.001051,0.41631,0.040746,192
0.28,risk_budgeted_goal_recovery,7,1.0,0.0,0.619792,0.039079,0.531921,0.0032,0.081597,0.023512,0.015625,0.009992,0.065972,0.021163,0.383681,0.03839,0.325189,0.001059,0.082429,0.001048,0.402121,0.046715,192
0.28,risk_budgeted_goal_recovery,8,1.0,0.0,0.649306,0.040866,0.53277,0.003125,0.083333,0.02211,0.03125,0.013779,0.072917,0.02013,0.385417,0.036317,0.325204,0.001037,0.082355,0.001139,0.414517,0.048253,192
0.28,risk_budgeted_goal_recovery,9,1.0,0.0,0.626736,0.042096,0.5331,0.003214,0.076389,0.022609,0.032986,0.014116,0.072917,0.02013,0.378472,0.041572,0.324401,0.001106,0.082218,0.001083,0.394278,0.048656,192
0.28,risk_calibrated_goal_belief_revision_v5,0,1.0,0.0,0.734375,0.036915,0.724375,0.003585,0.010417,0.008225,0.005208,0.005863,0.0,0.0,0.545139,0.041851,0.352638,0.001032,0.0351,0.001089,0.645599,0.038125,192
0.28,risk_calibrated_goal_belief_revision_v5,1,1.0,0.0,0.776042,0.034173,0.724283,0.003229,0.006944,0.006752,0.001736,0.003403,0.008681,0.007529,0.529514,0.039271,0.35262,0.000933,0.035334,0.00103,0.684172,0.034394,192
0.28,risk_calibrated_goal_belief_revision_v5,2,1.0,0.0,0.746528,0.035616,0.72304,0.003425,0.013889,0.009446,0.001736,0.003403,0.006944,0.006752,0.555556,0.042974,0.352943,0.000979,0.034778,0.001059,0.652873,0.037039,192
0.28,risk_calibrated_goal_belief_revision_v5,3,1.0,0.0,0.789931,0.0325,0.723844,0.003067,0.010417,0.008225,0.001736,0.003403,0.008681,0.007529,0.5,0.03706,0.35201,0.001042,0.034764,0.001055,0.693486,0.034478,192
0.28,risk_calibrated_goal_belief_revision_v5,4,1.0,0.0,0.770833,0.034667,0.724977,0.003399,0.012153,0.00886,0.001736,0.003403,0.001736,0.003403,0.595486,0.039233,0.352148,0.001159,0.034982,0.001059,0.685021,0.035314,192
0.28,risk_calibrated_goal_belief_revision_v5,5,1.0,0.0,0.774306,0.032001,0.724798,0.003268,0.005208,0.005863,0.0,0.0,0.008681,0.007529,0.541667,0.041082,0.352775,0.001021,0.035164,0.001021,0.686731,0.0325,192
0.28,risk_calibrated_goal_belief_revision_v5,6,1.0,0.0,0.758681,0.035842,0.72496,0.003521,0.012153,0.00886,0.003472,0.0048,0.005208,0.005863,0.546875,0.041813,0.353051,0.001131,0.035231,0.001074,0.665923,0.037029,192
0.28,risk_calibrated_goal_belief_revision_v5,7,1.0,0.0,0.805556,0.032125,0.722663,0.003233,0.006944,0.006752,0.0,0.0,0.005208,0.005863,0.467014,0.042079,0.353469,0.001043,0.034871,0.001027,0.715425,0.031857,192
0.28,risk_calibrated_goal_belief_revision_v5,8,1.0,0.0,0.774306,0.034113,0.724024,0.003243,0.015625,0.009992,0.001736,0.003403,0.005208,0.005863,0.527778,0.043513,0.351799,0.001073,0.034695,0.001072,0.676329,0.034887,192
0.28,risk_calibrated_goal_belief_revision_v5,9,1.0,0.0,0.763889,0.032664,0.723534,0.00328,0.015625,0.009992,0.001736,0.003403,0.008681,0.007529,0.545139,0.040148,0.352787,0.001032,0.0345,0.001001,0.66681,0.034321,192
0.28,robust_mpc_replan,0,1.0,0.0,0.611111,0.040463,0.450488,0.003142,0.104167,0.026261,0.048611,0.018661,0.111111,0.026573,0.338542,0.035611,0.317653,0.001157,0.114924,0.001031,0.311904,0.047114,192
0.28,robust_mpc_replan,1,1.0,0.0,0.638889,0.037477,0.450623,0.003213,0.086806,0.023384,0.03125,0.015376,0.098958,0.023656,0.383681,0.041592,0.31765,0.000913,0.115472,0.001077,0.374638,0.043477,192
0.28,robust_mpc_replan,2,1.0,0.0,0.583333,0.041223,0.450619,0.003191,0.105903,0.025897,0.045139,0.016175,0.107639,0.025978,0.355903,0.038314,0.317062,0.001028,0.115539,0.001106,0.28435,0.05072,192
0.28,robust_mpc_replan,3,1.0,0.0,0.590278,0.038586,0.450492,0.003121,0.100694,0.025182,0.045139,0.01688,0.083333,0.024124,0.348958,0.038985,0.316562,0.001131,0.115771,0.001028,0.311576,0.049794,192
0.28,robust_mpc_replan,4,1.0,0.0,0.609375,0.040558,0.45107,0.00341,0.083333,0.021577,0.053819,0.02103,0.109375,0.025147,0.328125,0.038441,0.317551,0.001015,0.115134,0.001157,0.320021,0.047814,192
0.28,robust_mpc_replan,5,1.0,0.0,0.590278,0.040643,0.450257,0.003165,0.107639,0.025526,0.039931,0.018132,0.076389,0.022088,0.357639,0.038746,0.317197,0.001038,0.11536,0.001039,0.322795,0.051308,192
0.28,robust_mpc_replan,6,1.0,0.0,0.576389,0.041493,0.448688,0.003157,0.104167,0.023943,0.032986,0.014918,0.100694,0.023754,0.352431,0.040708,0.317284,0.001064,0.115198,0.001121,0.296822,0.049275,192
0.28,robust_mpc_replan,7,1.0,0.0,0.595486,0.041818,0.450219,0.003279,0.095486,0.025813,0.034722,0.015972,0.083333,0.023637,0.357639,0.04022,0.317538,0.001144,0.116132,0.001029,0.332773,0.050803,192
0.28,robust_mpc_replan,8,1.0,0.0,0.626736,0.041818,0.452575,0.003141,0.09375,0.025258,0.036458,0.014755,0.083333,0.023139,0.350694,0.03537,0.31807,0.001073,0.115459,0.001105,0.359368,0.049758,192
0.28,robust_mpc_replan,9,1.0,0.0,0.618056,0.041773,0.448942,0.003223,0.083333,0.021577,0.034722,0.014441,0.078125,0.022229,0.335069,0.039048,0.317423,0.001019,0.11542,0.001097,0.363477,0.048733,192
