method,split,task,regime,mean_success,ci95_success,mean_goal_validity_f1,ci95_goal_validity_f1,mean_retarget_precision,ci95_retarget_precision,mean_stale_goal_pursuit,ci95_stale_goal_pursuit,mean_unsafe_reach,ci95_unsafe_reach,mean_false_abandonment,ci95_false_abandonment,mean_reappearance_recovery,ci95_reappearance_recovery,mean_substitute_goal_success,ci95_substitute_goal_success,mean_belief_update_latency,ci95_belief_update_latency,mean_intervention_cost,ci95_intervention_cost,mean_regret_to_oracle,ci95_regret_to_oracle,groups
active_viewpoint_reacquisition,combined_disappearance_stress,bin_sorting,cascading_disappearing_goal,0.4388,0.0457,0.3779,0.0097,0.2703,0.0107,0.2211,0.0333,0.1037,0.0263,0.0986,0.0232,0.318,0.0329,0.2126,0.0219,0.917,0.0141,0.2495,0.0043,0.381,0.0662,7
active_viewpoint_reacquisition,combined_disappearance_stress,bin_sorting,goal_specification_changed,0.5068,0.0553,0.389,0.0079,0.275,0.0063,0.2279,0.0294,0.0697,0.0241,0.0612,0.0148,0.3571,0.0411,0.2228,0.03,0.7849,0.0121,0.2432,0.0062,0.3146,0.0356,7
active_viewpoint_reacquisition,combined_disappearance_stress,bin_sorting,human_temporary_obstruction,0.602,0.0381,0.3761,0.0088,0.2702,0.007,0.1463,0.0208,0.0612,0.0206,0.0935,0.0148,0.3299,0.0496,0.2381,0.0306,0.7723,0.0107,0.2468,0.0067,0.2109,0.0587,7
active_viewpoint_reacquisition,combined_disappearance_stress,bin_sorting,object_moved,0.5187,0.0305,0.3826,0.0142,0.2676,0.0089,0.1854,0.0309,0.0697,0.0139,0.0816,0.0193,0.3095,0.0426,0.2245,0.0386,0.7264,0.0087,0.2478,0.0068,0.2806,0.055,7
active_viewpoint_reacquisition,combined_disappearance_stress,bin_sorting,object_removed,0.5119,0.0306,0.3822,0.0117,0.2778,0.0093,0.2058,0.0321,0.0697,0.0246,0.068,0.0159,0.3316,0.0285,0.2279,0.0365,0.8206,0.0033,0.2502,0.0054,0.3163,0.04,7
active_viewpoint_reacquisition,combined_disappearance_stress,bin_sorting,substitute_goal_available,0.4847,0.0325,0.3851,0.01,0.2626,0.0079,0.1803,0.0193,0.0731,0.0139,0.0816,0.0193,0.3418,0.0425,0.2398,0.0479,0.7881,0.0153,0.2486,0.0071,0.3367,0.0493,7
active_viewpoint_reacquisition,combined_disappearance_stress,bin_sorting,visual_occlusion,0.5952,0.0483,0.3816,0.0069,0.2772,0.0113,0.1122,0.0112,0.0391,0.0159,0.0952,0.0297,0.3282,0.0509,0.2364,0.0343,0.7763,0.0149,0.2499,0.0042,0.2381,0.0507,7
active_viewpoint_reacquisition,combined_disappearance_stress,drawer_placement,cascading_disappearing_goal,0.4167,0.0622,0.3798,0.013,0.275,0.0145,0.2449,0.0301,0.1105,0.0208,0.0833,0.0102,0.3027,0.0352,0.2109,0.0363,0.9582,0.0062,0.2519,0.0071,0.3639,0.0634,7
active_viewpoint_reacquisition,combined_disappearance_stress,drawer_placement,goal_specification_changed,0.4643,0.0233,0.3902,0.0088,0.2776,0.0086,0.2143,0.0144,0.0935,0.0219,0.0867,0.0248,0.3163,0.0384,0.2007,0.0436,0.8244,0.0196,0.2498,0.0042,0.3078,0.0213,7
active_viewpoint_reacquisition,combined_disappearance_stress,drawer_placement,human_temporary_obstruction,0.5833,0.0504,0.3875,0.011,0.2869,0.0068,0.1378,0.0283,0.0884,0.0264,0.1276,0.0253,0.3503,0.0485,0.2636,0.0299,0.7859,0.0131,0.2531,0.0053,0.2228,0.0531,7
active_viewpoint_reacquisition,combined_disappearance_stress,drawer_placement,object_moved,0.4915,0.0253,0.3786,0.0123,0.2657,0.0113,0.1837,0.0313,0.068,0.0098,0.0765,0.0243,0.3554,0.023,0.2636,0.0299,0.742,0.0197,0.248,0.0024,0.3299,0.0543,7
active_viewpoint_reacquisition,combined_disappearance_stress,drawer_placement,object_removed,0.5051,0.0394,0.3823,0.0106,0.2743,0.0096,0.2245,0.0219,0.1173,0.0262,0.0731,0.0219,0.3299,0.0428,0.182,0.0098,0.8536,0.0139,0.2448,0.007,0.284,0.0372,7
active_viewpoint_reacquisition,combined_disappearance_stress,drawer_placement,substitute_goal_available,0.4694,0.0309,0.3928,0.0108,0.2714,0.0113,0.1922,0.0354,0.0901,0.0278,0.0918,0.0067,0.335,0.0393,0.2381,0.0342,0.8135,0.0082,0.2535,0.0059,0.3401,0.0432,7
active_viewpoint_reacquisition,combined_disappearance_stress,drawer_placement,visual_occlusion,0.5765,0.0387,0.3942,0.0133,0.2796,0.0113,0.1327,0.0213,0.0527,0.0112,0.1139,0.0196,0.3282,0.0446,0.2466,0.055,0.7784,0.0172,0.2491,0.0072,0.2143,0.0381,7
active_viewpoint_reacquisition,combined_disappearance_stress,mobile_pick_and_place,cascading_disappearing_goal,0.381,0.0622,0.3797,0.0118,0.2829,0.0109,0.2517,0.02,0.131,0.0191,0.102,0.0168,0.335,0.0224,0.2177,0.0387,0.9619,0.0124,0.2483,0.0067,0.381,0.0694,7
active_viewpoint_reacquisition,combined_disappearance_stress,mobile_pick_and_place,goal_specification_changed,0.4949,0.037,0.3856,0.0082,0.2711,0.0149,0.1973,0.0384,0.0748,0.0159,0.0629,0.0159,0.3367,0.0282,0.2211,0.0381,0.8194,0.0096,0.2532,0.0084,0.3401,0.0506,7
active_viewpoint_reacquisition,combined_disappearance_stress,mobile_pick_and_place,human_temporary_obstruction,0.5459,0.0332,0.3762,0.0059,0.2726,0.0097,0.148,0.0269,0.0986,0.0195,0.1122,0.0196,0.3384,0.0419,0.233,0.0296,0.7935,0.0137,0.2516,0.0069,0.2517,0.0386,7
active_viewpoint_reacquisition,combined_disappearance_stress,mobile_pick_and_place,object_moved,0.5374,0.0324,0.3912,0.0145,0.2774,0.0111,0.1786,0.0169,0.0918,0.0237,0.0969,0.023,0.3554,0.0339,0.2585,0.0253,0.7449,0.0188,0.24,0.0033,0.2891,0.0471,7
active_viewpoint_reacquisition,combined_disappearance_stress,mobile_pick_and_place,object_removed,0.5017,0.0492,0.381,0.0099,0.2853,0.007,0.1922,0.0281,0.0986,0.0214,0.0646,0.0112,0.3401,0.0452,0.2041,0.0246,0.8542,0.0154,0.2486,0.0032,0.2721,0.0661,7
active_viewpoint_reacquisition,combined_disappearance_stress,mobile_pick_and_place,substitute_goal_available,0.4983,0.0382,0.3867,0.0061,0.2804,0.0144,0.1752,0.0348,0.0867,0.0263,0.0629,0.0329,0.3418,0.022,0.1956,0.0341,0.8293,0.0092,0.2536,0.0095,0.301,0.0645,7
active_viewpoint_reacquisition,combined_disappearance_stress,mobile_pick_and_place,visual_occlusion,0.5884,0.0499,0.3892,0.0075,0.2765,0.0061,0.1105,0.0304,0.0663,0.016,0.1224,0.015,0.318,0.0496,0.2908,0.0463,0.8115,0.0156,0.2537,0.0075,0.2262,0.0411,7
active_viewpoint_reacquisition,combined_disappearance_stress,shelf_retrieval,cascading_disappearing_goal,0.4099,0.0356,0.3829,0.0065,0.2795,0.01,0.2143,0.0622,0.0952,0.0191,0.0986,0.0141,0.3639,0.0526,0.2296,0.0325,0.9429,0.0069,0.2439,0.0037,0.3929,0.0411,7
active_viewpoint_reacquisition,combined_disappearance_stress,shelf_retrieval,goal_specification_changed,0.4694,0.0317,0.3918,0.0142,0.2626,0.0109,0.2058,0.0243,0.0867,0.0243,0.0629,0.0084,0.3316,0.0339,0.2143,0.0467,0.8029,0.0141,0.248,0.0028,0.3248,0.058,7
active_viewpoint_reacquisition,combined_disappearance_stress,shelf_retrieval,human_temporary_obstruction,0.5544,0.0536,0.387,0.0115,0.2677,0.0145,0.1276,0.0313,0.0663,0.0133,0.1259,0.0287,0.3163,0.0283,0.2636,0.0365,0.8077,0.0224,0.2573,0.0071,0.2585,0.0449,7
active_viewpoint_reacquisition,combined_disappearance_stress,shelf_retrieval,object_moved,0.5425,0.0313,0.3799,0.0088,0.2715,0.0151,0.1837,0.0333,0.068,0.022,0.0969,0.0262,0.3214,0.045,0.2585,0.0393,0.7427,0.0059,0.249,0.0042,0.2721,0.0396,7
active_viewpoint_reacquisition,combined_disappearance_stress,shelf_retrieval,object_removed,0.4915,0.0373,0.39,0.0115,0.2735,0.0081,0.1939,0.034,0.1105,0.0363,0.068,0.0195,0.3299,0.0363,0.2058,0.0403,0.8488,0.0097,0.2535,0.005,0.3129,0.0377,7
active_viewpoint_reacquisition,combined_disappearance_stress,shelf_retrieval,substitute_goal_available,0.4728,0.0329,0.3811,0.0105,0.2769,0.007,0.1497,0.0305,0.0799,0.0182,0.0918,0.0141,0.3044,0.0313,0.2364,0.0495,0.8136,0.0106,0.2456,0.0079,0.3146,0.0458,7
active_viewpoint_reacquisition,combined_disappearance_stress,shelf_retrieval,visual_occlusion,0.602,0.0196,0.3807,0.0077,0.265,0.0142,0.1088,0.0241,0.0408,0.016,0.1054,0.0139,0.3061,0.0296,0.2755,0.0271,0.8263,0.0189,0.2496,0.0082,0.1939,0.0443,7
active_viewpoint_reacquisition,combined_disappearance_stress,tool_handoff,cascading_disappearing_goal,0.3895,0.0403,0.3828,0.0108,0.2716,0.0124,0.2228,0.0366,0.1241,0.0196,0.0918,0.0043,0.3078,0.0406,0.1905,0.0306,0.9924,0.0102,0.2499,0.0066,0.3571,0.0609,7
active_viewpoint_reacquisition,combined_disappearance_stress,tool_handoff,goal_specification_changed,0.4456,0.0209,0.3823,0.0044,0.268,0.0107,0.2381,0.0306,0.1003,0.0112,0.0697,0.0224,0.3435,0.032,0.2211,0.0296,0.83,0.0131,0.2454,0.0034,0.3554,0.0468,7
active_viewpoint_reacquisition,combined_disappearance_stress,tool_handoff,human_temporary_obstruction,0.5459,0.0252,0.3809,0.0071,0.2773,0.0115,0.1429,0.0326,0.0697,0.0107,0.1207,0.0267,0.3112,0.0236,0.2908,0.0341,0.8223,0.0127,0.2555,0.0086,0.2755,0.0418,7
active_viewpoint_reacquisition,combined_disappearance_stress,tool_handoff,object_moved,0.5051,0.0233,0.3849,0.0141,0.27,0.0136,0.1837,0.0349,0.085,0.0206,0.0901,0.01,0.3112,0.0372,0.2687,0.0623,0.7378,0.0167,0.2451,0.0088,0.2993,0.0588,7
active_viewpoint_reacquisition,combined_disappearance_stress,tool_handoff,object_removed,0.4779,0.0406,0.375,0.013,0.2862,0.0087,0.2109,0.0287,0.1139,0.0317,0.0714,0.0114,0.3639,0.0296,0.2143,0.0306,0.8756,0.0135,0.2515,0.0083,0.3112,0.0695,7
active_viewpoint_reacquisition,combined_disappearance_stress,tool_handoff,substitute_goal_available,0.4796,0.0598,0.3802,0.0089,0.2828,0.0106,0.199,0.0214,0.0748,0.0208,0.0731,0.0219,0.301,0.0296,0.2262,0.0384,0.8343,0.0097,0.2537,0.0084,0.3095,0.0782,7
active_viewpoint_reacquisition,combined_disappearance_stress,tool_handoff,visual_occlusion,0.5425,0.0485,0.3842,0.0096,0.2778,0.0108,0.0986,0.0248,0.0561,0.022,0.1259,0.0221,0.3639,0.0387,0.2636,0.0479,0.8263,0.0121,0.256,0.0044,0.2925,0.058,7
active_viewpoint_reacquisition,delayed_reappearance,bin_sorting,cascading_disappearing_goal,0.5136,0.0351,0.4172,0.0089,0.2856,0.0032,0.2381,0.0326,0.0833,0.0228,0.1003,0.0209,0.3265,0.0301,0.2398,0.0427,0.8776,0.0178,0.2541,0.0055,0.3146,0.0516,7
active_viewpoint_reacquisition,delayed_reappearance,bin_sorting,goal_specification_changed,0.5459,0.0262,0.4176,0.0049,0.2958,0.0093,0.2075,0.0485,0.0714,0.0197,0.0935,0.0156,0.3299,0.0506,0.2704,0.0387,0.7632,0.0121,0.2452,0.0071,0.2466,0.0296,7
active_viewpoint_reacquisition,delayed_reappearance,bin_sorting,human_temporary_obstruction,0.6122,0.041,0.4081,0.0117,0.2897,0.0117,0.1276,0.0263,0.0782,0.0221,0.1139,0.0133,0.3248,0.0348,0.2602,0.0406,0.7633,0.0149,0.2558,0.0071,0.2109,0.0309,7
active_viewpoint_reacquisition,delayed_reappearance,bin_sorting,object_moved,0.5493,0.057,0.4073,0.0121,0.2921,0.0095,0.1956,0.0426,0.0476,0.0102,0.1037,0.022,0.3248,0.0287,0.2653,0.0337,0.7149,0.0103,0.2464,0.0094,0.2636,0.0601,7
active_viewpoint_reacquisition,delayed_reappearance,bin_sorting,object_removed,0.5272,0.0431,0.4136,0.0069,0.2953,0.0103,0.182,0.0501,0.0884,0.0227,0.0663,0.0264,0.3452,0.0274,0.2449,0.0519,0.7941,0.0165,0.2416,0.0084,0.3112,0.0459,7
active_viewpoint_reacquisition,delayed_reappearance,bin_sorting,substitute_goal_available,0.5629,0.0377,0.4094,0.0059,0.2949,0.01,0.182,0.0304,0.0612,0.0156,0.0612,0.0187,0.318,0.0317,0.2687,0.0329,0.7681,0.0093,0.2485,0.0074,0.2551,0.0638,7
active_viewpoint_reacquisition,delayed_reappearance,bin_sorting,visual_occlusion,0.6207,0.0328,0.4092,0.0124,0.2975,0.0071,0.1088,0.0224,0.0476,0.0228,0.1122,0.0317,0.3231,0.0563,0.2942,0.04,0.7733,0.0113,0.2504,0.0067,0.2092,0.0377,7
active_viewpoint_reacquisition,delayed_reappearance,drawer_placement,cascading_disappearing_goal,0.4575,0.041,0.4149,0.0085,0.2888,0.012,0.2313,0.0387,0.0918,0.0248,0.1122,0.0321,0.2874,0.029,0.2262,0.0244,0.9035,0.0126,0.2482,0.0052,0.3469,0.0497,7
active_viewpoint_reacquisition,delayed_reappearance,drawer_placement,goal_specification_changed,0.5476,0.0381,0.4198,0.0115,0.3011,0.0094,0.2041,0.0303,0.0935,0.0206,0.085,0.0236,0.2891,0.0344,0.25,0.0435,0.7702,0.0135,0.2441,0.0062,0.2908,0.0613,7
active_viewpoint_reacquisition,delayed_reappearance,drawer_placement,human_temporary_obstruction,0.5867,0.0237,0.4105,0.0075,0.2917,0.0089,0.1224,0.0195,0.0714,0.0318,0.0969,0.0224,0.2993,0.0312,0.2738,0.0401,0.7783,0.0122,0.2544,0.0087,0.2177,0.0508,7
active_viewpoint_reacquisition,delayed_reappearance,drawer_placement,object_moved,0.5493,0.0473,0.417,0.0101,0.2862,0.0076,0.1786,0.0274,0.0765,0.0301,0.0697,0.0219,0.318,0.0406,0.25,0.0314,0.7393,0.0129,0.2417,0.0051,0.2755,0.0627,7
active_viewpoint_reacquisition,delayed_reappearance,drawer_placement,object_removed,0.5306,0.0274,0.4165,0.0138,0.2944,0.013,0.2024,0.0414,0.0901,0.0183,0.0595,0.0125,0.352,0.0458,0.25,0.0349,0.8108,0.0141,0.2429,0.0061,0.2704,0.0437,7
active_viewpoint_reacquisition,delayed_reappearance,drawer_placement,substitute_goal_available,0.4881,0.0455,0.4238,0.0127,0.2859,0.0101,0.1905,0.0371,0.0663,0.019,0.0748,0.0248,0.3214,0.0301,0.2279,0.0354,0.7935,0.0145,0.2462,0.0051,0.3095,0.0524,7
active_viewpoint_reacquisition,delayed_reappearance,drawer_placement,visual_occlusion,0.619,0.0478,0.4156,0.0148,0.2901,0.0066,0.1122,0.0259,0.0459,0.0079,0.0901,0.0243,0.3265,0.0397,0.2738,0.0353,0.7788,0.017,0.2528,0.0028,0.2143,0.0693,7
active_viewpoint_reacquisition,delayed_reappearance,mobile_pick_and_place,cascading_disappearing_goal,0.4915,0.038,0.421,0.0072,0.2971,0.0142,0.2279,0.0257,0.1139,0.0356,0.0952,0.0244,0.3537,0.0258,0.2891,0.0202,0.9004,0.0125,0.2538,0.0087,0.2993,0.0439,7
active_viewpoint_reacquisition,delayed_reappearance,mobile_pick_and_place,goal_specification_changed,0.4983,0.0252,0.4084,0.0114,0.2967,0.0063,0.1922,0.02,0.0884,0.0423,0.0765,0.0133,0.335,0.0362,0.2398,0.0281,0.7761,0.0095,0.2431,0.0047,0.3214,0.031,7
active_viewpoint_reacquisition,delayed_reappearance,mobile_pick_and_place,human_temporary_obstruction,0.5442,0.049,0.4165,0.0073,0.2931,0.009,0.1565,0.0193,0.0663,0.0313,0.0969,0.0271,0.3299,0.0366,0.2908,0.0531,0.7933,0.0132,0.2459,0.0043,0.2772,0.0466,7
active_viewpoint_reacquisition,delayed_reappearance,mobile_pick_and_place,object_moved,0.5374,0.0316,0.4111,0.007,0.2875,0.0077,0.1803,0.0362,0.0595,0.0176,0.0901,0.0112,0.335,0.0442,0.2959,0.0484,0.7242,0.0119,0.2493,0.0054,0.2687,0.0514,7
active_viewpoint_reacquisition,delayed_reappearance,mobile_pick_and_place,object_removed,0.5187,0.01,0.4144,0.0055,0.295,0.0113,0.1956,0.0329,0.1054,0.0336,0.0765,0.0227,0.3469,0.0276,0.2636,0.023,0.7942,0.0155,0.2486,0.0065,0.2806,0.0377,7
active_viewpoint_reacquisition,delayed_reappearance,mobile_pick_and_place,substitute_goal_available,0.4983,0.0382,0.4129,0.0071,0.2919,0.0116,0.165,0.0316,0.0799,0.0237,0.0952,0.0265,0.3299,0.0325,0.2432,0.0333,0.7844,0.0196,0.245,0.0029,0.2908,0.0337,7
active_viewpoint_reacquisition,delayed_reappearance,mobile_pick_and_place,visual_occlusion,0.6156,0.0174,0.4122,0.0042,0.295,0.0071,0.1429,0.0191,0.0493,0.0206,0.1156,0.0348,0.3112,0.0252,0.2381,0.0338,0.8078,0.0172,0.2511,0.0063,0.199,0.0248,7
active_viewpoint_reacquisition,delayed_reappearance,shelf_retrieval,cascading_disappearing_goal,0.5136,0.0365,0.4157,0.0126,0.2957,0.0093,0.1905,0.0292,0.0986,0.03,0.0816,0.0107,0.3214,0.0529,0.2398,0.0303,0.9023,0.0097,0.25,0.0037,0.2993,0.0445,7
active_viewpoint_reacquisition,delayed_reappearance,shelf_retrieval,goal_specification_changed,0.585,0.0307,0.417,0.0055,0.2939,0.0069,0.1684,0.0312,0.0782,0.0133,0.0578,0.018,0.3503,0.0404,0.2738,0.0191,0.7663,0.0114,0.253,0.0059,0.233,0.0391,7
active_viewpoint_reacquisition,delayed_reappearance,shelf_retrieval,human_temporary_obstruction,0.6139,0.0349,0.4193,0.0079,0.2943,0.0093,0.148,0.0168,0.0544,0.019,0.1463,0.0348,0.3401,0.037,0.2704,0.0397,0.794,0.0078,0.2542,0.0078,0.1803,0.0549,7
active_viewpoint_reacquisition,delayed_reappearance,shelf_retrieval,object_moved,0.5323,0.0471,0.4153,0.0138,0.3046,0.0157,0.1599,0.0309,0.051,0.015,0.0935,0.0257,0.3656,0.022,0.25,0.0356,0.7528,0.0186,0.249,0.0069,0.2636,0.0708,7
active_viewpoint_reacquisition,delayed_reappearance,shelf_retrieval,object_removed,0.5646,0.0333,0.412,0.0094,0.3,0.0102,0.1616,0.0243,0.0986,0.0189,0.0748,0.0352,0.2959,0.0332,0.2432,0.0391,0.817,0.0048,0.2452,0.006,0.2398,0.0476,7
active_viewpoint_reacquisition,delayed_reappearance,shelf_retrieval,substitute_goal_available,0.4983,0.0433,0.4179,0.0075,0.2955,0.0037,0.1701,0.0397,0.0799,0.0202,0.0884,0.0209,0.3316,0.0439,0.2908,0.0333,0.7854,0.0082,0.2414,0.0068,0.3078,0.0257,7
active_viewpoint_reacquisition,delayed_reappearance,shelf_retrieval,visual_occlusion,0.6361,0.0419,0.4101,0.0112,0.2872,0.013,0.119,0.0274,0.0357,0.0125,0.1241,0.0168,0.3044,0.0317,0.2653,0.0317,0.7975,0.0127,0.2501,0.006,0.1973,0.0644,7
active_viewpoint_reacquisition,delayed_reappearance,tool_handoff,cascading_disappearing_goal,0.4592,0.07,0.4209,0.0146,0.298,0.008,0.2194,0.0278,0.1276,0.022,0.0969,0.023,0.3435,0.0688,0.2449,0.0416,0.9232,0.0062,0.2486,0.0046,0.3214,0.0834,7
active_viewpoint_reacquisition,delayed_reappearance,tool_handoff,goal_specification_changed,0.5238,0.0292,0.4156,0.0049,0.2899,0.0111,0.2143,0.0475,0.1054,0.0156,0.0646,0.0264,0.3231,0.02,0.233,0.0429,0.7939,0.01,0.2469,0.0047,0.2772,0.0387,7
active_viewpoint_reacquisition,delayed_reappearance,tool_handoff,human_temporary_obstruction,0.5663,0.0461,0.422,0.0104,0.2859,0.0081,0.1293,0.0224,0.0748,0.0291,0.102,0.0112,0.3401,0.0367,0.2687,0.0429,0.7954,0.0138,0.2491,0.0059,0.2347,0.087,7
active_viewpoint_reacquisition,delayed_reappearance,tool_handoff,object_moved,0.534,0.043,0.4227,0.0145,0.2874,0.0093,0.216,0.0267,0.0765,0.0209,0.1054,0.0187,0.3316,0.0187,0.2942,0.0377,0.7445,0.0118,0.2457,0.0105,0.2704,0.0524,7
active_viewpoint_reacquisition,delayed_reappearance,tool_handoff,object_removed,0.5323,0.0263,0.4182,0.0079,0.2865,0.0117,0.182,0.0263,0.1122,0.0254,0.0765,0.019,0.2993,0.0312,0.2551,0.0333,0.8083,0.0163,0.2482,0.0055,0.2602,0.0457,7
active_viewpoint_reacquisition,delayed_reappearance,tool_handoff,substitute_goal_available,0.5238,0.0444,0.4242,0.0065,0.2894,0.0069,0.1463,0.0226,0.0884,0.0215,0.0816,0.0393,0.3112,0.0424,0.2415,0.0434,0.8126,0.0079,0.249,0.0113,0.267,0.0455,7
active_viewpoint_reacquisition,delayed_reappearance,tool_handoff,visual_occlusion,0.602,0.0413,0.4146,0.0081,0.3024,0.0101,0.1446,0.023,0.0442,0.0098,0.1122,0.0301,0.3316,0.054,0.2585,0.0493,0.8067,0.0127,0.2489,0.0062,0.2143,0.0494,7
active_viewpoint_reacquisition,nominal,bin_sorting,cascading_disappearing_goal,0.5374,0.0172,0.4694,0.0119,0.3365,0.0034,0.1276,0.0313,0.0782,0.0243,0.0595,0.0255,0.4405,0.0274,0.2755,0.0418,0.6769,0.0113,0.2441,0.0079,0.2976,0.0367,7
active_viewpoint_reacquisition,nominal,bin_sorting,goal_specification_changed,0.6003,0.0514,0.4758,0.0137,0.3386,0.0119,0.1207,0.0252,0.0493,0.018,0.0527,0.0143,0.4405,0.0204,0.2755,0.0294,0.5967,0.0158,0.2497,0.0048,0.2534,0.04,7
active_viewpoint_reacquisition,nominal,bin_sorting,human_temporary_obstruction,0.6565,0.0224,0.4814,0.0125,0.3421,0.0101,0.0782,0.0133,0.0595,0.0114,0.0901,0.0175,0.4167,0.0265,0.2874,0.0393,0.6052,0.0115,0.2502,0.0085,0.1786,0.0274,7
active_viewpoint_reacquisition,nominal,bin_sorting,object_moved,0.6378,0.0397,0.462,0.0057,0.3527,0.0075,0.1224,0.0182,0.0544,0.0175,0.0612,0.0094,0.4337,0.0325,0.318,0.0278,0.5691,0.0114,0.2423,0.005,0.182,0.0195,7
active_viewpoint_reacquisition,nominal,bin_sorting,object_removed,0.6207,0.0525,0.4677,0.0118,0.3464,0.0102,0.1241,0.0296,0.0527,0.0143,0.0663,0.0233,0.398,0.0413,0.3146,0.0367,0.6155,0.0155,0.2465,0.0032,0.2262,0.0472,7
active_viewpoint_reacquisition,nominal,bin_sorting,substitute_goal_available,0.602,0.0233,0.474,0.0054,0.3433,0.0082,0.085,0.0224,0.0493,0.0281,0.0391,0.0122,0.4422,0.023,0.3027,0.036,0.611,0.008,0.2431,0.0075,0.2211,0.0349,7
active_viewpoint_reacquisition,nominal,bin_sorting,visual_occlusion,0.6241,0.0589,0.4718,0.0075,0.3476,0.0118,0.0646,0.0123,0.0238,0.0125,0.0765,0.019,0.4303,0.05,0.2806,0.0296,0.6055,0.014,0.2483,0.0075,0.2041,0.0754,7
active_viewpoint_reacquisition,nominal,drawer_placement,cascading_disappearing_goal,0.5187,0.0426,0.4745,0.0074,0.3424,0.0142,0.1429,0.0371,0.0969,0.0193,0.0765,0.0283,0.3946,0.0542,0.2381,0.0233,0.6897,0.0169,0.2468,0.0058,0.3163,0.0426,7
active_viewpoint_reacquisition,nominal,drawer_placement,goal_specification_changed,0.5816,0.0465,0.4569,0.0108,0.3389,0.009,0.1054,0.0307,0.068,0.0122,0.0561,0.0182,0.4388,0.0439,0.2755,0.0164,0.619,0.0086,0.2526,0.0052,0.233,0.0183,7
active_viewpoint_reacquisition,nominal,drawer_placement,human_temporary_obstruction,0.6122,0.0438,0.4713,0.0172,0.3465,0.0076,0.0646,0.0069,0.0595,0.0153,0.0799,0.0248,0.4286,0.021,0.2874,0.0365,0.6052,0.0095,0.2519,0.0053,0.233,0.0485,7
active_viewpoint_reacquisition,nominal,drawer_placement,object_moved,0.5833,0.0353,0.4715,0.0089,0.3379,0.0125,0.0935,0.0172,0.0493,0.0119,0.0595,0.0222,0.4218,0.0397,0.2959,0.0379,0.5777,0.0129,0.2491,0.0044,0.233,0.0377,7
active_viewpoint_reacquisition,nominal,drawer_placement,object_removed,0.602,0.0506,0.4803,0.0124,0.3418,0.0132,0.119,0.0318,0.0714,0.0191,0.0544,0.0215,0.4422,0.0427,0.284,0.0246,0.6339,0.0191,0.2477,0.0057,0.2041,0.0508,7
active_viewpoint_reacquisition,nominal,drawer_placement,substitute_goal_available,0.5833,0.0283,0.4693,0.0097,0.3517,0.0099,0.131,0.0297,0.0629,0.0122,0.051,0.0214,0.4626,0.0172,0.2908,0.0269,0.6133,0.0165,0.2458,0.0063,0.2517,0.0399,7
active_viewpoint_reacquisition,nominal,drawer_placement,visual_occlusion,0.6616,0.0377,0.481,0.0079,0.3346,0.0098,0.0782,0.0152,0.0306,0.0123,0.1105,0.0174,0.4405,0.0374,0.2857,0.0255,0.6161,0.0121,0.247,0.0056,0.1854,0.0496,7
active_viewpoint_reacquisition,nominal,mobile_pick_and_place,cascading_disappearing_goal,0.5442,0.0333,0.4747,0.0087,0.3448,0.0044,0.1293,0.0252,0.0765,0.0183,0.0765,0.0209,0.4575,0.0452,0.2415,0.0287,0.6895,0.0074,0.2572,0.0057,0.2517,0.032,7
active_viewpoint_reacquisition,nominal,mobile_pick_and_place,goal_specification_changed,0.5493,0.0354,0.4716,0.0113,0.3338,0.0098,0.1412,0.0172,0.0612,0.0187,0.0459,0.0187,0.4252,0.0208,0.2959,0.0316,0.6224,0.0133,0.246,0.0076,0.2976,0.042,7
active_viewpoint_reacquisition,nominal,mobile_pick_and_place,human_temporary_obstruction,0.6156,0.0466,0.4654,0.0077,0.3476,0.0088,0.085,0.0172,0.0714,0.0197,0.1054,0.0271,0.4507,0.0393,0.3044,0.0534,0.6125,0.0211,0.2473,0.006,0.2092,0.0524,7
active_viewpoint_reacquisition,nominal,mobile_pick_and_place,object_moved,0.5765,0.0349,0.4677,0.012,0.3448,0.0047,0.0918,0.015,0.0612,0.0224,0.0595,0.021,0.4439,0.0477,0.2585,0.0291,0.5713,0.0098,0.2511,0.0049,0.2449,0.0499,7
active_viewpoint_reacquisition,nominal,mobile_pick_and_place,object_removed,0.6259,0.0617,0.4651,0.0088,0.3412,0.0097,0.1054,0.0213,0.068,0.0214,0.0561,0.0202,0.4456,0.0416,0.2619,0.0314,0.6402,0.0149,0.2472,0.0079,0.1973,0.0908,7
active_viewpoint_reacquisition,nominal,mobile_pick_and_place,substitute_goal_available,0.585,0.0424,0.4673,0.0119,0.3359,0.0095,0.1173,0.0148,0.0476,0.0204,0.0578,0.0267,0.4201,0.0366,0.3112,0.032,0.6154,0.0142,0.2452,0.0041,0.2313,0.0466,7
active_viewpoint_reacquisition,nominal,mobile_pick_and_place,visual_occlusion,0.6224,0.0552,0.4706,0.0105,0.339,0.0102,0.068,0.0067,0.0323,0.0208,0.0969,0.0193,0.4303,0.0614,0.3299,0.0296,0.6211,0.0129,0.2546,0.0082,0.2194,0.0646,7
active_viewpoint_reacquisition,nominal,shelf_retrieval,cascading_disappearing_goal,0.5408,0.0152,0.4729,0.0094,0.3411,0.0087,0.1565,0.0187,0.0731,0.0079,0.0816,0.0257,0.4252,0.0337,0.2738,0.0279,0.7032,0.0136,0.2421,0.0034,0.2704,0.037,7
active_viewpoint_reacquisition,nominal,shelf_retrieval,goal_specification_changed,0.5697,0.0473,0.4584,0.0145,0.3376,0.0106,0.1259,0.0183,0.0544,0.0183,0.0527,0.0233,0.4133,0.0363,0.2585,0.0359,0.6138,0.0131,0.2436,0.0049,0.2704,0.0657,7
active_viewpoint_reacquisition,nominal,shelf_retrieval,human_temporary_obstruction,0.6088,0.0382,0.48,0.011,0.3468,0.0123,0.0748,0.0132,0.0646,0.01,0.1105,0.0248,0.4116,0.048,0.233,0.0432,0.6167,0.0143,0.2482,0.0068,0.2364,0.0497,7
active_viewpoint_reacquisition,nominal,shelf_retrieval,object_moved,0.6361,0.0443,0.476,0.0124,0.3306,0.0098,0.1088,0.0224,0.0459,0.0187,0.0646,0.0168,0.4031,0.0379,0.3265,0.0317,0.5701,0.0128,0.2477,0.0036,0.2075,0.055,7
active_viewpoint_reacquisition,nominal,shelf_retrieval,object_removed,0.6105,0.0422,0.4753,0.0137,0.3477,0.0051,0.1071,0.0222,0.0527,0.0152,0.068,0.0237,0.4235,0.0269,0.2551,0.0221,0.6211,0.0031,0.2433,0.0067,0.2313,0.0692,7
active_viewpoint_reacquisition,nominal,shelf_retrieval,substitute_goal_available,0.5697,0.0276,0.4657,0.0114,0.3452,0.0044,0.1037,0.0195,0.0476,0.0144,0.0544,0.0112,0.4286,0.0539,0.3078,0.0379,0.614,0.0159,0.2404,0.0053,0.2755,0.0362,7
active_viewpoint_reacquisition,nominal,shelf_retrieval,visual_occlusion,0.648,0.0499,0.4644,0.0089,0.348,0.0075,0.0544,0.0133,0.0238,0.0114,0.0731,0.0187,0.4558,0.0482,0.2704,0.0524,0.6095,0.014,0.2488,0.0036,0.1837,0.0452,7
active_viewpoint_reacquisition,nominal,tool_handoff,cascading_disappearing_goal,0.551,0.0469,0.4795,0.0085,0.3415,0.0078,0.1293,0.0241,0.1003,0.0175,0.0731,0.0107,0.4337,0.0287,0.2483,0.0448,0.7176,0.0048,0.2517,0.0037,0.2636,0.0547,7
active_viewpoint_reacquisition,nominal,tool_handoff,goal_specification_changed,0.5782,0.0496,0.4738,0.0078,0.3392,0.0073,0.1241,0.0274,0.0765,0.0296,0.0901,0.0264,0.4133,0.0329,0.2857,0.0417,0.6246,0.0175,0.2446,0.0064,0.2296,0.0557,7
active_viewpoint_reacquisition,nominal,tool_handoff,human_temporary_obstruction,0.6088,0.0324,0.4692,0.0073,0.3381,0.0105,0.0986,0.0195,0.0476,0.0144,0.0782,0.0196,0.4388,0.0271,0.3265,0.0349,0.6127,0.0138,0.2524,0.004,0.2075,0.0391,7
active_viewpoint_reacquisition,nominal,tool_handoff,object_moved,0.5833,0.0472,0.4741,0.017,0.3449,0.0099,0.1037,0.034,0.0612,0.0094,0.0731,0.0172,0.4286,0.0417,0.2738,0.0404,0.5865,0.0102,0.2455,0.0073,0.2517,0.0566,7
active_viewpoint_reacquisition,nominal,tool_handoff,object_removed,0.5374,0.0468,0.4752,0.0094,0.3395,0.0112,0.1224,0.0174,0.0833,0.0204,0.0493,0.0172,0.4116,0.0455,0.2602,0.059,0.6478,0.0118,0.2494,0.0038,0.2772,0.0744,7
active_viewpoint_reacquisition,nominal,tool_handoff,substitute_goal_available,0.5425,0.0419,0.4823,0.014,0.3455,0.0129,0.119,0.0274,0.0544,0.019,0.0697,0.02,0.4048,0.0283,0.2976,0.0567,0.6195,0.0142,0.2459,0.0065,0.2942,0.0363,7
active_viewpoint_reacquisition,nominal,tool_handoff,visual_occlusion,0.5884,0.0259,0.4767,0.0104,0.3412,0.0126,0.0935,0.0303,0.0306,0.01,0.085,0.0246,0.4422,0.051,0.2755,0.0294,0.62,0.015,0.2513,0.0057,0.2534,0.0559,7
active_viewpoint_reacquisition,occlusion_heavy_shift,bin_sorting,cascading_disappearing_goal,0.5068,0.0249,0.4134,0.0095,0.3273,0.012,0.1582,0.0329,0.0731,0.0148,0.085,0.0193,0.3759,0.0504,0.2738,0.0326,0.7946,0.0096,0.2506,0.0028,0.3282,0.037,7
active_viewpoint_reacquisition,occlusion_heavy_shift,bin_sorting,goal_specification_changed,0.5646,0.0416,0.4134,0.0069,0.3315,0.0064,0.1327,0.0241,0.0646,0.01,0.0612,0.0193,0.398,0.0292,0.2602,0.0213,0.6705,0.0145,0.2417,0.008,0.2687,0.0384,7
active_viewpoint_reacquisition,occlusion_heavy_shift,bin_sorting,human_temporary_obstruction,0.6224,0.0278,0.4157,0.0111,0.3262,0.0089,0.1173,0.0246,0.0544,0.0175,0.102,0.0249,0.3844,0.0506,0.3027,0.0221,0.6816,0.0094,0.2542,0.0054,0.2313,0.0452,7
active_viewpoint_reacquisition,occlusion_heavy_shift,bin_sorting,object_moved,0.5408,0.0692,0.4117,0.0093,0.3284,0.0094,0.1276,0.015,0.0527,0.0152,0.0697,0.0139,0.3588,0.0533,0.2585,0.03,0.6379,0.0114,0.249,0.0075,0.2687,0.0859,7
active_viewpoint_reacquisition,occlusion_heavy_shift,bin_sorting,object_removed,0.5493,0.0393,0.4164,0.0085,0.3252,0.0085,0.1582,0.0352,0.0918,0.0084,0.0629,0.0202,0.3486,0.0202,0.2636,0.0439,0.6885,0.0084,0.2523,0.0049,0.2755,0.0528,7
active_viewpoint_reacquisition,occlusion_heavy_shift,bin_sorting,substitute_goal_available,0.5544,0.0296,0.4227,0.0079,0.3266,0.0097,0.131,0.0222,0.051,0.0189,0.0884,0.019,0.3673,0.0545,0.2772,0.0258,0.6736,0.019,0.2465,0.006,0.2976,0.0306,7
active_viewpoint_reacquisition,occlusion_heavy_shift,bin_sorting,visual_occlusion,0.6395,0.0268,0.4145,0.0126,0.3348,0.0069,0.0901,0.0317,0.0357,0.0233,0.0884,0.0283,0.4082,0.0466,0.3078,0.0393,0.6933,0.0098,0.251,0.0064,0.1735,0.0274,7
active_viewpoint_reacquisition,occlusion_heavy_shift,drawer_placement,cascading_disappearing_goal,0.517,0.0727,0.4054,0.006,0.3329,0.0136,0.1752,0.0248,0.1037,0.0237,0.1003,0.0274,0.3861,0.0539,0.2755,0.0213,0.8131,0.0121,0.2467,0.0053,0.2959,0.0771,7
active_viewpoint_reacquisition,occlusion_heavy_shift,drawer_placement,goal_specification_changed,0.5357,0.0624,0.402,0.01,0.3364,0.0102,0.1616,0.0264,0.0952,0.0176,0.0595,0.0169,0.3571,0.0297,0.2517,0.0336,0.7046,0.0121,0.2509,0.0068,0.2959,0.0754,7
active_viewpoint_reacquisition,occlusion_heavy_shift,drawer_placement,human_temporary_obstruction,0.602,0.037,0.4071,0.0123,0.3362,0.016,0.0986,0.0182,0.0765,0.0233,0.1037,0.0202,0.3673,0.057,0.267,0.0387,0.7057,0.0126,0.2552,0.0065,0.2194,0.036,7
active_viewpoint_reacquisition,occlusion_heavy_shift,drawer_placement,object_moved,0.5714,0.0301,0.4166,0.0141,0.3368,0.0101,0.1361,0.0243,0.0561,0.0202,0.0765,0.0301,0.3656,0.0304,0.2636,0.0343,0.6544,0.0182,0.2472,0.0075,0.2245,0.0399,7
active_viewpoint_reacquisition,occlusion_heavy_shift,drawer_placement,object_removed,0.5663,0.0349,0.4115,0.0064,0.3349,0.0076,0.1633,0.0232,0.0867,0.0141,0.0612,0.0139,0.3384,0.0238,0.2279,0.0347,0.7251,0.0162,0.2471,0.0081,0.2585,0.0355,7
active_viewpoint_reacquisition,occlusion_heavy_shift,drawer_placement,substitute_goal_available,0.5323,0.0309,0.4108,0.0062,0.3302,0.0066,0.1412,0.0324,0.0714,0.0265,0.0629,0.0313,0.4065,0.0294,0.2806,0.0381,0.6867,0.0084,0.2503,0.0069,0.2959,0.0473,7
active_viewpoint_reacquisition,occlusion_heavy_shift,drawer_placement,visual_occlusion,0.6207,0.0566,0.4115,0.0052,0.3265,0.0087,0.1037,0.0182,0.0527,0.01,0.1139,0.0317,0.3588,0.0409,0.2993,0.0556,0.7018,0.0086,0.251,0.0053,0.2109,0.0573,7
active_viewpoint_reacquisition,occlusion_heavy_shift,mobile_pick_and_place,cascading_disappearing_goal,0.4779,0.0213,0.4168,0.009,0.3322,0.0105,0.1565,0.0347,0.0799,0.0195,0.1122,0.0215,0.3656,0.0434,0.2398,0.0299,0.8225,0.0101,0.2518,0.0052,0.335,0.0358,7
active_viewpoint_reacquisition,occlusion_heavy_shift,mobile_pick_and_place,goal_specification_changed,0.5697,0.0508,0.4155,0.014,0.3347,0.0098,0.1616,0.0466,0.0782,0.0384,0.0646,0.0168,0.3776,0.0363,0.2262,0.0233,0.6891,0.0126,0.2414,0.0056,0.25,0.0611,7
active_viewpoint_reacquisition,occlusion_heavy_shift,mobile_pick_and_place,human_temporary_obstruction,0.6037,0.0344,0.4166,0.0122,0.327,0.0119,0.0884,0.0264,0.068,0.0159,0.1037,0.0258,0.3707,0.0376,0.2874,0.0497,0.7074,0.0106,0.2544,0.0066,0.2211,0.0483,7
active_viewpoint_reacquisition,occlusion_heavy_shift,mobile_pick_and_place,object_moved,0.5884,0.0491,0.4136,0.0111,0.3224,0.0095,0.1344,0.0202,0.0561,0.0159,0.0748,0.0243,0.3435,0.0276,0.2942,0.0309,0.6458,0.0168,0.2488,0.0081,0.2194,0.0488,7
active_viewpoint_reacquisition,occlusion_heavy_shift,mobile_pick_and_place,object_removed,0.5391,0.046,0.4071,0.012,0.3239,0.0103,0.148,0.0243,0.0969,0.029,0.0646,0.0215,0.3588,0.0328,0.2704,0.0325,0.7035,0.0127,0.2479,0.0063,0.2602,0.0533,7
active_viewpoint_reacquisition,occlusion_heavy_shift,mobile_pick_and_place,substitute_goal_available,0.5544,0.0384,0.4123,0.0052,0.3226,0.0083,0.1361,0.0313,0.0714,0.0334,0.0561,0.0248,0.381,0.0391,0.2585,0.0437,0.6932,0.0182,0.2433,0.0077,0.2517,0.0554,7
active_viewpoint_reacquisition,occlusion_heavy_shift,mobile_pick_and_place,visual_occlusion,0.6241,0.0123,0.4191,0.0132,0.3205,0.0071,0.0782,0.0112,0.0323,0.0084,0.102,0.016,0.3622,0.0381,0.267,0.0283,0.7317,0.0104,0.2477,0.0049,0.1939,0.03,7
active_viewpoint_reacquisition,occlusion_heavy_shift,shelf_retrieval,cascading_disappearing_goal,0.5153,0.048,0.4132,0.0081,0.3293,0.007,0.1922,0.0271,0.085,0.0206,0.0952,0.0265,0.3639,0.0175,0.2432,0.0259,0.816,0.0141,0.2447,0.0101,0.2925,0.0521,7
active_viewpoint_reacquisition,occlusion_heavy_shift,shelf_retrieval,goal_specification_changed,0.5714,0.0447,0.4181,0.0089,0.3313,0.0095,0.1361,0.0274,0.068,0.0167,0.0527,0.0112,0.3895,0.0443,0.2806,0.0352,0.6835,0.0076,0.246,0.0051,0.25,0.0534,7
active_viewpoint_reacquisition,occlusion_heavy_shift,shelf_retrieval,human_temporary_obstruction,0.6344,0.03,0.4169,0.0098,0.3264,0.007,0.0952,0.0228,0.0544,0.0112,0.1139,0.0317,0.3588,0.0556,0.2823,0.022,0.7012,0.0173,0.2549,0.0062,0.1922,0.0299,7
active_viewpoint_reacquisition,occlusion_heavy_shift,shelf_retrieval,object_moved,0.5918,0.0258,0.4144,0.0142,0.3312,0.0108,0.1429,0.0394,0.0391,0.0208,0.0816,0.0219,0.3673,0.0421,0.3044,0.0264,0.6364,0.0168,0.251,0.0077,0.25,0.0233,7
active_viewpoint_reacquisition,occlusion_heavy_shift,shelf_retrieval,object_removed,0.5833,0.0228,0.3998,0.0093,0.3303,0.0142,0.1429,0.0297,0.0986,0.0304,0.0578,0.0139,0.3929,0.0444,0.2313,0.0287,0.7136,0.0113,0.2457,0.0048,0.2568,0.0209,7
active_viewpoint_reacquisition,occlusion_heavy_shift,shelf_retrieval,substitute_goal_available,0.5255,0.0389,0.4099,0.0073,0.3345,0.006,0.1616,0.0152,0.0731,0.0129,0.0595,0.0244,0.3741,0.0123,0.2755,0.049,0.6928,0.0197,0.2443,0.006,0.3146,0.0404,7
active_viewpoint_reacquisition,occlusion_heavy_shift,shelf_retrieval,visual_occlusion,0.631,0.0453,0.4053,0.0108,0.3288,0.0105,0.0646,0.0168,0.0527,0.0069,0.1003,0.0329,0.3741,0.041,0.2925,0.0397,0.7306,0.0134,0.2518,0.0068,0.182,0.0633,7
active_viewpoint_reacquisition,occlusion_heavy_shift,tool_handoff,cascading_disappearing_goal,0.4473,0.0516,0.4113,0.0094,0.3391,0.0103,0.1446,0.0393,0.0901,0.0203,0.0799,0.0159,0.3639,0.0506,0.2891,0.0226,0.8395,0.0182,0.2505,0.007,0.3418,0.0543,7
active_viewpoint_reacquisition,occlusion_heavy_shift,tool_handoff,goal_specification_changed,0.5051,0.056,0.4138,0.0069,0.3231,0.0139,0.1548,0.0338,0.0731,0.0139,0.0544,0.0123,0.3554,0.0427,0.2959,0.0439,0.7107,0.0154,0.2487,0.0061,0.3231,0.0616,7
active_viewpoint_reacquisition,occlusion_heavy_shift,tool_handoff,human_temporary_obstruction,0.5646,0.0441,0.4092,0.0134,0.3308,0.0112,0.1105,0.0098,0.0697,0.0187,0.1156,0.0313,0.3673,0.0629,0.2874,0.0568,0.7218,0.0135,0.2525,0.0084,0.2585,0.0437,7
active_viewpoint_reacquisition,occlusion_heavy_shift,tool_handoff,object_moved,0.5493,0.0402,0.4166,0.0073,0.3265,0.0088,0.1497,0.0287,0.068,0.0214,0.085,0.0336,0.3639,0.0325,0.2568,0.0196,0.655,0.0109,0.2486,0.0045,0.2534,0.0317,7
active_viewpoint_reacquisition,occlusion_heavy_shift,tool_handoff,object_removed,0.5663,0.0384,0.4078,0.0044,0.327,0.0062,0.1531,0.0187,0.0986,0.0189,0.0578,0.0172,0.3639,0.041,0.2585,0.0253,0.7453,0.0196,0.2412,0.007,0.2381,0.0288,7
active_viewpoint_reacquisition,occlusion_heavy_shift,tool_handoff,substitute_goal_available,0.5391,0.0471,0.4119,0.0132,0.3232,0.0108,0.1344,0.0263,0.0697,0.0213,0.0629,0.0167,0.3435,0.0332,0.2347,0.0482,0.7122,0.013,0.2461,0.0063,0.2687,0.0543,7
active_viewpoint_reacquisition,occlusion_heavy_shift,tool_handoff,visual_occlusion,0.5697,0.0608,0.4126,0.0122,0.3275,0.0169,0.051,0.0159,0.0459,0.0213,0.1003,0.0233,0.3827,0.0281,0.2857,0.0204,0.7371,0.0146,0.247,0.0073,0.2211,0.0725,7
active_viewpoint_reacquisition,physical_removal_shift,bin_sorting,cascading_disappearing_goal,0.4745,0.0376,0.4124,0.01,0.2982,0.0087,0.199,0.0493,0.1054,0.0324,0.0714,0.0153,0.4082,0.0533,0.2313,0.0317,0.8169,0.01,0.246,0.0064,0.3656,0.0511,7
active_viewpoint_reacquisition,physical_removal_shift,bin_sorting,goal_specification_changed,0.5119,0.0388,0.4179,0.0101,0.3143,0.011,0.1939,0.0287,0.0935,0.0241,0.0714,0.0184,0.4235,0.0496,0.2245,0.0445,0.7053,0.0159,0.2392,0.0032,0.3554,0.0241,7
active_viewpoint_reacquisition,physical_removal_shift,bin_sorting,human_temporary_obstruction,0.6207,0.0651,0.4068,0.0113,0.3126,0.0135,0.1207,0.018,0.0527,0.0123,0.1003,0.0356,0.3776,0.0651,0.2585,0.04,0.6705,0.0141,0.2551,0.0055,0.2024,0.0762,7
active_viewpoint_reacquisition,physical_removal_shift,bin_sorting,object_moved,0.5238,0.0353,0.4078,0.0078,0.314,0.0114,0.1156,0.0243,0.0714,0.0216,0.0629,0.0202,0.3588,0.0462,0.2636,0.0172,0.6451,0.0068,0.2459,0.0074,0.2823,0.0296,7
active_viewpoint_reacquisition,physical_removal_shift,bin_sorting,object_removed,0.5612,0.0236,0.4096,0.0092,0.3125,0.0081,0.1718,0.0209,0.0833,0.0204,0.0714,0.0255,0.4167,0.0592,0.2364,0.0386,0.7308,0.0175,0.2495,0.0095,0.2534,0.0508,7
active_viewpoint_reacquisition,physical_removal_shift,bin_sorting,substitute_goal_available,0.551,0.0482,0.4143,0.0092,0.3088,0.0077,0.1803,0.023,0.0935,0.023,0.0646,0.0209,0.4031,0.0281,0.2483,0.0336,0.7068,0.0049,0.2436,0.0074,0.2381,0.065,7
active_viewpoint_reacquisition,physical_removal_shift,bin_sorting,visual_occlusion,0.6224,0.049,0.4133,0.008,0.3091,0.0069,0.0969,0.0224,0.0374,0.0172,0.1003,0.0356,0.4031,0.0246,0.2704,0.0296,0.6787,0.011,0.2496,0.0071,0.2007,0.0721,7
active_viewpoint_reacquisition,physical_removal_shift,drawer_placement,cascading_disappearing_goal,0.4711,0.0463,0.4034,0.0127,0.3118,0.011,0.1837,0.0203,0.1276,0.0352,0.1003,0.0215,0.3878,0.0452,0.2296,0.0333,0.834,0.014,0.2483,0.008,0.3146,0.0446,7
active_viewpoint_reacquisition,physical_removal_shift,drawer_placement,goal_specification_changed,0.534,0.0303,0.3969,0.0148,0.3111,0.0111,0.165,0.0328,0.102,0.0278,0.0748,0.0167,0.3776,0.0431,0.2517,0.0442,0.7176,0.0129,0.2479,0.0047,0.2738,0.0472,7
active_viewpoint_reacquisition,physical_removal_shift,drawer_placement,human_temporary_obstruction,0.5901,0.0363,0.4132,0.0099,0.3149,0.0084,0.0935,0.0193,0.0765,0.0283,0.0833,0.0222,0.3827,0.0294,0.2755,0.0339,0.6798,0.0148,0.2476,0.0074,0.2449,0.0175,7
active_viewpoint_reacquisition,physical_removal_shift,drawer_placement,object_moved,0.5119,0.048,0.4041,0.0109,0.3096,0.0134,0.1599,0.0233,0.0629,0.0159,0.0748,0.0167,0.3912,0.0312,0.2619,0.056,0.6449,0.0106,0.2483,0.0048,0.2874,0.0771,7
active_viewpoint_reacquisition,physical_removal_shift,drawer_placement,object_removed,0.4898,0.0554,0.408,0.0089,0.3058,0.0067,0.1871,0.0248,0.0816,0.0343,0.0527,0.0221,0.3912,0.0332,0.2534,0.0363,0.7591,0.0127,0.2473,0.007,0.3027,0.0391,7
active_viewpoint_reacquisition,physical_removal_shift,drawer_placement,substitute_goal_available,0.5102,0.0549,0.4133,0.0082,0.3114,0.0089,0.1667,0.0292,0.0952,0.0233,0.0629,0.0141,0.3912,0.0271,0.2449,0.0269,0.7139,0.0129,0.2483,0.0121,0.3129,0.0721,7
active_viewpoint_reacquisition,physical_removal_shift,drawer_placement,visual_occlusion,0.5935,0.0213,0.4091,0.0119,0.3088,0.0075,0.1003,0.0259,0.0425,0.01,0.0969,0.0262,0.3946,0.0351,0.267,0.037,0.6875,0.0136,0.2533,0.0076,0.2143,0.0318,7
active_viewpoint_reacquisition,physical_removal_shift,mobile_pick_and_place,cascading_disappearing_goal,0.4711,0.0644,0.4048,0.0071,0.3049,0.0113,0.1905,0.0491,0.1429,0.0191,0.0867,0.0321,0.3793,0.0213,0.2194,0.0259,0.8319,0.0069,0.2492,0.0075,0.2942,0.0641,7
active_viewpoint_reacquisition,physical_removal_shift,mobile_pick_and_place,goal_specification_changed,0.517,0.0397,0.4062,0.0095,0.3124,0.0136,0.1463,0.022,0.0918,0.0278,0.0578,0.02,0.3588,0.0299,0.2245,0.0164,0.721,0.0143,0.2437,0.005,0.2823,0.0485,7
active_viewpoint_reacquisition,physical_removal_shift,mobile_pick_and_place,human_temporary_obstruction,0.5697,0.054,0.4126,0.0052,0.3152,0.0112,0.1071,0.0338,0.0748,0.0214,0.068,0.0202,0.3776,0.0214,0.2993,0.0336,0.6765,0.0114,0.2566,0.0049,0.2585,0.0631,7
active_viewpoint_reacquisition,physical_removal_shift,mobile_pick_and_place,object_moved,0.5629,0.0419,0.4095,0.0116,0.3091,0.0124,0.1259,0.0309,0.0544,0.0143,0.0748,0.0258,0.3793,0.0336,0.2755,0.029,0.6461,0.0158,0.2457,0.0078,0.2347,0.0573,7
active_viewpoint_reacquisition,physical_removal_shift,mobile_pick_and_place,object_removed,0.4915,0.0463,0.4089,0.0033,0.3044,0.0055,0.1667,0.0326,0.102,0.0152,0.0731,0.0172,0.415,0.0156,0.2177,0.0296,0.7639,0.0173,0.2413,0.0071,0.3129,0.0582,7
active_viewpoint_reacquisition,physical_removal_shift,mobile_pick_and_place,substitute_goal_available,0.517,0.0381,0.4143,0.0112,0.3113,0.0121,0.1565,0.018,0.0544,0.0152,0.0714,0.0297,0.4167,0.0527,0.2177,0.0313,0.7128,0.0088,0.2502,0.0054,0.2874,0.0303,7
active_viewpoint_reacquisition,physical_removal_shift,mobile_pick_and_place,visual_occlusion,0.5867,0.0329,0.405,0.0073,0.309,0.0076,0.0952,0.0197,0.0493,0.0139,0.1003,0.0112,0.3656,0.055,0.2364,0.0276,0.7002,0.0106,0.2477,0.006,0.2347,0.046,7
active_viewpoint_reacquisition,physical_removal_shift,shelf_retrieval,cascading_disappearing_goal,0.4728,0.0348,0.4081,0.0072,0.3108,0.0116,0.2058,0.0329,0.0986,0.015,0.0731,0.0193,0.381,0.031,0.2279,0.02,0.8172,0.0076,0.2566,0.006,0.3503,0.0419,7
active_viewpoint_reacquisition,physical_removal_shift,shelf_retrieval,goal_specification_changed,0.5306,0.0511,0.4158,0.0096,0.3089,0.0069,0.1463,0.0268,0.0952,0.0169,0.0799,0.0359,0.4082,0.0449,0.2381,0.0453,0.7156,0.0212,0.2436,0.0059,0.3078,0.0418,7
active_viewpoint_reacquisition,physical_removal_shift,shelf_retrieval,human_temporary_obstruction,0.5816,0.049,0.4045,0.0125,0.3139,0.0079,0.0986,0.0195,0.0646,0.0196,0.1156,0.0263,0.3912,0.0379,0.2806,0.0238,0.7012,0.0129,0.2534,0.0057,0.2483,0.0525,7
active_viewpoint_reacquisition,physical_removal_shift,shelf_retrieval,object_moved,0.5816,0.0262,0.4135,0.0049,0.3166,0.0108,0.1718,0.0238,0.0595,0.0114,0.0714,0.0279,0.3946,0.0575,0.2653,0.0393,0.6415,0.0091,0.2526,0.0082,0.2568,0.0337,7
active_viewpoint_reacquisition,physical_removal_shift,shelf_retrieval,object_removed,0.5391,0.034,0.4122,0.0069,0.3093,0.0096,0.1565,0.0294,0.1122,0.019,0.0612,0.02,0.4048,0.0447,0.2398,0.0518,0.7465,0.0108,0.2429,0.0035,0.2755,0.0457,7
active_viewpoint_reacquisition,physical_removal_shift,shelf_retrieval,substitute_goal_available,0.5391,0.0344,0.4139,0.0076,0.3025,0.0107,0.1599,0.0292,0.0612,0.0139,0.0595,0.0292,0.3946,0.0358,0.2279,0.0299,0.7149,0.0116,0.2447,0.0036,0.2891,0.0325,7
active_viewpoint_reacquisition,physical_removal_shift,shelf_retrieval,visual_occlusion,0.585,0.0164,0.4064,0.0095,0.3059,0.0191,0.0748,0.0174,0.0561,0.0174,0.1071,0.0169,0.3827,0.0107,0.2585,0.0443,0.695,0.0084,0.2501,0.0074,0.2398,0.02,7
active_viewpoint_reacquisition,physical_removal_shift,tool_handoff,cascading_disappearing_goal,0.449,0.0493,0.4149,0.0175,0.3055,0.0056,0.2194,0.0259,0.1088,0.0079,0.0884,0.0274,0.4133,0.0397,0.216,0.0389,0.8517,0.0214,0.2506,0.0077,0.3299,0.0443,7
active_viewpoint_reacquisition,physical_removal_shift,tool_handoff,goal_specification_changed,0.5085,0.0321,0.4075,0.01,0.3069,0.0128,0.1599,0.0301,0.1003,0.0329,0.0493,0.0156,0.3741,0.0423,0.2432,0.0221,0.7514,0.012,0.2479,0.0071,0.2874,0.051,7
active_viewpoint_reacquisition,physical_removal_shift,tool_handoff,human_temporary_obstruction,0.6088,0.043,0.4086,0.0133,0.3173,0.0061,0.1241,0.037,0.0765,0.0143,0.0867,0.0253,0.4133,0.0253,0.2483,0.0412,0.7056,0.0108,0.2517,0.0051,0.1922,0.0479,7
active_viewpoint_reacquisition,physical_removal_shift,tool_handoff,object_moved,0.5391,0.044,0.4032,0.0069,0.3093,0.0078,0.1446,0.0307,0.068,0.0174,0.0629,0.0195,0.4048,0.036,0.2704,0.0304,0.6583,0.0126,0.2495,0.0061,0.2687,0.0529,7
active_viewpoint_reacquisition,physical_removal_shift,tool_handoff,object_removed,0.4881,0.0161,0.417,0.0121,0.3122,0.0059,0.1854,0.0391,0.1173,0.0336,0.0578,0.0129,0.3793,0.0663,0.2177,0.0457,0.7905,0.0071,0.245,0.0044,0.3146,0.0296,7
active_viewpoint_reacquisition,physical_removal_shift,tool_handoff,substitute_goal_available,0.5272,0.0538,0.4197,0.0101,0.3174,0.0106,0.1412,0.032,0.085,0.0193,0.0748,0.0232,0.3827,0.0608,0.25,0.036,0.7354,0.0163,0.2484,0.0082,0.2602,0.0595,7
active_viewpoint_reacquisition,physical_removal_shift,tool_handoff,visual_occlusion,0.5714,0.0342,0.4106,0.0134,0.3088,0.0066,0.0901,0.019,0.051,0.0208,0.0969,0.0241,0.398,0.0309,0.25,0.033,0.7002,0.0089,0.2463,0.0066,0.2415,0.0406,7
failure_aware_manipulation_policy,combined_disappearance_stress,bin_sorting,cascading_disappearing_goal,0.4847,0.0195,0.4351,0.0074,0.413,0.0113,0.1684,0.0303,0.0918,0.0352,0.1139,0.0349,0.2942,0.0422,0.3537,0.0287,0.8826,0.0193,0.2285,0.0051,0.335,0.0406,7
failure_aware_manipulation_policy,combined_disappearance_stress,bin_sorting,goal_specification_changed,0.5935,0.0376,0.444,0.0065,0.4137,0.0075,0.148,0.0321,0.0544,0.019,0.0629,0.0122,0.2891,0.0268,0.3452,0.0491,0.7491,0.0121,0.2236,0.0031,0.2279,0.0442,7
failure_aware_manipulation_policy,combined_disappearance_stress,bin_sorting,human_temporary_obstruction,0.6429,0.0394,0.4385,0.0125,0.4134,0.0114,0.1003,0.0283,0.0527,0.0274,0.0816,0.0316,0.2976,0.0512,0.3503,0.0374,0.7579,0.0086,0.2268,0.0053,0.1701,0.0296,7
failure_aware_manipulation_policy,combined_disappearance_stress,bin_sorting,object_moved,0.5765,0.0269,0.4417,0.0108,0.4082,0.0093,0.1361,0.0352,0.0425,0.016,0.0816,0.0172,0.2857,0.0239,0.4099,0.0274,0.6914,0.0154,0.2216,0.0057,0.2228,0.0352,7
failure_aware_manipulation_policy,combined_disappearance_stress,bin_sorting,object_removed,0.5935,0.0351,0.4371,0.0134,0.4065,0.0107,0.1548,0.0228,0.0663,0.0168,0.0408,0.0196,0.2908,0.0377,0.3265,0.0596,0.7896,0.0168,0.2245,0.0053,0.2347,0.0397,7
failure_aware_manipulation_policy,combined_disappearance_stress,bin_sorting,substitute_goal_available,0.5544,0.0227,0.4381,0.0073,0.4023,0.0055,0.1259,0.0469,0.0442,0.015,0.0714,0.0191,0.2925,0.0384,0.3452,0.0255,0.7421,0.0151,0.2272,0.0072,0.267,0.0317,7
failure_aware_manipulation_policy,combined_disappearance_stress,bin_sorting,visual_occlusion,0.6514,0.0325,0.4397,0.0063,0.4111,0.0079,0.0765,0.0292,0.0289,0.0112,0.1378,0.0419,0.2823,0.0208,0.3724,0.0598,0.7407,0.0155,0.2351,0.0062,0.182,0.0406,7
failure_aware_manipulation_policy,combined_disappearance_stress,drawer_placement,cascading_disappearing_goal,0.5068,0.0536,0.4377,0.0193,0.4237,0.0118,0.1905,0.036,0.085,0.0213,0.1259,0.0183,0.2789,0.0341,0.369,0.0318,0.9143,0.0129,0.2294,0.0102,0.2738,0.087,7
failure_aware_manipulation_policy,combined_disappearance_stress,drawer_placement,goal_specification_changed,0.5731,0.032,0.4432,0.0085,0.419,0.0097,0.1633,0.0511,0.0646,0.016,0.0646,0.0183,0.2891,0.0325,0.3248,0.0287,0.767,0.0133,0.2243,0.0047,0.199,0.0533,7
failure_aware_manipulation_policy,combined_disappearance_stress,drawer_placement,human_temporary_obstruction,0.585,0.0399,0.4347,0.0102,0.4132,0.0118,0.0986,0.0309,0.0442,0.0202,0.1071,0.026,0.2823,0.0321,0.352,0.0391,0.7584,0.0073,0.2264,0.0051,0.2211,0.0441,7
failure_aware_manipulation_policy,combined_disappearance_stress,drawer_placement,object_moved,0.5204,0.0268,0.4432,0.0066,0.4261,0.0069,0.1344,0.04,0.0442,0.0174,0.0731,0.0224,0.2959,0.0343,0.369,0.0191,0.707,0.016,0.2261,0.0037,0.301,0.0521,7
failure_aware_manipulation_policy,combined_disappearance_stress,drawer_placement,object_removed,0.568,0.0496,0.4296,0.0132,0.4106,0.0074,0.1565,0.0213,0.0748,0.022,0.0527,0.0143,0.2874,0.0332,0.3384,0.0287,0.8175,0.0186,0.229,0.0031,0.2211,0.0593,7
failure_aware_manipulation_policy,combined_disappearance_stress,drawer_placement,substitute_goal_available,0.5153,0.0387,0.4372,0.0086,0.4113,0.0089,0.1241,0.0254,0.0748,0.0226,0.085,0.0262,0.2942,0.0141,0.3163,0.0254,0.796,0.011,0.2282,0.0039,0.2942,0.0524,7
failure_aware_manipulation_policy,combined_disappearance_stress,drawer_placement,visual_occlusion,0.5935,0.0412,0.4357,0.0069,0.4159,0.0145,0.0799,0.0232,0.0374,0.0139,0.1412,0.0267,0.2891,0.0352,0.3997,0.0283,0.7672,0.0124,0.227,0.0035,0.1973,0.0469,7
failure_aware_manipulation_policy,combined_disappearance_stress,mobile_pick_and_place,cascading_disappearing_goal,0.5051,0.0259,0.4463,0.0098,0.4286,0.0054,0.1735,0.0321,0.0952,0.0184,0.1259,0.0283,0.2925,0.0352,0.318,0.0202,0.9204,0.0111,0.2291,0.0059,0.2568,0.0483,7
failure_aware_manipulation_policy,combined_disappearance_stress,mobile_pick_and_place,goal_specification_changed,0.5391,0.0344,0.4374,0.0095,0.4165,0.0142,0.1463,0.0413,0.0697,0.0213,0.0527,0.0133,0.2857,0.0461,0.3265,0.0472,0.7789,0.0127,0.2233,0.0031,0.2959,0.0439,7
failure_aware_manipulation_policy,combined_disappearance_stress,mobile_pick_and_place,human_temporary_obstruction,0.5374,0.0139,0.444,0.0077,0.4072,0.0036,0.1139,0.0264,0.0663,0.0249,0.119,0.0191,0.3027,0.0333,0.3486,0.0304,0.7633,0.0099,0.2278,0.0073,0.2602,0.0339,7
failure_aware_manipulation_policy,combined_disappearance_stress,mobile_pick_and_place,object_moved,0.551,0.0237,0.44,0.007,0.4138,0.0085,0.1173,0.0448,0.051,0.0084,0.068,0.0189,0.2789,0.0196,0.3707,0.032,0.6977,0.0199,0.2268,0.0096,0.2755,0.049,7
failure_aware_manipulation_policy,combined_disappearance_stress,mobile_pick_and_place,object_removed,0.5731,0.0312,0.4424,0.0145,0.4112,0.0146,0.1582,0.0282,0.0748,0.0214,0.0476,0.0161,0.2636,0.0324,0.3622,0.0356,0.814,0.0143,0.2252,0.0082,0.2007,0.0351,7
failure_aware_manipulation_policy,combined_disappearance_stress,mobile_pick_and_place,substitute_goal_available,0.5255,0.0187,0.4323,0.0095,0.4115,0.0163,0.1548,0.0191,0.0578,0.023,0.0918,0.0174,0.284,0.0473,0.3741,0.058,0.7737,0.0197,0.2223,0.0076,0.2738,0.0326,7
failure_aware_manipulation_policy,combined_disappearance_stress,mobile_pick_and_place,visual_occlusion,0.6344,0.0337,0.4487,0.0114,0.4086,0.0085,0.1071,0.0197,0.0408,0.0112,0.1224,0.0141,0.2959,0.0482,0.3759,0.0313,0.7756,0.0096,0.2284,0.0062,0.1803,0.0465,7
failure_aware_manipulation_policy,combined_disappearance_stress,shelf_retrieval,cascading_disappearing_goal,0.4796,0.0359,0.4476,0.0105,0.4145,0.0083,0.1276,0.0189,0.0969,0.0213,0.1139,0.0209,0.2687,0.0345,0.3452,0.0384,0.905,0.0149,0.2253,0.0062,0.3231,0.0267,7
failure_aware_manipulation_policy,combined_disappearance_stress,shelf_retrieval,goal_specification_changed,0.5527,0.0443,0.4359,0.0105,0.4173,0.0181,0.1395,0.0253,0.0595,0.0239,0.0612,0.029,0.2704,0.0457,0.4133,0.0321,0.7628,0.0149,0.222,0.0055,0.2415,0.0552,7
failure_aware_manipulation_policy,combined_disappearance_stress,shelf_retrieval,human_temporary_obstruction,0.6361,0.0426,0.4426,0.0123,0.4133,0.0106,0.1122,0.0269,0.0408,0.0168,0.131,0.031,0.2619,0.0546,0.3844,0.0344,0.7786,0.0097,0.2297,0.0056,0.1769,0.073,7
failure_aware_manipulation_policy,combined_disappearance_stress,shelf_retrieval,object_moved,0.5833,0.0384,0.4392,0.01,0.4155,0.0055,0.1429,0.0279,0.0459,0.0129,0.0799,0.0248,0.2959,0.0442,0.4116,0.0432,0.7053,0.0162,0.2238,0.0072,0.2313,0.0526,7
failure_aware_manipulation_policy,combined_disappearance_stress,shelf_retrieval,object_removed,0.5663,0.0183,0.4334,0.0128,0.4083,0.0162,0.1395,0.0214,0.051,0.0182,0.0527,0.019,0.3027,0.0341,0.3435,0.0336,0.8153,0.0108,0.2233,0.0051,0.2381,0.0228,7
failure_aware_manipulation_policy,combined_disappearance_stress,shelf_retrieval,substitute_goal_available,0.5782,0.0449,0.435,0.0141,0.4092,0.0094,0.1599,0.0329,0.0697,0.018,0.0816,0.0312,0.2534,0.0363,0.3793,0.0379,0.7716,0.0105,0.2264,0.007,0.2092,0.0573,7
failure_aware_manipulation_policy,combined_disappearance_stress,shelf_retrieval,visual_occlusion,0.5918,0.0355,0.4285,0.008,0.4144,0.0098,0.0731,0.0241,0.0425,0.0209,0.1463,0.0195,0.2687,0.0407,0.398,0.0269,0.7805,0.0135,0.231,0.0077,0.2041,0.0523,7
failure_aware_manipulation_policy,combined_disappearance_stress,tool_handoff,cascading_disappearing_goal,0.4983,0.0351,0.4277,0.015,0.4107,0.0077,0.1531,0.0299,0.1071,0.033,0.1276,0.0208,0.2908,0.0133,0.3401,0.0305,0.9535,0.0088,0.2244,0.0053,0.2483,0.0635,7
failure_aware_manipulation_policy,combined_disappearance_stress,tool_handoff,goal_specification_changed,0.5289,0.0349,0.443,0.0062,0.4107,0.0073,0.1395,0.0273,0.0731,0.018,0.0731,0.0241,0.2891,0.0304,0.3554,0.0343,0.8005,0.0074,0.2215,0.0061,0.2721,0.0693,7
failure_aware_manipulation_policy,combined_disappearance_stress,tool_handoff,human_temporary_obstruction,0.5765,0.048,0.442,0.0107,0.4133,0.0131,0.1054,0.0206,0.0714,0.0072,0.1395,0.0296,0.2908,0.0313,0.3878,0.0536,0.778,0.021,0.2287,0.0057,0.2449,0.0238,7
failure_aware_manipulation_policy,combined_disappearance_stress,tool_handoff,object_moved,0.5493,0.0328,0.4357,0.0068,0.4169,0.0061,0.1327,0.0257,0.0663,0.0069,0.0799,0.0067,0.2891,0.0457,0.3741,0.0313,0.714,0.0095,0.2253,0.0064,0.2551,0.056,7
failure_aware_manipulation_policy,combined_disappearance_stress,tool_handoff,object_removed,0.5476,0.0453,0.4323,0.0166,0.4195,0.0088,0.1463,0.0237,0.1003,0.0416,0.0595,0.0135,0.2874,0.0372,0.3418,0.0309,0.8539,0.015,0.2269,0.003,0.2415,0.038,7
failure_aware_manipulation_policy,combined_disappearance_stress,tool_handoff,substitute_goal_available,0.5306,0.0413,0.4361,0.0104,0.4243,0.0106,0.1667,0.0184,0.068,0.0159,0.0714,0.0184,0.3146,0.0283,0.3486,0.0564,0.8095,0.0091,0.2237,0.0037,0.2585,0.048,7
failure_aware_manipulation_policy,combined_disappearance_stress,tool_handoff,visual_occlusion,0.5748,0.0373,0.4446,0.0107,0.4125,0.0112,0.0799,0.0167,0.034,0.0193,0.1241,0.0333,0.2738,0.0249,0.3724,0.0296,0.788,0.0187,0.2298,0.0047,0.2602,0.0597,7
failure_aware_manipulation_policy,delayed_reappearance,bin_sorting,cascading_disappearing_goal,0.5578,0.0343,0.4724,0.0108,0.4359,0.0053,0.1616,0.0416,0.0544,0.016,0.1037,0.0333,0.2789,0.0426,0.3776,0.0633,0.8229,0.0115,0.2249,0.0053,0.2704,0.039,7
failure_aware_manipulation_policy,delayed_reappearance,bin_sorting,goal_specification_changed,0.5731,0.0436,0.4702,0.0159,0.4358,0.0055,0.1463,0.0352,0.0493,0.0148,0.0561,0.0195,0.2738,0.0184,0.3776,0.0425,0.7306,0.0216,0.2276,0.0047,0.2194,0.0426,7
failure_aware_manipulation_policy,delayed_reappearance,bin_sorting,human_temporary_obstruction,0.6088,0.0206,0.4639,0.0123,0.4366,0.0148,0.1173,0.0299,0.034,0.0148,0.1156,0.0273,0.2721,0.0358,0.3844,0.0258,0.7285,0.0099,0.2223,0.0077,0.2143,0.0233,7
failure_aware_manipulation_policy,delayed_reappearance,bin_sorting,object_moved,0.5884,0.0352,0.4662,0.0083,0.4363,0.0085,0.1429,0.0318,0.0289,0.016,0.0578,0.0187,0.3112,0.0409,0.4337,0.041,0.695,0.0067,0.224,0.007,0.2245,0.0484,7
failure_aware_manipulation_policy,delayed_reappearance,bin_sorting,object_removed,0.6105,0.0463,0.477,0.0104,0.4383,0.0076,0.1429,0.0394,0.051,0.0167,0.0527,0.0215,0.2738,0.0265,0.3776,0.0214,0.7772,0.0136,0.2253,0.0037,0.2279,0.0633,7
failure_aware_manipulation_policy,delayed_reappearance,bin_sorting,substitute_goal_available,0.6071,0.0438,0.4684,0.0129,0.4367,0.0082,0.1327,0.0213,0.0595,0.021,0.0646,0.0123,0.2721,0.0328,0.4031,0.0588,0.7298,0.014,0.2195,0.0048,0.2109,0.0469,7
failure_aware_manipulation_policy,delayed_reappearance,bin_sorting,visual_occlusion,0.6412,0.0276,0.468,0.0085,0.4455,0.0058,0.0952,0.0144,0.0272,0.0084,0.1259,0.0203,0.2704,0.0485,0.4116,0.0317,0.758,0.0151,0.2282,0.0072,0.1888,0.0294,7
failure_aware_manipulation_policy,delayed_reappearance,drawer_placement,cascading_disappearing_goal,0.4898,0.0418,0.4642,0.0095,0.4297,0.013,0.1684,0.0343,0.0782,0.0196,0.1259,0.019,0.318,0.0232,0.4082,0.0273,0.8729,0.0169,0.2262,0.0064,0.3146,0.041,7
failure_aware_manipulation_policy,delayed_reappearance,drawer_placement,goal_specification_changed,0.5731,0.0339,0.4837,0.0051,0.4388,0.011,0.148,0.0133,0.0561,0.0132,0.0544,0.0152,0.2908,0.0305,0.3469,0.0257,0.7511,0.0104,0.2178,0.006,0.2653,0.034,7
failure_aware_manipulation_policy,delayed_reappearance,drawer_placement,human_temporary_obstruction,0.6105,0.0419,0.4687,0.0098,0.4387,0.0112,0.0986,0.0278,0.0697,0.0219,0.0969,0.0276,0.2976,0.0345,0.4133,0.0232,0.746,0.0183,0.2273,0.006,0.1956,0.0722,7
failure_aware_manipulation_policy,delayed_reappearance,drawer_placement,object_moved,0.5714,0.0364,0.4714,0.0141,0.4382,0.0114,0.1259,0.041,0.0527,0.0112,0.0799,0.0313,0.3095,0.0228,0.4167,0.0314,0.6836,0.0132,0.2236,0.0064,0.2534,0.0457,7
failure_aware_manipulation_policy,delayed_reappearance,drawer_placement,object_removed,0.5952,0.0274,0.4762,0.004,0.4385,0.0081,0.1429,0.036,0.0833,0.0197,0.0748,0.0174,0.2823,0.0352,0.398,0.0384,0.7677,0.0157,0.2229,0.0028,0.2058,0.0291,7
failure_aware_manipulation_policy,delayed_reappearance,drawer_placement,substitute_goal_available,0.5595,0.0391,0.4714,0.0136,0.4447,0.0134,0.1361,0.0209,0.0646,0.0175,0.0884,0.0249,0.2279,0.0281,0.381,0.0249,0.7625,0.0146,0.2231,0.0048,0.2381,0.0411,7
failure_aware_manipulation_policy,delayed_reappearance,drawer_placement,visual_occlusion,0.5901,0.0333,0.4732,0.0066,0.439,0.013,0.102,0.0123,0.0255,0.0172,0.1122,0.0196,0.2534,0.037,0.432,0.0471,0.7531,0.0161,0.2275,0.0046,0.2432,0.0514,7
failure_aware_manipulation_policy,delayed_reappearance,mobile_pick_and_place,cascading_disappearing_goal,0.4966,0.0352,0.4708,0.0114,0.4369,0.0087,0.1582,0.0208,0.0952,0.0169,0.119,0.0144,0.2789,0.0249,0.3793,0.0482,0.8723,0.0145,0.2288,0.0057,0.2942,0.0516,7
failure_aware_manipulation_policy,delayed_reappearance,mobile_pick_and_place,goal_specification_changed,0.5816,0.0402,0.4613,0.0121,0.441,0.0096,0.1207,0.0148,0.0714,0.033,0.0697,0.0187,0.2687,0.0123,0.4286,0.042,0.7448,0.0121,0.2249,0.0078,0.2381,0.0553,7
failure_aware_manipulation_policy,delayed_reappearance,mobile_pick_and_place,human_temporary_obstruction,0.6293,0.032,0.4672,0.0098,0.4339,0.0077,0.0816,0.0172,0.0612,0.0172,0.1412,0.0445,0.3078,0.0376,0.4065,0.0376,0.7576,0.0155,0.2276,0.0084,0.1922,0.0316,7
failure_aware_manipulation_policy,delayed_reappearance,mobile_pick_and_place,object_moved,0.5697,0.0399,0.4716,0.0057,0.4394,0.0128,0.1548,0.0239,0.0493,0.0172,0.0765,0.0221,0.2874,0.043,0.4473,0.0534,0.7103,0.0144,0.2194,0.0051,0.2364,0.0606,7
failure_aware_manipulation_policy,delayed_reappearance,mobile_pick_and_place,object_removed,0.602,0.0413,0.4755,0.0099,0.4364,0.0144,0.1361,0.0384,0.0697,0.0156,0.0646,0.0243,0.2755,0.0219,0.3486,0.0352,0.7761,0.0073,0.2242,0.0075,0.1973,0.0493,7
failure_aware_manipulation_policy,delayed_reappearance,mobile_pick_and_place,substitute_goal_available,0.5765,0.0337,0.4641,0.0074,0.4442,0.0143,0.1276,0.022,0.0544,0.0168,0.0816,0.029,0.2874,0.0241,0.398,0.0504,0.7524,0.0172,0.2213,0.0023,0.2126,0.0433,7
failure_aware_manipulation_policy,delayed_reappearance,mobile_pick_and_place,visual_occlusion,0.648,0.0309,0.4731,0.0067,0.4209,0.0141,0.0935,0.0285,0.0357,0.0176,0.131,0.0301,0.2687,0.0374,0.4065,0.0343,0.7775,0.0127,0.2232,0.0059,0.1667,0.0374,7
failure_aware_manipulation_policy,delayed_reappearance,shelf_retrieval,cascading_disappearing_goal,0.5068,0.036,0.4686,0.0084,0.4419,0.0113,0.1582,0.0243,0.0816,0.0241,0.1395,0.0313,0.2874,0.043,0.3741,0.0596,0.8723,0.0104,0.2258,0.0055,0.3061,0.0287,7
failure_aware_manipulation_policy,delayed_reappearance,shelf_retrieval,goal_specification_changed,0.5867,0.0463,0.4633,0.0069,0.4325,0.0119,0.1514,0.0419,0.0442,0.0111,0.0442,0.015,0.3265,0.0394,0.3724,0.0248,0.7379,0.0129,0.222,0.0059,0.2313,0.0475,7
failure_aware_manipulation_policy,delayed_reappearance,shelf_retrieval,human_temporary_obstruction,0.6071,0.0269,0.4605,0.0168,0.4367,0.0063,0.119,0.0432,0.0408,0.0123,0.0952,0.0279,0.2653,0.034,0.3997,0.0475,0.7635,0.0097,0.2244,0.0067,0.1871,0.0202,7
failure_aware_manipulation_policy,delayed_reappearance,shelf_retrieval,object_moved,0.6173,0.032,0.4759,0.018,0.44,0.0056,0.1514,0.041,0.0408,0.0196,0.0918,0.0329,0.2874,0.0303,0.3912,0.049,0.6994,0.019,0.2234,0.0062,0.1786,0.0707,7
failure_aware_manipulation_policy,delayed_reappearance,shelf_retrieval,object_removed,0.6037,0.0317,0.4739,0.012,0.4369,0.0049,0.1207,0.0148,0.0459,0.0156,0.0748,0.0317,0.2755,0.0535,0.3639,0.0363,0.7701,0.0111,0.223,0.0055,0.2007,0.0465,7
failure_aware_manipulation_policy,delayed_reappearance,shelf_retrieval,substitute_goal_available,0.5918,0.0629,0.4655,0.0116,0.432,0.0113,0.1241,0.0363,0.0612,0.018,0.0952,0.0204,0.3027,0.036,0.3537,0.0325,0.7527,0.0153,0.2244,0.0058,0.2143,0.0672,7
failure_aware_manipulation_policy,delayed_reappearance,shelf_retrieval,visual_occlusion,0.6412,0.0351,0.463,0.0144,0.441,0.0109,0.0867,0.0296,0.0323,0.0182,0.1276,0.034,0.2891,0.0524,0.4133,0.0434,0.7897,0.0101,0.2244,0.0051,0.1922,0.0584,7
failure_aware_manipulation_policy,delayed_reappearance,tool_handoff,cascading_disappearing_goal,0.5578,0.0462,0.4715,0.0155,0.444,0.0059,0.1803,0.0246,0.0867,0.0132,0.1122,0.0349,0.3112,0.0465,0.4014,0.0578,0.8886,0.0189,0.2215,0.0051,0.2228,0.058,7
failure_aware_manipulation_policy,delayed_reappearance,tool_handoff,goal_specification_changed,0.5578,0.0415,0.4673,0.011,0.4245,0.017,0.1582,0.0122,0.0544,0.0209,0.0629,0.0174,0.2755,0.032,0.3844,0.0309,0.7609,0.0167,0.2244,0.0072,0.2432,0.0642,7
failure_aware_manipulation_policy,delayed_reappearance,tool_handoff,human_temporary_obstruction,0.5986,0.0195,0.4633,0.0072,0.4356,0.0052,0.0952,0.0288,0.0544,0.0143,0.1344,0.0214,0.2891,0.0443,0.4082,0.0541,0.7626,0.0137,0.2287,0.0051,0.2024,0.0499,7
failure_aware_manipulation_policy,delayed_reappearance,tool_handoff,object_moved,0.5935,0.0421,0.4765,0.0146,0.432,0.0075,0.1599,0.037,0.0442,0.0278,0.102,0.0367,0.267,0.0203,0.4252,0.0309,0.71,0.0096,0.2312,0.0027,0.2109,0.0455,7
failure_aware_manipulation_policy,delayed_reappearance,tool_handoff,object_removed,0.6122,0.0426,0.4656,0.0123,0.4285,0.0093,0.1276,0.0268,0.0799,0.0273,0.0646,0.01,0.2789,0.0264,0.3759,0.0305,0.8057,0.0094,0.2223,0.0061,0.1803,0.0376,7
failure_aware_manipulation_policy,delayed_reappearance,tool_handoff,substitute_goal_available,0.5459,0.0436,0.468,0.0154,0.4416,0.0076,0.1224,0.0397,0.0476,0.0184,0.0765,0.0254,0.2687,0.0367,0.4371,0.0263,0.7719,0.0151,0.2224,0.0056,0.2449,0.0516,7
failure_aware_manipulation_policy,delayed_reappearance,tool_handoff,visual_occlusion,0.5884,0.0501,0.4605,0.0159,0.4314,0.0088,0.1105,0.0321,0.0289,0.0123,0.1122,0.0394,0.2755,0.0362,0.3571,0.036,0.7676,0.0114,0.2289,0.007,0.2279,0.0659,7
failure_aware_manipulation_policy,nominal,bin_sorting,cascading_disappearing_goal,0.6276,0.0329,0.528,0.0142,0.4893,0.0088,0.1156,0.0278,0.0544,0.0209,0.0629,0.0208,0.3946,0.0236,0.4252,0.046,0.6266,0.0107,0.2207,0.0086,0.2075,0.0452,7
failure_aware_manipulation_policy,nominal,bin_sorting,goal_specification_changed,0.6582,0.0287,0.531,0.0087,0.4815,0.0112,0.0884,0.0243,0.0459,0.0119,0.0476,0.0233,0.4014,0.03,0.4337,0.0227,0.5855,0.0097,0.2215,0.0043,0.1956,0.0305,7
failure_aware_manipulation_policy,nominal,bin_sorting,human_temporary_obstruction,0.6786,0.0534,0.5247,0.0081,0.4824,0.0119,0.0561,0.0202,0.0493,0.0139,0.0663,0.0133,0.3912,0.057,0.3997,0.0249,0.5586,0.0123,0.2228,0.0099,0.1565,0.0641,7
failure_aware_manipulation_policy,nominal,bin_sorting,object_moved,0.6361,0.0264,0.5126,0.0072,0.4829,0.0083,0.0714,0.0255,0.0289,0.0133,0.068,0.0253,0.4065,0.0518,0.4388,0.02,0.5311,0.0117,0.2243,0.0047,0.1837,0.0441,7
failure_aware_manipulation_policy,nominal,bin_sorting,object_removed,0.6463,0.0677,0.517,0.0055,0.4823,0.0082,0.0799,0.0202,0.0357,0.0088,0.0493,0.0148,0.4116,0.0493,0.3827,0.0448,0.5949,0.016,0.219,0.0043,0.2007,0.0798,7
failure_aware_manipulation_policy,nominal,bin_sorting,substitute_goal_available,0.665,0.0412,0.5166,0.0135,0.4801,0.0106,0.0731,0.0294,0.0357,0.0161,0.0476,0.0051,0.3963,0.0511,0.4354,0.0086,0.5764,0.0103,0.2293,0.0056,0.1582,0.0496,7
failure_aware_manipulation_policy,nominal,bin_sorting,visual_occlusion,0.6786,0.0581,0.5327,0.0087,0.4789,0.0086,0.051,0.0159,0.0221,0.0129,0.0833,0.0161,0.3741,0.0238,0.3997,0.0475,0.5753,0.0147,0.2252,0.0078,0.1548,0.0574,7
failure_aware_manipulation_policy,nominal,drawer_placement,cascading_disappearing_goal,0.6037,0.0377,0.5195,0.0142,0.4731,0.0114,0.1054,0.0281,0.068,0.0226,0.0782,0.0175,0.4133,0.058,0.4558,0.0531,0.6593,0.0103,0.2268,0.0026,0.2313,0.0519,7
failure_aware_manipulation_policy,nominal,drawer_placement,goal_specification_changed,0.6071,0.0404,0.5279,0.0071,0.4818,0.0063,0.102,0.0209,0.0459,0.0187,0.0527,0.0215,0.4031,0.0219,0.4269,0.0393,0.579,0.0149,0.2303,0.0047,0.2075,0.0711,7
failure_aware_manipulation_policy,nominal,drawer_placement,human_temporary_obstruction,0.6548,0.0423,0.5198,0.01,0.4754,0.0086,0.0629,0.0243,0.0459,0.0139,0.0986,0.015,0.4065,0.0187,0.4575,0.0313,0.5737,0.0194,0.2263,0.0081,0.1905,0.0546,7
failure_aware_manipulation_policy,nominal,drawer_placement,object_moved,0.6241,0.0455,0.5193,0.0095,0.4824,0.0073,0.0748,0.0296,0.0323,0.0084,0.0748,0.0373,0.381,0.0322,0.4371,0.0352,0.5541,0.0143,0.2204,0.0049,0.1922,0.0358,7
failure_aware_manipulation_policy,nominal,drawer_placement,object_removed,0.6803,0.0465,0.5253,0.0096,0.4885,0.0108,0.0867,0.0304,0.0476,0.0144,0.0578,0.0164,0.4065,0.0386,0.4184,0.043,0.6102,0.016,0.2186,0.0044,0.1259,0.0509,7
failure_aware_manipulation_policy,nominal,drawer_placement,substitute_goal_available,0.631,0.0668,0.5242,0.0098,0.4904,0.0093,0.0969,0.0187,0.0306,0.0086,0.0697,0.0246,0.381,0.0394,0.3963,0.0552,0.5812,0.0129,0.2234,0.0102,0.2041,0.0645,7
failure_aware_manipulation_policy,nominal,drawer_placement,visual_occlusion,0.6548,0.0499,0.516,0.0071,0.4897,0.0083,0.051,0.0248,0.0442,0.0167,0.0901,0.0356,0.3997,0.0573,0.4167,0.0472,0.5848,0.0174,0.2228,0.0035,0.1922,0.0424,7
failure_aware_manipulation_policy,nominal,mobile_pick_and_place,cascading_disappearing_goal,0.5595,0.042,0.5212,0.0178,0.478,0.0101,0.0901,0.0238,0.0561,0.0141,0.0697,0.0164,0.3878,0.0611,0.4065,0.0599,0.6717,0.0112,0.2222,0.007,0.2364,0.0566,7
failure_aware_manipulation_policy,nominal,mobile_pick_and_place,goal_specification_changed,0.6344,0.044,0.5222,0.0088,0.4972,0.0123,0.1139,0.0264,0.0357,0.0072,0.0289,0.0152,0.4235,0.0209,0.4337,0.0501,0.5857,0.0147,0.2209,0.0054,0.2126,0.0365,7
failure_aware_manipulation_policy,nominal,mobile_pick_and_place,human_temporary_obstruction,0.6633,0.0425,0.5278,0.0159,0.4929,0.0187,0.068,0.0208,0.0442,0.0159,0.0884,0.016,0.449,0.0393,0.4201,0.0344,0.5699,0.0145,0.2293,0.006,0.1616,0.0426,7
failure_aware_manipulation_policy,nominal,mobile_pick_and_place,object_moved,0.631,0.0301,0.5298,0.0145,0.4874,0.011,0.0799,0.0122,0.0289,0.0112,0.0561,0.0268,0.3929,0.0288,0.4524,0.036,0.5493,0.0082,0.2242,0.0053,0.1905,0.0288,7
failure_aware_manipulation_policy,nominal,mobile_pick_and_place,object_removed,0.6463,0.0506,0.5143,0.0079,0.4867,0.0126,0.0969,0.0252,0.0459,0.0061,0.0493,0.0148,0.3776,0.0325,0.398,0.0536,0.5894,0.0109,0.2251,0.0056,0.1769,0.0682,7
failure_aware_manipulation_policy,nominal,mobile_pick_and_place,substitute_goal_available,0.6054,0.0588,0.5209,0.0087,0.4871,0.0085,0.0884,0.0209,0.0408,0.0152,0.0595,0.0169,0.3622,0.0233,0.4031,0.0476,0.601,0.011,0.2172,0.005,0.2109,0.0692,7
failure_aware_manipulation_policy,nominal,mobile_pick_and_place,visual_occlusion,0.6497,0.0446,0.5157,0.0083,0.4828,0.0073,0.0459,0.0187,0.0306,0.01,0.068,0.0208,0.4031,0.0386,0.4065,0.0369,0.576,0.009,0.2254,0.0046,0.1922,0.0535,7
failure_aware_manipulation_policy,nominal,shelf_retrieval,cascading_disappearing_goal,0.5918,0.0348,0.528,0.0113,0.4821,0.0125,0.0935,0.0094,0.068,0.0237,0.0595,0.0239,0.4014,0.0543,0.4099,0.0283,0.6511,0.0177,0.2218,0.0063,0.2194,0.0564,7
failure_aware_manipulation_policy,nominal,shelf_retrieval,goal_specification_changed,0.6122,0.0509,0.5186,0.0142,0.486,0.0087,0.0765,0.0274,0.0374,0.0061,0.0544,0.0196,0.4167,0.0596,0.3929,0.0378,0.5758,0.0114,0.2239,0.006,0.2279,0.0746,7
failure_aware_manipulation_policy,nominal,shelf_retrieval,human_temporary_obstruction,0.6565,0.0241,0.5167,0.013,0.489,0.0078,0.0646,0.0333,0.051,0.0232,0.0816,0.0262,0.3759,0.0407,0.4099,0.0496,0.5759,0.0137,0.2249,0.005,0.1888,0.0257,7
failure_aware_manipulation_policy,nominal,shelf_retrieval,object_moved,0.6463,0.0291,0.5202,0.0105,0.4819,0.0104,0.0833,0.0125,0.0442,0.0159,0.0612,0.0213,0.3895,0.0226,0.4524,0.021,0.5579,0.0123,0.2234,0.0059,0.1973,0.0296,7
failure_aware_manipulation_policy,nominal,shelf_retrieval,object_removed,0.6156,0.0488,0.525,0.0078,0.4776,0.0131,0.0731,0.0193,0.0442,0.0122,0.0476,0.0216,0.3946,0.0396,0.415,0.0554,0.6056,0.0133,0.2235,0.0067,0.2262,0.06,7
failure_aware_manipulation_policy,nominal,shelf_retrieval,substitute_goal_available,0.6293,0.0473,0.5237,0.0114,0.4751,0.0064,0.085,0.0241,0.0408,0.0175,0.0391,0.015,0.3895,0.0348,0.4031,0.0294,0.5776,0.013,0.2227,0.0035,0.216,0.0552,7
failure_aware_manipulation_policy,nominal,shelf_retrieval,visual_occlusion,0.6667,0.0374,0.533,0.0111,0.4716,0.0109,0.0544,0.0329,0.0238,0.0102,0.0952,0.0191,0.3878,0.0499,0.4575,0.055,0.5816,0.0178,0.2233,0.005,0.165,0.0276,7
failure_aware_manipulation_policy,nominal,tool_handoff,cascading_disappearing_goal,0.5238,0.0401,0.5267,0.0152,0.4902,0.0075,0.085,0.0224,0.0714,0.0161,0.0986,0.0359,0.4269,0.0406,0.3741,0.0432,0.6814,0.0145,0.2274,0.0085,0.2908,0.0458,7
failure_aware_manipulation_policy,nominal,tool_handoff,goal_specification_changed,0.6105,0.0189,0.5242,0.0097,0.4805,0.0145,0.0952,0.0216,0.0425,0.0086,0.0663,0.0254,0.3622,0.0521,0.4116,0.0493,0.5898,0.0175,0.2238,0.0088,0.1973,0.0264,7
failure_aware_manipulation_policy,nominal,tool_handoff,human_temporary_obstruction,0.6769,0.0433,0.525,0.011,0.4741,0.0093,0.0748,0.0202,0.0357,0.0102,0.068,0.0182,0.3707,0.0503,0.4065,0.0393,0.578,0.0182,0.2263,0.0046,0.1395,0.0321,7
failure_aware_manipulation_policy,nominal,tool_handoff,object_moved,0.6139,0.041,0.5263,0.0123,0.4847,0.007,0.0748,0.0232,0.0493,0.0172,0.0629,0.0174,0.3741,0.0249,0.415,0.0393,0.5558,0.0249,0.2241,0.0068,0.2211,0.0391,7
failure_aware_manipulation_policy,nominal,tool_handoff,object_removed,0.619,0.0411,0.5232,0.0092,0.4816,0.0106,0.0799,0.0132,0.0391,0.0132,0.0527,0.0209,0.4014,0.0359,0.4269,0.0307,0.6199,0.0116,0.2246,0.0059,0.1956,0.0463,7
failure_aware_manipulation_policy,nominal,tool_handoff,substitute_goal_available,0.5969,0.0451,0.5246,0.0126,0.4759,0.0108,0.0799,0.0226,0.0374,0.0129,0.0459,0.0129,0.4371,0.037,0.4337,0.0227,0.5862,0.0144,0.2228,0.0059,0.2398,0.0566,7
failure_aware_manipulation_policy,nominal,tool_handoff,visual_occlusion,0.6531,0.0354,0.5223,0.007,0.4874,0.0041,0.0306,0.0196,0.0357,0.0114,0.0867,0.0273,0.415,0.0193,0.4167,0.0388,0.5894,0.0109,0.2251,0.008,0.1888,0.0421,7
failure_aware_manipulation_policy,occlusion_heavy_shift,bin_sorting,cascading_disappearing_goal,0.5918,0.0533,0.4711,0.0097,0.464,0.0074,0.1327,0.0246,0.068,0.0182,0.131,0.0228,0.3282,0.0269,0.4031,0.0351,0.7563,0.0171,0.226,0.006,0.2432,0.0604,7
failure_aware_manipulation_policy,occlusion_heavy_shift,bin_sorting,goal_specification_changed,0.6293,0.0393,0.478,0.0146,0.4697,0.0119,0.1054,0.0164,0.0527,0.019,0.0629,0.0141,0.3316,0.0573,0.3912,0.0213,0.6421,0.0119,0.225,0.0103,0.2041,0.0448,7
failure_aware_manipulation_policy,occlusion_heavy_shift,bin_sorting,human_temporary_obstruction,0.6514,0.0359,0.4678,0.0139,0.4593,0.004,0.0663,0.0269,0.0476,0.0249,0.102,0.0341,0.3401,0.0367,0.4082,0.0455,0.6607,0.007,0.2271,0.0051,0.2024,0.0353,7
failure_aware_manipulation_policy,occlusion_heavy_shift,bin_sorting,object_moved,0.6071,0.0288,0.4644,0.0107,0.4682,0.0078,0.1037,0.0393,0.0289,0.0133,0.0884,0.0287,0.3282,0.0413,0.4099,0.0283,0.5999,0.021,0.2282,0.0062,0.2024,0.0279,7
failure_aware_manipulation_policy,occlusion_heavy_shift,bin_sorting,object_removed,0.6207,0.0316,0.4588,0.0088,0.4591,0.0066,0.1139,0.0168,0.0782,0.0133,0.0714,0.0135,0.352,0.0413,0.4048,0.0504,0.669,0.0126,0.2162,0.006,0.2041,0.032,7
failure_aware_manipulation_policy,occlusion_heavy_shift,bin_sorting,substitute_goal_available,0.5884,0.0509,0.4641,0.0156,0.4674,0.0077,0.0884,0.0249,0.0408,0.0112,0.0578,0.0294,0.3537,0.0446,0.4252,0.0488,0.6491,0.0159,0.2211,0.0039,0.2636,0.0505,7
failure_aware_manipulation_policy,occlusion_heavy_shift,bin_sorting,visual_occlusion,0.6514,0.0278,0.4724,0.0059,0.4718,0.0092,0.0578,0.018,0.0255,0.0156,0.1071,0.0239,0.3537,0.0416,0.4116,0.056,0.6715,0.016,0.2242,0.0052,0.1616,0.0333,7
failure_aware_manipulation_policy,occlusion_heavy_shift,drawer_placement,cascading_disappearing_goal,0.5544,0.0221,0.4671,0.0124,0.4693,0.0118,0.1429,0.0216,0.0595,0.0356,0.0918,0.0232,0.3588,0.0639,0.3912,0.0442,0.7808,0.0106,0.2293,0.0038,0.2585,0.0466,7
failure_aware_manipulation_policy,occlusion_heavy_shift,drawer_placement,goal_specification_changed,0.6071,0.048,0.4621,0.0081,0.4793,0.0084,0.0884,0.0238,0.0561,0.0226,0.0612,0.0172,0.3418,0.0359,0.3895,0.0287,0.6479,0.0144,0.2224,0.0067,0.2245,0.0399,7
failure_aware_manipulation_policy,occlusion_heavy_shift,drawer_placement,human_temporary_obstruction,0.6718,0.0536,0.4595,0.014,0.4738,0.0114,0.0493,0.02,0.0527,0.0264,0.1327,0.0219,0.352,0.0506,0.4031,0.0316,0.6798,0.0195,0.2255,0.0066,0.1497,0.0452,7
failure_aware_manipulation_policy,occlusion_heavy_shift,drawer_placement,object_moved,0.6241,0.0496,0.4629,0.0055,0.4643,0.011,0.1037,0.0321,0.0527,0.0249,0.085,0.0107,0.3367,0.0566,0.3878,0.036,0.6154,0.0167,0.2237,0.0083,0.1718,0.0589,7
failure_aware_manipulation_policy,occlusion_heavy_shift,drawer_placement,object_removed,0.6088,0.0213,0.4615,0.0091,0.4659,0.0096,0.1088,0.02,0.0459,0.0172,0.0697,0.02,0.3231,0.0445,0.415,0.0505,0.6843,0.0169,0.222,0.0061,0.216,0.0339,7
failure_aware_manipulation_policy,occlusion_heavy_shift,drawer_placement,substitute_goal_available,0.5731,0.0307,0.4687,0.0067,0.4723,0.0084,0.0799,0.0273,0.0612,0.0193,0.0714,0.0274,0.3282,0.0493,0.3963,0.0296,0.6552,0.0147,0.2224,0.0079,0.2551,0.0472,7
failure_aware_manipulation_policy,occlusion_heavy_shift,drawer_placement,visual_occlusion,0.6361,0.0441,0.4505,0.0057,0.4656,0.0084,0.0612,0.0172,0.0374,0.0172,0.1276,0.0208,0.3299,0.0425,0.4065,0.0252,0.6812,0.0183,0.2268,0.0095,0.1956,0.0506,7
failure_aware_manipulation_policy,occlusion_heavy_shift,mobile_pick_and_place,cascading_disappearing_goal,0.5425,0.0367,0.4694,0.0119,0.4691,0.0134,0.1378,0.0264,0.0578,0.0172,0.1003,0.0209,0.3316,0.032,0.3929,0.031,0.7764,0.016,0.225,0.0067,0.2704,0.0501,7
failure_aware_manipulation_policy,occlusion_heavy_shift,mobile_pick_and_place,goal_specification_changed,0.6105,0.0337,0.4645,0.0094,0.4732,0.0085,0.1173,0.0393,0.0697,0.0119,0.0527,0.0296,0.3265,0.0363,0.381,0.0216,0.6467,0.013,0.225,0.0067,0.2092,0.0449,7
failure_aware_manipulation_policy,occlusion_heavy_shift,mobile_pick_and_place,human_temporary_obstruction,0.6276,0.0452,0.4675,0.0112,0.4792,0.008,0.0816,0.0271,0.051,0.015,0.1105,0.0174,0.3214,0.0423,0.4082,0.0329,0.6844,0.015,0.2236,0.0047,0.1973,0.0627,7
failure_aware_manipulation_policy,occlusion_heavy_shift,mobile_pick_and_place,object_moved,0.6259,0.0349,0.4628,0.0103,0.4692,0.0066,0.0799,0.0214,0.0289,0.0086,0.0765,0.019,0.3895,0.022,0.4133,0.0282,0.6102,0.0161,0.225,0.0041,0.182,0.0449,7
failure_aware_manipulation_policy,occlusion_heavy_shift,mobile_pick_and_place,object_removed,0.6224,0.0366,0.4712,0.0092,0.4727,0.009,0.1327,0.0252,0.0595,0.0265,0.0799,0.0182,0.3452,0.0288,0.3537,0.0287,0.6744,0.0136,0.2261,0.0026,0.1769,0.0508,7
failure_aware_manipulation_policy,occlusion_heavy_shift,mobile_pick_and_place,substitute_goal_available,0.5748,0.0321,0.46,0.0099,0.4684,0.0099,0.0833,0.0239,0.0595,0.0255,0.0595,0.0144,0.3333,0.0338,0.4116,0.0321,0.6646,0.0156,0.2239,0.0061,0.2313,0.0564,7
failure_aware_manipulation_policy,occlusion_heavy_shift,mobile_pick_and_place,visual_occlusion,0.6122,0.0477,0.4645,0.0126,0.4728,0.0095,0.0629,0.0098,0.0391,0.0195,0.148,0.0394,0.3282,0.0387,0.4541,0.0294,0.6999,0.0088,0.2243,0.0067,0.2058,0.0533,7
failure_aware_manipulation_policy,occlusion_heavy_shift,shelf_retrieval,cascading_disappearing_goal,0.5221,0.0482,0.4689,0.0103,0.4689,0.0058,0.1224,0.0348,0.051,0.0098,0.131,0.036,0.3401,0.0243,0.3673,0.0468,0.7843,0.0153,0.226,0.0041,0.2857,0.0562,7
failure_aware_manipulation_policy,occlusion_heavy_shift,shelf_retrieval,goal_specification_changed,0.5986,0.0538,0.4717,0.0112,0.4678,0.0071,0.0952,0.0191,0.0544,0.0283,0.0663,0.0168,0.3503,0.0511,0.3895,0.046,0.6402,0.0128,0.2188,0.0079,0.2228,0.0536,7
failure_aware_manipulation_policy,occlusion_heavy_shift,shelf_retrieval,human_temporary_obstruction,0.5799,0.0344,0.462,0.007,0.4811,0.0103,0.0697,0.0257,0.0646,0.0274,0.1088,0.0376,0.2891,0.0471,0.4235,0.0296,0.6848,0.0128,0.2289,0.0049,0.2466,0.0598,7
failure_aware_manipulation_policy,occlusion_heavy_shift,shelf_retrieval,object_moved,0.6054,0.0354,0.4613,0.0107,0.4662,0.0059,0.1054,0.0156,0.0493,0.018,0.068,0.0159,0.3486,0.0393,0.4218,0.0394,0.613,0.0094,0.2248,0.005,0.2364,0.0285,7
failure_aware_manipulation_policy,occlusion_heavy_shift,shelf_retrieval,object_removed,0.602,0.0416,0.4698,0.011,0.4744,0.0062,0.1071,0.0292,0.0578,0.0148,0.0612,0.0172,0.3503,0.0441,0.3929,0.0356,0.6754,0.0161,0.2251,0.0065,0.2381,0.0581,7
failure_aware_manipulation_policy,occlusion_heavy_shift,shelf_retrieval,substitute_goal_available,0.5816,0.0549,0.4648,0.0131,0.4685,0.0098,0.0969,0.0187,0.0391,0.0132,0.0663,0.0168,0.3435,0.0206,0.3963,0.0291,0.6681,0.0158,0.2256,0.0029,0.2585,0.0777,7
failure_aware_manipulation_policy,occlusion_heavy_shift,shelf_retrieval,visual_occlusion,0.602,0.037,0.4679,0.0136,0.4686,0.0125,0.0493,0.0061,0.0272,0.0159,0.1293,0.0393,0.3316,0.0406,0.4235,0.0391,0.7017,0.0127,0.2293,0.0045,0.2109,0.0533,7
failure_aware_manipulation_policy,occlusion_heavy_shift,tool_handoff,cascading_disappearing_goal,0.5323,0.034,0.4605,0.005,0.4621,0.0102,0.131,0.0249,0.0918,0.0278,0.1071,0.021,0.2942,0.0538,0.3827,0.0312,0.8211,0.0185,0.2214,0.0063,0.2568,0.0387,7
failure_aware_manipulation_policy,occlusion_heavy_shift,tool_handoff,goal_specification_changed,0.5748,0.0422,0.4683,0.0108,0.4694,0.0103,0.1122,0.0269,0.0425,0.0196,0.0544,0.0123,0.3282,0.0555,0.4133,0.03,0.6763,0.0124,0.2243,0.0067,0.2534,0.0446,7
failure_aware_manipulation_policy,occlusion_heavy_shift,tool_handoff,human_temporary_obstruction,0.6412,0.0399,0.471,0.0047,0.4649,0.009,0.0697,0.0257,0.0612,0.0206,0.1003,0.0349,0.3384,0.0387,0.4252,0.0455,0.6953,0.013,0.2237,0.0057,0.182,0.0615,7
failure_aware_manipulation_policy,occlusion_heavy_shift,tool_handoff,object_moved,0.5969,0.0276,0.453,0.0103,0.4652,0.0087,0.1003,0.0259,0.0578,0.0164,0.0782,0.0292,0.3435,0.0376,0.432,0.0434,0.6173,0.0167,0.2261,0.004,0.2058,0.0337,7
failure_aware_manipulation_policy,occlusion_heavy_shift,tool_handoff,object_removed,0.5476,0.021,0.4637,0.0092,0.4731,0.0211,0.1122,0.0152,0.0731,0.0271,0.0612,0.0187,0.335,0.0271,0.3946,0.0164,0.7109,0.0075,0.2238,0.0047,0.2568,0.0531,7
failure_aware_manipulation_policy,occlusion_heavy_shift,tool_handoff,substitute_goal_available,0.5935,0.0262,0.4605,0.0143,0.4666,0.0161,0.131,0.0184,0.0323,0.022,0.0816,0.02,0.3656,0.0559,0.4167,0.0423,0.6854,0.0168,0.2202,0.0053,0.2143,0.0401,7
failure_aware_manipulation_policy,occlusion_heavy_shift,tool_handoff,visual_occlusion,0.6293,0.0257,0.4704,0.0124,0.4656,0.0095,0.0578,0.0119,0.0238,0.0102,0.131,0.0249,0.3282,0.0309,0.4456,0.0356,0.7165,0.02,0.2301,0.006,0.1616,0.0573,7
failure_aware_manipulation_policy,physical_removal_shift,bin_sorting,cascading_disappearing_goal,0.5289,0.0519,0.4658,0.0135,0.4516,0.0107,0.1344,0.0159,0.102,0.0227,0.0816,0.0267,0.3656,0.0268,0.3827,0.0535,0.7667,0.0184,0.2272,0.0075,0.3112,0.0402,7
failure_aware_manipulation_policy,physical_removal_shift,bin_sorting,goal_specification_changed,0.6037,0.0337,0.4593,0.0167,0.4494,0.0107,0.1497,0.0337,0.0459,0.0129,0.0442,0.0195,0.3793,0.0299,0.3554,0.0241,0.6707,0.0074,0.2189,0.0057,0.2636,0.0389,7
failure_aware_manipulation_policy,physical_removal_shift,bin_sorting,human_temporary_obstruction,0.6684,0.0542,0.4708,0.0087,0.4609,0.0095,0.0714,0.031,0.0357,0.0125,0.0782,0.0133,0.3401,0.0578,0.4048,0.0617,0.6431,0.0075,0.2249,0.006,0.1548,0.0628,7
failure_aware_manipulation_policy,physical_removal_shift,bin_sorting,object_moved,0.6327,0.0362,0.4621,0.0084,0.4494,0.0061,0.0969,0.0358,0.051,0.0226,0.0748,0.0248,0.3401,0.0349,0.3776,0.0452,0.6046,0.0179,0.224,0.0046,0.1735,0.0475,7
failure_aware_manipulation_policy,physical_removal_shift,bin_sorting,object_removed,0.6293,0.0436,0.4685,0.0084,0.4529,0.0156,0.1105,0.0268,0.0697,0.0172,0.0561,0.0208,0.3214,0.0381,0.3878,0.0429,0.6965,0.014,0.2238,0.0086,0.1888,0.0701,7
failure_aware_manipulation_policy,physical_removal_shift,bin_sorting,substitute_goal_available,0.6054,0.0307,0.4684,0.0118,0.4587,0.0028,0.1037,0.0232,0.0544,0.0152,0.068,0.015,0.369,0.0367,0.3895,0.0226,0.6694,0.0171,0.2266,0.0075,0.1837,0.0511,7
failure_aware_manipulation_policy,physical_removal_shift,bin_sorting,visual_occlusion,0.6463,0.0457,0.4693,0.0048,0.4502,0.01,0.0697,0.0224,0.0323,0.0174,0.1156,0.0237,0.3656,0.0122,0.4133,0.0366,0.6347,0.0101,0.2191,0.006,0.1769,0.0412,7
failure_aware_manipulation_policy,physical_removal_shift,drawer_placement,cascading_disappearing_goal,0.5221,0.0635,0.4651,0.0134,0.4522,0.014,0.1344,0.0122,0.0986,0.022,0.0969,0.02,0.3605,0.037,0.3861,0.0233,0.796,0.0179,0.2234,0.0033,0.2636,0.0618,7
failure_aware_manipulation_policy,physical_removal_shift,drawer_placement,goal_specification_changed,0.6071,0.0384,0.455,0.0091,0.462,0.0101,0.1412,0.0262,0.068,0.0237,0.0544,0.0243,0.3588,0.0399,0.352,0.0391,0.7024,0.0126,0.2267,0.0059,0.2007,0.0505,7
failure_aware_manipulation_policy,physical_removal_shift,drawer_placement,human_temporary_obstruction,0.6446,0.0556,0.4701,0.0095,0.455,0.0113,0.0578,0.0267,0.0527,0.0227,0.0935,0.0324,0.3214,0.0524,0.3844,0.0555,0.6525,0.0162,0.2285,0.0059,0.1905,0.0626,7
failure_aware_manipulation_policy,physical_removal_shift,drawer_placement,object_moved,0.5646,0.0404,0.4697,0.0064,0.4493,0.0139,0.102,0.0394,0.0357,0.0176,0.0816,0.0164,0.3486,0.0606,0.398,0.0526,0.6148,0.019,0.2283,0.0049,0.2347,0.0643,7
failure_aware_manipulation_policy,physical_removal_shift,drawer_placement,object_removed,0.5884,0.0397,0.4693,0.0066,0.4483,0.0114,0.1412,0.0271,0.0663,0.0123,0.0663,0.0227,0.3384,0.0349,0.352,0.0292,0.7351,0.0121,0.2203,0.0034,0.2041,0.0424,7
failure_aware_manipulation_policy,physical_removal_shift,drawer_placement,substitute_goal_available,0.5663,0.0397,0.4626,0.0122,0.4612,0.0113,0.1054,0.023,0.0663,0.0254,0.0646,0.0175,0.3197,0.0484,0.3759,0.0209,0.6904,0.009,0.227,0.0059,0.2568,0.0416,7
failure_aware_manipulation_policy,physical_removal_shift,drawer_placement,visual_occlusion,0.6003,0.0345,0.4618,0.0099,0.4518,0.006,0.068,0.0282,0.0357,0.0204,0.1122,0.0227,0.3895,0.0248,0.4048,0.0472,0.6533,0.0101,0.2317,0.0052,0.2075,0.0506,7
failure_aware_manipulation_policy,physical_removal_shift,mobile_pick_and_place,cascading_disappearing_goal,0.5697,0.0415,0.4637,0.0156,0.4601,0.0071,0.1327,0.0406,0.0816,0.0324,0.0969,0.018,0.3929,0.0239,0.3605,0.0363,0.791,0.0163,0.2207,0.0067,0.1956,0.0446,7
failure_aware_manipulation_policy,physical_removal_shift,mobile_pick_and_place,goal_specification_changed,0.5391,0.0393,0.459,0.0123,0.4589,0.0114,0.119,0.0334,0.0425,0.0152,0.0612,0.0079,0.3759,0.0472,0.3707,0.0433,0.6879,0.017,0.2225,0.0073,0.2602,0.0484,7
failure_aware_manipulation_policy,physical_removal_shift,mobile_pick_and_place,human_temporary_obstruction,0.6054,0.0382,0.4656,0.0073,0.4497,0.0092,0.0646,0.0221,0.0493,0.0224,0.0918,0.0291,0.3401,0.0394,0.3878,0.0341,0.6736,0.0192,0.2266,0.007,0.2228,0.0428,7
failure_aware_manipulation_policy,physical_removal_shift,mobile_pick_and_place,object_moved,0.6037,0.0383,0.4615,0.0069,0.4504,0.0075,0.1037,0.0159,0.0442,0.015,0.0867,0.0202,0.3673,0.0442,0.3656,0.0182,0.6155,0.0185,0.2254,0.0072,0.1939,0.0296,7
failure_aware_manipulation_policy,physical_removal_shift,mobile_pick_and_place,object_removed,0.5816,0.0424,0.4532,0.0046,0.4545,0.0074,0.1378,0.0292,0.068,0.0174,0.0697,0.0224,0.3503,0.0325,0.3622,0.0301,0.7116,0.0145,0.222,0.0098,0.2228,0.0566,7
failure_aware_manipulation_policy,physical_removal_shift,mobile_pick_and_place,substitute_goal_available,0.5935,0.0436,0.4709,0.0121,0.4515,0.0146,0.1037,0.0189,0.0476,0.0184,0.0833,0.0176,0.3656,0.0296,0.3929,0.042,0.6862,0.0126,0.2266,0.0085,0.2109,0.0718,7
failure_aware_manipulation_policy,physical_removal_shift,mobile_pick_and_place,visual_occlusion,0.6207,0.0351,0.4624,0.0105,0.4465,0.0044,0.0714,0.0269,0.0221,0.0094,0.1156,0.022,0.3435,0.0281,0.3776,0.0329,0.6652,0.0135,0.2293,0.0038,0.2007,0.0518,7
failure_aware_manipulation_policy,physical_removal_shift,shelf_retrieval,cascading_disappearing_goal,0.551,0.046,0.4645,0.0143,0.4448,0.0116,0.1276,0.03,0.0765,0.0215,0.0986,0.0202,0.3588,0.0545,0.3639,0.0416,0.8031,0.0103,0.2238,0.0049,0.2721,0.0595,7
failure_aware_manipulation_policy,physical_removal_shift,shelf_retrieval,goal_specification_changed,0.5935,0.0307,0.4607,0.0103,0.4495,0.0148,0.131,0.0371,0.0629,0.022,0.0612,0.0219,0.3827,0.0379,0.3656,0.0422,0.6867,0.0085,0.2179,0.0046,0.2449,0.0569,7
failure_aware_manipulation_policy,physical_removal_shift,shelf_retrieval,human_temporary_obstruction,0.6293,0.0424,0.4584,0.0123,0.4506,0.0073,0.0612,0.0164,0.0646,0.0203,0.0918,0.0253,0.3571,0.0478,0.3929,0.0441,0.6638,0.012,0.2277,0.0044,0.2007,0.0614,7
failure_aware_manipulation_policy,physical_removal_shift,shelf_retrieval,object_moved,0.5884,0.0196,0.4573,0.0091,0.4531,0.0091,0.1156,0.0355,0.0442,0.0214,0.0782,0.0243,0.3537,0.0449,0.4082,0.0416,0.6286,0.0143,0.2185,0.0044,0.25,0.0326,7
failure_aware_manipulation_policy,physical_removal_shift,shelf_retrieval,object_removed,0.5697,0.0393,0.4687,0.0131,0.4464,0.0142,0.1259,0.037,0.068,0.0313,0.0578,0.0107,0.3673,0.0409,0.3605,0.038,0.71,0.0075,0.2232,0.0083,0.2449,0.0416,7
failure_aware_manipulation_policy,physical_removal_shift,shelf_retrieval,substitute_goal_available,0.5731,0.0393,0.4657,0.0054,0.444,0.0086,0.1037,0.038,0.0595,0.0222,0.0646,0.0287,0.3418,0.0352,0.3844,0.0393,0.6926,0.0069,0.217,0.005,0.2551,0.0423,7
failure_aware_manipulation_policy,physical_removal_shift,shelf_retrieval,visual_occlusion,0.6446,0.0448,0.4637,0.0121,0.4486,0.0137,0.0714,0.0161,0.0204,0.0122,0.1259,0.0488,0.3673,0.0246,0.381,0.0423,0.6572,0.0147,0.2255,0.0039,0.1803,0.0525,7
failure_aware_manipulation_policy,physical_removal_shift,tool_handoff,cascading_disappearing_goal,0.5272,0.0348,0.4624,0.0155,0.4522,0.0144,0.1752,0.0321,0.0867,0.0296,0.0867,0.0202,0.398,0.0313,0.3639,0.0443,0.8279,0.0129,0.2278,0.0045,0.2517,0.0328,7
failure_aware_manipulation_policy,physical_removal_shift,tool_handoff,goal_specification_changed,0.5867,0.0679,0.4715,0.0072,0.4528,0.0067,0.1378,0.0183,0.0748,0.0208,0.0595,0.0161,0.3248,0.0348,0.3571,0.0414,0.7238,0.0162,0.2269,0.0038,0.2092,0.077,7
failure_aware_manipulation_policy,physical_removal_shift,tool_handoff,human_temporary_obstruction,0.6293,0.02,0.4566,0.0093,0.4454,0.0051,0.0663,0.0175,0.0544,0.0215,0.0833,0.0161,0.3759,0.0384,0.3673,0.0336,0.6794,0.0113,0.2262,0.0072,0.1718,0.0441,7
failure_aware_manipulation_policy,physical_removal_shift,tool_handoff,object_moved,0.5867,0.0387,0.4754,0.0083,0.4507,0.0116,0.1224,0.0333,0.0408,0.0168,0.0714,0.0197,0.3656,0.0477,0.3469,0.0448,0.6162,0.0135,0.2268,0.0065,0.2211,0.0491,7
failure_aware_manipulation_policy,physical_removal_shift,tool_handoff,object_removed,0.5765,0.0441,0.4689,0.013,0.4502,0.0098,0.1224,0.0248,0.0884,0.0133,0.0527,0.0321,0.3452,0.0342,0.3946,0.0369,0.7416,0.0131,0.2238,0.0066,0.2262,0.0551,7
failure_aware_manipulation_policy,physical_removal_shift,tool_handoff,substitute_goal_available,0.5629,0.046,0.459,0.0047,0.4513,0.0108,0.0935,0.0107,0.0629,0.0237,0.0816,0.0351,0.3452,0.0407,0.3878,0.0341,0.7125,0.0182,0.2214,0.0066,0.2245,0.0459,7
failure_aware_manipulation_policy,physical_removal_shift,tool_handoff,visual_occlusion,0.6173,0.049,0.4654,0.0122,0.4461,0.0095,0.0748,0.0243,0.0255,0.0079,0.1054,0.0156,0.3776,0.0282,0.3878,0.0325,0.6658,0.0064,0.2261,0.0074,0.1956,0.041,7
goal_retargeting_heuristic,combined_disappearance_stress,bin_sorting,cascading_disappearing_goal,0.4371,0.0291,0.3576,0.0181,0.4299,0.0105,0.1905,0.026,0.0935,0.0193,0.1241,0.0301,0.1939,0.0329,0.3333,0.0314,0.9443,0.0138,0.2235,0.0068,0.3827,0.0482,7
goal_retargeting_heuristic,combined_disappearance_stress,bin_sorting,goal_specification_changed,0.5459,0.0339,0.347,0.0113,0.4205,0.0125,0.1582,0.0273,0.0697,0.0172,0.0918,0.0258,0.2126,0.0252,0.3316,0.023,0.824,0.0117,0.2193,0.0076,0.2755,0.0561,7
goal_retargeting_heuristic,combined_disappearance_stress,bin_sorting,human_temporary_obstruction,0.6105,0.0377,0.3533,0.0131,0.4243,0.0122,0.0765,0.0183,0.0544,0.0143,0.1361,0.0264,0.2398,0.0372,0.3912,0.0303,0.8115,0.0146,0.221,0.0051,0.2024,0.0494,7
goal_retargeting_heuristic,combined_disappearance_stress,bin_sorting,object_moved,0.5476,0.0494,0.3524,0.0127,0.418,0.0122,0.1548,0.0283,0.0493,0.0107,0.0799,0.0159,0.2194,0.0313,0.3861,0.0521,0.7576,0.007,0.2212,0.0036,0.2517,0.0525,7
goal_retargeting_heuristic,combined_disappearance_stress,bin_sorting,object_removed,0.5646,0.0413,0.357,0.0123,0.4255,0.0114,0.1497,0.0296,0.0714,0.0239,0.0612,0.0172,0.2041,0.0418,0.3163,0.0477,0.8495,0.0075,0.2167,0.0053,0.2636,0.051,7
goal_retargeting_heuristic,combined_disappearance_stress,bin_sorting,substitute_goal_available,0.517,0.0387,0.3682,0.0092,0.4222,0.013,0.1803,0.0421,0.0697,0.0193,0.0884,0.0278,0.2347,0.0373,0.3759,0.0377,0.8327,0.014,0.2162,0.0039,0.3044,0.0567,7
goal_retargeting_heuristic,combined_disappearance_stress,bin_sorting,visual_occlusion,0.5867,0.0243,0.3626,0.0089,0.4132,0.0106,0.0901,0.0356,0.0357,0.0135,0.1684,0.0139,0.2296,0.0263,0.3367,0.0519,0.8235,0.0151,0.2213,0.0024,0.2466,0.041,7
goal_retargeting_heuristic,combined_disappearance_stress,drawer_placement,cascading_disappearing_goal,0.3793,0.0513,0.3489,0.0104,0.4262,0.0131,0.2415,0.037,0.1276,0.0243,0.1241,0.0292,0.2211,0.0292,0.352,0.0429,0.9842,0.0118,0.2187,0.0051,0.4014,0.0679,7
goal_retargeting_heuristic,combined_disappearance_stress,drawer_placement,goal_specification_changed,0.5119,0.0435,0.358,0.0075,0.4213,0.0066,0.1548,0.021,0.0884,0.0269,0.0782,0.0249,0.2092,0.0511,0.3861,0.0329,0.8503,0.0158,0.2153,0.0087,0.2602,0.0424,7
goal_retargeting_heuristic,combined_disappearance_stress,drawer_placement,human_temporary_obstruction,0.5153,0.0337,0.3607,0.0078,0.4183,0.0108,0.119,0.0288,0.0731,0.0236,0.1633,0.0437,0.1956,0.0325,0.3912,0.05,0.8268,0.0083,0.2211,0.0029,0.2908,0.0521,7
goal_retargeting_heuristic,combined_disappearance_stress,drawer_placement,object_moved,0.5595,0.0602,0.3623,0.0087,0.4174,0.012,0.1667,0.033,0.0612,0.02,0.1105,0.0325,0.1973,0.0287,0.3639,0.0438,0.7777,0.0108,0.2181,0.0068,0.2619,0.075,7
goal_retargeting_heuristic,combined_disappearance_stress,drawer_placement,object_removed,0.5204,0.0337,0.3401,0.0099,0.4282,0.0137,0.216,0.032,0.0867,0.0287,0.0731,0.0262,0.2177,0.0313,0.3231,0.054,0.8906,0.0076,0.2092,0.0029,0.2687,0.0391,7
goal_retargeting_heuristic,combined_disappearance_stress,drawer_placement,substitute_goal_available,0.4728,0.0214,0.3553,0.0079,0.4158,0.0142,0.1344,0.0313,0.0714,0.031,0.0867,0.0309,0.1786,0.0438,0.3435,0.0389,0.8615,0.0061,0.2176,0.0086,0.3367,0.0366,7
goal_retargeting_heuristic,combined_disappearance_stress,drawer_placement,visual_occlusion,0.5289,0.0477,0.3539,0.0119,0.4194,0.0093,0.0782,0.0196,0.034,0.0094,0.1667,0.0228,0.267,0.0296,0.4031,0.023,0.8302,0.0068,0.2193,0.0077,0.2619,0.036,7
goal_retargeting_heuristic,combined_disappearance_stress,mobile_pick_and_place,cascading_disappearing_goal,0.4558,0.0406,0.3503,0.0111,0.4207,0.0076,0.233,0.0391,0.1122,0.0203,0.1514,0.0422,0.2381,0.0265,0.3486,0.0291,0.9973,0.0104,0.2204,0.0033,0.3061,0.04,7
goal_retargeting_heuristic,combined_disappearance_stress,mobile_pick_and_place,goal_specification_changed,0.4813,0.0429,0.3617,0.0109,0.4193,0.005,0.1514,0.0202,0.1003,0.019,0.0799,0.0202,0.2245,0.0471,0.3622,0.063,0.8471,0.0145,0.2174,0.0074,0.3537,0.058,7
goal_retargeting_heuristic,combined_disappearance_stress,mobile_pick_and_place,human_temporary_obstruction,0.5799,0.0434,0.3542,0.0105,0.4214,0.013,0.1037,0.0325,0.0833,0.0233,0.1905,0.0435,0.1854,0.0349,0.369,0.0522,0.8429,0.0088,0.2232,0.0062,0.2177,0.0337,7
goal_retargeting_heuristic,combined_disappearance_stress,mobile_pick_and_place,object_moved,0.5255,0.0448,0.3558,0.0096,0.421,0.0106,0.1446,0.0224,0.0629,0.0296,0.0901,0.0301,0.2313,0.0278,0.3707,0.0457,0.776,0.0184,0.2178,0.0057,0.301,0.0584,7
goal_retargeting_heuristic,combined_disappearance_stress,mobile_pick_and_place,object_removed,0.4915,0.044,0.3629,0.007,0.4253,0.0089,0.1837,0.0287,0.0816,0.0241,0.0799,0.0226,0.2415,0.0477,0.3418,0.0511,0.8863,0.0145,0.2161,0.0083,0.2823,0.0608,7
goal_retargeting_heuristic,combined_disappearance_stress,mobile_pick_and_place,substitute_goal_available,0.4439,0.0325,0.3602,0.0072,0.4294,0.0137,0.1548,0.0153,0.0799,0.0278,0.1105,0.0321,0.2109,0.0248,0.3656,0.034,0.8482,0.0104,0.2147,0.0066,0.3554,0.0445,7
goal_retargeting_heuristic,combined_disappearance_stress,mobile_pick_and_place,visual_occlusion,0.5221,0.0415,0.3616,0.0104,0.4125,0.0095,0.0833,0.0102,0.0459,0.0107,0.182,0.0189,0.1973,0.0325,0.3503,0.0333,0.8349,0.0177,0.2221,0.0086,0.2925,0.0524,7
goal_retargeting_heuristic,combined_disappearance_stress,shelf_retrieval,cascading_disappearing_goal,0.432,0.034,0.3644,0.0129,0.4138,0.0094,0.2007,0.0303,0.0935,0.0224,0.1395,0.0355,0.2313,0.019,0.3759,0.0416,0.9695,0.0121,0.223,0.0031,0.3707,0.0459,7
goal_retargeting_heuristic,combined_disappearance_stress,shelf_retrieval,goal_specification_changed,0.5068,0.0274,0.3549,0.0086,0.4232,0.0053,0.131,0.0318,0.068,0.0132,0.0697,0.0156,0.2075,0.0443,0.3316,0.0206,0.8317,0.0167,0.2124,0.0073,0.2874,0.0415,7
goal_retargeting_heuristic,combined_disappearance_stress,shelf_retrieval,human_temporary_obstruction,0.5697,0.043,0.3514,0.0162,0.4187,0.0159,0.1378,0.0391,0.0561,0.0282,0.165,0.0424,0.2109,0.0508,0.381,0.0455,0.8422,0.0195,0.2206,0.0053,0.2432,0.0463,7
goal_retargeting_heuristic,combined_disappearance_stress,shelf_retrieval,object_moved,0.5221,0.057,0.3601,0.0103,0.4169,0.0097,0.1922,0.029,0.0459,0.0156,0.0918,0.0208,0.2126,0.0187,0.3503,0.0325,0.775,0.0183,0.2189,0.0084,0.2925,0.0718,7
goal_retargeting_heuristic,combined_disappearance_stress,shelf_retrieval,object_removed,0.4898,0.0303,0.3557,0.0083,0.4264,0.011,0.1667,0.0306,0.1071,0.0144,0.085,0.0156,0.2381,0.0432,0.3554,0.0347,0.8752,0.0072,0.2138,0.009,0.3146,0.0321,7
goal_retargeting_heuristic,combined_disappearance_stress,shelf_retrieval,substitute_goal_available,0.5612,0.0508,0.3595,0.0106,0.416,0.0079,0.1667,0.026,0.085,0.0281,0.1139,0.019,0.2177,0.0366,0.3639,0.0269,0.8526,0.0139,0.2246,0.0052,0.2262,0.0444,7
goal_retargeting_heuristic,combined_disappearance_stress,shelf_retrieval,visual_occlusion,0.5731,0.0303,0.3676,0.0105,0.4216,0.0067,0.0884,0.0287,0.0476,0.0169,0.1361,0.0321,0.2075,0.0254,0.3605,0.0214,0.8514,0.0124,0.2225,0.0081,0.2228,0.0291,7
goal_retargeting_heuristic,combined_disappearance_stress,tool_handoff,cascading_disappearing_goal,0.3895,0.03,0.3583,0.0144,0.4316,0.0129,0.2228,0.0296,0.1259,0.0203,0.1395,0.0377,0.2041,0.0257,0.3605,0.0317,1.0193,0.0124,0.2192,0.0066,0.3571,0.0624,7
goal_retargeting_heuristic,combined_disappearance_stress,tool_handoff,goal_specification_changed,0.5306,0.0546,0.3582,0.0094,0.4225,0.0078,0.1888,0.0219,0.0731,0.0267,0.0646,0.0123,0.2007,0.0382,0.335,0.0307,0.8674,0.01,0.2104,0.0063,0.2704,0.0739,7
goal_retargeting_heuristic,combined_disappearance_stress,tool_handoff,human_temporary_obstruction,0.5442,0.0714,0.361,0.0109,0.4167,0.0069,0.0833,0.0306,0.051,0.0141,0.1582,0.03,0.2245,0.0303,0.3895,0.0501,0.847,0.0167,0.2176,0.0081,0.2772,0.0686,7
goal_retargeting_heuristic,combined_disappearance_stress,tool_handoff,object_moved,0.4864,0.0328,0.3604,0.0112,0.4217,0.0123,0.1854,0.0259,0.0646,0.0309,0.0952,0.0233,0.2347,0.0393,0.3588,0.0257,0.7871,0.0065,0.2173,0.0036,0.318,0.0501,7
goal_retargeting_heuristic,combined_disappearance_stress,tool_handoff,object_removed,0.4643,0.0444,0.362,0.0138,0.4323,0.0138,0.1922,0.0436,0.1122,0.0221,0.0731,0.0193,0.2313,0.0333,0.3316,0.0376,0.9182,0.0073,0.2164,0.0045,0.3248,0.0562,7
goal_retargeting_heuristic,combined_disappearance_stress,tool_handoff,substitute_goal_available,0.449,0.0359,0.3628,0.0099,0.4268,0.016,0.1769,0.0236,0.0782,0.0309,0.1088,0.0262,0.1939,0.0263,0.3741,0.0313,0.8617,0.0112,0.2188,0.0079,0.3401,0.04,7
goal_retargeting_heuristic,combined_disappearance_stress,tool_handoff,visual_occlusion,0.5272,0.0373,0.3613,0.014,0.4236,0.0082,0.0799,0.0195,0.0306,0.01,0.1599,0.0259,0.2313,0.0381,0.381,0.0216,0.8607,0.0099,0.229,0.0077,0.3078,0.0409,7
goal_retargeting_heuristic,delayed_reappearance,bin_sorting,cascading_disappearing_goal,0.4847,0.034,0.389,0.0154,0.4438,0.0112,0.1769,0.0332,0.0748,0.015,0.1139,0.0264,0.2228,0.0348,0.3861,0.0604,0.9245,0.0064,0.2224,0.0056,0.3435,0.0262,7
goal_retargeting_heuristic,delayed_reappearance,bin_sorting,goal_specification_changed,0.5799,0.0296,0.3958,0.0057,0.443,0.0076,0.1156,0.0329,0.0595,0.0125,0.051,0.0122,0.2143,0.026,0.4133,0.0226,0.8036,0.0135,0.214,0.006,0.2126,0.0328,7
goal_retargeting_heuristic,delayed_reappearance,bin_sorting,human_temporary_obstruction,0.5714,0.0486,0.3786,0.0146,0.4377,0.0132,0.1037,0.0132,0.0544,0.0123,0.1497,0.0292,0.2177,0.0366,0.4184,0.0294,0.7961,0.0155,0.2261,0.0078,0.2517,0.0753,7
goal_retargeting_heuristic,delayed_reappearance,bin_sorting,object_moved,0.5612,0.0402,0.3832,0.0107,0.4428,0.0053,0.1497,0.0215,0.051,0.0167,0.0935,0.0339,0.2007,0.0503,0.3741,0.0485,0.7552,0.0169,0.2142,0.0081,0.2517,0.0442,7
goal_retargeting_heuristic,delayed_reappearance,bin_sorting,object_removed,0.5782,0.0363,0.3841,0.012,0.4379,0.0101,0.1548,0.0297,0.0663,0.0221,0.0799,0.0182,0.2126,0.0281,0.3844,0.0377,0.8259,0.0087,0.2217,0.0086,0.2602,0.0451,7
goal_retargeting_heuristic,delayed_reappearance,bin_sorting,substitute_goal_available,0.5272,0.0344,0.3878,0.0105,0.4449,0.0045,0.1378,0.0264,0.0578,0.0224,0.0901,0.0196,0.2245,0.0389,0.3776,0.0406,0.8072,0.0284,0.2129,0.0086,0.2908,0.0341,7
goal_retargeting_heuristic,delayed_reappearance,bin_sorting,visual_occlusion,0.6241,0.0356,0.3902,0.0098,0.4352,0.0101,0.0714,0.0255,0.0357,0.0102,0.1207,0.0206,0.2024,0.0301,0.4269,0.0421,0.8021,0.0099,0.2212,0.0073,0.2058,0.0416,7
goal_retargeting_heuristic,delayed_reappearance,drawer_placement,cascading_disappearing_goal,0.4405,0.0274,0.3866,0.0064,0.4399,0.0077,0.1888,0.0172,0.0952,0.0072,0.1395,0.0248,0.2279,0.0148,0.3707,0.0593,0.9289,0.0111,0.2198,0.0062,0.3639,0.0278,7
goal_retargeting_heuristic,delayed_reappearance,drawer_placement,goal_specification_changed,0.534,0.0362,0.3896,0.0084,0.4398,0.0073,0.1667,0.033,0.0646,0.0183,0.0646,0.0168,0.2092,0.0363,0.4099,0.0463,0.803,0.018,0.2184,0.0046,0.3044,0.0367,7
goal_retargeting_heuristic,delayed_reappearance,drawer_placement,human_temporary_obstruction,0.5544,0.0337,0.3885,0.007,0.4431,0.0079,0.1088,0.0365,0.0714,0.0204,0.165,0.0336,0.1871,0.0344,0.3963,0.0278,0.8134,0.0123,0.2213,0.0081,0.25,0.0367,7
goal_retargeting_heuristic,delayed_reappearance,drawer_placement,object_moved,0.5697,0.0497,0.3864,0.0107,0.4378,0.0136,0.1769,0.0382,0.0782,0.0152,0.0986,0.022,0.2262,0.0288,0.3997,0.0341,0.7753,0.0152,0.2143,0.0051,0.2551,0.0609,7
goal_retargeting_heuristic,delayed_reappearance,drawer_placement,object_removed,0.5765,0.0381,0.3911,0.012,0.4517,0.0108,0.1582,0.0226,0.0714,0.0176,0.0663,0.0209,0.2296,0.055,0.3946,0.0362,0.8508,0.013,0.2192,0.0051,0.2245,0.0547,7
goal_retargeting_heuristic,delayed_reappearance,drawer_placement,substitute_goal_available,0.5816,0.0439,0.3872,0.0109,0.4383,0.0103,0.1327,0.0246,0.0663,0.0274,0.0901,0.0264,0.1973,0.0152,0.4116,0.037,0.8186,0.0056,0.2193,0.0054,0.216,0.0406,7
goal_retargeting_heuristic,delayed_reappearance,drawer_placement,visual_occlusion,0.5493,0.0588,0.3896,0.0089,0.443,0.0103,0.1037,0.0406,0.0323,0.0084,0.1531,0.0351,0.2262,0.0572,0.3741,0.0227,0.8306,0.0116,0.2188,0.004,0.284,0.0728,7
goal_retargeting_heuristic,delayed_reappearance,mobile_pick_and_place,cascading_disappearing_goal,0.4813,0.0772,0.3878,0.0108,0.4433,0.0086,0.1735,0.0264,0.0918,0.03,0.1514,0.0434,0.2143,0.0274,0.3759,0.0296,0.934,0.009,0.2229,0.0044,0.3095,0.0888,7
goal_retargeting_heuristic,delayed_reappearance,mobile_pick_and_place,goal_specification_changed,0.5136,0.0528,0.3859,0.0093,0.4468,0.0103,0.1582,0.0291,0.0561,0.0132,0.0867,0.0296,0.2279,0.0148,0.3707,0.0465,0.8122,0.0113,0.2165,0.0035,0.3061,0.0615,7
goal_retargeting_heuristic,delayed_reappearance,mobile_pick_and_place,human_temporary_obstruction,0.585,0.0336,0.3868,0.0107,0.441,0.0129,0.0986,0.015,0.0731,0.0164,0.1378,0.0221,0.1939,0.0278,0.4031,0.054,0.8177,0.0115,0.2231,0.0051,0.2364,0.0324,7
goal_retargeting_heuristic,delayed_reappearance,mobile_pick_and_place,object_moved,0.551,0.0296,0.388,0.0112,0.4451,0.0171,0.1616,0.0152,0.0629,0.0159,0.0867,0.0282,0.2347,0.0282,0.4167,0.0222,0.7638,0.0163,0.2183,0.0022,0.2551,0.0475,7
goal_retargeting_heuristic,delayed_reappearance,mobile_pick_and_place,object_removed,0.5221,0.0354,0.3957,0.0101,0.437,0.0126,0.1378,0.0227,0.068,0.0182,0.068,0.0174,0.2177,0.0425,0.3776,0.0383,0.8341,0.0124,0.2206,0.0038,0.2772,0.0366,7
goal_retargeting_heuristic,delayed_reappearance,mobile_pick_and_place,substitute_goal_available,0.5901,0.041,0.3891,0.0094,0.4336,0.0124,0.1463,0.0243,0.0731,0.0213,0.0918,0.0132,0.2143,0.0249,0.4014,0.0516,0.8184,0.0114,0.2116,0.0052,0.199,0.0434,7
goal_retargeting_heuristic,delayed_reappearance,mobile_pick_and_place,visual_occlusion,0.5578,0.0389,0.3926,0.0085,0.4549,0.0064,0.0901,0.0264,0.0289,0.0123,0.1327,0.0382,0.2177,0.0278,0.3912,0.029,0.8347,0.0102,0.2247,0.0048,0.2568,0.0435,7
goal_retargeting_heuristic,delayed_reappearance,shelf_retrieval,cascading_disappearing_goal,0.4694,0.0496,0.3947,0.0116,0.4432,0.012,0.1701,0.0352,0.0918,0.0182,0.1361,0.0215,0.2262,0.0288,0.4048,0.033,0.9359,0.015,0.2159,0.0047,0.3435,0.0382,7
goal_retargeting_heuristic,delayed_reappearance,shelf_retrieval,goal_specification_changed,0.5561,0.0321,0.3851,0.0146,0.4388,0.0142,0.1599,0.0292,0.0663,0.0133,0.0697,0.0312,0.1854,0.0488,0.3793,0.0351,0.7979,0.0108,0.2116,0.0055,0.2619,0.0374,7
goal_retargeting_heuristic,delayed_reappearance,shelf_retrieval,human_temporary_obstruction,0.5901,0.0283,0.3976,0.0098,0.4423,0.005,0.1139,0.0374,0.0629,0.0214,0.1241,0.0221,0.1956,0.0249,0.3844,0.0493,0.8295,0.0191,0.219,0.0048,0.2041,0.0339,7
goal_retargeting_heuristic,delayed_reappearance,shelf_retrieval,object_moved,0.5136,0.0386,0.3886,0.0077,0.4446,0.0166,0.1241,0.0429,0.0544,0.0133,0.1207,0.0324,0.2449,0.0536,0.4031,0.0497,0.7653,0.0136,0.2205,0.0041,0.2823,0.0699,7
goal_retargeting_heuristic,delayed_reappearance,shelf_retrieval,object_removed,0.5884,0.0394,0.3855,0.004,0.4406,0.0066,0.1429,0.0216,0.0646,0.0238,0.0663,0.0233,0.2211,0.0394,0.3707,0.0556,0.8325,0.0123,0.2174,0.007,0.216,0.0445,7
goal_retargeting_heuristic,delayed_reappearance,shelf_retrieval,substitute_goal_available,0.5476,0.0527,0.4006,0.008,0.4452,0.0095,0.148,0.036,0.0629,0.0167,0.0901,0.0221,0.216,0.0328,0.3963,0.0352,0.8246,0.011,0.2162,0.0065,0.2585,0.0598,7
goal_retargeting_heuristic,delayed_reappearance,shelf_retrieval,visual_occlusion,0.5833,0.0507,0.3896,0.01,0.4438,0.0045,0.0884,0.0259,0.0408,0.0133,0.1616,0.0264,0.216,0.0276,0.4303,0.0545,0.8367,0.0138,0.2214,0.005,0.25,0.0536,7
goal_retargeting_heuristic,delayed_reappearance,tool_handoff,cascading_disappearing_goal,0.4745,0.0389,0.3838,0.0126,0.4387,0.007,0.1956,0.0249,0.0901,0.0215,0.1548,0.0255,0.2075,0.0259,0.3741,0.0443,0.9781,0.0055,0.2205,0.0057,0.3061,0.0591,7
goal_retargeting_heuristic,delayed_reappearance,tool_handoff,goal_specification_changed,0.5289,0.0337,0.3888,0.0114,0.4407,0.0127,0.148,0.0363,0.0816,0.0285,0.068,0.0393,0.2398,0.02,0.3963,0.0393,0.8324,0.0105,0.2159,0.0057,0.2721,0.0484,7
goal_retargeting_heuristic,delayed_reappearance,tool_handoff,human_temporary_obstruction,0.5561,0.0282,0.3986,0.0087,0.4452,0.0052,0.0765,0.0254,0.0697,0.02,0.1667,0.0349,0.2177,0.0202,0.3827,0.0484,0.833,0.0155,0.2163,0.0069,0.2449,0.0646,7
goal_retargeting_heuristic,delayed_reappearance,tool_handoff,object_moved,0.5289,0.0321,0.3995,0.0093,0.4437,0.0064,0.1735,0.0381,0.0697,0.0107,0.1003,0.0215,0.2296,0.0287,0.4252,0.0226,0.7802,0.0127,0.2193,0.0052,0.2755,0.0448,7
goal_retargeting_heuristic,delayed_reappearance,tool_handoff,object_removed,0.5272,0.0508,0.3958,0.0066,0.4411,0.0093,0.1531,0.0336,0.0867,0.0195,0.068,0.0237,0.1922,0.0515,0.3946,0.0148,0.8749,0.0195,0.2188,0.0085,0.2653,0.0545,7
goal_retargeting_heuristic,delayed_reappearance,tool_handoff,substitute_goal_available,0.5289,0.0325,0.3801,0.0086,0.4487,0.0045,0.1276,0.0291,0.0629,0.0122,0.085,0.0303,0.2262,0.0469,0.3367,0.0348,0.8426,0.0119,0.22,0.009,0.2619,0.0391,7
goal_retargeting_heuristic,delayed_reappearance,tool_handoff,visual_occlusion,0.5612,0.0267,0.3825,0.0084,0.4423,0.0128,0.0799,0.0174,0.0357,0.0204,0.1514,0.0243,0.1854,0.0249,0.4082,0.0352,0.8426,0.0162,0.2242,0.0043,0.2551,0.0278,7
goal_retargeting_heuristic,nominal,bin_sorting,cascading_disappearing_goal,0.5595,0.0274,0.4387,0.0093,0.4821,0.0157,0.1139,0.0183,0.068,0.022,0.0748,0.0214,0.3112,0.0236,0.4354,0.0292,0.7123,0.0171,0.2246,0.0061,0.2755,0.0358,7
goal_retargeting_heuristic,nominal,bin_sorting,goal_specification_changed,0.6344,0.0296,0.4411,0.0052,0.4893,0.0097,0.0901,0.0254,0.0493,0.0156,0.0391,0.0182,0.3435,0.0484,0.4473,0.0301,0.639,0.0182,0.2145,0.0079,0.2194,0.041,7
goal_retargeting_heuristic,nominal,bin_sorting,human_temporary_obstruction,0.6003,0.0384,0.445,0.0115,0.4918,0.0074,0.0595,0.0184,0.0374,0.0252,0.1037,0.0237,0.3095,0.0318,0.4575,0.0254,0.6233,0.011,0.2187,0.0067,0.2347,0.0443,7
goal_retargeting_heuristic,nominal,bin_sorting,object_moved,0.6548,0.0233,0.4398,0.0112,0.4838,0.0101,0.0782,0.0152,0.034,0.0094,0.068,0.0167,0.3163,0.0301,0.3776,0.0457,0.5999,0.012,0.2197,0.0034,0.165,0.0579,7
goal_retargeting_heuristic,nominal,bin_sorting,object_removed,0.6446,0.0267,0.4406,0.0103,0.4951,0.012,0.102,0.0269,0.0459,0.0107,0.0578,0.0193,0.3435,0.0448,0.4201,0.0406,0.6596,0.0121,0.2163,0.0055,0.2024,0.0398,7
goal_retargeting_heuristic,nominal,bin_sorting,substitute_goal_available,0.5952,0.0204,0.4394,0.0051,0.4919,0.0098,0.0816,0.0148,0.0493,0.0172,0.0663,0.0168,0.3095,0.0404,0.432,0.0419,0.6549,0.0124,0.2187,0.0077,0.2279,0.0271,7
goal_retargeting_heuristic,nominal,bin_sorting,visual_occlusion,0.6412,0.0484,0.4401,0.0111,0.487,0.0105,0.0697,0.0164,0.0357,0.0169,0.1241,0.019,0.3197,0.0281,0.4303,0.0382,0.6303,0.0147,0.2204,0.0089,0.1871,0.0469,7
goal_retargeting_heuristic,nominal,drawer_placement,cascading_disappearing_goal,0.568,0.0538,0.4415,0.0104,0.4919,0.0131,0.1003,0.0488,0.0527,0.0112,0.0952,0.0249,0.3418,0.0648,0.3929,0.0517,0.7355,0.018,0.2214,0.0046,0.267,0.0723,7
goal_retargeting_heuristic,nominal,drawer_placement,goal_specification_changed,0.6071,0.0423,0.4421,0.0159,0.4942,0.0102,0.0867,0.0243,0.0476,0.0072,0.0527,0.0254,0.3486,0.0304,0.415,0.0343,0.6547,0.0162,0.2222,0.005,0.2075,0.0455,7
goal_retargeting_heuristic,nominal,drawer_placement,human_temporary_obstruction,0.6463,0.0321,0.4438,0.0083,0.5,0.0068,0.0527,0.0152,0.0425,0.0175,0.0918,0.0159,0.3129,0.0132,0.4422,0.0299,0.6334,0.0159,0.2207,0.0066,0.199,0.022,7
goal_retargeting_heuristic,nominal,drawer_placement,object_moved,0.6276,0.0653,0.4452,0.0064,0.4911,0.0076,0.085,0.018,0.051,0.0195,0.0833,0.0244,0.3248,0.0243,0.4371,0.04,0.6169,0.0105,0.2147,0.0036,0.1888,0.0749,7
goal_retargeting_heuristic,nominal,drawer_placement,object_removed,0.5884,0.0341,0.4407,0.0102,0.4873,0.0124,0.1139,0.0233,0.0476,0.0169,0.0748,0.0248,0.3129,0.0248,0.4031,0.0525,0.6672,0.0074,0.2196,0.0042,0.2177,0.0425,7
goal_retargeting_heuristic,nominal,drawer_placement,substitute_goal_available,0.6003,0.0562,0.4435,0.01,0.4981,0.0093,0.0833,0.0338,0.0493,0.0172,0.0884,0.0249,0.3401,0.0349,0.415,0.0285,0.6565,0.0132,0.2176,0.0075,0.2347,0.0595,7
goal_retargeting_heuristic,nominal,drawer_placement,visual_occlusion,0.6224,0.0524,0.4435,0.0092,0.4946,0.0075,0.0561,0.0098,0.0425,0.0168,0.0969,0.0172,0.3129,0.0533,0.3861,0.0168,0.6391,0.0094,0.2224,0.0055,0.2245,0.0579,7
goal_retargeting_heuristic,nominal,mobile_pick_and_place,cascading_disappearing_goal,0.5306,0.0203,0.4446,0.0094,0.4874,0.0094,0.0782,0.0196,0.0544,0.0168,0.0901,0.0203,0.3231,0.0396,0.449,0.0304,0.734,0.0075,0.2148,0.0091,0.2653,0.06,7
goal_retargeting_heuristic,nominal,mobile_pick_and_place,goal_specification_changed,0.619,0.0384,0.4387,0.013,0.488,0.0096,0.1003,0.0221,0.0731,0.0164,0.0442,0.0111,0.3367,0.0387,0.4507,0.051,0.6521,0.0121,0.2182,0.0054,0.2279,0.029,7
goal_retargeting_heuristic,nominal,mobile_pick_and_place,human_temporary_obstruction,0.6173,0.0328,0.4478,0.0095,0.4825,0.0101,0.0408,0.0183,0.0459,0.0219,0.1054,0.0246,0.3452,0.0322,0.4218,0.0254,0.6489,0.0173,0.2159,0.0054,0.2075,0.0602,7
goal_retargeting_heuristic,nominal,mobile_pick_and_place,object_moved,0.602,0.048,0.4415,0.0041,0.4849,0.012,0.0731,0.0206,0.0357,0.0144,0.0799,0.0195,0.3486,0.0403,0.4116,0.0352,0.6138,0.0131,0.2132,0.0049,0.2194,0.0243,7
goal_retargeting_heuristic,nominal,mobile_pick_and_place,object_removed,0.6224,0.0463,0.4407,0.011,0.4928,0.0084,0.0918,0.0141,0.0527,0.019,0.0595,0.0125,0.3214,0.0494,0.4201,0.0309,0.662,0.0125,0.2168,0.0052,0.2007,0.071,7
goal_retargeting_heuristic,nominal,mobile_pick_and_place,substitute_goal_available,0.5884,0.0152,0.4419,0.0105,0.4871,0.0094,0.0901,0.0152,0.0408,0.0175,0.0646,0.0254,0.3061,0.0387,0.4303,0.0459,0.6493,0.0104,0.2152,0.0055,0.2279,0.0246,7
goal_retargeting_heuristic,nominal,mobile_pick_and_place,visual_occlusion,0.665,0.0382,0.4504,0.0121,0.4901,0.0085,0.0323,0.0214,0.0357,0.0161,0.1156,0.0208,0.3027,0.0341,0.4456,0.0491,0.6486,0.0204,0.2209,0.0049,0.1769,0.0281,7
goal_retargeting_heuristic,nominal,shelf_retrieval,cascading_disappearing_goal,0.5714,0.0472,0.4531,0.0109,0.4875,0.0091,0.1156,0.0243,0.0612,0.0219,0.1088,0.0213,0.3112,0.0372,0.4337,0.0374,0.724,0.0079,0.2224,0.0043,0.2398,0.0399,7
goal_retargeting_heuristic,nominal,shelf_retrieval,goal_specification_changed,0.5816,0.0515,0.4335,0.0082,0.4913,0.011,0.0799,0.0195,0.0408,0.0175,0.0442,0.015,0.3367,0.0325,0.4167,0.0441,0.6416,0.0116,0.223,0.0037,0.2585,0.0772,7
goal_retargeting_heuristic,nominal,shelf_retrieval,human_temporary_obstruction,0.6548,0.0306,0.4513,0.0105,0.4933,0.0071,0.0527,0.0143,0.0357,0.0191,0.1071,0.0184,0.3418,0.0545,0.4337,0.0514,0.6543,0.0104,0.2195,0.0044,0.1905,0.0441,7
goal_retargeting_heuristic,nominal,shelf_retrieval,object_moved,0.6071,0.0624,0.4496,0.0137,0.4881,0.0143,0.0697,0.0246,0.0289,0.0203,0.0748,0.0159,0.3605,0.0304,0.4184,0.0462,0.6074,0.0106,0.2206,0.0042,0.2364,0.0542,7
goal_retargeting_heuristic,nominal,shelf_retrieval,object_removed,0.6293,0.0492,0.4365,0.0073,0.4913,0.0105,0.085,0.0271,0.0595,0.0176,0.0527,0.0152,0.3435,0.029,0.4252,0.0413,0.6595,0.0175,0.2101,0.0079,0.2126,0.0753,7
goal_retargeting_heuristic,nominal,shelf_retrieval,substitute_goal_available,0.5935,0.0402,0.4406,0.0119,0.4928,0.0107,0.0867,0.0317,0.0357,0.0161,0.0748,0.0122,0.3299,0.0359,0.4439,0.0528,0.6579,0.0152,0.2153,0.0047,0.2517,0.0406,7
goal_retargeting_heuristic,nominal,shelf_retrieval,visual_occlusion,0.5918,0.0253,0.4485,0.0092,0.4897,0.0128,0.0425,0.0209,0.0323,0.0122,0.1378,0.0269,0.3503,0.0183,0.4405,0.0541,0.6453,0.0112,0.2246,0.0029,0.2398,0.0299,7
goal_retargeting_heuristic,nominal,tool_handoff,cascading_disappearing_goal,0.5289,0.0221,0.4522,0.0119,0.4856,0.0086,0.1088,0.0267,0.0663,0.0152,0.1241,0.0203,0.335,0.0415,0.3997,0.0363,0.7449,0.012,0.2227,0.0083,0.2857,0.026,7
goal_retargeting_heuristic,nominal,tool_handoff,goal_specification_changed,0.5663,0.0632,0.4442,0.0087,0.488,0.0089,0.0952,0.0239,0.0697,0.02,0.0595,0.0269,0.3197,0.0412,0.4099,0.0301,0.6603,0.0126,0.2153,0.005,0.2415,0.0758,7
goal_retargeting_heuristic,nominal,tool_handoff,human_temporary_obstruction,0.619,0.0519,0.4427,0.0071,0.4868,0.0091,0.0374,0.0061,0.0561,0.022,0.1003,0.0329,0.3503,0.037,0.4371,0.0214,0.6519,0.0127,0.2157,0.007,0.1973,0.0714,7
goal_retargeting_heuristic,nominal,tool_handoff,object_moved,0.6344,0.0627,0.4529,0.0114,0.4868,0.0077,0.085,0.0276,0.0357,0.021,0.0884,0.0227,0.318,0.0566,0.4745,0.0402,0.6145,0.0107,0.2137,0.0036,0.2007,0.0586,7
goal_retargeting_heuristic,nominal,tool_handoff,object_removed,0.602,0.0504,0.4537,0.0085,0.4957,0.0081,0.1037,0.0237,0.0612,0.0139,0.0442,0.0111,0.2704,0.0333,0.415,0.0276,0.68,0.0134,0.2112,0.0044,0.2126,0.051,7
goal_retargeting_heuristic,nominal,tool_handoff,substitute_goal_available,0.551,0.0263,0.4392,0.0162,0.4857,0.0028,0.0765,0.0133,0.0612,0.0107,0.0646,0.0305,0.3163,0.0506,0.4235,0.0397,0.6628,0.0094,0.215,0.0061,0.2857,0.0388,7
goal_retargeting_heuristic,nominal,tool_handoff,visual_occlusion,0.6327,0.0427,0.4375,0.0071,0.4945,0.0124,0.0646,0.0209,0.0221,0.0079,0.1395,0.0232,0.3367,0.0287,0.4286,0.0349,0.6554,0.0203,0.2179,0.0083,0.2092,0.063,7
goal_retargeting_heuristic,occlusion_heavy_shift,bin_sorting,cascading_disappearing_goal,0.5085,0.0387,0.3836,0.0099,0.4714,0.0116,0.1361,0.0333,0.0629,0.0202,0.1054,0.0257,0.2551,0.0466,0.4133,0.0174,0.8188,0.0098,0.2176,0.0047,0.3265,0.0407,7
goal_retargeting_heuristic,occlusion_heavy_shift,bin_sorting,goal_specification_changed,0.5765,0.0349,0.3837,0.0169,0.4698,0.0108,0.1156,0.0226,0.0646,0.016,0.0697,0.0246,0.2568,0.0243,0.4031,0.0412,0.7103,0.0111,0.2068,0.007,0.2568,0.0475,7
goal_retargeting_heuristic,occlusion_heavy_shift,bin_sorting,human_temporary_obstruction,0.6088,0.0365,0.3844,0.0096,0.4878,0.0094,0.0714,0.0176,0.0646,0.0301,0.1446,0.0285,0.2704,0.0329,0.4422,0.069,0.7165,0.0123,0.2182,0.0044,0.2449,0.0329,7
goal_retargeting_heuristic,occlusion_heavy_shift,bin_sorting,object_moved,0.5901,0.0296,0.3789,0.0128,0.4797,0.0113,0.102,0.0196,0.0272,0.0159,0.0833,0.0338,0.267,0.0356,0.4405,0.0306,0.68,0.0151,0.2135,0.0051,0.2194,0.0278,7
goal_retargeting_heuristic,occlusion_heavy_shift,bin_sorting,object_removed,0.5782,0.036,0.3889,0.0138,0.4826,0.0094,0.0952,0.0176,0.0612,0.0156,0.0748,0.0174,0.2415,0.0348,0.415,0.0409,0.7224,0.014,0.2171,0.0053,0.2466,0.0446,7
goal_retargeting_heuristic,occlusion_heavy_shift,bin_sorting,substitute_goal_available,0.5986,0.0452,0.3823,0.0075,0.4721,0.0121,0.1122,0.0209,0.0493,0.018,0.0714,0.0228,0.2636,0.0294,0.4133,0.0278,0.7039,0.013,0.214,0.0038,0.2534,0.0543,7
goal_retargeting_heuristic,occlusion_heavy_shift,bin_sorting,visual_occlusion,0.6139,0.0394,0.3804,0.0132,0.4671,0.0153,0.0646,0.0317,0.0289,0.01,0.1548,0.0314,0.2568,0.0384,0.3707,0.0379,0.7333,0.0132,0.2267,0.0068,0.199,0.0377,7
goal_retargeting_heuristic,occlusion_heavy_shift,drawer_placement,cascading_disappearing_goal,0.5,0.0356,0.3916,0.0123,0.4888,0.0098,0.1463,0.0419,0.0986,0.0174,0.1156,0.0431,0.2874,0.0518,0.4184,0.0427,0.8373,0.0092,0.2191,0.0068,0.3129,0.0526,7
goal_retargeting_heuristic,occlusion_heavy_shift,drawer_placement,goal_specification_changed,0.5629,0.0422,0.3819,0.0133,0.4743,0.0081,0.1259,0.019,0.0595,0.0114,0.068,0.0202,0.2483,0.0252,0.4082,0.0202,0.7171,0.0224,0.2193,0.0065,0.2687,0.0496,7
goal_retargeting_heuristic,occlusion_heavy_shift,drawer_placement,human_temporary_obstruction,0.5935,0.0316,0.3845,0.0051,0.4721,0.0065,0.0748,0.0248,0.0544,0.0133,0.1173,0.0358,0.2959,0.0409,0.4014,0.0337,0.7391,0.0112,0.2194,0.0067,0.2279,0.049,7
goal_retargeting_heuristic,occlusion_heavy_shift,drawer_placement,object_moved,0.5442,0.03,0.3808,0.0103,0.4797,0.0087,0.1037,0.03,0.0272,0.0141,0.0901,0.0209,0.2653,0.0425,0.4048,0.033,0.6928,0.0104,0.2166,0.003,0.2517,0.0362,7
goal_retargeting_heuristic,occlusion_heavy_shift,drawer_placement,object_removed,0.5544,0.0432,0.3918,0.0144,0.4816,0.0169,0.1207,0.0236,0.068,0.015,0.068,0.0159,0.2585,0.0471,0.3861,0.0301,0.7467,0.0172,0.2103,0.0066,0.2704,0.03,7
goal_retargeting_heuristic,occlusion_heavy_shift,drawer_placement,substitute_goal_available,0.5935,0.0445,0.3788,0.0114,0.4707,0.0159,0.1054,0.0213,0.0595,0.0125,0.0952,0.0349,0.2704,0.0174,0.4014,0.0587,0.7417,0.012,0.2129,0.0037,0.2347,0.049,7
goal_retargeting_heuristic,occlusion_heavy_shift,drawer_placement,visual_occlusion,0.5986,0.0466,0.387,0.007,0.4745,0.0096,0.0765,0.0168,0.034,0.0172,0.1531,0.0219,0.267,0.0227,0.4286,0.0153,0.7683,0.0117,0.2197,0.0058,0.233,0.0529,7
goal_retargeting_heuristic,occlusion_heavy_shift,mobile_pick_and_place,cascading_disappearing_goal,0.4847,0.044,0.3843,0.0094,0.4747,0.0134,0.1616,0.0387,0.0918,0.0159,0.1463,0.0313,0.2772,0.0321,0.3776,0.0671,0.8606,0.0109,0.2189,0.0056,0.3282,0.063,7
goal_retargeting_heuristic,occlusion_heavy_shift,mobile_pick_and_place,goal_specification_changed,0.5986,0.046,0.3875,0.0149,0.4787,0.0116,0.1105,0.0141,0.051,0.0132,0.0697,0.0213,0.2347,0.0263,0.3929,0.0567,0.7309,0.0152,0.2184,0.0069,0.2211,0.0582,7
goal_retargeting_heuristic,occlusion_heavy_shift,mobile_pick_and_place,human_temporary_obstruction,0.5884,0.0325,0.391,0.0118,0.4845,0.0112,0.0646,0.0168,0.0527,0.0133,0.148,0.0313,0.2721,0.0454,0.4371,0.0387,0.7569,0.0202,0.2213,0.0041,0.2364,0.0421,7
goal_retargeting_heuristic,occlusion_heavy_shift,mobile_pick_and_place,object_moved,0.5918,0.0296,0.3826,0.0108,0.4742,0.0138,0.1361,0.0296,0.0357,0.0161,0.1105,0.0243,0.2772,0.046,0.4422,0.0487,0.6903,0.0187,0.2151,0.0045,0.216,0.043,7
goal_retargeting_heuristic,occlusion_heavy_shift,mobile_pick_and_place,object_removed,0.5595,0.0441,0.3792,0.0104,0.4779,0.0069,0.1259,0.0432,0.085,0.0354,0.0799,0.0202,0.2823,0.0344,0.3741,0.04,0.7585,0.018,0.216,0.004,0.2398,0.0376,7
goal_retargeting_heuristic,occlusion_heavy_shift,mobile_pick_and_place,substitute_goal_available,0.5289,0.0536,0.3802,0.0091,0.4619,0.0089,0.0918,0.0111,0.0714,0.0239,0.0748,0.0237,0.2568,0.0356,0.4065,0.0224,0.7453,0.0122,0.2192,0.0059,0.2772,0.0485,7
goal_retargeting_heuristic,occlusion_heavy_shift,mobile_pick_and_place,visual_occlusion,0.5714,0.0619,0.3832,0.0095,0.4891,0.0162,0.051,0.0141,0.0221,0.0172,0.1497,0.0196,0.2806,0.048,0.4677,0.0449,0.7689,0.0105,0.2196,0.0051,0.2466,0.0677,7
goal_retargeting_heuristic,occlusion_heavy_shift,shelf_retrieval,cascading_disappearing_goal,0.4949,0.0446,0.3854,0.0148,0.4704,0.0098,0.1088,0.0257,0.0595,0.0222,0.1378,0.0367,0.2585,0.0263,0.4354,0.0413,0.8507,0.0129,0.2198,0.0074,0.3129,0.0419,7
goal_retargeting_heuristic,occlusion_heavy_shift,shelf_retrieval,goal_specification_changed,0.5697,0.0246,0.3848,0.0141,0.4731,0.0142,0.1037,0.0321,0.0646,0.0143,0.068,0.03,0.2891,0.0355,0.4065,0.0299,0.7102,0.0175,0.2167,0.0034,0.2517,0.0389,7
goal_retargeting_heuristic,occlusion_heavy_shift,shelf_retrieval,human_temporary_obstruction,0.5935,0.0459,0.383,0.0092,0.4755,0.0111,0.0816,0.0246,0.0544,0.0183,0.1701,0.0352,0.2534,0.0263,0.4218,0.0243,0.7427,0.0194,0.2248,0.0039,0.233,0.0585,7
goal_retargeting_heuristic,occlusion_heavy_shift,shelf_retrieval,object_moved,0.585,0.0462,0.3916,0.0096,0.4782,0.019,0.1293,0.0271,0.0544,0.01,0.085,0.0246,0.2585,0.0309,0.4184,0.0462,0.6833,0.0072,0.2158,0.0049,0.2568,0.0443,7
goal_retargeting_heuristic,occlusion_heavy_shift,shelf_retrieval,object_removed,0.5544,0.037,0.3768,0.0136,0.4834,0.0159,0.1105,0.0373,0.0578,0.0107,0.0986,0.0278,0.2653,0.049,0.4031,0.0379,0.7509,0.0105,0.2182,0.0046,0.2857,0.0602,7
goal_retargeting_heuristic,occlusion_heavy_shift,shelf_retrieval,substitute_goal_available,0.568,0.048,0.389,0.0081,0.484,0.0127,0.1241,0.0317,0.0561,0.0098,0.085,0.0206,0.2483,0.0402,0.415,0.0436,0.7268,0.0157,0.2139,0.0082,0.2721,0.0669,7
goal_retargeting_heuristic,occlusion_heavy_shift,shelf_retrieval,visual_occlusion,0.5833,0.0551,0.3837,0.0102,0.478,0.0134,0.0612,0.023,0.0306,0.0143,0.148,0.0238,0.2636,0.0294,0.3929,0.0401,0.7644,0.0191,0.2245,0.0072,0.2296,0.079,7
goal_retargeting_heuristic,occlusion_heavy_shift,tool_handoff,cascading_disappearing_goal,0.4524,0.0371,0.377,0.0108,0.4628,0.0081,0.1463,0.0232,0.0986,0.0174,0.1514,0.0337,0.2636,0.0299,0.4184,0.0276,0.8816,0.0123,0.2192,0.0049,0.3367,0.0387,7
goal_retargeting_heuristic,occlusion_heavy_shift,tool_handoff,goal_specification_changed,0.6224,0.0202,0.3885,0.0129,0.4757,0.0102,0.1276,0.0253,0.0782,0.0283,0.068,0.0226,0.2585,0.0258,0.3997,0.0593,0.7402,0.017,0.2211,0.0048,0.2058,0.0248,7
goal_retargeting_heuristic,occlusion_heavy_shift,tool_handoff,human_temporary_obstruction,0.5697,0.0436,0.3817,0.0113,0.4756,0.0109,0.0476,0.0216,0.0442,0.0189,0.1412,0.0139,0.2568,0.0215,0.4252,0.0333,0.76,0.0238,0.2234,0.0056,0.2534,0.0455,7
goal_retargeting_heuristic,occlusion_heavy_shift,tool_handoff,object_moved,0.551,0.0263,0.3827,0.0108,0.4701,0.0116,0.0918,0.0174,0.0425,0.01,0.0765,0.0196,0.2653,0.0317,0.4065,0.0566,0.6897,0.0167,0.2197,0.0067,0.2517,0.0285,7
goal_retargeting_heuristic,occlusion_heavy_shift,tool_handoff,object_removed,0.5782,0.0536,0.3787,0.011,0.4796,0.0126,0.1276,0.0287,0.0612,0.0172,0.0799,0.0226,0.2959,0.0336,0.3639,0.036,0.7611,0.0212,0.2185,0.0073,0.2262,0.0407,7
goal_retargeting_heuristic,occlusion_heavy_shift,tool_handoff,substitute_goal_available,0.5102,0.0372,0.3796,0.0088,0.4752,0.0106,0.1207,0.0369,0.0663,0.016,0.0986,0.0325,0.267,0.037,0.4133,0.022,0.7526,0.0109,0.2166,0.0045,0.2976,0.0222,7
goal_retargeting_heuristic,occlusion_heavy_shift,tool_handoff,visual_occlusion,0.5493,0.0379,0.3881,0.0062,0.471,0.0141,0.0663,0.0133,0.0374,0.0129,0.1514,0.0273,0.2585,0.0189,0.4269,0.0439,0.7596,0.0122,0.2261,0.0052,0.2415,0.0493,7
goal_retargeting_heuristic,physical_removal_shift,bin_sorting,cascading_disappearing_goal,0.5238,0.0265,0.3914,0.0077,0.465,0.0075,0.1803,0.0241,0.0833,0.0306,0.1071,0.0301,0.3078,0.0316,0.369,0.0407,0.829,0.0072,0.2151,0.0095,0.3163,0.0404,7
goal_retargeting_heuristic,physical_removal_shift,bin_sorting,goal_specification_changed,0.5629,0.0317,0.3746,0.0052,0.4598,0.0118,0.1548,0.0269,0.0629,0.0208,0.0663,0.0209,0.3027,0.0349,0.3878,0.058,0.7389,0.0163,0.2157,0.008,0.3044,0.0329,7
goal_retargeting_heuristic,physical_removal_shift,bin_sorting,human_temporary_obstruction,0.6088,0.05,0.3824,0.0095,0.4601,0.0071,0.0646,0.0086,0.0476,0.0233,0.1105,0.0237,0.2687,0.0196,0.4099,0.0488,0.7154,0.0208,0.2274,0.003,0.2143,0.0596,7
goal_retargeting_heuristic,physical_removal_shift,bin_sorting,object_moved,0.6224,0.0383,0.3866,0.016,0.4486,0.0095,0.131,0.0411,0.0612,0.0213,0.0731,0.023,0.2993,0.0354,0.3997,0.0264,0.6768,0.0131,0.2226,0.0039,0.1837,0.0521,7
goal_retargeting_heuristic,physical_removal_shift,bin_sorting,object_removed,0.5544,0.0243,0.3818,0.0115,0.4559,0.017,0.1156,0.0159,0.0561,0.0159,0.0714,0.0301,0.2908,0.0416,0.3605,0.0167,0.7806,0.0162,0.2131,0.0056,0.2602,0.0523,7
goal_retargeting_heuristic,physical_removal_shift,bin_sorting,substitute_goal_available,0.5408,0.0168,0.3841,0.0103,0.4577,0.0073,0.0986,0.0174,0.0595,0.0239,0.0731,0.0336,0.2823,0.0248,0.3878,0.0452,0.7359,0.0098,0.2168,0.0072,0.2483,0.0399,7
goal_retargeting_heuristic,physical_removal_shift,bin_sorting,visual_occlusion,0.6684,0.0608,0.3826,0.0071,0.463,0.0067,0.0612,0.0139,0.0459,0.0079,0.1446,0.0281,0.284,0.0281,0.4116,0.0209,0.7134,0.0127,0.2219,0.0039,0.1616,0.0675,7
goal_retargeting_heuristic,physical_removal_shift,drawer_placement,cascading_disappearing_goal,0.5051,0.0452,0.3848,0.0074,0.4561,0.0086,0.1803,0.0267,0.1037,0.0141,0.1224,0.0195,0.284,0.0276,0.3656,0.0501,0.8692,0.0127,0.2202,0.0076,0.2806,0.0576,7
goal_retargeting_heuristic,physical_removal_shift,drawer_placement,goal_specification_changed,0.5289,0.0461,0.3736,0.0111,0.4531,0.0077,0.131,0.0239,0.0816,0.0119,0.0765,0.0254,0.2908,0.0349,0.3776,0.0578,0.7572,0.0086,0.2199,0.0058,0.2789,0.041,7
goal_retargeting_heuristic,physical_removal_shift,drawer_placement,human_temporary_obstruction,0.5918,0.0425,0.3848,0.0064,0.4531,0.0077,0.085,0.0107,0.0646,0.016,0.1327,0.0276,0.2942,0.0258,0.3588,0.0285,0.7196,0.0119,0.2212,0.0052,0.2432,0.0654,7
goal_retargeting_heuristic,physical_removal_shift,drawer_placement,object_moved,0.5833,0.0353,0.3861,0.0069,0.4581,0.01,0.1293,0.0164,0.0459,0.0129,0.0986,0.0159,0.284,0.0285,0.4014,0.0446,0.6826,0.0131,0.2188,0.0031,0.216,0.0465,7
goal_retargeting_heuristic,physical_removal_shift,drawer_placement,object_removed,0.4966,0.048,0.3881,0.0107,0.452,0.0129,0.1327,0.02,0.0969,0.023,0.0561,0.0214,0.3129,0.0573,0.3963,0.0552,0.7997,0.0139,0.2179,0.0046,0.2959,0.0442,7
goal_retargeting_heuristic,physical_removal_shift,drawer_placement,substitute_goal_available,0.5544,0.0553,0.39,0.0114,0.4541,0.0135,0.1344,0.0268,0.0544,0.0152,0.0714,0.0233,0.3197,0.0379,0.3827,0.0442,0.7593,0.0159,0.2163,0.005,0.2687,0.078,7
goal_retargeting_heuristic,physical_removal_shift,drawer_placement,visual_occlusion,0.5918,0.0317,0.3794,0.013,0.455,0.011,0.0816,0.0164,0.0459,0.0241,0.1224,0.0248,0.2908,0.0356,0.398,0.0615,0.7087,0.012,0.2219,0.0033,0.216,0.0206,7
goal_retargeting_heuristic,physical_removal_shift,mobile_pick_and_place,cascading_disappearing_goal,0.4643,0.0455,0.384,0.008,0.4552,0.008,0.165,0.0424,0.0935,0.0164,0.1224,0.0195,0.2806,0.0296,0.3605,0.0416,0.8914,0.0157,0.2166,0.0032,0.301,0.0569,7
goal_retargeting_heuristic,physical_removal_shift,mobile_pick_and_place,goal_specification_changed,0.551,0.0425,0.3894,0.0073,0.4605,0.003,0.1327,0.0328,0.0697,0.023,0.0714,0.0314,0.2976,0.0367,0.3929,0.033,0.7534,0.0146,0.2168,0.0071,0.2483,0.0651,7
goal_retargeting_heuristic,physical_removal_shift,mobile_pick_and_place,human_temporary_obstruction,0.6173,0.0369,0.3873,0.0134,0.4619,0.0086,0.0731,0.018,0.0578,0.0139,0.148,0.0325,0.3214,0.0384,0.398,0.0356,0.7272,0.0176,0.2115,0.0071,0.2109,0.0387,7
goal_retargeting_heuristic,physical_removal_shift,mobile_pick_and_place,object_moved,0.602,0.0466,0.3946,0.0093,0.4508,0.0086,0.1361,0.0203,0.0595,0.0283,0.0918,0.0159,0.2993,0.0246,0.3741,0.0296,0.6762,0.011,0.2195,0.0071,0.1956,0.064,7
goal_retargeting_heuristic,physical_removal_shift,mobile_pick_and_place,object_removed,0.5391,0.046,0.377,0.0158,0.4489,0.011,0.1463,0.0383,0.0986,0.0067,0.068,0.0174,0.3095,0.0374,0.3878,0.0317,0.7952,0.0115,0.2169,0.0059,0.2653,0.061,7
goal_retargeting_heuristic,physical_removal_shift,mobile_pick_and_place,substitute_goal_available,0.5391,0.0482,0.3803,0.0052,0.4574,0.0097,0.1139,0.0238,0.0527,0.0238,0.085,0.02,0.2993,0.0193,0.3656,0.0455,0.7427,0.0102,0.2139,0.0073,0.2653,0.0688,7
goal_retargeting_heuristic,physical_removal_shift,mobile_pick_and_place,visual_occlusion,0.6122,0.019,0.3783,0.0151,0.4571,0.007,0.0612,0.0219,0.0561,0.0159,0.1344,0.0214,0.3282,0.0499,0.4065,0.0399,0.714,0.0137,0.2231,0.0068,0.2092,0.041,7
goal_retargeting_heuristic,physical_removal_shift,shelf_retrieval,cascading_disappearing_goal,0.4558,0.0337,0.3947,0.0088,0.4635,0.0107,0.1497,0.016,0.0799,0.015,0.1548,0.0306,0.2789,0.0455,0.3605,0.0174,0.8766,0.0081,0.2178,0.0028,0.3673,0.0312,7
goal_retargeting_heuristic,physical_removal_shift,shelf_retrieval,goal_specification_changed,0.5578,0.0213,0.3843,0.0081,0.4589,0.0052,0.1224,0.0268,0.0748,0.0141,0.0833,0.0283,0.3112,0.0119,0.3724,0.0373,0.7558,0.0159,0.2167,0.0066,0.2806,0.0546,7
goal_retargeting_heuristic,physical_removal_shift,shelf_retrieval,human_temporary_obstruction,0.6037,0.0174,0.3793,0.0147,0.4572,0.0077,0.0799,0.0189,0.0748,0.0159,0.1378,0.0196,0.2874,0.0396,0.4116,0.0292,0.7201,0.0082,0.2192,0.0045,0.2262,0.0381,7
goal_retargeting_heuristic,physical_removal_shift,shelf_retrieval,object_moved,0.6224,0.0434,0.3788,0.0079,0.4506,0.0079,0.0884,0.0387,0.051,0.0214,0.0731,0.0193,0.301,0.0425,0.3895,0.0463,0.6844,0.0106,0.2193,0.0074,0.216,0.0647,7
goal_retargeting_heuristic,physical_removal_shift,shelf_retrieval,object_removed,0.5629,0.0403,0.3749,0.0028,0.4562,0.0161,0.1207,0.0312,0.0663,0.0397,0.0969,0.0294,0.2925,0.0309,0.3622,0.0394,0.7894,0.0082,0.2129,0.0033,0.2517,0.0328,7
goal_retargeting_heuristic,physical_removal_shift,shelf_retrieval,substitute_goal_available,0.5459,0.0369,0.3843,0.0091,0.443,0.0111,0.1293,0.0351,0.0527,0.0233,0.0731,0.0148,0.2908,0.0333,0.3912,0.0252,0.7433,0.0137,0.2198,0.0058,0.2823,0.0443,7
goal_retargeting_heuristic,physical_removal_shift,shelf_retrieval,visual_occlusion,0.6037,0.0366,0.3798,0.0126,0.4577,0.0073,0.0765,0.0278,0.0442,0.0248,0.1344,0.0333,0.3044,0.0337,0.3759,0.0313,0.7294,0.0183,0.2175,0.0048,0.2211,0.036,7
goal_retargeting_heuristic,physical_removal_shift,tool_handoff,cascading_disappearing_goal,0.4558,0.0182,0.3783,0.0131,0.4599,0.0064,0.1735,0.0227,0.1054,0.0347,0.1122,0.0296,0.3112,0.0285,0.3605,0.0571,0.8977,0.0127,0.2225,0.0058,0.3231,0.0427,7
goal_retargeting_heuristic,physical_removal_shift,tool_handoff,goal_specification_changed,0.5612,0.0294,0.3866,0.0125,0.451,0.0105,0.1344,0.0214,0.0799,0.0258,0.051,0.0208,0.2959,0.0328,0.381,0.0326,0.7781,0.0185,0.2166,0.0049,0.2347,0.0474,7
goal_retargeting_heuristic,physical_removal_shift,tool_handoff,human_temporary_obstruction,0.5765,0.0604,0.3882,0.0104,0.4674,0.0153,0.0578,0.0257,0.0765,0.0221,0.1122,0.0196,0.3129,0.0329,0.3639,0.0461,0.7278,0.0106,0.217,0.0044,0.2245,0.0424,7
goal_retargeting_heuristic,physical_removal_shift,tool_handoff,object_moved,0.568,0.0248,0.388,0.0089,0.4497,0.0103,0.1241,0.0394,0.0816,0.0262,0.0935,0.0262,0.2704,0.046,0.3452,0.0381,0.6974,0.0162,0.2183,0.0076,0.2398,0.0193,7
goal_retargeting_heuristic,physical_removal_shift,tool_handoff,object_removed,0.5544,0.0429,0.3875,0.009,0.4545,0.0113,0.1241,0.0278,0.068,0.0195,0.0663,0.0249,0.2738,0.0519,0.352,0.0133,0.8204,0.0145,0.2209,0.006,0.2483,0.0482,7
goal_retargeting_heuristic,physical_removal_shift,tool_handoff,substitute_goal_available,0.5153,0.0348,0.3789,0.008,0.4607,0.0098,0.1344,0.0258,0.0595,0.0169,0.0816,0.0107,0.2806,0.0416,0.3554,0.0276,0.7764,0.0174,0.2199,0.005,0.2721,0.0465,7
goal_retargeting_heuristic,physical_removal_shift,tool_handoff,visual_occlusion,0.5799,0.0268,0.3863,0.0146,0.4595,0.0059,0.0731,0.0172,0.0357,0.0102,0.1037,0.038,0.2857,0.0288,0.3878,0.0352,0.7394,0.0049,0.2257,0.0041,0.233,0.019,7
last_seen_goal_pursuit,combined_disappearance_stress,bin_sorting,cascading_disappearing_goal,0.199,0.0348,0.1432,0.0092,0.1293,0.0115,0.3231,0.0307,0.1463,0.0321,0.1786,0.0283,0.1054,0.0187,0.1003,0.0259,1.1199,0.0181,0.1379,0.0073,0.6207,0.0473,7
last_seen_goal_pursuit,combined_disappearance_stress,bin_sorting,goal_specification_changed,0.3163,0.0313,0.1326,0.0055,0.1315,0.008,0.2619,0.0233,0.1412,0.0241,0.0986,0.0253,0.0765,0.0329,0.0884,0.019,0.9956,0.0104,0.1395,0.0057,0.5051,0.0536,7
last_seen_goal_pursuit,combined_disappearance_stress,bin_sorting,human_temporary_obstruction,0.4065,0.0454,0.1431,0.0098,0.1318,0.0127,0.1633,0.0337,0.0986,0.0352,0.1905,0.0279,0.085,0.0224,0.1207,0.0206,0.9783,0.0137,0.1472,0.006,0.4065,0.0597,7
last_seen_goal_pursuit,combined_disappearance_stress,bin_sorting,object_moved,0.3299,0.0202,0.1383,0.0156,0.1352,0.0075,0.2534,0.0287,0.0799,0.022,0.1463,0.0248,0.0595,0.021,0.1054,0.0213,0.9171,0.018,0.1358,0.0058,0.4694,0.0441,7
last_seen_goal_pursuit,combined_disappearance_stress,bin_sorting,object_removed,0.3827,0.0547,0.1433,0.0123,0.1408,0.009,0.2483,0.0471,0.1207,0.0246,0.0833,0.0249,0.068,0.0237,0.0867,0.0263,1.034,0.0213,0.1375,0.0081,0.4456,0.0423,7
last_seen_goal_pursuit,combined_disappearance_stress,bin_sorting,substitute_goal_available,0.3435,0.0172,0.1465,0.008,0.1341,0.008,0.2296,0.0403,0.0884,0.0143,0.102,0.0233,0.0612,0.0219,0.0901,0.0196,1.007,0.0118,0.1379,0.0068,0.4779,0.0241,7
last_seen_goal_pursuit,combined_disappearance_stress,bin_sorting,visual_occlusion,0.4575,0.0363,0.1447,0.0071,0.1308,0.0057,0.1463,0.0313,0.0629,0.015,0.2262,0.0292,0.051,0.022,0.1156,0.0182,1.0082,0.0182,0.1451,0.0064,0.3759,0.0514,7
last_seen_goal_pursuit,combined_disappearance_stress,drawer_placement,cascading_disappearing_goal,0.1633,0.039,0.1455,0.0088,0.1276,0.01,0.3452,0.033,0.1735,0.0259,0.1599,0.0419,0.068,0.0174,0.0782,0.0313,1.1543,0.0137,0.1473,0.0058,0.6173,0.0686,7
last_seen_goal_pursuit,combined_disappearance_stress,drawer_placement,goal_specification_changed,0.301,0.0521,0.1439,0.0125,0.1405,0.0135,0.2823,0.0258,0.1344,0.0208,0.0986,0.0226,0.0867,0.0337,0.0748,0.015,1.0271,0.0126,0.1386,0.007,0.4711,0.0413,7
last_seen_goal_pursuit,combined_disappearance_stress,drawer_placement,human_temporary_obstruction,0.4167,0.0583,0.1407,0.0115,0.1285,0.0063,0.1701,0.0344,0.1088,0.0347,0.2262,0.0222,0.0765,0.016,0.0918,0.0122,1.0035,0.0159,0.1419,0.0083,0.3895,0.0712,7
last_seen_goal_pursuit,combined_disappearance_stress,drawer_placement,object_moved,0.3265,0.0413,0.1358,0.0138,0.1364,0.007,0.2738,0.0388,0.1378,0.0333,0.1224,0.0366,0.0714,0.0176,0.1139,0.037,0.931,0.0084,0.1395,0.0055,0.4949,0.0598,7
last_seen_goal_pursuit,combined_disappearance_stress,drawer_placement,object_removed,0.3078,0.0312,0.1423,0.0104,0.135,0.0074,0.3265,0.019,0.1565,0.0369,0.0935,0.0206,0.0782,0.0175,0.0884,0.0203,1.0586,0.0121,0.1368,0.0073,0.4813,0.041,7
last_seen_goal_pursuit,combined_disappearance_stress,drawer_placement,substitute_goal_available,0.301,0.0383,0.1492,0.0121,0.1368,0.0074,0.2687,0.0278,0.1105,0.0214,0.1361,0.037,0.0578,0.0187,0.1071,0.0353,1.0234,0.0105,0.1401,0.0099,0.5085,0.0466,7
last_seen_goal_pursuit,combined_disappearance_stress,drawer_placement,visual_occlusion,0.4082,0.0226,0.1372,0.0084,0.1382,0.009,0.1752,0.0202,0.0748,0.0226,0.2211,0.0461,0.0442,0.0189,0.119,0.0265,1.0033,0.0066,0.1416,0.0036,0.3827,0.0285,7
last_seen_goal_pursuit,combined_disappearance_stress,mobile_pick_and_place,cascading_disappearing_goal,0.1514,0.0363,0.1336,0.0114,0.131,0.0092,0.318,0.0463,0.1803,0.0358,0.2194,0.0349,0.0867,0.0167,0.0884,0.0341,1.1657,0.0096,0.1417,0.0054,0.6105,0.0455,7
last_seen_goal_pursuit,combined_disappearance_stress,mobile_pick_and_place,goal_specification_changed,0.3316,0.018,0.15,0.0083,0.1369,0.0107,0.2653,0.0278,0.1361,0.0249,0.0816,0.0241,0.0799,0.0291,0.0799,0.0232,0.9955,0.0126,0.1412,0.006,0.5034,0.0443,7
last_seen_goal_pursuit,combined_disappearance_stress,mobile_pick_and_place,human_temporary_obstruction,0.4167,0.0371,0.1463,0.0054,0.1354,0.0088,0.1752,0.0159,0.1207,0.0257,0.1786,0.0283,0.0782,0.0221,0.1054,0.0281,1.0062,0.0238,0.1462,0.0061,0.381,0.0534,7
last_seen_goal_pursuit,combined_disappearance_stress,mobile_pick_and_place,object_moved,0.3333,0.0398,0.146,0.0062,0.134,0.009,0.2908,0.0249,0.102,0.0249,0.1344,0.0202,0.0663,0.0175,0.1071,0.026,0.9448,0.0145,0.141,0.0074,0.4932,0.0452,7
last_seen_goal_pursuit,combined_disappearance_stress,mobile_pick_and_place,object_removed,0.3367,0.0413,0.1409,0.0134,0.1342,0.0101,0.2806,0.0209,0.1497,0.0209,0.1173,0.0285,0.0612,0.0172,0.085,0.0156,1.0647,0.0117,0.136,0.0077,0.4371,0.0189,7
last_seen_goal_pursuit,combined_disappearance_stress,mobile_pick_and_place,substitute_goal_available,0.301,0.0309,0.1446,0.013,0.1337,0.0114,0.2636,0.043,0.1139,0.0175,0.1173,0.0241,0.0816,0.02,0.1054,0.0236,1.0191,0.012,0.1389,0.0064,0.4983,0.0236,7
last_seen_goal_pursuit,combined_disappearance_stress,mobile_pick_and_place,visual_occlusion,0.432,0.039,0.1318,0.0088,0.1453,0.0132,0.1735,0.0301,0.068,0.0287,0.199,0.0325,0.0595,0.0135,0.1071,0.0176,1.0221,0.0169,0.146,0.0033,0.3827,0.062,7
last_seen_goal_pursuit,combined_disappearance_stress,shelf_retrieval,cascading_disappearing_goal,0.1871,0.0202,0.1366,0.0096,0.14,0.0101,0.335,0.0633,0.1565,0.0336,0.2041,0.0246,0.0663,0.0143,0.0952,0.026,1.1595,0.0133,0.142,0.004,0.6156,0.0263,7
last_seen_goal_pursuit,combined_disappearance_stress,shelf_retrieval,goal_specification_changed,0.3316,0.0347,0.1384,0.0137,0.1303,0.0102,0.2789,0.0309,0.119,0.0279,0.0986,0.0258,0.0731,0.0187,0.0884,0.0143,0.9955,0.0102,0.1349,0.0054,0.4626,0.0465,7
last_seen_goal_pursuit,combined_disappearance_stress,shelf_retrieval,human_temporary_obstruction,0.4303,0.0402,0.1516,0.012,0.1386,0.0122,0.1548,0.0326,0.1276,0.0355,0.2228,0.0237,0.0561,0.0167,0.0952,0.0222,0.9999,0.0069,0.1413,0.0083,0.3827,0.0601,7
last_seen_goal_pursuit,combined_disappearance_stress,shelf_retrieval,object_moved,0.3537,0.0393,0.1431,0.0065,0.1384,0.0142,0.2109,0.0485,0.1037,0.0159,0.1293,0.018,0.0748,0.0208,0.1173,0.0324,0.9401,0.0117,0.144,0.0056,0.4609,0.0471,7
last_seen_goal_pursuit,combined_disappearance_stress,shelf_retrieval,object_removed,0.3333,0.0441,0.1426,0.0076,0.1336,0.0126,0.2942,0.0304,0.1429,0.0222,0.1156,0.0304,0.0561,0.0141,0.0731,0.0187,1.0514,0.0126,0.1367,0.0058,0.4711,0.0435,7
last_seen_goal_pursuit,combined_disappearance_stress,shelf_retrieval,substitute_goal_available,0.3112,0.0418,0.1433,0.0074,0.1226,0.0089,0.2721,0.0484,0.1531,0.0271,0.1361,0.0309,0.0782,0.0238,0.1071,0.0326,1.0106,0.0101,0.137,0.0039,0.4762,0.0589,7
last_seen_goal_pursuit,combined_disappearance_stress,shelf_retrieval,visual_occlusion,0.4235,0.0313,0.1446,0.0152,0.1416,0.0078,0.1446,0.0257,0.0595,0.021,0.25,0.0204,0.0765,0.0221,0.1088,0.0299,1.0258,0.0102,0.1464,0.0077,0.3724,0.0516,7
last_seen_goal_pursuit,combined_disappearance_stress,tool_handoff,cascading_disappearing_goal,0.1395,0.0419,0.1328,0.0148,0.1296,0.0167,0.3537,0.0174,0.1973,0.0394,0.2041,0.0267,0.0663,0.0341,0.0612,0.0156,1.1753,0.0169,0.144,0.0053,0.6071,0.0469,7
last_seen_goal_pursuit,combined_disappearance_stress,tool_handoff,goal_specification_changed,0.2772,0.0477,0.145,0.0213,0.1252,0.0091,0.2942,0.041,0.1463,0.0278,0.102,0.0287,0.0646,0.0123,0.0935,0.0281,1.0487,0.0166,0.1402,0.0061,0.5238,0.0827,7
last_seen_goal_pursuit,combined_disappearance_stress,tool_handoff,human_temporary_obstruction,0.3912,0.0276,0.1412,0.0064,0.1398,0.0073,0.1888,0.0156,0.1327,0.0303,0.2364,0.0424,0.0629,0.0189,0.131,0.021,1.0258,0.0153,0.1465,0.0072,0.4303,0.0412,7
last_seen_goal_pursuit,combined_disappearance_stress,tool_handoff,object_moved,0.3503,0.0296,0.1394,0.0141,0.1257,0.0137,0.2823,0.0304,0.1259,0.0086,0.1224,0.0189,0.0612,0.0193,0.1224,0.0383,0.958,0.0107,0.136,0.0056,0.4541,0.0476,7
last_seen_goal_pursuit,combined_disappearance_stress,tool_handoff,object_removed,0.2925,0.0407,0.1396,0.007,0.1324,0.0115,0.2857,0.0404,0.1769,0.0316,0.0969,0.0262,0.0578,0.0164,0.0833,0.0222,1.0908,0.0152,0.1316,0.0044,0.4966,0.0514,7
last_seen_goal_pursuit,combined_disappearance_stress,tool_handoff,substitute_goal_available,0.2517,0.0156,0.1398,0.0119,0.1383,0.008,0.2466,0.0387,0.1395,0.0287,0.1241,0.019,0.0629,0.0174,0.102,0.0264,1.0408,0.0129,0.1365,0.0066,0.5374,0.0354,7
last_seen_goal_pursuit,combined_disappearance_stress,tool_handoff,visual_occlusion,0.4116,0.0496,0.1424,0.0074,0.1356,0.0146,0.1548,0.0326,0.0578,0.0172,0.2364,0.0523,0.0782,0.016,0.119,0.0176,1.0212,0.0131,0.1481,0.0068,0.4235,0.0443,7
last_seen_goal_pursuit,delayed_reappearance,bin_sorting,cascading_disappearing_goal,0.2721,0.0241,0.1782,0.0088,0.1584,0.0088,0.301,0.0226,0.1173,0.0213,0.1854,0.0274,0.0527,0.0233,0.1327,0.0351,1.0772,0.0212,0.1444,0.0071,0.5561,0.041,7
last_seen_goal_pursuit,delayed_reappearance,bin_sorting,goal_specification_changed,0.3827,0.0418,0.1727,0.0144,0.1539,0.0113,0.2466,0.0329,0.119,0.0314,0.0799,0.0141,0.0748,0.0232,0.1122,0.0309,0.9675,0.0081,0.1358,0.0085,0.4099,0.0458,7
last_seen_goal_pursuit,delayed_reappearance,bin_sorting,human_temporary_obstruction,0.4898,0.0336,0.1738,0.0058,0.1582,0.0069,0.1752,0.046,0.0952,0.0349,0.1837,0.0287,0.0833,0.0135,0.1548,0.0283,0.9753,0.0133,0.146,0.0037,0.3333,0.0522,7
last_seen_goal_pursuit,delayed_reappearance,bin_sorting,object_moved,0.3793,0.0294,0.1782,0.0146,0.1527,0.0149,0.2364,0.0276,0.0799,0.0278,0.1395,0.03,0.0629,0.0273,0.1565,0.02,0.9196,0.0135,0.1423,0.0061,0.4337,0.0446,7
last_seen_goal_pursuit,delayed_reappearance,bin_sorting,object_removed,0.3827,0.0427,0.1732,0.0114,0.1622,0.0105,0.25,0.0447,0.1088,0.0224,0.0952,0.021,0.0714,0.0269,0.1293,0.0219,0.9919,0.0091,0.1407,0.0052,0.4558,0.0593,7
last_seen_goal_pursuit,delayed_reappearance,bin_sorting,substitute_goal_available,0.3486,0.0403,0.1767,0.0073,0.1679,0.0087,0.2143,0.0398,0.0918,0.0248,0.1122,0.0175,0.0544,0.0143,0.1344,0.0232,0.9806,0.0128,0.139,0.0042,0.4694,0.0485,7
last_seen_goal_pursuit,delayed_reappearance,bin_sorting,visual_occlusion,0.4898,0.0262,0.1724,0.0107,0.1537,0.0104,0.1667,0.0135,0.0612,0.0156,0.2007,0.0412,0.0663,0.0233,0.1463,0.0317,0.9785,0.0089,0.1386,0.0082,0.3401,0.0274,7
last_seen_goal_pursuit,delayed_reappearance,drawer_placement,cascading_disappearing_goal,0.2449,0.0329,0.1759,0.0085,0.1549,0.0142,0.2976,0.0306,0.1514,0.0296,0.1701,0.0296,0.0731,0.0119,0.1412,0.0107,1.1014,0.0115,0.1434,0.0057,0.5595,0.0548,7
last_seen_goal_pursuit,delayed_reappearance,drawer_placement,goal_specification_changed,0.3656,0.0623,0.1695,0.0068,0.1567,0.0099,0.2687,0.0349,0.1054,0.0129,0.1224,0.0296,0.0663,0.019,0.1241,0.0287,0.9896,0.0143,0.1379,0.0055,0.4728,0.0785,7
last_seen_goal_pursuit,delayed_reappearance,drawer_placement,human_temporary_obstruction,0.4269,0.0312,0.1706,0.0047,0.1494,0.0132,0.1905,0.0265,0.1054,0.0316,0.1956,0.0249,0.0544,0.0227,0.1565,0.0439,0.9957,0.0096,0.1421,0.008,0.3776,0.0536,7
last_seen_goal_pursuit,delayed_reappearance,drawer_placement,object_moved,0.3878,0.0278,0.1853,0.0158,0.1553,0.0119,0.2534,0.0325,0.085,0.0129,0.1139,0.0283,0.085,0.0164,0.1361,0.0287,0.9341,0.0132,0.1325,0.0081,0.4371,0.0355,7
last_seen_goal_pursuit,delayed_reappearance,drawer_placement,object_removed,0.3844,0.0141,0.1779,0.0074,0.1658,0.0075,0.2551,0.0243,0.148,0.0209,0.0969,0.0172,0.085,0.0148,0.1224,0.0237,1.0215,0.0204,0.1395,0.0069,0.4167,0.0394,7
last_seen_goal_pursuit,delayed_reappearance,drawer_placement,substitute_goal_available,0.3435,0.0457,0.1664,0.0146,0.1619,0.0089,0.2415,0.0174,0.119,0.0233,0.1173,0.02,0.051,0.0174,0.1395,0.0309,1.0002,0.0122,0.1324,0.0059,0.4541,0.0462,7
last_seen_goal_pursuit,delayed_reappearance,drawer_placement,visual_occlusion,0.4286,0.0687,0.164,0.008,0.163,0.0089,0.1769,0.0107,0.085,0.0224,0.2058,0.0422,0.0595,0.0197,0.1616,0.0264,1.0035,0.0151,0.1404,0.0055,0.4048,0.076,7
last_seen_goal_pursuit,delayed_reappearance,mobile_pick_and_place,cascading_disappearing_goal,0.2568,0.0296,0.1805,0.0136,0.1618,0.0083,0.318,0.0329,0.1548,0.0249,0.1718,0.0269,0.0799,0.0243,0.1446,0.0285,1.1132,0.0076,0.1454,0.0049,0.534,0.0399,7
last_seen_goal_pursuit,delayed_reappearance,mobile_pick_and_place,goal_specification_changed,0.3827,0.0439,0.1783,0.0127,0.1539,0.0117,0.2245,0.0236,0.131,0.031,0.085,0.0294,0.0714,0.0102,0.1207,0.0271,0.9865,0.0171,0.1397,0.0039,0.4371,0.0263,7
last_seen_goal_pursuit,delayed_reappearance,mobile_pick_and_place,human_temporary_obstruction,0.4031,0.0312,0.1662,0.0125,0.1601,0.0077,0.182,0.0208,0.1105,0.0387,0.2177,0.0482,0.0493,0.0139,0.1395,0.0355,1.0,0.0141,0.1518,0.0092,0.4184,0.0386,7
last_seen_goal_pursuit,delayed_reappearance,mobile_pick_and_place,object_moved,0.3997,0.0529,0.1751,0.0065,0.1559,0.0089,0.2551,0.0381,0.1139,0.0209,0.1054,0.0224,0.0748,0.0208,0.1514,0.0352,0.9526,0.0114,0.1388,0.0053,0.4065,0.0505,7
last_seen_goal_pursuit,delayed_reappearance,mobile_pick_and_place,object_removed,0.3741,0.016,0.1811,0.0123,0.1526,0.0064,0.2772,0.0337,0.0986,0.0182,0.1071,0.0306,0.0459,0.0129,0.1088,0.0382,1.023,0.0134,0.1365,0.0061,0.4252,0.0425,7
last_seen_goal_pursuit,delayed_reappearance,mobile_pick_and_place,substitute_goal_available,0.3469,0.0347,0.1716,0.0077,0.1598,0.0101,0.2262,0.0342,0.1003,0.0325,0.1276,0.0493,0.0867,0.0195,0.1344,0.0287,0.9977,0.0073,0.1399,0.006,0.4422,0.0497,7
last_seen_goal_pursuit,delayed_reappearance,mobile_pick_and_place,visual_occlusion,0.4337,0.0562,0.1809,0.0077,0.151,0.0133,0.1769,0.0497,0.102,0.0168,0.2109,0.0208,0.0612,0.0213,0.1616,0.0274,1.0155,0.013,0.1473,0.0048,0.381,0.0644,7
last_seen_goal_pursuit,delayed_reappearance,shelf_retrieval,cascading_disappearing_goal,0.2415,0.0501,0.1768,0.0118,0.1507,0.0074,0.3146,0.0221,0.1429,0.0161,0.199,0.0377,0.0782,0.0209,0.1156,0.0373,1.1227,0.0064,0.1414,0.0061,0.5714,0.0576,7
last_seen_goal_pursuit,delayed_reappearance,shelf_retrieval,goal_specification_changed,0.3776,0.04,0.1771,0.0086,0.1605,0.0114,0.2245,0.0339,0.1207,0.0119,0.0867,0.0237,0.0561,0.0111,0.1293,0.0172,0.9806,0.0112,0.137,0.0057,0.4405,0.0581,7
last_seen_goal_pursuit,delayed_reappearance,shelf_retrieval,human_temporary_obstruction,0.4371,0.0383,0.1844,0.0071,0.1578,0.0074,0.1582,0.0296,0.0765,0.0227,0.2109,0.0477,0.0867,0.0253,0.148,0.0345,0.9938,0.0157,0.1441,0.006,0.3571,0.0407,7
last_seen_goal_pursuit,delayed_reappearance,shelf_retrieval,object_moved,0.4031,0.0267,0.1778,0.0101,0.1629,0.0119,0.2517,0.0412,0.1071,0.0114,0.1395,0.0282,0.0748,0.0132,0.1344,0.0189,0.9423,0.0116,0.137,0.0056,0.3929,0.0613,7
last_seen_goal_pursuit,delayed_reappearance,shelf_retrieval,object_removed,0.4099,0.0391,0.1736,0.0111,0.161,0.0098,0.2687,0.037,0.148,0.0175,0.1003,0.0278,0.0629,0.0208,0.1054,0.0206,1.0078,0.0045,0.1355,0.0056,0.3946,0.054,7
last_seen_goal_pursuit,delayed_reappearance,shelf_retrieval,substitute_goal_available,0.3571,0.0269,0.1706,0.0106,0.1615,0.0046,0.2347,0.0248,0.0935,0.0262,0.1344,0.0195,0.0527,0.0168,0.1395,0.0291,0.9976,0.0118,0.1414,0.0046,0.449,0.0488,7
last_seen_goal_pursuit,delayed_reappearance,shelf_retrieval,visual_occlusion,0.4524,0.0153,0.1774,0.0063,0.1539,0.0122,0.1344,0.0159,0.0714,0.0144,0.2364,0.0418,0.0748,0.0278,0.1429,0.0233,1.0226,0.0193,0.1464,0.0046,0.381,0.0414,7
last_seen_goal_pursuit,delayed_reappearance,tool_handoff,cascading_disappearing_goal,0.233,0.0215,0.1708,0.0071,0.1582,0.0079,0.3027,0.065,0.1837,0.0259,0.1684,0.0433,0.0765,0.0203,0.1054,0.0236,1.1325,0.0143,0.1456,0.008,0.5476,0.0388,7
last_seen_goal_pursuit,delayed_reappearance,tool_handoff,goal_specification_changed,0.3333,0.0334,0.1789,0.0133,0.1598,0.0076,0.25,0.0592,0.1429,0.0444,0.0867,0.0237,0.0391,0.0067,0.1224,0.0141,1.0047,0.0154,0.1394,0.0052,0.4677,0.0559,7
last_seen_goal_pursuit,delayed_reappearance,tool_handoff,human_temporary_obstruction,0.4065,0.0206,0.1722,0.0154,0.1542,0.0058,0.1973,0.0313,0.1207,0.032,0.1956,0.0441,0.0595,0.0233,0.1293,0.0324,1.0072,0.007,0.1478,0.0074,0.3946,0.054,7
last_seen_goal_pursuit,delayed_reappearance,tool_handoff,object_moved,0.3929,0.0679,0.1767,0.0107,0.1601,0.0175,0.2143,0.0455,0.0935,0.0312,0.1276,0.0248,0.085,0.0376,0.1327,0.0285,0.945,0.0101,0.1402,0.0057,0.4116,0.0625,7
last_seen_goal_pursuit,delayed_reappearance,tool_handoff,object_removed,0.3605,0.0428,0.1661,0.0052,0.1542,0.007,0.2432,0.0345,0.1582,0.034,0.0748,0.0263,0.0663,0.01,0.131,0.036,1.0294,0.0087,0.1369,0.0049,0.432,0.0446,7
last_seen_goal_pursuit,delayed_reappearance,tool_handoff,substitute_goal_available,0.3231,0.0505,0.1656,0.0107,0.1571,0.0105,0.2415,0.0263,0.1122,0.0264,0.1276,0.022,0.0612,0.0267,0.1173,0.0241,1.014,0.0091,0.1372,0.0046,0.4677,0.0471,7
last_seen_goal_pursuit,delayed_reappearance,tool_handoff,visual_occlusion,0.4269,0.0399,0.1716,0.0052,0.1584,0.0114,0.1361,0.0309,0.0731,0.0187,0.2279,0.0459,0.0748,0.022,0.1684,0.0393,1.0308,0.007,0.1509,0.0074,0.3895,0.0321,7
last_seen_goal_pursuit,nominal,bin_sorting,cascading_disappearing_goal,0.4167,0.0314,0.2203,0.0113,0.1897,0.0074,0.1769,0.0257,0.0901,0.0341,0.1293,0.0503,0.1633,0.0493,0.1429,0.0314,0.8754,0.0041,0.142,0.0067,0.4184,0.0457,7
last_seen_goal_pursuit,nominal,bin_sorting,goal_specification_changed,0.4388,0.0402,0.2251,0.013,0.2023,0.0083,0.1548,0.0353,0.0799,0.0258,0.0527,0.0175,0.1548,0.0381,0.1837,0.0287,0.8076,0.012,0.1355,0.0072,0.415,0.062,7
last_seen_goal_pursuit,nominal,bin_sorting,human_temporary_obstruction,0.5459,0.0563,0.2209,0.0088,0.2039,0.0121,0.0731,0.0172,0.0901,0.019,0.1361,0.0377,0.1735,0.0352,0.1837,0.0321,0.8009,0.0132,0.14,0.0078,0.2891,0.058,7
last_seen_goal_pursuit,nominal,bin_sorting,object_moved,0.5442,0.0202,0.2267,0.0087,0.1987,0.0085,0.1361,0.0168,0.0527,0.016,0.0646,0.0233,0.1888,0.0369,0.1446,0.0246,0.7925,0.0097,0.1363,0.0092,0.2755,0.0497,7
last_seen_goal_pursuit,nominal,bin_sorting,object_removed,0.5017,0.0473,0.2279,0.0061,0.1949,0.0106,0.131,0.0279,0.0901,0.0175,0.0697,0.0236,0.1939,0.0317,0.1752,0.0333,0.8177,0.0182,0.1379,0.0079,0.3452,0.0617,7
last_seen_goal_pursuit,nominal,bin_sorting,substitute_goal_available,0.4371,0.0167,0.2304,0.0126,0.1967,0.0083,0.148,0.0238,0.0612,0.0252,0.0731,0.0224,0.1769,0.0351,0.1344,0.0122,0.8165,0.009,0.1333,0.0087,0.3861,0.0221,7
last_seen_goal_pursuit,nominal,bin_sorting,visual_occlusion,0.517,0.0585,0.2266,0.0083,0.2017,0.0082,0.0714,0.0161,0.0425,0.0168,0.119,0.0216,0.1429,0.0269,0.1769,0.0285,0.8206,0.0145,0.1405,0.0043,0.3112,0.079,7
last_seen_goal_pursuit,nominal,drawer_placement,cascading_disappearing_goal,0.3605,0.034,0.2267,0.0103,0.2021,0.0136,0.182,0.0195,0.1156,0.0243,0.1054,0.0164,0.1922,0.0336,0.1599,0.0278,0.9055,0.0073,0.1441,0.007,0.4745,0.0462,7
last_seen_goal_pursuit,nominal,drawer_placement,goal_specification_changed,0.432,0.0258,0.2297,0.0102,0.2054,0.0126,0.1667,0.0233,0.068,0.0182,0.0748,0.0243,0.1888,0.0336,0.1207,0.02,0.8241,0.0169,0.137,0.0061,0.3827,0.0559,7
last_seen_goal_pursuit,nominal,drawer_placement,human_temporary_obstruction,0.5476,0.0685,0.2336,0.0071,0.2031,0.0072,0.0901,0.0203,0.0833,0.0176,0.1241,0.0209,0.1735,0.0287,0.1735,0.019,0.8121,0.0185,0.137,0.0071,0.2976,0.0762,7
last_seen_goal_pursuit,nominal,drawer_placement,object_moved,0.4456,0.0652,0.2201,0.0052,0.2096,0.0087,0.1514,0.0337,0.0697,0.0262,0.0952,0.0239,0.1837,0.0296,0.165,0.0389,0.7881,0.0198,0.1346,0.0079,0.3707,0.0616,7
last_seen_goal_pursuit,nominal,drawer_placement,object_removed,0.4813,0.0309,0.2256,0.0086,0.2043,0.0084,0.1701,0.0287,0.0935,0.0224,0.0799,0.0226,0.1718,0.0301,0.1548,0.0435,0.8362,0.0133,0.1447,0.0056,0.3248,0.0352,7
last_seen_goal_pursuit,nominal,drawer_placement,substitute_goal_available,0.4388,0.0271,0.2351,0.0088,0.2071,0.013,0.1786,0.0499,0.0748,0.0195,0.0867,0.0111,0.1769,0.0415,0.1259,0.0301,0.8226,0.0167,0.1399,0.0058,0.3963,0.0273,7
last_seen_goal_pursuit,nominal,drawer_placement,visual_occlusion,0.4949,0.0301,0.2201,0.0083,0.1928,0.0148,0.0901,0.0274,0.0646,0.0143,0.1327,0.0213,0.1735,0.0269,0.1905,0.031,0.8188,0.0157,0.1407,0.0081,0.352,0.0196,7
last_seen_goal_pursuit,nominal,mobile_pick_and_place,cascading_disappearing_goal,0.3827,0.0406,0.2303,0.0119,0.1956,0.0131,0.1973,0.0341,0.1378,0.0238,0.1412,0.0224,0.2075,0.0466,0.1684,0.0246,0.8919,0.01,0.137,0.0049,0.4133,0.0827,7
last_seen_goal_pursuit,nominal,mobile_pick_and_place,goal_specification_changed,0.4626,0.0436,0.2282,0.0082,0.2011,0.0064,0.1361,0.0287,0.0986,0.0195,0.0816,0.0303,0.1803,0.0281,0.1429,0.0114,0.8215,0.0119,0.1392,0.0077,0.3844,0.0629,7
last_seen_goal_pursuit,nominal,mobile_pick_and_place,human_temporary_obstruction,0.483,0.0183,0.229,0.0064,0.2126,0.0112,0.1054,0.0193,0.0799,0.0226,0.1463,0.048,0.1344,0.0373,0.1599,0.0416,0.8245,0.0113,0.1364,0.0098,0.3418,0.0598,7
last_seen_goal_pursuit,nominal,mobile_pick_and_place,object_moved,0.4796,0.0485,0.2402,0.0074,0.1986,0.0097,0.1582,0.0273,0.0731,0.018,0.0969,0.0257,0.1718,0.0634,0.1548,0.0322,0.7928,0.006,0.1363,0.0047,0.3418,0.0627,7
last_seen_goal_pursuit,nominal,mobile_pick_and_place,object_removed,0.4303,0.0358,0.2245,0.0123,0.2034,0.0085,0.1514,0.0387,0.1327,0.0418,0.0816,0.0224,0.165,0.02,0.1344,0.0337,0.8371,0.0091,0.1322,0.0056,0.3929,0.0567,7
last_seen_goal_pursuit,nominal,mobile_pick_and_place,substitute_goal_available,0.4082,0.0413,0.2377,0.0074,0.2176,0.0087,0.131,0.031,0.0867,0.0237,0.0884,0.0259,0.1599,0.0221,0.1463,0.0508,0.8224,0.0191,0.1288,0.0068,0.4082,0.0449,7
last_seen_goal_pursuit,nominal,mobile_pick_and_place,visual_occlusion,0.5068,0.0363,0.2289,0.0094,0.1951,0.0113,0.0969,0.0257,0.0578,0.0156,0.1378,0.0317,0.165,0.0156,0.1599,0.019,0.8274,0.0172,0.1383,0.0036,0.335,0.0579,7
last_seen_goal_pursuit,nominal,shelf_retrieval,cascading_disappearing_goal,0.3895,0.0538,0.2417,0.0135,0.2072,0.0057,0.1769,0.0246,0.1156,0.0263,0.1224,0.0359,0.2177,0.0431,0.1395,0.0214,0.8981,0.0138,0.1384,0.0041,0.4218,0.0529,7
last_seen_goal_pursuit,nominal,shelf_retrieval,goal_specification_changed,0.4711,0.0374,0.2369,0.0097,0.1928,0.0101,0.1514,0.0287,0.102,0.0249,0.068,0.0273,0.182,0.0344,0.1395,0.0268,0.8262,0.0184,0.136,0.0054,0.369,0.0529,7
last_seen_goal_pursuit,nominal,shelf_retrieval,human_temporary_obstruction,0.4949,0.0367,0.2288,0.0064,0.2041,0.0046,0.0799,0.0098,0.0748,0.0167,0.1548,0.031,0.1735,0.0407,0.1633,0.0296,0.8203,0.0182,0.1404,0.0077,0.3503,0.0363,7
last_seen_goal_pursuit,nominal,shelf_retrieval,object_moved,0.4728,0.0111,0.2317,0.0109,0.2143,0.0125,0.1548,0.0114,0.0748,0.0195,0.0731,0.0312,0.1786,0.0274,0.1854,0.0254,0.7902,0.0088,0.1385,0.0112,0.3707,0.0219,7
last_seen_goal_pursuit,nominal,shelf_retrieval,object_removed,0.4728,0.0466,0.236,0.0052,0.2075,0.0084,0.182,0.0309,0.085,0.0129,0.0833,0.0228,0.1497,0.0404,0.1395,0.0393,0.8601,0.0103,0.1337,0.0034,0.369,0.0704,7
last_seen_goal_pursuit,nominal,shelf_retrieval,substitute_goal_available,0.4388,0.0365,0.2252,0.0096,0.2078,0.0143,0.1276,0.037,0.0782,0.0175,0.1003,0.0221,0.1922,0.0389,0.1429,0.0388,0.8281,0.0182,0.1312,0.0085,0.4065,0.061,7
last_seen_goal_pursuit,nominal,shelf_retrieval,visual_occlusion,0.5136,0.0299,0.2272,0.0063,0.206,0.0086,0.0935,0.0241,0.0442,0.0214,0.1361,0.04,0.1752,0.0226,0.1548,0.0176,0.8219,0.0067,0.1357,0.006,0.318,0.0449,7
last_seen_goal_pursuit,nominal,tool_handoff,cascading_disappearing_goal,0.3639,0.0377,0.2283,0.0134,0.1947,0.0114,0.1837,0.0183,0.1173,0.0343,0.1259,0.0329,0.1701,0.0282,0.1429,0.0169,0.9192,0.0149,0.1359,0.0032,0.4507,0.0354,7
last_seen_goal_pursuit,nominal,tool_handoff,goal_specification_changed,0.4133,0.0159,0.2256,0.0085,0.2019,0.0084,0.1565,0.0312,0.0833,0.0153,0.0782,0.0175,0.1803,0.0382,0.1293,0.0294,0.8401,0.0197,0.1429,0.0062,0.3946,0.0409,7
last_seen_goal_pursuit,nominal,tool_handoff,human_temporary_obstruction,0.5204,0.0582,0.2233,0.009,0.2112,0.0108,0.1156,0.034,0.0816,0.0172,0.1582,0.0387,0.148,0.037,0.1582,0.0182,0.8307,0.012,0.1428,0.0036,0.2959,0.0479,7
last_seen_goal_pursuit,nominal,tool_handoff,object_moved,0.4558,0.0344,0.2274,0.0158,0.1978,0.011,0.148,0.0209,0.0612,0.0219,0.0901,0.0259,0.182,0.0393,0.1463,0.0189,0.7864,0.0172,0.1384,0.0052,0.3793,0.0459,7
last_seen_goal_pursuit,nominal,tool_handoff,object_removed,0.4762,0.0288,0.2375,0.0094,0.2054,0.011,0.1786,0.0301,0.1293,0.0187,0.0884,0.0143,0.1752,0.0226,0.1684,0.0393,0.8577,0.01,0.1398,0.0036,0.3384,0.0283,7
last_seen_goal_pursuit,nominal,tool_handoff,substitute_goal_available,0.3656,0.0278,0.2302,0.0102,0.1992,0.0086,0.1701,0.0321,0.0952,0.0228,0.0969,0.0213,0.1599,0.0203,0.1752,0.03,0.8425,0.0199,0.1422,0.0054,0.4711,0.048,7
last_seen_goal_pursuit,nominal,tool_handoff,visual_occlusion,0.4966,0.0237,0.228,0.0074,0.2091,0.0066,0.0816,0.0164,0.0629,0.0122,0.1769,0.0448,0.216,0.0262,0.2109,0.0111,0.8325,0.019,0.1434,0.0036,0.3452,0.0292,7
last_seen_goal_pursuit,occlusion_heavy_shift,bin_sorting,cascading_disappearing_goal,0.2942,0.0363,0.1756,0.0131,0.1897,0.0132,0.2381,0.0216,0.1378,0.0341,0.1361,0.0296,0.1173,0.0139,0.1514,0.0304,0.9861,0.0057,0.1439,0.0093,0.5408,0.04,7
last_seen_goal_pursuit,occlusion_heavy_shift,bin_sorting,goal_specification_changed,0.4099,0.0619,0.1685,0.0103,0.1955,0.004,0.1888,0.0213,0.0901,0.0292,0.0731,0.018,0.1037,0.0208,0.1412,0.023,0.8783,0.0255,0.1356,0.0062,0.4235,0.0753,7
last_seen_goal_pursuit,occlusion_heavy_shift,bin_sorting,human_temporary_obstruction,0.4762,0.0619,0.1702,0.0063,0.1944,0.0075,0.0952,0.026,0.0867,0.0309,0.1582,0.0174,0.119,0.0144,0.1412,0.0402,0.8992,0.0085,0.1493,0.0063,0.3776,0.0694,7
last_seen_goal_pursuit,occlusion_heavy_shift,bin_sorting,object_moved,0.4422,0.0497,0.1749,0.0127,0.1904,0.0092,0.1854,0.0381,0.0867,0.0232,0.1139,0.0143,0.1122,0.019,0.1463,0.0352,0.8364,0.0074,0.138,0.0056,0.3673,0.0645,7
last_seen_goal_pursuit,occlusion_heavy_shift,bin_sorting,object_removed,0.4626,0.0487,0.18,0.0093,0.1882,0.0095,0.1905,0.0334,0.1259,0.0196,0.0952,0.0222,0.1156,0.0387,0.1412,0.0079,0.9004,0.0195,0.1375,0.0069,0.3622,0.0743,7
last_seen_goal_pursuit,occlusion_heavy_shift,bin_sorting,substitute_goal_available,0.4201,0.03,0.1746,0.0122,0.1879,0.0095,0.1905,0.0292,0.0952,0.0184,0.102,0.0069,0.1463,0.0248,0.1667,0.0292,0.8956,0.0138,0.137,0.0093,0.432,0.0366,7
last_seen_goal_pursuit,occlusion_heavy_shift,bin_sorting,visual_occlusion,0.4524,0.0512,0.1756,0.013,0.1904,0.0051,0.1071,0.0125,0.0629,0.0159,0.1905,0.0322,0.1156,0.0321,0.1684,0.0339,0.9005,0.0147,0.1424,0.0059,0.3605,0.0598,7
last_seen_goal_pursuit,occlusion_heavy_shift,drawer_placement,cascading_disappearing_goal,0.2721,0.0299,0.166,0.0137,0.1866,0.0145,0.2636,0.0336,0.1344,0.0258,0.1667,0.0255,0.1105,0.0253,0.1531,0.0386,1.0384,0.0202,0.139,0.0035,0.5408,0.0455,7
last_seen_goal_pursuit,occlusion_heavy_shift,drawer_placement,goal_specification_changed,0.3793,0.0406,0.1734,0.0072,0.1832,0.0099,0.199,0.0195,0.1156,0.0189,0.085,0.02,0.1122,0.0292,0.1139,0.0233,0.8834,0.0084,0.1394,0.0056,0.4524,0.0144,7
last_seen_goal_pursuit,occlusion_heavy_shift,drawer_placement,human_temporary_obstruction,0.415,0.0336,0.1711,0.009,0.1794,0.0122,0.1395,0.022,0.0935,0.0206,0.1939,0.0296,0.119,0.026,0.165,0.0213,0.9264,0.0111,0.1412,0.0073,0.4065,0.032,7
last_seen_goal_pursuit,occlusion_heavy_shift,drawer_placement,object_moved,0.4116,0.036,0.1797,0.0154,0.1847,0.0109,0.2041,0.0396,0.0748,0.0237,0.1037,0.0122,0.1054,0.0303,0.1327,0.0312,0.8624,0.0075,0.1332,0.0037,0.3844,0.0425,7
last_seen_goal_pursuit,occlusion_heavy_shift,drawer_placement,object_removed,0.4303,0.0358,0.1708,0.0068,0.1934,0.0125,0.2075,0.0175,0.1241,0.0221,0.1054,0.0164,0.1395,0.044,0.1173,0.0267,0.9293,0.0105,0.1429,0.0065,0.3946,0.0497,7
last_seen_goal_pursuit,occlusion_heavy_shift,drawer_placement,substitute_goal_available,0.3673,0.0503,0.1713,0.012,0.1805,0.0086,0.1956,0.0325,0.1105,0.0278,0.119,0.0184,0.119,0.0288,0.1361,0.0183,0.9141,0.0088,0.1387,0.0042,0.4609,0.0387,7
last_seen_goal_pursuit,occlusion_heavy_shift,drawer_placement,visual_occlusion,0.4609,0.0406,0.1732,0.0107,0.1945,0.0092,0.0884,0.0123,0.0493,0.0139,0.1752,0.03,0.1259,0.0133,0.1667,0.0228,0.9149,0.0113,0.1436,0.0073,0.3707,0.0547,7
last_seen_goal_pursuit,occlusion_heavy_shift,mobile_pick_and_place,cascading_disappearing_goal,0.267,0.0446,0.1671,0.0147,0.1966,0.0091,0.2483,0.0351,0.1667,0.033,0.1701,0.0296,0.1156,0.0067,0.1531,0.0445,1.0334,0.0078,0.1423,0.0051,0.5459,0.0678,7
last_seen_goal_pursuit,occlusion_heavy_shift,mobile_pick_and_place,goal_specification_changed,0.4014,0.0248,0.1672,0.0138,0.1931,0.0144,0.2092,0.0416,0.0986,0.0296,0.0799,0.0287,0.131,0.0239,0.119,0.0153,0.8858,0.0127,0.1397,0.0049,0.4184,0.0402,7
last_seen_goal_pursuit,occlusion_heavy_shift,mobile_pick_and_place,human_temporary_obstruction,0.4235,0.0416,0.1806,0.011,0.1836,0.0086,0.1173,0.0316,0.0986,0.0243,0.1973,0.0387,0.1139,0.0264,0.1514,0.0232,0.9127,0.0209,0.1428,0.0051,0.4014,0.0677,7
last_seen_goal_pursuit,occlusion_heavy_shift,mobile_pick_and_place,object_moved,0.4337,0.0514,0.1673,0.0134,0.1983,0.0086,0.1905,0.0153,0.085,0.0094,0.0867,0.0273,0.1054,0.0267,0.1667,0.042,0.8523,0.0091,0.1427,0.0051,0.3741,0.0555,7
last_seen_goal_pursuit,occlusion_heavy_shift,mobile_pick_and_place,object_removed,0.3759,0.0443,0.1804,0.0102,0.1875,0.0069,0.2007,0.0187,0.1173,0.018,0.0935,0.018,0.1293,0.0382,0.1361,0.0243,0.9328,0.0101,0.1382,0.005,0.4235,0.0524,7
last_seen_goal_pursuit,occlusion_heavy_shift,mobile_pick_and_place,substitute_goal_available,0.3776,0.0474,0.1696,0.0108,0.1828,0.0081,0.182,0.0189,0.0833,0.0161,0.1259,0.0249,0.1259,0.0243,0.1344,0.0253,0.9062,0.0153,0.1437,0.0071,0.4286,0.0709,7
last_seen_goal_pursuit,occlusion_heavy_shift,mobile_pick_and_place,visual_occlusion,0.4915,0.0431,0.171,0.0107,0.1832,0.0116,0.0952,0.0255,0.0612,0.0281,0.1684,0.0224,0.119,0.0509,0.1582,0.0248,0.9301,0.0186,0.1457,0.0066,0.3265,0.0548,7
last_seen_goal_pursuit,occlusion_heavy_shift,shelf_retrieval,cascading_disappearing_goal,0.301,0.0195,0.1721,0.0113,0.1922,0.0087,0.2177,0.0291,0.1122,0.0209,0.1769,0.0339,0.1105,0.0084,0.1173,0.0294,1.0264,0.0182,0.139,0.0058,0.5068,0.0152,7
last_seen_goal_pursuit,occlusion_heavy_shift,shelf_retrieval,goal_specification_changed,0.4048,0.0197,0.1793,0.0137,0.1927,0.0064,0.1667,0.0161,0.0969,0.0156,0.085,0.032,0.102,0.0249,0.1684,0.0362,0.8869,0.0157,0.1418,0.0048,0.4167,0.0407,7
last_seen_goal_pursuit,occlusion_heavy_shift,shelf_retrieval,human_temporary_obstruction,0.4711,0.0435,0.1671,0.0078,0.1821,0.0072,0.1259,0.0209,0.068,0.0141,0.1684,0.0382,0.131,0.0249,0.1701,0.0373,0.9233,0.0135,0.1453,0.0058,0.3554,0.0379,7
last_seen_goal_pursuit,occlusion_heavy_shift,shelf_retrieval,object_moved,0.432,0.0287,0.1718,0.0077,0.1915,0.0095,0.1905,0.0306,0.0765,0.0196,0.1378,0.0309,0.102,0.0264,0.1565,0.0303,0.8617,0.0082,0.1395,0.0094,0.4099,0.0349,7
last_seen_goal_pursuit,occlusion_heavy_shift,shelf_retrieval,object_removed,0.4099,0.0429,0.1767,0.0096,0.1828,0.0107,0.182,0.0174,0.119,0.0197,0.102,0.016,0.1361,0.0269,0.1259,0.0254,0.9212,0.0193,0.1385,0.007,0.4303,0.0556,7
last_seen_goal_pursuit,occlusion_heavy_shift,shelf_retrieval,substitute_goal_available,0.4116,0.0472,0.1718,0.0072,0.1951,0.0142,0.1633,0.0243,0.1054,0.0276,0.1105,0.0325,0.1173,0.0312,0.1327,0.0445,0.9127,0.0136,0.1386,0.0063,0.4286,0.0636,7
last_seen_goal_pursuit,occlusion_heavy_shift,shelf_retrieval,visual_occlusion,0.4507,0.0389,0.1698,0.0113,0.1822,0.0134,0.1276,0.0263,0.068,0.0122,0.2007,0.0224,0.1156,0.0273,0.148,0.0249,0.934,0.0186,0.1487,0.0084,0.3622,0.041,7
last_seen_goal_pursuit,occlusion_heavy_shift,tool_handoff,cascading_disappearing_goal,0.267,0.0391,0.1631,0.0067,0.1863,0.0127,0.2398,0.0537,0.1582,0.0202,0.1735,0.0301,0.1259,0.0196,0.1276,0.0273,1.0501,0.0168,0.1434,0.0031,0.5221,0.0399,7
last_seen_goal_pursuit,occlusion_heavy_shift,tool_handoff,goal_specification_changed,0.3707,0.0465,0.1649,0.0079,0.1945,0.0111,0.2075,0.0416,0.102,0.0215,0.085,0.0107,0.0952,0.0144,0.1361,0.0175,0.9116,0.0114,0.1337,0.0035,0.4575,0.0656,7
last_seen_goal_pursuit,occlusion_heavy_shift,tool_handoff,human_temporary_obstruction,0.4422,0.0409,0.1619,0.0062,0.1779,0.0099,0.1514,0.0253,0.1088,0.0079,0.2024,0.0429,0.1156,0.022,0.1531,0.0285,0.9258,0.0191,0.1433,0.0062,0.381,0.0572,7
last_seen_goal_pursuit,occlusion_heavy_shift,tool_handoff,object_moved,0.4303,0.0294,0.174,0.0095,0.1948,0.0164,0.1939,0.046,0.0935,0.0351,0.0901,0.0264,0.1122,0.041,0.1616,0.019,0.873,0.0177,0.1376,0.003,0.3724,0.0333,7
last_seen_goal_pursuit,occlusion_heavy_shift,tool_handoff,object_removed,0.4116,0.0249,0.1804,0.0129,0.1909,0.0081,0.2007,0.0262,0.1327,0.0271,0.0884,0.0238,0.1344,0.0237,0.1293,0.0271,0.951,0.0121,0.1471,0.0105,0.3929,0.0558,7
last_seen_goal_pursuit,occlusion_heavy_shift,tool_handoff,substitute_goal_available,0.3844,0.0208,0.1707,0.0094,0.1859,0.0128,0.1701,0.0243,0.1003,0.0264,0.1071,0.0364,0.1139,0.0254,0.1361,0.0269,0.9302,0.0097,0.1316,0.0086,0.4235,0.0391,7
last_seen_goal_pursuit,occlusion_heavy_shift,tool_handoff,visual_occlusion,0.4354,0.041,0.1686,0.0106,0.1922,0.009,0.0884,0.0305,0.0697,0.0107,0.2007,0.0354,0.1463,0.0287,0.1752,0.0333,0.9367,0.0081,0.1459,0.0057,0.3554,0.0442,7
last_seen_goal_pursuit,physical_removal_shift,bin_sorting,cascading_disappearing_goal,0.2636,0.0505,0.1672,0.0056,0.1695,0.0121,0.2534,0.037,0.148,0.0274,0.1207,0.0262,0.1429,0.0265,0.1037,0.0214,1.0101,0.011,0.1415,0.0046,0.5765,0.0419,7
last_seen_goal_pursuit,physical_removal_shift,bin_sorting,goal_specification_changed,0.4048,0.0318,0.1779,0.014,0.1643,0.0112,0.2245,0.0421,0.1139,0.0329,0.0714,0.0233,0.1565,0.018,0.0952,0.0153,0.9011,0.0113,0.1393,0.0039,0.4626,0.0513,7
last_seen_goal_pursuit,physical_removal_shift,bin_sorting,human_temporary_obstruction,0.4473,0.0325,0.164,0.0133,0.1733,0.0069,0.131,0.0249,0.0935,0.0156,0.165,0.0299,0.1514,0.0352,0.1446,0.0252,0.8924,0.0115,0.142,0.0078,0.3759,0.0477,7
last_seen_goal_pursuit,physical_removal_shift,bin_sorting,object_moved,0.4303,0.0473,0.1647,0.01,0.1709,0.0061,0.1548,0.0279,0.0816,0.0213,0.0901,0.0183,0.1463,0.0189,0.0986,0.0208,0.8523,0.0108,0.1406,0.004,0.3759,0.0567,7
last_seen_goal_pursuit,physical_removal_shift,bin_sorting,object_removed,0.3844,0.0511,0.1683,0.0168,0.1699,0.0084,0.2126,0.0219,0.131,0.0249,0.0833,0.0249,0.1293,0.0276,0.0901,0.0249,0.9358,0.0085,0.1342,0.0059,0.4303,0.0773,7
last_seen_goal_pursuit,physical_removal_shift,bin_sorting,substitute_goal_available,0.3622,0.0725,0.1649,0.008,0.1681,0.0098,0.2024,0.0269,0.1105,0.0253,0.1037,0.0159,0.1446,0.0303,0.1173,0.0257,0.9095,0.0084,0.1403,0.0063,0.4269,0.0651,7
last_seen_goal_pursuit,physical_removal_shift,bin_sorting,visual_occlusion,0.4507,0.0487,0.1743,0.0083,0.1633,0.0099,0.1037,0.0214,0.0646,0.0143,0.1735,0.0264,0.131,0.0222,0.1378,0.0301,0.8722,0.0114,0.1418,0.003,0.3724,0.0621,7
last_seen_goal_pursuit,physical_removal_shift,drawer_placement,cascading_disappearing_goal,0.2534,0.0258,0.1729,0.0114,0.1715,0.0085,0.2653,0.0348,0.1633,0.0474,0.119,0.0338,0.165,0.029,0.0935,0.0267,1.0348,0.0075,0.1448,0.0046,0.5323,0.0333,7
last_seen_goal_pursuit,physical_removal_shift,drawer_placement,goal_specification_changed,0.3384,0.0249,0.1735,0.0065,0.1715,0.0098,0.2313,0.0301,0.1446,0.0276,0.085,0.0172,0.1446,0.0252,0.0782,0.0287,0.9382,0.0095,0.131,0.0049,0.4694,0.0407,7
last_seen_goal_pursuit,physical_removal_shift,drawer_placement,human_temporary_obstruction,0.4269,0.0448,0.1731,0.0073,0.1804,0.0087,0.1241,0.0278,0.0901,0.0196,0.1701,0.0403,0.1463,0.034,0.1224,0.0159,0.9017,0.0095,0.1449,0.0048,0.4082,0.0643,7
last_seen_goal_pursuit,physical_removal_shift,drawer_placement,object_moved,0.4269,0.0433,0.1782,0.0141,0.1723,0.0081,0.2041,0.0303,0.0935,0.0172,0.102,0.0203,0.1463,0.038,0.1241,0.0287,0.8592,0.0177,0.1342,0.0078,0.3724,0.0867,7
last_seen_goal_pursuit,physical_removal_shift,drawer_placement,object_removed,0.3384,0.0325,0.1712,0.0082,0.1812,0.015,0.2653,0.0282,0.1156,0.0296,0.0799,0.0195,0.148,0.0238,0.1054,0.0271,0.9724,0.0155,0.1392,0.0061,0.4541,0.0573,7
last_seen_goal_pursuit,physical_removal_shift,drawer_placement,substitute_goal_available,0.3316,0.032,0.1783,0.0101,0.1767,0.0071,0.2041,0.0424,0.1122,0.0374,0.119,0.0306,0.1361,0.0352,0.1293,0.0271,0.9213,0.0111,0.1382,0.006,0.4915,0.0363,7
last_seen_goal_pursuit,physical_removal_shift,drawer_placement,visual_occlusion,0.4745,0.052,0.1804,0.0108,0.1665,0.0071,0.1071,0.0432,0.068,0.0084,0.1684,0.023,0.1207,0.0328,0.1224,0.0273,0.8875,0.0115,0.1353,0.0072,0.3333,0.0731,7
last_seen_goal_pursuit,physical_removal_shift,mobile_pick_and_place,cascading_disappearing_goal,0.2585,0.0431,0.1723,0.0099,0.1715,0.007,0.2789,0.0305,0.1633,0.0253,0.1395,0.0208,0.1769,0.0281,0.0901,0.0112,1.0467,0.0104,0.1474,0.0037,0.5068,0.0694,7
last_seen_goal_pursuit,physical_removal_shift,mobile_pick_and_place,goal_specification_changed,0.3316,0.0597,0.1709,0.0078,0.1674,0.0066,0.2194,0.0397,0.1207,0.0276,0.1037,0.015,0.1344,0.0258,0.085,0.0241,0.9382,0.0108,0.1423,0.0051,0.4677,0.0623,7
last_seen_goal_pursuit,physical_removal_shift,mobile_pick_and_place,human_temporary_obstruction,0.4269,0.0193,0.1752,0.0098,0.1679,0.0084,0.102,0.0254,0.1344,0.0514,0.1616,0.0221,0.1786,0.0401,0.1105,0.0132,0.9,0.0149,0.1402,0.0067,0.4014,0.0337,7
last_seen_goal_pursuit,physical_removal_shift,mobile_pick_and_place,object_moved,0.3946,0.0369,0.1676,0.0143,0.1597,0.0123,0.2126,0.0139,0.1003,0.0249,0.0986,0.0214,0.1548,0.0326,0.1412,0.0336,0.841,0.0082,0.1398,0.0043,0.4031,0.0523,7
last_seen_goal_pursuit,physical_removal_shift,mobile_pick_and_place,object_removed,0.3401,0.0511,0.1735,0.0092,0.1801,0.0112,0.2517,0.0412,0.1378,0.0337,0.0935,0.0421,0.1633,0.0237,0.0867,0.0141,0.9697,0.013,0.1327,0.0062,0.4643,0.072,7
last_seen_goal_pursuit,physical_removal_shift,mobile_pick_and_place,substitute_goal_available,0.369,0.0407,0.1698,0.0064,0.1788,0.0065,0.2109,0.0232,0.102,0.0143,0.0986,0.0226,0.1378,0.0203,0.1122,0.019,0.933,0.008,0.1436,0.0061,0.4354,0.0642,7
last_seen_goal_pursuit,physical_removal_shift,mobile_pick_and_place,visual_occlusion,0.4813,0.0269,0.1729,0.009,0.1712,0.0173,0.1241,0.0221,0.0663,0.0243,0.1701,0.0317,0.1531,0.018,0.1259,0.0143,0.8954,0.0168,0.1475,0.0035,0.3401,0.0521,7
last_seen_goal_pursuit,physical_removal_shift,shelf_retrieval,cascading_disappearing_goal,0.2619,0.0283,0.1628,0.0122,0.1793,0.0081,0.2466,0.0333,0.1633,0.0232,0.1497,0.0238,0.1429,0.0301,0.1293,0.0156,1.0324,0.015,0.1419,0.0065,0.5612,0.0343,7
last_seen_goal_pursuit,physical_removal_shift,shelf_retrieval,goal_specification_changed,0.335,0.0505,0.1674,0.0079,0.1742,0.0148,0.2347,0.0309,0.148,0.0321,0.0867,0.0273,0.1395,0.0226,0.0969,0.0424,0.9241,0.0137,0.1332,0.0074,0.5034,0.0758,7
last_seen_goal_pursuit,physical_removal_shift,shelf_retrieval,human_temporary_obstruction,0.4728,0.0524,0.1798,0.0097,0.1624,0.0113,0.1378,0.0086,0.1173,0.0148,0.1718,0.0317,0.1701,0.0268,0.1122,0.019,0.9054,0.0192,0.1462,0.0037,0.3571,0.0632,7
last_seen_goal_pursuit,physical_removal_shift,shelf_retrieval,object_moved,0.3929,0.0757,0.1722,0.015,0.1702,0.0108,0.216,0.032,0.0748,0.0296,0.1037,0.0263,0.1224,0.0202,0.131,0.031,0.8545,0.0132,0.1466,0.0083,0.4456,0.1093,7
last_seen_goal_pursuit,physical_removal_shift,shelf_retrieval,object_removed,0.3724,0.0457,0.1727,0.0101,0.1713,0.0123,0.2126,0.0285,0.1276,0.0291,0.0867,0.0167,0.1378,0.0196,0.0901,0.0086,0.9663,0.0094,0.1359,0.0058,0.4422,0.0616,7
last_seen_goal_pursuit,physical_removal_shift,shelf_retrieval,substitute_goal_available,0.3673,0.0418,0.1722,0.006,0.1731,0.0109,0.2075,0.0367,0.102,0.0221,0.1344,0.0282,0.1599,0.0301,0.1173,0.0316,0.9256,0.0074,0.1383,0.0057,0.4609,0.0524,7
last_seen_goal_pursuit,physical_removal_shift,shelf_retrieval,visual_occlusion,0.5068,0.04,0.1744,0.0121,0.1773,0.014,0.0969,0.0262,0.0544,0.0133,0.1752,0.0313,0.1905,0.021,0.1497,0.0352,0.9081,0.0156,0.1435,0.0041,0.318,0.0443,7
last_seen_goal_pursuit,physical_removal_shift,tool_handoff,cascading_disappearing_goal,0.2364,0.043,0.179,0.0125,0.1687,0.0131,0.2585,0.0258,0.165,0.0267,0.1786,0.0279,0.165,0.0281,0.0969,0.0187,1.0771,0.0181,0.1384,0.0066,0.5425,0.0654,7
last_seen_goal_pursuit,physical_removal_shift,tool_handoff,goal_specification_changed,0.3112,0.0336,0.1684,0.0101,0.1674,0.0083,0.2517,0.0347,0.1259,0.0377,0.0867,0.0132,0.119,0.0125,0.0918,0.0273,0.9593,0.0131,0.1365,0.0061,0.4847,0.055,7
last_seen_goal_pursuit,physical_removal_shift,tool_handoff,human_temporary_obstruction,0.4269,0.043,0.1719,0.0061,0.1689,0.0125,0.119,0.0255,0.1173,0.023,0.1599,0.0264,0.1395,0.0337,0.1429,0.0244,0.9034,0.0114,0.1394,0.0095,0.3741,0.0585,7
last_seen_goal_pursuit,physical_removal_shift,tool_handoff,object_moved,0.3741,0.0463,0.1693,0.0023,0.1728,0.01,0.1837,0.0446,0.0799,0.0159,0.1088,0.0187,0.131,0.0233,0.1156,0.0132,0.8681,0.0063,0.1365,0.0063,0.4337,0.0506,7
last_seen_goal_pursuit,physical_removal_shift,tool_handoff,object_removed,0.3639,0.0429,0.1638,0.0106,0.1713,0.0104,0.2806,0.0458,0.1514,0.0629,0.085,0.0219,0.1259,0.0269,0.1003,0.0238,0.9957,0.0144,0.135,0.009,0.4388,0.0421,7
last_seen_goal_pursuit,physical_removal_shift,tool_handoff,substitute_goal_available,0.318,0.0226,0.168,0.012,0.1653,0.0067,0.2381,0.0233,0.1224,0.0214,0.1173,0.0172,0.1565,0.0139,0.102,0.0254,0.9437,0.0118,0.1407,0.0061,0.4694,0.0283,7
last_seen_goal_pursuit,physical_removal_shift,tool_handoff,visual_occlusion,0.4966,0.0325,0.1647,0.0092,0.1615,0.0177,0.1259,0.0292,0.0595,0.0318,0.1633,0.0337,0.165,0.0224,0.1667,0.0191,0.9094,0.0131,0.145,0.0053,0.3163,0.0301,7
memory_only_belief_tracking,combined_disappearance_stress,bin_sorting,cascading_disappearing_goal,0.2738,0.0455,0.2726,0.0122,0.192,0.0045,0.2959,0.0328,0.0901,0.0175,0.1888,0.0193,0.1412,0.0172,0.1293,0.0257,1.0261,0.0133,0.1523,0.0077,0.5459,0.0409,7
memory_only_belief_tracking,combined_disappearance_stress,bin_sorting,goal_specification_changed,0.3929,0.0279,0.2639,0.0086,0.1881,0.0172,0.25,0.0426,0.0952,0.026,0.0799,0.0141,0.131,0.0269,0.1531,0.032,0.8943,0.0178,0.1418,0.008,0.4286,0.0381,7
memory_only_belief_tracking,combined_disappearance_stress,bin_sorting,human_temporary_obstruction,0.4592,0.0325,0.2714,0.009,0.1905,0.0121,0.1616,0.0301,0.0867,0.0237,0.1939,0.0416,0.131,0.0244,0.1582,0.0313,0.8957,0.0145,0.1513,0.0058,0.3537,0.048,7
memory_only_belief_tracking,combined_disappearance_stress,bin_sorting,object_moved,0.4252,0.0506,0.2582,0.0094,0.1966,0.0038,0.2364,0.0172,0.0901,0.0274,0.1122,0.0278,0.1276,0.0291,0.1718,0.0352,0.8316,0.012,0.1561,0.007,0.3741,0.079,7
memory_only_belief_tracking,combined_disappearance_stress,bin_sorting,object_removed,0.4235,0.0301,0.2542,0.0147,0.2052,0.0106,0.233,0.0292,0.1054,0.0156,0.0935,0.0224,0.131,0.0265,0.1429,0.0239,0.919,0.0105,0.1502,0.0041,0.4048,0.0367,7
memory_only_belief_tracking,combined_disappearance_stress,bin_sorting,substitute_goal_available,0.381,0.0607,0.2624,0.0116,0.1995,0.009,0.2245,0.0276,0.1054,0.0257,0.1224,0.0159,0.1207,0.0294,0.1378,0.0227,0.8972,0.0121,0.1496,0.0098,0.4405,0.0672,7
memory_only_belief_tracking,combined_disappearance_stress,bin_sorting,visual_occlusion,0.4847,0.0337,0.2656,0.011,0.1944,0.0118,0.1122,0.0152,0.0612,0.0219,0.1871,0.0237,0.1054,0.0252,0.1378,0.0407,0.8929,0.0138,0.1539,0.003,0.3486,0.0524,7
memory_only_belief_tracking,combined_disappearance_stress,drawer_placement,cascading_disappearing_goal,0.2177,0.0309,0.2694,0.0094,0.1915,0.0119,0.3027,0.0341,0.1531,0.0246,0.1769,0.0448,0.1361,0.0259,0.1293,0.0303,1.0473,0.0176,0.149,0.0047,0.5629,0.0493,7
memory_only_belief_tracking,combined_disappearance_stress,drawer_placement,goal_specification_changed,0.3759,0.0387,0.2745,0.0058,0.2032,0.0125,0.2381,0.0204,0.1395,0.0359,0.0969,0.0156,0.131,0.0265,0.1224,0.0195,0.9284,0.0081,0.1468,0.0045,0.3963,0.0516,7
memory_only_belief_tracking,combined_disappearance_stress,drawer_placement,human_temporary_obstruction,0.4473,0.04,0.2653,0.0096,0.2037,0.0166,0.1361,0.0384,0.1071,0.0269,0.1786,0.0204,0.1276,0.0313,0.1599,0.0367,0.9012,0.0125,0.1523,0.006,0.3588,0.0545,7
memory_only_belief_tracking,combined_disappearance_stress,drawer_placement,object_moved,0.4541,0.0599,0.269,0.0143,0.1946,0.0064,0.2228,0.0363,0.0901,0.0274,0.1276,0.0122,0.1344,0.0237,0.1446,0.0379,0.8526,0.0117,0.1523,0.0071,0.3673,0.0778,7
memory_only_belief_tracking,combined_disappearance_stress,drawer_placement,object_removed,0.4201,0.0377,0.2697,0.0071,0.2002,0.0145,0.2466,0.0141,0.1412,0.0281,0.1054,0.0187,0.1599,0.0305,0.1105,0.0313,0.9561,0.0135,0.1472,0.0035,0.369,0.0394,7
memory_only_belief_tracking,combined_disappearance_stress,drawer_placement,substitute_goal_available,0.3265,0.0593,0.2644,0.0115,0.1892,0.0083,0.2228,0.0195,0.1071,0.0161,0.1088,0.0107,0.1412,0.0236,0.1548,0.0135,0.9213,0.0078,0.1465,0.0054,0.483,0.0718,7
memory_only_belief_tracking,combined_disappearance_stress,drawer_placement,visual_occlusion,0.4609,0.0296,0.2761,0.0084,0.1905,0.0136,0.1241,0.0196,0.0731,0.0139,0.2228,0.0237,0.1207,0.0267,0.1718,0.0325,0.9028,0.0103,0.1539,0.005,0.3299,0.0488,7
memory_only_belief_tracking,combined_disappearance_stress,mobile_pick_and_place,cascading_disappearing_goal,0.2466,0.0248,0.2691,0.0094,0.1914,0.0099,0.2976,0.0301,0.1582,0.0208,0.1548,0.026,0.1395,0.0337,0.1122,0.0112,1.0576,0.0116,0.1519,0.0103,0.5153,0.0469,7
memory_only_belief_tracking,combined_disappearance_stress,mobile_pick_and_place,goal_specification_changed,0.3844,0.0273,0.2753,0.0118,0.2024,0.0097,0.2517,0.0332,0.1071,0.0176,0.1054,0.0559,0.1224,0.0296,0.1327,0.0412,0.9147,0.0185,0.1478,0.0079,0.4507,0.0412,7
memory_only_belief_tracking,combined_disappearance_stress,mobile_pick_and_place,human_temporary_obstruction,0.4575,0.0283,0.261,0.0105,0.1967,0.0184,0.1565,0.0172,0.0986,0.0208,0.1973,0.0356,0.1378,0.0168,0.1565,0.0213,0.9099,0.0189,0.1488,0.0046,0.3401,0.0317,7
memory_only_belief_tracking,combined_disappearance_stress,mobile_pick_and_place,object_moved,0.4116,0.0301,0.2713,0.0103,0.1986,0.0089,0.2041,0.0339,0.0612,0.0061,0.1378,0.0407,0.1412,0.0246,0.1463,0.0321,0.8503,0.0077,0.1488,0.0056,0.415,0.0448,7
memory_only_belief_tracking,combined_disappearance_stress,mobile_pick_and_place,object_removed,0.3146,0.0317,0.2571,0.0091,0.1951,0.011,0.2432,0.0387,0.1565,0.0246,0.0969,0.0206,0.1327,0.0424,0.1395,0.044,0.9594,0.0176,0.1455,0.0046,0.4592,0.0432,7
memory_only_belief_tracking,combined_disappearance_stress,mobile_pick_and_place,substitute_goal_available,0.3384,0.0259,0.2665,0.0084,0.1924,0.0108,0.1956,0.0264,0.1207,0.0241,0.1173,0.018,0.1207,0.0219,0.1224,0.03,0.9213,0.0116,0.1454,0.0037,0.4609,0.0296,7
memory_only_belief_tracking,combined_disappearance_stress,mobile_pick_and_place,visual_occlusion,0.4337,0.0435,0.2663,0.0051,0.2066,0.0075,0.1565,0.0213,0.0646,0.0203,0.2347,0.034,0.1276,0.0159,0.1854,0.0238,0.9052,0.013,0.156,0.0062,0.381,0.0381,7
memory_only_belief_tracking,combined_disappearance_stress,shelf_retrieval,cascading_disappearing_goal,0.2432,0.0203,0.2713,0.0107,0.2015,0.0157,0.2806,0.0443,0.1565,0.0343,0.1905,0.0204,0.0952,0.0204,0.131,0.0265,1.0701,0.014,0.154,0.0075,0.5595,0.0274,7
memory_only_belief_tracking,combined_disappearance_stress,shelf_retrieval,goal_specification_changed,0.3776,0.0258,0.2693,0.0082,0.1944,0.0088,0.2364,0.0236,0.0867,0.0237,0.0748,0.0122,0.119,0.0255,0.1276,0.037,0.9136,0.0071,0.1473,0.0075,0.4167,0.0314,7
memory_only_belief_tracking,combined_disappearance_stress,shelf_retrieval,human_temporary_obstruction,0.4371,0.0538,0.2672,0.0121,0.2025,0.0139,0.1412,0.0358,0.0833,0.0265,0.1973,0.0325,0.1156,0.039,0.1548,0.0169,0.9031,0.0158,0.1508,0.0045,0.3759,0.0609,7
memory_only_belief_tracking,combined_disappearance_stress,shelf_retrieval,object_moved,0.398,0.0496,0.2588,0.011,0.204,0.0096,0.2075,0.0349,0.0646,0.0292,0.1259,0.0309,0.1446,0.0236,0.1599,0.0209,0.8498,0.0159,0.1421,0.0108,0.4167,0.0574,7
memory_only_belief_tracking,combined_disappearance_stress,shelf_retrieval,object_removed,0.3793,0.043,0.2691,0.0083,0.187,0.0126,0.2364,0.0358,0.1088,0.0369,0.0918,0.0167,0.1327,0.0281,0.1463,0.0309,0.9475,0.0129,0.1437,0.0043,0.4252,0.0455,7
memory_only_belief_tracking,combined_disappearance_stress,shelf_retrieval,substitute_goal_available,0.3231,0.0436,0.263,0.0107,0.2075,0.0129,0.2262,0.0447,0.1037,0.0268,0.1071,0.0255,0.1565,0.0262,0.1446,0.023,0.9213,0.0103,0.1475,0.0074,0.4643,0.0589,7
memory_only_belief_tracking,combined_disappearance_stress,shelf_retrieval,visual_occlusion,0.4762,0.0467,0.2611,0.0098,0.2004,0.0137,0.1173,0.0339,0.0561,0.0174,0.2364,0.0252,0.1327,0.0382,0.1633,0.0237,0.9232,0.0141,0.1553,0.0057,0.3197,0.0744,7
memory_only_belief_tracking,combined_disappearance_stress,tool_handoff,cascading_disappearing_goal,0.2262,0.0388,0.2726,0.0104,0.1994,0.0095,0.335,0.0412,0.1769,0.0281,0.1837,0.0209,0.1344,0.0237,0.1276,0.0268,1.0896,0.0175,0.152,0.0059,0.5204,0.065,7
memory_only_belief_tracking,combined_disappearance_stress,tool_handoff,goal_specification_changed,0.2925,0.0249,0.262,0.0129,0.2064,0.0062,0.2653,0.0387,0.1344,0.0258,0.0901,0.0283,0.1293,0.0415,0.0935,0.0312,0.9448,0.0087,0.1464,0.0059,0.5085,0.0578,7
memory_only_belief_tracking,combined_disappearance_stress,tool_handoff,human_temporary_obstruction,0.4201,0.0359,0.264,0.0115,0.1979,0.0112,0.1939,0.0416,0.1361,0.0438,0.1701,0.0268,0.1173,0.032,0.1565,0.0285,0.9153,0.0066,0.1537,0.0053,0.4014,0.0406,7
memory_only_belief_tracking,combined_disappearance_stress,tool_handoff,object_moved,0.3997,0.0317,0.2643,0.0114,0.194,0.0069,0.2228,0.039,0.0986,0.0122,0.1293,0.0224,0.131,0.0249,0.1599,0.0356,0.852,0.0165,0.1484,0.0072,0.4048,0.0292,7
memory_only_belief_tracking,combined_disappearance_stress,tool_handoff,object_removed,0.3571,0.0197,0.2641,0.0136,0.2049,0.01,0.2687,0.0305,0.1616,0.0352,0.085,0.0257,0.1224,0.015,0.1224,0.0273,0.9823,0.0049,0.1467,0.0054,0.432,0.0506,7
memory_only_belief_tracking,combined_disappearance_stress,tool_handoff,substitute_goal_available,0.3044,0.0325,0.2632,0.0104,0.2,0.0151,0.2483,0.0303,0.1293,0.0294,0.1344,0.0352,0.1412,0.0219,0.1259,0.0292,0.9444,0.0115,0.1487,0.0068,0.4847,0.0413,7
memory_only_belief_tracking,combined_disappearance_stress,tool_handoff,visual_occlusion,0.4558,0.0352,0.2678,0.0083,0.2021,0.0102,0.1395,0.0344,0.0646,0.0143,0.216,0.0399,0.1259,0.0238,0.1871,0.0282,0.9311,0.0078,0.1485,0.0054,0.3793,0.0655,7
memory_only_belief_tracking,delayed_reappearance,bin_sorting,cascading_disappearing_goal,0.3605,0.0604,0.2955,0.0057,0.2284,0.0134,0.2687,0.0404,0.0935,0.0219,0.1905,0.0283,0.119,0.0279,0.1837,0.0296,0.9803,0.0122,0.1493,0.0093,0.4677,0.0566,7
memory_only_belief_tracking,delayed_reappearance,bin_sorting,goal_specification_changed,0.4473,0.0441,0.2976,0.0136,0.2251,0.0078,0.2092,0.0432,0.0867,0.0208,0.0544,0.0233,0.1071,0.0353,0.1922,0.0276,0.8658,0.0108,0.1447,0.0047,0.3452,0.031,7
memory_only_belief_tracking,delayed_reappearance,bin_sorting,human_temporary_obstruction,0.4983,0.0402,0.2892,0.0079,0.2207,0.0121,0.1633,0.0538,0.0867,0.0122,0.1582,0.0226,0.1224,0.0195,0.1939,0.0268,0.8689,0.0063,0.1534,0.0053,0.3248,0.0631,7
memory_only_belief_tracking,delayed_reappearance,bin_sorting,object_moved,0.4643,0.0496,0.2926,0.0106,0.2242,0.0083,0.1871,0.0202,0.0952,0.0144,0.1327,0.0365,0.1327,0.0285,0.1718,0.0488,0.8174,0.0097,0.1527,0.0041,0.3486,0.0589,7
memory_only_belief_tracking,delayed_reappearance,bin_sorting,object_removed,0.432,0.0437,0.2951,0.0096,0.2243,0.0074,0.2313,0.0491,0.1173,0.0468,0.1071,0.0244,0.1276,0.038,0.1718,0.0287,0.881,0.0109,0.1469,0.0043,0.4065,0.0537,7
memory_only_belief_tracking,delayed_reappearance,bin_sorting,substitute_goal_available,0.4201,0.0232,0.3018,0.0091,0.2147,0.018,0.1956,0.0333,0.1088,0.0252,0.0986,0.0226,0.1701,0.0329,0.1939,0.0226,0.89,0.0148,0.1472,0.0034,0.398,0.0593,7
memory_only_belief_tracking,delayed_reappearance,bin_sorting,visual_occlusion,0.4932,0.0571,0.296,0.0075,0.2195,0.0099,0.1429,0.0269,0.0663,0.0152,0.1803,0.0399,0.1259,0.0133,0.199,0.0208,0.8772,0.0138,0.1526,0.0089,0.3367,0.0667,7
memory_only_belief_tracking,delayed_reappearance,drawer_placement,cascading_disappearing_goal,0.335,0.0339,0.2951,0.0096,0.2165,0.0067,0.2636,0.0107,0.1514,0.0189,0.165,0.018,0.1361,0.0429,0.1786,0.0401,1.0121,0.0109,0.1549,0.0053,0.4694,0.0243,7
memory_only_belief_tracking,delayed_reappearance,drawer_placement,goal_specification_changed,0.4388,0.0393,0.2857,0.0088,0.2228,0.0125,0.2262,0.0228,0.1139,0.0196,0.1054,0.0271,0.1207,0.018,0.1395,0.0226,0.8809,0.0136,0.1495,0.0063,0.3997,0.0567,7
memory_only_belief_tracking,delayed_reappearance,drawer_placement,human_temporary_obstruction,0.4592,0.0469,0.2916,0.0091,0.2216,0.0077,0.1395,0.0373,0.085,0.0172,0.1769,0.0442,0.1378,0.0221,0.2262,0.0494,0.8926,0.0137,0.1558,0.0055,0.3452,0.0585,7
memory_only_belief_tracking,delayed_reappearance,drawer_placement,object_moved,0.4354,0.0416,0.2925,0.0103,0.2145,0.0161,0.2177,0.0317,0.0816,0.018,0.1071,0.0222,0.1122,0.0254,0.182,0.0562,0.8331,0.0185,0.1557,0.006,0.3895,0.0587,7
memory_only_belief_tracking,delayed_reappearance,drawer_placement,object_removed,0.4303,0.0439,0.2967,0.0084,0.2216,0.0098,0.2296,0.0457,0.1207,0.0164,0.1071,0.0239,0.1684,0.0339,0.1718,0.0183,0.9171,0.0112,0.1496,0.0058,0.3707,0.0667,7
memory_only_belief_tracking,delayed_reappearance,drawer_placement,substitute_goal_available,0.4065,0.0148,0.3013,0.009,0.2137,0.0036,0.2279,0.0156,0.1071,0.0191,0.1071,0.0269,0.131,0.0176,0.1786,0.0283,0.8927,0.0117,0.1434,0.0073,0.3912,0.0262,7
memory_only_belief_tracking,delayed_reappearance,drawer_placement,visual_occlusion,0.4864,0.029,0.2853,0.0132,0.2201,0.0087,0.148,0.0227,0.0646,0.0143,0.1769,0.0588,0.131,0.0283,0.2143,0.0184,0.9039,0.0167,0.1493,0.0052,0.3469,0.0503,7
memory_only_belief_tracking,delayed_reappearance,mobile_pick_and_place,cascading_disappearing_goal,0.3146,0.0576,0.2954,0.0143,0.2293,0.008,0.2432,0.0264,0.1599,0.041,0.1769,0.0276,0.1276,0.0309,0.165,0.0257,1.0263,0.0097,0.1597,0.0033,0.4762,0.0488,7
memory_only_belief_tracking,delayed_reappearance,mobile_pick_and_place,goal_specification_changed,0.3878,0.0391,0.2967,0.0125,0.2243,0.0091,0.2279,0.0462,0.0901,0.0112,0.0986,0.0167,0.131,0.026,0.1701,0.0321,0.8853,0.0158,0.1441,0.0069,0.432,0.022,7
memory_only_belief_tracking,delayed_reappearance,mobile_pick_and_place,human_temporary_obstruction,0.4626,0.0409,0.3037,0.0092,0.2153,0.0082,0.1531,0.0187,0.0969,0.0299,0.182,0.0403,0.1429,0.026,0.1939,0.0189,0.8828,0.0063,0.154,0.0076,0.3588,0.0358,7
memory_only_belief_tracking,delayed_reappearance,mobile_pick_and_place,object_moved,0.4592,0.0337,0.2954,0.0068,0.2152,0.0026,0.1905,0.0153,0.0748,0.0141,0.131,0.0367,0.1344,0.0455,0.1752,0.0195,0.8342,0.0206,0.1523,0.0077,0.3469,0.0409,7
memory_only_belief_tracking,delayed_reappearance,mobile_pick_and_place,object_removed,0.4201,0.0519,0.2959,0.0087,0.2163,0.0129,0.2279,0.0262,0.1156,0.0359,0.085,0.0156,0.1122,0.0243,0.1735,0.0227,0.908,0.0134,0.145,0.0102,0.3793,0.0726,7
memory_only_belief_tracking,delayed_reappearance,mobile_pick_and_place,substitute_goal_available,0.3997,0.0249,0.3022,0.0123,0.2202,0.0087,0.1854,0.0337,0.1224,0.0377,0.1122,0.0384,0.1156,0.0248,0.1922,0.051,0.893,0.0137,0.152,0.0029,0.3895,0.0373,7
memory_only_belief_tracking,delayed_reappearance,mobile_pick_and_place,visual_occlusion,0.4405,0.0414,0.2947,0.0162,0.2257,0.0076,0.1514,0.0141,0.0697,0.0193,0.1633,0.0226,0.1293,0.0316,0.2007,0.0354,0.9123,0.0178,0.1564,0.0063,0.3741,0.0531,7
memory_only_belief_tracking,delayed_reappearance,shelf_retrieval,cascading_disappearing_goal,0.3299,0.037,0.2948,0.0115,0.2228,0.0124,0.2568,0.0377,0.1207,0.0094,0.2041,0.0339,0.1327,0.0148,0.1854,0.0381,1.0069,0.0126,0.1554,0.0074,0.483,0.0609,7
memory_only_belief_tracking,delayed_reappearance,shelf_retrieval,goal_specification_changed,0.4269,0.0312,0.2947,0.0124,0.2246,0.0098,0.2211,0.0259,0.0918,0.0132,0.0867,0.0174,0.1003,0.0264,0.1854,0.0287,0.8859,0.0144,0.1421,0.0024,0.3912,0.052,7
memory_only_belief_tracking,delayed_reappearance,shelf_retrieval,human_temporary_obstruction,0.4405,0.0367,0.2963,0.0056,0.2255,0.0085,0.1548,0.0297,0.0663,0.0254,0.1888,0.0219,0.1378,0.0259,0.182,0.0232,0.8958,0.0202,0.1497,0.0035,0.3537,0.0584,7
memory_only_belief_tracking,delayed_reappearance,shelf_retrieval,object_moved,0.4456,0.0455,0.2991,0.0099,0.2218,0.0079,0.199,0.0363,0.1003,0.0264,0.1207,0.0219,0.119,0.0176,0.1973,0.0296,0.8386,0.0232,0.1488,0.0078,0.3503,0.0349,7
memory_only_belief_tracking,delayed_reappearance,shelf_retrieval,object_removed,0.4456,0.0381,0.2992,0.0135,0.2266,0.0092,0.2041,0.0246,0.1122,0.016,0.085,0.02,0.1105,0.0329,0.1616,0.0259,0.9106,0.0174,0.1441,0.0069,0.3588,0.0523,7
memory_only_belief_tracking,delayed_reappearance,shelf_retrieval,substitute_goal_available,0.4133,0.0514,0.2956,0.0078,0.2177,0.0091,0.2262,0.0388,0.1122,0.0249,0.1259,0.0215,0.1224,0.0174,0.1854,0.0283,0.9024,0.0193,0.1443,0.0097,0.3929,0.0461,7
memory_only_belief_tracking,delayed_reappearance,shelf_retrieval,visual_occlusion,0.4966,0.0273,0.3026,0.0056,0.2236,0.0077,0.148,0.041,0.0561,0.0189,0.1854,0.0301,0.1207,0.023,0.1922,0.0246,0.9278,0.0116,0.1579,0.0042,0.3367,0.0606,7
memory_only_belief_tracking,delayed_reappearance,tool_handoff,cascading_disappearing_goal,0.3469,0.0386,0.3025,0.0106,0.2174,0.0165,0.2619,0.0297,0.1259,0.019,0.1718,0.0278,0.1514,0.0258,0.1803,0.0172,1.0303,0.0226,0.1494,0.0043,0.4337,0.0536,7
memory_only_belief_tracking,delayed_reappearance,tool_handoff,goal_specification_changed,0.4065,0.0332,0.2975,0.004,0.2234,0.009,0.2381,0.0447,0.1122,0.019,0.0986,0.0237,0.131,0.0222,0.1582,0.034,0.9066,0.0074,0.1423,0.0115,0.3946,0.0393,7
memory_only_belief_tracking,delayed_reappearance,tool_handoff,human_temporary_obstruction,0.4558,0.0463,0.2946,0.01,0.2185,0.0121,0.1497,0.0249,0.1054,0.0241,0.1871,0.0202,0.1122,0.019,0.1888,0.0365,0.9057,0.0101,0.1481,0.0036,0.3452,0.0569,7
memory_only_belief_tracking,delayed_reappearance,tool_handoff,object_moved,0.4269,0.0276,0.2929,0.0125,0.2191,0.0108,0.2109,0.0348,0.0731,0.0224,0.1207,0.0164,0.148,0.0215,0.1905,0.0322,0.8435,0.016,0.1481,0.0075,0.3776,0.0363,7
memory_only_belief_tracking,delayed_reappearance,tool_handoff,object_removed,0.4065,0.043,0.2963,0.0141,0.2202,0.011,0.2381,0.0233,0.1259,0.0287,0.0935,0.0119,0.1122,0.0143,0.1786,0.0401,0.9412,0.0181,0.1476,0.0078,0.3861,0.0604,7
memory_only_belief_tracking,delayed_reappearance,tool_handoff,substitute_goal_available,0.3878,0.0238,0.3077,0.0087,0.2189,0.0137,0.2313,0.0432,0.0969,0.0294,0.1156,0.0333,0.0901,0.0233,0.1837,0.036,0.9067,0.0098,0.1511,0.0064,0.4031,0.0299,7
memory_only_belief_tracking,delayed_reappearance,tool_handoff,visual_occlusion,0.4303,0.0442,0.2951,0.0072,0.214,0.006,0.1412,0.029,0.0527,0.0133,0.1956,0.0384,0.1241,0.016,0.2024,0.0269,0.924,0.0123,0.1588,0.0064,0.3861,0.0387,7
memory_only_belief_tracking,nominal,bin_sorting,cascading_disappearing_goal,0.4371,0.0287,0.3593,0.0068,0.2709,0.0058,0.1701,0.0214,0.0901,0.01,0.1224,0.0122,0.284,0.0382,0.2143,0.0338,0.7799,0.0134,0.1486,0.0048,0.398,0.0292,7
memory_only_belief_tracking,nominal,bin_sorting,goal_specification_changed,0.5289,0.04,0.361,0.0083,0.2674,0.0121,0.1293,0.0139,0.0731,0.0156,0.0561,0.0208,0.2364,0.0343,0.2041,0.0351,0.7092,0.0146,0.1405,0.0034,0.3248,0.0403,7
memory_only_belief_tracking,nominal,bin_sorting,human_temporary_obstruction,0.5289,0.0578,0.3571,0.0106,0.2687,0.0169,0.085,0.0119,0.0442,0.0232,0.1037,0.0214,0.2381,0.0429,0.1973,0.0254,0.7083,0.0085,0.1488,0.0088,0.3061,0.0526,7
memory_only_belief_tracking,nominal,bin_sorting,object_moved,0.5459,0.0451,0.3439,0.0107,0.2655,0.0104,0.1241,0.0435,0.0595,0.0102,0.0833,0.0204,0.2364,0.0236,0.2347,0.0268,0.6779,0.01,0.1469,0.0052,0.2738,0.0558,7
memory_only_belief_tracking,nominal,bin_sorting,object_removed,0.5221,0.0271,0.3507,0.0134,0.2707,0.0103,0.1361,0.0249,0.0714,0.0216,0.0629,0.015,0.2041,0.0365,0.1786,0.0401,0.7279,0.0129,0.1482,0.0043,0.3248,0.0304,7
memory_only_belief_tracking,nominal,bin_sorting,substitute_goal_available,0.4932,0.0521,0.3545,0.0102,0.262,0.0075,0.1412,0.0372,0.0782,0.019,0.0884,0.0175,0.2585,0.0333,0.2228,0.0304,0.7129,0.0108,0.1484,0.0083,0.3299,0.0694,7
memory_only_belief_tracking,nominal,bin_sorting,visual_occlusion,0.568,0.0355,0.3542,0.0054,0.2665,0.0132,0.0646,0.0221,0.0391,0.0189,0.1344,0.0309,0.2398,0.0365,0.2466,0.046,0.7217,0.0095,0.1438,0.005,0.2602,0.0579,7
memory_only_belief_tracking,nominal,drawer_placement,cascading_disappearing_goal,0.4354,0.0441,0.35,0.0147,0.2696,0.0084,0.1497,0.0309,0.0986,0.0258,0.119,0.0322,0.2738,0.0314,0.1463,0.0383,0.8046,0.0067,0.1456,0.0081,0.3997,0.0536,7
memory_only_belief_tracking,nominal,drawer_placement,goal_specification_changed,0.4915,0.0355,0.3515,0.0127,0.2621,0.0089,0.1548,0.0297,0.0935,0.0213,0.0527,0.019,0.2466,0.0325,0.1786,0.0169,0.7297,0.0214,0.1475,0.0055,0.3231,0.0577,7
memory_only_belief_tracking,nominal,drawer_placement,human_temporary_obstruction,0.5476,0.0562,0.3477,0.0142,0.2593,0.0042,0.085,0.0285,0.0612,0.0213,0.1361,0.0243,0.2262,0.0429,0.216,0.0421,0.7165,0.0174,0.1517,0.0048,0.2976,0.0598,7
memory_only_belief_tracking,nominal,drawer_placement,object_moved,0.5102,0.0324,0.3613,0.007,0.2571,0.0111,0.1378,0.0221,0.0663,0.0152,0.0867,0.0132,0.2279,0.0316,0.1718,0.0168,0.6866,0.0113,0.1472,0.0037,0.3061,0.0291,7
memory_only_belief_tracking,nominal,drawer_placement,object_removed,0.5,0.0233,0.3527,0.0063,0.2614,0.0135,0.1412,0.0276,0.0884,0.0196,0.085,0.0252,0.25,0.0404,0.1854,0.0287,0.753,0.0158,0.1453,0.0039,0.3061,0.0344,7
memory_only_belief_tracking,nominal,drawer_placement,substitute_goal_available,0.5085,0.0449,0.3562,0.0046,0.2747,0.0094,0.1548,0.0249,0.0612,0.0246,0.085,0.032,0.2194,0.0243,0.1854,0.0269,0.7204,0.0149,0.146,0.0084,0.3265,0.0407,7
memory_only_belief_tracking,nominal,drawer_placement,visual_occlusion,0.5765,0.0477,0.3429,0.0066,0.2743,0.0129,0.0901,0.0243,0.0493,0.0193,0.085,0.0252,0.2109,0.0313,0.1837,0.0337,0.716,0.0144,0.1531,0.0049,0.2704,0.0661,7
memory_only_belief_tracking,nominal,mobile_pick_and_place,cascading_disappearing_goal,0.4813,0.0438,0.3475,0.0052,0.2712,0.0109,0.1565,0.0433,0.1156,0.0348,0.1412,0.0347,0.2517,0.0267,0.1633,0.0413,0.8043,0.0113,0.1447,0.0042,0.3146,0.0536,7
memory_only_belief_tracking,nominal,mobile_pick_and_place,goal_specification_changed,0.4354,0.0587,0.3466,0.0084,0.2732,0.0132,0.1514,0.0291,0.0935,0.0252,0.0731,0.0219,0.2415,0.0195,0.1803,0.0267,0.7184,0.0179,0.1411,0.0068,0.4116,0.0849,7
memory_only_belief_tracking,nominal,mobile_pick_and_place,human_temporary_obstruction,0.4898,0.0372,0.353,0.0098,0.2765,0.0097,0.0969,0.0236,0.0697,0.0252,0.119,0.0249,0.2347,0.0403,0.199,0.0329,0.7258,0.0132,0.1498,0.0054,0.335,0.061,7
memory_only_belief_tracking,nominal,mobile_pick_and_place,object_moved,0.5272,0.0304,0.3542,0.0059,0.2616,0.0097,0.0986,0.0273,0.0816,0.0172,0.102,0.0329,0.2449,0.0419,0.2075,0.0449,0.6914,0.0178,0.1444,0.0044,0.2942,0.0355,7
memory_only_belief_tracking,nominal,mobile_pick_and_place,object_removed,0.4626,0.0451,0.353,0.0123,0.269,0.011,0.1395,0.022,0.0799,0.0208,0.068,0.0132,0.2058,0.0359,0.1599,0.0407,0.7445,0.0112,0.1456,0.0033,0.3605,0.0317,7
memory_only_belief_tracking,nominal,mobile_pick_and_place,substitute_goal_available,0.4728,0.0443,0.3447,0.0129,0.2624,0.0132,0.1071,0.0204,0.0731,0.0299,0.0833,0.0216,0.216,0.0362,0.182,0.0406,0.7273,0.0161,0.1414,0.0066,0.3435,0.0415,7
memory_only_belief_tracking,nominal,mobile_pick_and_place,visual_occlusion,0.551,0.037,0.3512,0.0116,0.2698,0.0081,0.0748,0.0189,0.0544,0.0069,0.1327,0.0139,0.2466,0.038,0.2194,0.0397,0.7292,0.0159,0.146,0.0073,0.2908,0.0407,7
memory_only_belief_tracking,nominal,shelf_retrieval,cascading_disappearing_goal,0.4507,0.052,0.3411,0.0117,0.2663,0.0111,0.165,0.018,0.1122,0.0196,0.1241,0.0345,0.2585,0.0434,0.1888,0.0324,0.7865,0.0122,0.1411,0.0095,0.3605,0.0625,7
memory_only_belief_tracking,nominal,shelf_retrieval,goal_specification_changed,0.5017,0.0328,0.3565,0.0121,0.2612,0.0083,0.1207,0.0213,0.0629,0.0263,0.0714,0.0326,0.2993,0.0588,0.2126,0.0213,0.7178,0.0147,0.1484,0.0032,0.3384,0.0504,7
memory_only_belief_tracking,nominal,shelf_retrieval,human_temporary_obstruction,0.5408,0.0511,0.3444,0.007,0.2647,0.0121,0.1003,0.0227,0.0782,0.0337,0.1224,0.0325,0.2398,0.0415,0.2296,0.0443,0.7157,0.0154,0.1486,0.0048,0.3044,0.0652,7
memory_only_belief_tracking,nominal,shelf_retrieval,object_moved,0.5408,0.0152,0.3507,0.0083,0.2619,0.0071,0.1259,0.0333,0.068,0.0263,0.1088,0.0372,0.216,0.029,0.1956,0.0309,0.6908,0.0136,0.1474,0.0089,0.3027,0.0337,7
memory_only_belief_tracking,nominal,shelf_retrieval,object_removed,0.5204,0.0578,0.3442,0.0076,0.272,0.0106,0.1548,0.0255,0.0867,0.0195,0.0867,0.0159,0.2415,0.0232,0.2109,0.0431,0.7409,0.01,0.1433,0.0041,0.3214,0.0567,7
memory_only_belief_tracking,nominal,shelf_retrieval,substitute_goal_available,0.4745,0.0276,0.3455,0.0101,0.2624,0.0149,0.1054,0.0206,0.0799,0.0111,0.1003,0.0381,0.2398,0.0257,0.2262,0.0239,0.7133,0.0094,0.1395,0.0037,0.3707,0.0487,7
memory_only_belief_tracking,nominal,shelf_retrieval,visual_occlusion,0.5408,0.0313,0.3496,0.0124,0.2706,0.0131,0.0731,0.0172,0.051,0.0174,0.1259,0.0152,0.2483,0.0262,0.2143,0.0244,0.7217,0.0137,0.1437,0.0067,0.2908,0.0363,7
memory_only_belief_tracking,nominal,tool_handoff,cascading_disappearing_goal,0.4116,0.0203,0.355,0.0115,0.2692,0.008,0.1718,0.0485,0.1054,0.0187,0.102,0.0209,0.233,0.0363,0.1786,0.0239,0.8262,0.0045,0.1448,0.0059,0.4031,0.0285,7
memory_only_belief_tracking,nominal,tool_handoff,goal_specification_changed,0.466,0.0471,0.3426,0.0099,0.2664,0.0094,0.1293,0.0236,0.1071,0.0216,0.0833,0.0197,0.2483,0.0241,0.2058,0.0413,0.7415,0.0116,0.1442,0.0047,0.3418,0.0524,7
memory_only_belief_tracking,nominal,tool_handoff,human_temporary_obstruction,0.5289,0.0274,0.3492,0.0117,0.2673,0.0093,0.102,0.0203,0.0816,0.0187,0.1378,0.0321,0.2415,0.0237,0.2126,0.0299,0.7193,0.0181,0.1495,0.0057,0.2874,0.0508,7
memory_only_belief_tracking,nominal,tool_handoff,object_moved,0.5136,0.0559,0.3578,0.0094,0.2657,0.0062,0.1293,0.0164,0.0918,0.0304,0.1105,0.04,0.2466,0.022,0.2279,0.0448,0.6988,0.0065,0.1463,0.0074,0.3214,0.0594,7
memory_only_belief_tracking,nominal,tool_handoff,object_removed,0.5374,0.0262,0.3508,0.0123,0.2723,0.0141,0.1684,0.0351,0.0952,0.0249,0.0663,0.0209,0.2313,0.0209,0.1871,0.0291,0.7489,0.0099,0.146,0.005,0.2772,0.0304,7
memory_only_belief_tracking,nominal,tool_handoff,substitute_goal_available,0.4711,0.0493,0.3473,0.0096,0.2643,0.0099,0.119,0.0297,0.1003,0.0243,0.0663,0.0175,0.2466,0.0443,0.2143,0.0334,0.738,0.0062,0.1507,0.0075,0.3656,0.061,7
memory_only_belief_tracking,nominal,tool_handoff,visual_occlusion,0.5255,0.0332,0.3521,0.0135,0.2699,0.0145,0.0918,0.0214,0.051,0.015,0.1156,0.03,0.2364,0.0213,0.2398,0.0528,0.7344,0.0145,0.1552,0.004,0.3163,0.0209,7
memory_only_belief_tracking,occlusion_heavy_shift,bin_sorting,cascading_disappearing_goal,0.3895,0.0291,0.2961,0.0123,0.2544,0.0072,0.2143,0.0322,0.1105,0.0141,0.1241,0.0233,0.1718,0.0562,0.1871,0.0237,0.886,0.0132,0.1534,0.0081,0.4456,0.037,7
memory_only_belief_tracking,occlusion_heavy_shift,bin_sorting,goal_specification_changed,0.4847,0.0519,0.2968,0.0086,0.2501,0.0147,0.1582,0.0443,0.0867,0.0296,0.0748,0.0317,0.182,0.0366,0.1684,0.0187,0.7759,0.0155,0.1436,0.0075,0.3486,0.0683,7
memory_only_belief_tracking,occlusion_heavy_shift,bin_sorting,human_temporary_obstruction,0.4779,0.0307,0.2967,0.0126,0.2516,0.0068,0.1071,0.0274,0.0697,0.0094,0.1412,0.0339,0.1531,0.0399,0.199,0.0208,0.7868,0.012,0.1485,0.0034,0.3759,0.0435,7
memory_only_belief_tracking,occlusion_heavy_shift,bin_sorting,object_moved,0.5051,0.0671,0.2894,0.012,0.2569,0.0109,0.1497,0.0274,0.0629,0.015,0.1259,0.0337,0.1701,0.0329,0.1973,0.0521,0.7511,0.015,0.1466,0.0033,0.3044,0.0758,7
memory_only_belief_tracking,occlusion_heavy_shift,bin_sorting,object_removed,0.4864,0.0257,0.2961,0.012,0.2598,0.0109,0.1735,0.0249,0.0969,0.0224,0.0748,0.0226,0.2075,0.0254,0.1667,0.0338,0.8132,0.0056,0.1463,0.0092,0.3384,0.037,7
memory_only_belief_tracking,occlusion_heavy_shift,bin_sorting,substitute_goal_available,0.5017,0.0505,0.2898,0.0132,0.2519,0.0109,0.1667,0.0169,0.0697,0.0187,0.085,0.0164,0.1752,0.0406,0.1803,0.0241,0.8068,0.0112,0.1423,0.004,0.3503,0.058,7
memory_only_belief_tracking,occlusion_heavy_shift,bin_sorting,visual_occlusion,0.4881,0.0453,0.2986,0.0073,0.252,0.0141,0.0884,0.0168,0.0663,0.0133,0.148,0.04,0.1786,0.0349,0.1956,0.0313,0.8063,0.0078,0.1497,0.0066,0.3248,0.046,7
memory_only_belief_tracking,occlusion_heavy_shift,drawer_placement,cascading_disappearing_goal,0.3197,0.0362,0.2939,0.0057,0.2471,0.0059,0.2058,0.0373,0.1122,0.0243,0.1514,0.0393,0.1871,0.0248,0.1735,0.0345,0.9266,0.0075,0.1488,0.0087,0.4932,0.04,7
memory_only_belief_tracking,occlusion_heavy_shift,drawer_placement,goal_specification_changed,0.432,0.0566,0.2989,0.0068,0.2496,0.0118,0.1599,0.0576,0.1037,0.0202,0.0663,0.0209,0.165,0.0402,0.1956,0.0301,0.7993,0.0189,0.1403,0.0065,0.3997,0.07,7
memory_only_belief_tracking,occlusion_heavy_shift,drawer_placement,human_temporary_obstruction,0.4966,0.058,0.2997,0.011,0.2503,0.0079,0.0935,0.0079,0.0952,0.0228,0.1582,0.0291,0.1735,0.0419,0.2007,0.0415,0.8206,0.0129,0.153,0.0064,0.3248,0.0536,7
memory_only_belief_tracking,occlusion_heavy_shift,drawer_placement,object_moved,0.449,0.0416,0.2924,0.0093,0.2498,0.0068,0.1429,0.0326,0.0714,0.021,0.1156,0.0202,0.1633,0.0232,0.1786,0.0314,0.7545,0.0228,0.1515,0.009,0.3469,0.0471,7
memory_only_belief_tracking,occlusion_heavy_shift,drawer_placement,object_removed,0.4575,0.0374,0.2885,0.0043,0.2648,0.009,0.1752,0.0189,0.1122,0.0221,0.1071,0.0216,0.1871,0.0214,0.2058,0.03,0.8134,0.0086,0.1443,0.0067,0.3673,0.0379,7
memory_only_belief_tracking,occlusion_heavy_shift,drawer_placement,substitute_goal_available,0.4405,0.0364,0.2955,0.0114,0.2464,0.0131,0.1803,0.0513,0.1122,0.0309,0.0748,0.0141,0.1973,0.0432,0.1854,0.0397,0.8106,0.0221,0.1518,0.0086,0.3878,0.0381,7
memory_only_belief_tracking,occlusion_heavy_shift,drawer_placement,visual_occlusion,0.5034,0.0159,0.3004,0.0143,0.2565,0.0078,0.1003,0.019,0.0578,0.0119,0.1735,0.0377,0.1905,0.0417,0.1803,0.0299,0.8305,0.0157,0.1541,0.0056,0.3282,0.0175,7
memory_only_belief_tracking,occlusion_heavy_shift,mobile_pick_and_place,cascading_disappearing_goal,0.3333,0.0222,0.2939,0.0137,0.2597,0.01,0.1973,0.0325,0.1497,0.0209,0.165,0.0276,0.2143,0.0297,0.2041,0.0418,0.9305,0.0114,0.1513,0.0088,0.4796,0.0214,7
memory_only_belief_tracking,occlusion_heavy_shift,mobile_pick_and_place,goal_specification_changed,0.4677,0.0641,0.2937,0.0081,0.258,0.009,0.1854,0.0296,0.1071,0.0191,0.0952,0.0204,0.1769,0.0299,0.1701,0.0309,0.7892,0.0141,0.1431,0.0081,0.352,0.0714,7
memory_only_belief_tracking,occlusion_heavy_shift,mobile_pick_and_place,human_temporary_obstruction,0.5153,0.0304,0.2995,0.004,0.2497,0.0122,0.0935,0.0236,0.1054,0.02,0.1769,0.0187,0.2007,0.0376,0.1888,0.0482,0.8287,0.0176,0.1511,0.0069,0.3095,0.0367,7
memory_only_belief_tracking,occlusion_heavy_shift,mobile_pick_and_place,object_moved,0.4218,0.0419,0.3034,0.0166,0.2456,0.0132,0.1497,0.0259,0.0816,0.0236,0.0969,0.0343,0.1633,0.0337,0.1633,0.0355,0.7699,0.0174,0.1446,0.0054,0.3861,0.0458,7
memory_only_belief_tracking,occlusion_heavy_shift,mobile_pick_and_place,object_removed,0.4779,0.049,0.2924,0.0087,0.2446,0.0105,0.1837,0.0233,0.1071,0.0184,0.0969,0.0164,0.1786,0.0388,0.182,0.0263,0.8243,0.0134,0.1466,0.006,0.3214,0.0553,7
memory_only_belief_tracking,occlusion_heavy_shift,mobile_pick_and_place,substitute_goal_available,0.4337,0.0301,0.2953,0.0107,0.2596,0.0113,0.1684,0.0156,0.0986,0.0263,0.1156,0.0237,0.1803,0.0294,0.1905,0.0216,0.8125,0.0141,0.1522,0.0076,0.3724,0.0573,7
memory_only_belief_tracking,occlusion_heavy_shift,mobile_pick_and_place,visual_occlusion,0.4898,0.0193,0.2867,0.01,0.2556,0.0103,0.119,0.0176,0.0612,0.0129,0.1701,0.0387,0.1905,0.0306,0.2398,0.0246,0.8299,0.0156,0.1507,0.0034,0.3282,0.0243,7
memory_only_belief_tracking,occlusion_heavy_shift,shelf_retrieval,cascading_disappearing_goal,0.3248,0.0309,0.2914,0.0125,0.2644,0.013,0.165,0.0351,0.1224,0.0258,0.1565,0.0276,0.1786,0.0228,0.1871,0.0167,0.9351,0.0154,0.1497,0.0055,0.483,0.0391,7
memory_only_belief_tracking,occlusion_heavy_shift,shelf_retrieval,goal_specification_changed,0.4422,0.0382,0.296,0.0119,0.256,0.0099,0.1633,0.0431,0.1054,0.0236,0.0714,0.0239,0.199,0.0406,0.1888,0.0484,0.7917,0.0112,0.1398,0.0057,0.3793,0.0316,7
memory_only_belief_tracking,occlusion_heavy_shift,shelf_retrieval,human_temporary_obstruction,0.4932,0.0582,0.2962,0.0086,0.2537,0.009,0.1105,0.0337,0.0901,0.0175,0.2007,0.0412,0.1582,0.04,0.1718,0.037,0.8306,0.0158,0.1527,0.0069,0.3333,0.0617,7
memory_only_belief_tracking,occlusion_heavy_shift,shelf_retrieval,object_moved,0.4626,0.0379,0.2897,0.0117,0.2536,0.0103,0.1786,0.0349,0.0714,0.0114,0.0833,0.0204,0.1361,0.0309,0.1871,0.0202,0.7664,0.0157,0.1501,0.0081,0.3793,0.0418,7
memory_only_belief_tracking,occlusion_heavy_shift,shelf_retrieval,object_removed,0.4677,0.0366,0.296,0.0124,0.2407,0.0133,0.1616,0.0264,0.1173,0.0312,0.0901,0.0329,0.199,0.0258,0.2007,0.0339,0.8267,0.0126,0.1424,0.0057,0.3724,0.0413,7
memory_only_belief_tracking,occlusion_heavy_shift,shelf_retrieval,substitute_goal_available,0.449,0.0521,0.2806,0.0114,0.2517,0.0076,0.1582,0.0263,0.0714,0.0444,0.1122,0.0309,0.2024,0.0197,0.165,0.0347,0.8059,0.0122,0.1492,0.0029,0.3912,0.0732,7
memory_only_belief_tracking,occlusion_heavy_shift,shelf_retrieval,visual_occlusion,0.466,0.0365,0.2909,0.01,0.2554,0.0104,0.085,0.023,0.068,0.022,0.1718,0.0168,0.1429,0.0265,0.2075,0.0407,0.8345,0.015,0.1553,0.0057,0.3469,0.0497,7
memory_only_belief_tracking,occlusion_heavy_shift,tool_handoff,cascading_disappearing_goal,0.3129,0.0431,0.2912,0.0136,0.2508,0.0085,0.2143,0.0288,0.1293,0.0294,0.1752,0.0309,0.1803,0.0476,0.148,0.0196,0.954,0.0152,0.1521,0.0032,0.4762,0.0509,7
memory_only_belief_tracking,occlusion_heavy_shift,tool_handoff,goal_specification_changed,0.4388,0.051,0.2841,0.0098,0.2589,0.0081,0.216,0.0339,0.102,0.0259,0.0833,0.0255,0.1837,0.0287,0.1871,0.0309,0.8078,0.0154,0.1397,0.0061,0.3895,0.0482,7
memory_only_belief_tracking,occlusion_heavy_shift,tool_handoff,human_temporary_obstruction,0.4592,0.0394,0.2843,0.0125,0.2466,0.0103,0.1276,0.0383,0.0969,0.0257,0.165,0.0281,0.1837,0.041,0.1854,0.0363,0.8488,0.0052,0.1482,0.0026,0.3639,0.0377,7
memory_only_belief_tracking,occlusion_heavy_shift,tool_handoff,object_moved,0.4677,0.0352,0.2946,0.0075,0.256,0.0103,0.1565,0.0362,0.0884,0.0183,0.1224,0.0159,0.1905,0.0301,0.1922,0.0457,0.7704,0.0149,0.1503,0.008,0.335,0.0267,7
memory_only_belief_tracking,occlusion_heavy_shift,tool_handoff,object_removed,0.449,0.022,0.3001,0.0092,0.2523,0.0092,0.1803,0.0372,0.1514,0.0317,0.1276,0.0141,0.165,0.0187,0.1531,0.0187,0.845,0.0135,0.1481,0.0084,0.3554,0.0421,7
memory_only_belief_tracking,occlusion_heavy_shift,tool_handoff,substitute_goal_available,0.415,0.0427,0.2894,0.0087,0.2586,0.0084,0.1497,0.0203,0.0986,0.0237,0.1054,0.0206,0.1939,0.037,0.2058,0.0373,0.8267,0.0156,0.1468,0.0073,0.3929,0.0589,7
memory_only_belief_tracking,occlusion_heavy_shift,tool_handoff,visual_occlusion,0.4983,0.0312,0.2971,0.012,0.2513,0.0129,0.0952,0.0239,0.0544,0.0112,0.1701,0.0237,0.1701,0.0174,0.2024,0.0322,0.8514,0.0143,0.1529,0.0043,0.2925,0.0317,7
memory_only_belief_tracking,physical_removal_shift,bin_sorting,cascading_disappearing_goal,0.3299,0.044,0.2954,0.0096,0.2345,0.0077,0.1939,0.0253,0.148,0.0333,0.1497,0.0168,0.2075,0.0441,0.148,0.0209,0.8993,0.0161,0.149,0.0076,0.5102,0.0376,7
memory_only_belief_tracking,physical_removal_shift,bin_sorting,goal_specification_changed,0.415,0.0336,0.2976,0.0111,0.2289,0.007,0.1939,0.0189,0.0884,0.0254,0.0663,0.01,0.2228,0.0268,0.1769,0.0376,0.8026,0.019,0.1436,0.0051,0.4524,0.0464,7
memory_only_belief_tracking,physical_removal_shift,bin_sorting,human_temporary_obstruction,0.4915,0.0449,0.2928,0.0153,0.2344,0.0144,0.1003,0.0259,0.0986,0.0122,0.1463,0.0214,0.182,0.0263,0.1854,0.0249,0.7755,0.0146,0.1569,0.0056,0.3316,0.0457,7
memory_only_belief_tracking,physical_removal_shift,bin_sorting,object_moved,0.4966,0.041,0.3034,0.0102,0.2371,0.0138,0.1667,0.0222,0.0884,0.0349,0.0969,0.0206,0.2092,0.0305,0.1854,0.0233,0.7402,0.0072,0.1452,0.0039,0.3095,0.0656,7
memory_only_belief_tracking,physical_removal_shift,bin_sorting,object_removed,0.4252,0.0434,0.2912,0.0125,0.2346,0.0172,0.1888,0.0336,0.1429,0.0239,0.0867,0.0237,0.2092,0.0356,0.165,0.0324,0.8443,0.012,0.1425,0.0094,0.3895,0.0677,7
memory_only_belief_tracking,physical_removal_shift,bin_sorting,substitute_goal_available,0.4133,0.0355,0.2862,0.0109,0.2331,0.01,0.1616,0.0243,0.0918,0.0214,0.0816,0.0187,0.2262,0.026,0.1378,0.0381,0.8151,0.015,0.1496,0.008,0.3759,0.0548,7
memory_only_belief_tracking,physical_removal_shift,bin_sorting,visual_occlusion,0.5255,0.0415,0.2942,0.0125,0.233,0.0118,0.1156,0.0428,0.0442,0.0111,0.165,0.018,0.182,0.0226,0.1599,0.0278,0.7692,0.0193,0.1528,0.0053,0.2976,0.0432,7
memory_only_belief_tracking,physical_removal_shift,drawer_placement,cascading_disappearing_goal,0.3078,0.0351,0.2862,0.0061,0.2336,0.0116,0.2449,0.0183,0.1446,0.0303,0.1429,0.033,0.1837,0.0278,0.1514,0.0214,0.9463,0.0153,0.1424,0.0055,0.4779,0.0351,7
memory_only_belief_tracking,physical_removal_shift,drawer_placement,goal_specification_changed,0.4167,0.0656,0.2982,0.0091,0.2321,0.0087,0.2092,0.0407,0.1037,0.0258,0.0765,0.016,0.1956,0.0287,0.148,0.0264,0.8374,0.0162,0.1471,0.007,0.3912,0.0839,7
memory_only_belief_tracking,physical_removal_shift,drawer_placement,human_temporary_obstruction,0.4847,0.0321,0.2903,0.0103,0.2329,0.0095,0.1446,0.0393,0.1071,0.0176,0.1514,0.0416,0.2483,0.0262,0.1837,0.0254,0.7995,0.0188,0.1492,0.0057,0.3503,0.0438,7
memory_only_belief_tracking,physical_removal_shift,drawer_placement,object_moved,0.4762,0.0322,0.2907,0.0074,0.2307,0.0122,0.1633,0.0263,0.1088,0.0271,0.102,0.0274,0.2041,0.0559,0.1939,0.0449,0.7558,0.0163,0.1422,0.0045,0.3231,0.0393,7
memory_only_belief_tracking,physical_removal_shift,drawer_placement,object_removed,0.4048,0.0417,0.3015,0.0093,0.229,0.015,0.199,0.0226,0.1139,0.0264,0.102,0.0233,0.2058,0.0263,0.1565,0.0271,0.8764,0.0141,0.1494,0.0066,0.3878,0.0325,7
memory_only_belief_tracking,physical_removal_shift,drawer_placement,substitute_goal_available,0.4099,0.0438,0.2915,0.013,0.2279,0.0171,0.1769,0.0224,0.1003,0.0249,0.1259,0.0243,0.2007,0.0415,0.1463,0.0208,0.839,0.0166,0.1469,0.005,0.4133,0.0506,7
memory_only_belief_tracking,physical_removal_shift,drawer_placement,visual_occlusion,0.5289,0.0292,0.2919,0.0077,0.2363,0.0096,0.0901,0.0238,0.0595,0.0197,0.1803,0.0324,0.199,0.0182,0.1803,0.0213,0.7982,0.0162,0.1461,0.003,0.2789,0.0461,7
memory_only_belief_tracking,physical_removal_shift,mobile_pick_and_place,cascading_disappearing_goal,0.2942,0.0434,0.2933,0.0082,0.2264,0.0126,0.2551,0.0356,0.1378,0.0321,0.1207,0.0252,0.1854,0.0352,0.1344,0.0393,0.9407,0.0145,0.1498,0.0063,0.4711,0.0435,7
memory_only_belief_tracking,physical_removal_shift,mobile_pick_and_place,goal_specification_changed,0.3997,0.0296,0.2915,0.0157,0.2355,0.0105,0.2092,0.0264,0.1207,0.0332,0.0799,0.0248,0.2041,0.0271,0.1412,0.0307,0.836,0.0153,0.1488,0.0054,0.3997,0.048,7
memory_only_belief_tracking,physical_removal_shift,mobile_pick_and_place,human_temporary_obstruction,0.4694,0.0374,0.2955,0.0088,0.2337,0.0071,0.1088,0.0213,0.0867,0.0189,0.1463,0.0232,0.1973,0.037,0.1973,0.0274,0.7945,0.0167,0.156,0.0076,0.3588,0.0635,7
memory_only_belief_tracking,physical_removal_shift,mobile_pick_and_place,object_moved,0.4626,0.0487,0.2935,0.0142,0.233,0.008,0.1871,0.0202,0.0969,0.0257,0.1071,0.0191,0.2143,0.0326,0.1616,0.0413,0.7453,0.0211,0.1478,0.0054,0.335,0.0497,7
memory_only_belief_tracking,physical_removal_shift,mobile_pick_and_place,object_removed,0.3997,0.0617,0.285,0.0074,0.2311,0.0102,0.2041,0.0246,0.1293,0.0409,0.0578,0.0246,0.2177,0.0344,0.1752,0.0263,0.8516,0.0125,0.1501,0.004,0.4048,0.0767,7
memory_only_belief_tracking,physical_removal_shift,mobile_pick_and_place,substitute_goal_available,0.4575,0.0296,0.2945,0.0088,0.242,0.0115,0.2058,0.0226,0.0952,0.0169,0.1054,0.0316,0.2143,0.031,0.1463,0.0366,0.8243,0.0081,0.1495,0.0059,0.3469,0.0597,7
memory_only_belief_tracking,physical_removal_shift,mobile_pick_and_place,visual_occlusion,0.4881,0.0249,0.2819,0.0082,0.2304,0.0073,0.0969,0.0316,0.0578,0.0164,0.1701,0.0309,0.2109,0.0452,0.1446,0.0267,0.7965,0.0127,0.1521,0.0075,0.3333,0.0501,7
memory_only_belief_tracking,physical_removal_shift,shelf_retrieval,cascading_disappearing_goal,0.3146,0.0196,0.297,0.0094,0.2367,0.0112,0.267,0.0329,0.1395,0.0226,0.165,0.0386,0.2177,0.0111,0.165,0.0252,0.9408,0.0177,0.1577,0.0058,0.5085,0.0355,7
memory_only_belief_tracking,physical_removal_shift,shelf_retrieval,goal_specification_changed,0.4048,0.0488,0.2881,0.009,0.2307,0.0129,0.1939,0.0132,0.0816,0.0213,0.0952,0.0153,0.2041,0.0379,0.1684,0.0347,0.8279,0.011,0.1465,0.0057,0.4337,0.0944,7
memory_only_belief_tracking,physical_removal_shift,shelf_retrieval,human_temporary_obstruction,0.5017,0.0164,0.2949,0.0107,0.2309,0.0055,0.0918,0.0214,0.0901,0.0254,0.1599,0.0152,0.199,0.0309,0.1905,0.0288,0.793,0.0181,0.1523,0.0064,0.3282,0.0333,7
memory_only_belief_tracking,physical_removal_shift,shelf_retrieval,object_moved,0.4354,0.0367,0.3009,0.006,0.235,0.0131,0.148,0.0287,0.0935,0.0362,0.0833,0.0306,0.199,0.0469,0.1497,0.0381,0.7648,0.0106,0.1434,0.0047,0.4031,0.0528,7
memory_only_belief_tracking,physical_removal_shift,shelf_retrieval,object_removed,0.4252,0.0469,0.2936,0.0112,0.2285,0.0087,0.1837,0.0175,0.1514,0.0253,0.0867,0.0208,0.2024,0.0144,0.1293,0.0252,0.8531,0.0082,0.1477,0.0056,0.3895,0.0359,7
memory_only_belief_tracking,physical_removal_shift,shelf_retrieval,substitute_goal_available,0.4048,0.0378,0.2922,0.0064,0.2329,0.0111,0.165,0.0303,0.0816,0.0193,0.1344,0.0132,0.2364,0.0351,0.1531,0.0276,0.8287,0.0138,0.1463,0.0047,0.4235,0.0609,7
memory_only_belief_tracking,physical_removal_shift,shelf_retrieval,visual_occlusion,0.5051,0.0407,0.2925,0.012,0.2324,0.0075,0.0986,0.0195,0.0544,0.0238,0.1752,0.0253,0.2024,0.0441,0.1633,0.0189,0.8157,0.0168,0.1546,0.0034,0.3197,0.0343,7
memory_only_belief_tracking,physical_removal_shift,tool_handoff,cascading_disappearing_goal,0.2891,0.0488,0.295,0.0146,0.2305,0.0055,0.2619,0.0394,0.1752,0.0317,0.1395,0.0317,0.2109,0.0282,0.1446,0.0219,0.9789,0.0158,0.1486,0.0084,0.4898,0.0737,7
memory_only_belief_tracking,physical_removal_shift,tool_handoff,goal_specification_changed,0.398,0.055,0.2941,0.0146,0.2317,0.0129,0.2126,0.0354,0.1241,0.0238,0.0918,0.0321,0.1888,0.0424,0.1446,0.018,0.8528,0.0129,0.145,0.0101,0.398,0.0301,7
memory_only_belief_tracking,physical_removal_shift,tool_handoff,human_temporary_obstruction,0.4949,0.0352,0.2976,0.0079,0.2316,0.0071,0.1276,0.0189,0.1088,0.0332,0.1327,0.0246,0.1599,0.0337,0.1769,0.0257,0.8102,0.0155,0.1506,0.0059,0.3061,0.0503,7
memory_only_belief_tracking,physical_removal_shift,tool_handoff,object_moved,0.4337,0.0541,0.2902,0.0077,0.2351,0.013,0.1854,0.0227,0.0935,0.0219,0.1003,0.0233,0.1854,0.036,0.1769,0.0379,0.7753,0.0117,0.1488,0.004,0.3741,0.0609,7
memory_only_belief_tracking,physical_removal_shift,tool_handoff,object_removed,0.415,0.0513,0.288,0.0112,0.2363,0.0132,0.2194,0.0438,0.1003,0.0278,0.0935,0.0271,0.2228,0.0243,0.1224,0.0258,0.8987,0.0169,0.144,0.0065,0.3878,0.0521,7
memory_only_belief_tracking,physical_removal_shift,tool_handoff,substitute_goal_available,0.4133,0.0431,0.295,0.007,0.2412,0.0074,0.1803,0.0421,0.1003,0.0183,0.1173,0.0316,0.1888,0.0399,0.1497,0.0233,0.8455,0.0203,0.1457,0.0045,0.3741,0.0499,7
memory_only_belief_tracking,physical_removal_shift,tool_handoff,visual_occlusion,0.4711,0.0269,0.2872,0.0111,0.2397,0.0112,0.119,0.0161,0.0612,0.0193,0.1786,0.0322,0.2279,0.0457,0.1769,0.02,0.808,0.0095,0.1522,0.0082,0.3418,0.0366,7
oracle_goal_state_supervisor,combined_disappearance_stress,bin_sorting,cascading_disappearing_goal,0.8197,0.0257,0.7091,0.018,0.6465,0.0057,0.0459,0.0119,0.0204,0.0132,0.0153,0.0084,0.4269,0.0568,0.5595,0.0472,0.6327,0.0071,0.2709,0.007,0.0,0.0,7
oracle_goal_state_supervisor,combined_disappearance_stress,bin_sorting,goal_specification_changed,0.8214,0.0314,0.716,0.0058,0.6389,0.0058,0.0289,0.0143,0.0068,0.0086,0.0068,0.0086,0.5119,0.0401,0.5442,0.0263,0.5308,0.014,0.262,0.0035,0.0,0.0,7
oracle_goal_state_supervisor,combined_disappearance_stress,bin_sorting,human_temporary_obstruction,0.8129,0.0359,0.7067,0.0091,0.6466,0.0113,0.0323,0.0111,0.0221,0.0139,0.0136,0.0061,0.4864,0.0588,0.5799,0.0189,0.5192,0.0093,0.2595,0.0055,0.0,0.0,7
oracle_goal_state_supervisor,combined_disappearance_stress,bin_sorting,object_moved,0.7993,0.0376,0.7096,0.008,0.6407,0.0081,0.0374,0.0213,0.0085,0.0098,0.0085,0.0098,0.5323,0.0521,0.5867,0.0422,0.4741,0.0132,0.2643,0.0067,0.0,0.0,7
oracle_goal_state_supervisor,combined_disappearance_stress,bin_sorting,object_removed,0.8282,0.0215,0.7163,0.011,0.645,0.0129,0.0221,0.0094,0.0119,0.0169,0.0153,0.0132,0.4898,0.0139,0.5408,0.016,0.5586,0.0133,0.2593,0.0034,0.0,0.0,7
oracle_goal_state_supervisor,combined_disappearance_stress,bin_sorting,substitute_goal_available,0.8214,0.0244,0.7044,0.0119,0.6398,0.0106,0.0272,0.0189,0.0051,0.0069,0.0034,0.0043,0.4949,0.0567,0.5476,0.0391,0.5356,0.0098,0.2676,0.0037,0.0,0.0,7
oracle_goal_state_supervisor,combined_disappearance_stress,bin_sorting,visual_occlusion,0.8333,0.0244,0.7052,0.0062,0.6418,0.0131,0.0323,0.0141,0.0119,0.0072,0.0187,0.01,0.5136,0.0224,0.6327,0.0236,0.5207,0.0152,0.2656,0.007,0.0,0.0,7
oracle_goal_state_supervisor,combined_disappearance_stress,drawer_placement,cascading_disappearing_goal,0.7806,0.0435,0.7069,0.0116,0.6498,0.0089,0.051,0.015,0.0255,0.0164,0.0136,0.0129,0.4983,0.0303,0.5374,0.0262,0.7042,0.0104,0.2641,0.0092,0.0,0.0,7
oracle_goal_state_supervisor,combined_disappearance_stress,drawer_placement,goal_specification_changed,0.7721,0.0271,0.7122,0.0129,0.6431,0.0053,0.0408,0.0086,0.0119,0.0125,0.0085,0.0132,0.4524,0.0161,0.5374,0.0354,0.5488,0.0165,0.2647,0.0063,0.0,0.0,7
oracle_goal_state_supervisor,combined_disappearance_stress,drawer_placement,human_temporary_obstruction,0.8061,0.0321,0.7124,0.0069,0.645,0.0079,0.0289,0.0086,0.0153,0.0159,0.0255,0.0156,0.5204,0.046,0.5935,0.0336,0.5315,0.0066,0.2604,0.0059,0.0,0.0,7
oracle_goal_state_supervisor,combined_disappearance_stress,drawer_placement,object_moved,0.8214,0.0314,0.7104,0.0088,0.6428,0.0053,0.0221,0.0079,0.0119,0.0102,0.0085,0.0067,0.4677,0.0621,0.5952,0.042,0.4892,0.0122,0.2584,0.0064,0.0,0.0,7
oracle_goal_state_supervisor,combined_disappearance_stress,drawer_placement,object_removed,0.7891,0.0195,0.707,0.0189,0.6469,0.0127,0.0391,0.0202,0.0187,0.0152,0.0051,0.0047,0.5272,0.0313,0.5476,0.0475,0.6001,0.0185,0.2661,0.0057,0.0,0.0,7
oracle_goal_state_supervisor,combined_disappearance_stress,drawer_placement,substitute_goal_available,0.8095,0.0326,0.699,0.0046,0.6462,0.008,0.0374,0.0129,0.0187,0.0152,0.0085,0.0067,0.4915,0.0571,0.5595,0.0519,0.555,0.0125,0.2682,0.0065,0.0,0.0,7
oracle_goal_state_supervisor,combined_disappearance_stress,drawer_placement,visual_occlusion,0.7908,0.0221,0.7053,0.0184,0.6481,0.0085,0.0272,0.0141,0.0102,0.0107,0.0102,0.0079,0.4932,0.0301,0.6105,0.0562,0.5482,0.0064,0.2666,0.0057,0.0,0.0,7
oracle_goal_state_supervisor,combined_disappearance_stress,mobile_pick_and_place,cascading_disappearing_goal,0.7619,0.0356,0.7158,0.0111,0.6443,0.007,0.0374,0.0193,0.0221,0.0094,0.0272,0.015,0.5459,0.0554,0.5493,0.0505,0.6894,0.0122,0.2707,0.0086,0.0,0.0,7
oracle_goal_state_supervisor,combined_disappearance_stress,mobile_pick_and_place,goal_specification_changed,0.835,0.0336,0.7112,0.0113,0.6484,0.0047,0.0391,0.0214,0.0085,0.0067,0.0,0.0,0.466,0.0307,0.5986,0.046,0.56,0.0135,0.2611,0.0055,0.0,0.0,7
oracle_goal_state_supervisor,combined_disappearance_stress,mobile_pick_and_place,human_temporary_obstruction,0.7976,0.0255,0.7127,0.0086,0.6445,0.01,0.0221,0.0094,0.0068,0.0069,0.0221,0.0094,0.4626,0.0831,0.5731,0.0427,0.5421,0.0061,0.2631,0.0059,0.0,0.0,7
oracle_goal_state_supervisor,combined_disappearance_stress,mobile_pick_and_place,object_moved,0.8265,0.0321,0.7105,0.0073,0.6482,0.0113,0.0425,0.0112,0.0221,0.0061,0.0085,0.0132,0.5051,0.0466,0.5748,0.0253,0.4934,0.0193,0.2667,0.0074,0.0,0.0,7
oracle_goal_state_supervisor,combined_disappearance_stress,mobile_pick_and_place,object_removed,0.7738,0.0306,0.7093,0.0059,0.638,0.0142,0.0425,0.0133,0.0238,0.0114,0.0017,0.0033,0.4558,0.0545,0.5323,0.0503,0.599,0.0131,0.2662,0.003,0.0,0.0,7
oracle_goal_state_supervisor,combined_disappearance_stress,mobile_pick_and_place,substitute_goal_available,0.7993,0.0347,0.7117,0.018,0.6482,0.0091,0.0425,0.0133,0.0068,0.0069,0.0136,0.0129,0.5119,0.0417,0.585,0.0285,0.5636,0.0122,0.2716,0.0068,0.0,0.0,7
oracle_goal_state_supervisor,combined_disappearance_stress,mobile_pick_and_place,visual_occlusion,0.8146,0.0243,0.7044,0.0092,0.6417,0.0088,0.0289,0.0112,0.0051,0.0069,0.0204,0.0159,0.5119,0.0338,0.6037,0.0455,0.5544,0.0137,0.2616,0.0047,0.0,0.0,7
oracle_goal_state_supervisor,combined_disappearance_stress,shelf_retrieval,cascading_disappearing_goal,0.8027,0.0203,0.714,0.0069,0.6468,0.008,0.0408,0.0233,0.0119,0.0102,0.0119,0.0102,0.5034,0.0208,0.5391,0.038,0.6949,0.0107,0.2637,0.0081,0.0,0.0,7
oracle_goal_state_supervisor,combined_disappearance_stress,shelf_retrieval,goal_specification_changed,0.7942,0.0373,0.7023,0.0132,0.6456,0.0103,0.0323,0.015,0.0153,0.0159,0.0068,0.0047,0.4932,0.0562,0.5544,0.0356,0.5416,0.0245,0.259,0.0064,0.0,0.0,7
oracle_goal_state_supervisor,combined_disappearance_stress,shelf_retrieval,human_temporary_obstruction,0.8129,0.0416,0.7067,0.0122,0.6403,0.0123,0.0187,0.0069,0.0102,0.0079,0.0102,0.0094,0.5204,0.0263,0.6088,0.0257,0.5504,0.0156,0.2648,0.0068,0.0,0.0,7
oracle_goal_state_supervisor,combined_disappearance_stress,shelf_retrieval,object_moved,0.8146,0.0345,0.7143,0.0081,0.6467,0.0081,0.0357,0.0216,0.0068,0.0069,0.0017,0.0033,0.4626,0.0365,0.551,0.0329,0.4825,0.0108,0.2608,0.0059,0.0,0.0,7
oracle_goal_state_supervisor,combined_disappearance_stress,shelf_retrieval,object_removed,0.8044,0.0292,0.7059,0.0098,0.6507,0.0115,0.0391,0.0141,0.0204,0.0084,0.0068,0.01,0.4915,0.0373,0.5476,0.0572,0.585,0.0106,0.2688,0.003,0.0,0.0,7
oracle_goal_state_supervisor,combined_disappearance_stress,shelf_retrieval,substitute_goal_available,0.7874,0.0252,0.6988,0.0106,0.6424,0.011,0.0323,0.0098,0.0102,0.0129,0.0136,0.0107,0.4915,0.0425,0.5935,0.0351,0.5577,0.0091,0.2651,0.0072,0.0,0.0,7
oracle_goal_state_supervisor,combined_disappearance_stress,shelf_retrieval,visual_occlusion,0.7959,0.0379,0.712,0.0079,0.6435,0.0089,0.034,0.0156,0.0068,0.0069,0.0136,0.0107,0.5051,0.0374,0.5799,0.0393,0.5642,0.008,0.2667,0.0084,0.0,0.0,7
oracle_goal_state_supervisor,combined_disappearance_stress,tool_handoff,cascading_disappearing_goal,0.7466,0.0377,0.713,0.0025,0.6397,0.011,0.0323,0.0111,0.0136,0.0107,0.0085,0.0043,0.4864,0.0257,0.4898,0.0332,0.7362,0.0092,0.2715,0.0042,0.0,0.0,7
oracle_goal_state_supervisor,combined_disappearance_stress,tool_handoff,goal_specification_changed,0.801,0.0425,0.7094,0.0136,0.6392,0.0092,0.0493,0.0246,0.0034,0.0043,0.0085,0.0098,0.4966,0.0552,0.4949,0.0548,0.5713,0.0143,0.2649,0.0065,0.0,0.0,7
oracle_goal_state_supervisor,combined_disappearance_stress,tool_handoff,human_temporary_obstruction,0.8214,0.0398,0.7149,0.0075,0.6487,0.0136,0.034,0.0148,0.0085,0.0098,0.0153,0.0098,0.4779,0.0445,0.5867,0.0333,0.5631,0.0175,0.2653,0.0043,0.0,0.0,7
oracle_goal_state_supervisor,combined_disappearance_stress,tool_handoff,object_moved,0.8044,0.0413,0.7156,0.0119,0.6383,0.0093,0.034,0.0129,0.0136,0.0129,0.0051,0.0069,0.5136,0.0299,0.568,0.038,0.5013,0.0083,0.2635,0.0033,0.0,0.0,7
oracle_goal_state_supervisor,combined_disappearance_stress,tool_handoff,object_removed,0.7891,0.0425,0.7172,0.0106,0.6521,0.0128,0.034,0.0129,0.0238,0.0176,0.0017,0.0033,0.5238,0.0572,0.585,0.029,0.6242,0.0143,0.2636,0.0056,0.0,0.0,7
oracle_goal_state_supervisor,combined_disappearance_stress,tool_handoff,substitute_goal_available,0.7891,0.0258,0.7082,0.0143,0.6444,0.0069,0.0442,0.0174,0.0119,0.0072,0.0017,0.0033,0.5272,0.0508,0.5629,0.0511,0.5823,0.0234,0.2604,0.0036,0.0,0.0,7
oracle_goal_state_supervisor,combined_disappearance_stress,tool_handoff,visual_occlusion,0.835,0.0376,0.7109,0.0062,0.6398,0.0129,0.0255,0.0187,0.0051,0.0047,0.0136,0.0079,0.4728,0.0425,0.5408,0.0345,0.5739,0.0148,0.2637,0.0057,0.0,0.0,7
oracle_goal_state_supervisor,delayed_reappearance,bin_sorting,cascading_disappearing_goal,0.8282,0.0249,0.748,0.0059,0.6727,0.0099,0.0425,0.0143,0.0187,0.01,0.0102,0.0061,0.5153,0.0477,0.602,0.0264,0.6072,0.0201,0.2665,0.0063,0.0,0.0,7
oracle_goal_state_supervisor,delayed_reappearance,bin_sorting,goal_specification_changed,0.7925,0.0152,0.7434,0.013,0.6653,0.017,0.0408,0.0143,0.0085,0.0067,0.0017,0.0033,0.5221,0.0448,0.5748,0.0309,0.5073,0.0114,0.2634,0.0046,0.0,0.0,7
oracle_goal_state_supervisor,delayed_reappearance,bin_sorting,human_temporary_obstruction,0.8231,0.0299,0.7411,0.006,0.6731,0.0151,0.0357,0.0169,0.017,0.0123,0.0136,0.0139,0.4796,0.0566,0.5901,0.0449,0.5051,0.0155,0.266,0.0038,0.0,0.0,7
oracle_goal_state_supervisor,delayed_reappearance,bin_sorting,object_moved,0.8129,0.0214,0.7389,0.0087,0.6724,0.0087,0.0374,0.0139,0.0085,0.0098,0.0017,0.0033,0.534,0.0389,0.6105,0.0536,0.4562,0.0088,0.2597,0.0049,0.0,0.0,7
oracle_goal_state_supervisor,delayed_reappearance,bin_sorting,object_removed,0.8384,0.0301,0.7395,0.009,0.6685,0.0092,0.0323,0.0122,0.0187,0.0047,0.0068,0.0069,0.4592,0.0483,0.5935,0.0608,0.5314,0.0211,0.2682,0.0056,0.0,0.0,7
oracle_goal_state_supervisor,delayed_reappearance,bin_sorting,substitute_goal_available,0.818,0.0413,0.734,0.0132,0.6688,0.0139,0.034,0.0139,0.0068,0.01,0.0034,0.0043,0.5408,0.0321,0.5816,0.0412,0.5082,0.0123,0.262,0.0059,0.0,0.0,7
oracle_goal_state_supervisor,delayed_reappearance,bin_sorting,visual_occlusion,0.8299,0.0202,0.7445,0.0077,0.656,0.012,0.034,0.0172,0.0034,0.0043,0.0221,0.0139,0.4677,0.0416,0.6071,0.0204,0.5134,0.0124,0.2613,0.0036,0.0,0.0,7
oracle_goal_state_supervisor,delayed_reappearance,drawer_placement,cascading_disappearing_goal,0.8044,0.0269,0.7264,0.0091,0.6643,0.0105,0.0357,0.0191,0.0204,0.0122,0.0102,0.0094,0.534,0.0421,0.5731,0.0439,0.6496,0.0154,0.2585,0.0086,0.0,0.0,7
oracle_goal_state_supervisor,delayed_reappearance,drawer_placement,goal_specification_changed,0.8384,0.0292,0.7422,0.0189,0.6727,0.0081,0.0459,0.0164,0.0102,0.0094,0.0136,0.0119,0.4915,0.0548,0.5833,0.0306,0.5261,0.0136,0.2655,0.0056,0.0,0.0,7
oracle_goal_state_supervisor,delayed_reappearance,drawer_placement,human_temporary_obstruction,0.8044,0.0516,0.7383,0.0057,0.6694,0.0071,0.0221,0.0094,0.0119,0.0161,0.0136,0.0061,0.4932,0.0243,0.6378,0.0569,0.5176,0.0116,0.2638,0.0056,0.0,0.0,7
oracle_goal_state_supervisor,delayed_reappearance,drawer_placement,object_moved,0.8248,0.0359,0.7374,0.0062,0.6637,0.0083,0.0374,0.0172,0.0085,0.0043,0.0068,0.0086,0.4677,0.0304,0.6207,0.0343,0.4637,0.0129,0.2654,0.0065,0.0,0.0,7
oracle_goal_state_supervisor,delayed_reappearance,drawer_placement,object_removed,0.801,0.0366,0.7395,0.0104,0.6582,0.0105,0.0357,0.0135,0.0136,0.0119,0.0034,0.0067,0.483,0.0435,0.5748,0.0226,0.5514,0.0228,0.268,0.0023,0.0,0.0,7
oracle_goal_state_supervisor,delayed_reappearance,drawer_placement,substitute_goal_available,0.7976,0.0244,0.7295,0.0095,0.6646,0.0139,0.034,0.0107,0.0,0.0,0.0034,0.0043,0.4592,0.0349,0.5901,0.0387,0.526,0.0167,0.2641,0.0061,0.0,0.0,7
oracle_goal_state_supervisor,delayed_reappearance,drawer_placement,visual_occlusion,0.8333,0.0306,0.739,0.0119,0.6706,0.011,0.0289,0.0123,0.0,0.0,0.0136,0.0119,0.4813,0.0309,0.585,0.0661,0.5448,0.0104,0.264,0.0066,0.0,0.0,7
oracle_goal_state_supervisor,delayed_reappearance,mobile_pick_and_place,cascading_disappearing_goal,0.7908,0.0274,0.7398,0.0118,0.6643,0.0101,0.0391,0.0141,0.0238,0.0161,0.0204,0.0111,0.4575,0.0638,0.5527,0.0254,0.6424,0.0164,0.2633,0.0104,0.0,0.0,7
oracle_goal_state_supervisor,delayed_reappearance,mobile_pick_and_place,goal_specification_changed,0.8197,0.0347,0.739,0.0168,0.6607,0.0086,0.0476,0.0135,0.017,0.0123,0.0034,0.0067,0.5,0.0353,0.5629,0.0373,0.5251,0.0126,0.2694,0.0065,0.0,0.0,7
oracle_goal_state_supervisor,delayed_reappearance,mobile_pick_and_place,human_temporary_obstruction,0.8214,0.0249,0.7432,0.0075,0.6648,0.0069,0.0255,0.0107,0.0051,0.0047,0.0119,0.0072,0.5017,0.0396,0.6224,0.0387,0.5283,0.0155,0.2629,0.0067,0.0,0.0,7
oracle_goal_state_supervisor,delayed_reappearance,mobile_pick_and_place,object_moved,0.8061,0.03,0.7408,0.0157,0.6676,0.0082,0.034,0.0187,0.0187,0.0133,0.0034,0.0043,0.4728,0.0317,0.6003,0.0546,0.4757,0.0075,0.2674,0.0076,0.0,0.0,7
oracle_goal_state_supervisor,delayed_reappearance,mobile_pick_and_place,object_removed,0.7993,0.0328,0.7456,0.0125,0.6531,0.0112,0.0357,0.0144,0.0289,0.01,0.0102,0.0107,0.4915,0.0503,0.5935,0.0362,0.545,0.0185,0.2651,0.0067,0.0,0.0,7
oracle_goal_state_supervisor,delayed_reappearance,mobile_pick_and_place,substitute_goal_available,0.7891,0.0268,0.7434,0.0105,0.6628,0.0107,0.0442,0.0182,0.0119,0.0051,0.0034,0.0067,0.4813,0.037,0.5833,0.0391,0.5393,0.0122,0.2684,0.0047,0.0,0.0,7
oracle_goal_state_supervisor,delayed_reappearance,mobile_pick_and_place,visual_occlusion,0.8146,0.0215,0.7418,0.0084,0.6654,0.0104,0.0255,0.0129,0.0119,0.0102,0.0153,0.0084,0.5085,0.0501,0.6139,0.0387,0.5418,0.0119,0.2647,0.0062,0.0,0.0,7
oracle_goal_state_supervisor,delayed_reappearance,shelf_retrieval,cascading_disappearing_goal,0.8129,0.0273,0.7495,0.0132,0.6619,0.0095,0.0306,0.0196,0.0153,0.0084,0.0085,0.0043,0.4847,0.0363,0.6037,0.0282,0.6389,0.0095,0.2673,0.0042,0.0,0.0,7
oracle_goal_state_supervisor,delayed_reappearance,shelf_retrieval,goal_specification_changed,0.818,0.0309,0.7353,0.0063,0.6694,0.0101,0.0578,0.0193,0.0068,0.0047,0.0017,0.0033,0.4235,0.0203,0.5901,0.0477,0.5267,0.0083,0.2632,0.0085,0.0,0.0,7
oracle_goal_state_supervisor,delayed_reappearance,shelf_retrieval,human_temporary_obstruction,0.7942,0.0268,0.7423,0.007,0.6627,0.0098,0.034,0.0156,0.0102,0.0107,0.0221,0.0107,0.466,0.0343,0.6395,0.0503,0.5285,0.0143,0.2666,0.0042,0.0,0.0,7
oracle_goal_state_supervisor,delayed_reappearance,shelf_retrieval,object_moved,0.7959,0.0418,0.7444,0.0097,0.6713,0.0081,0.0459,0.0094,0.0119,0.0125,0.0085,0.0067,0.4983,0.0267,0.6054,0.0482,0.4813,0.0097,0.2711,0.0072,0.0,0.0,7
oracle_goal_state_supervisor,delayed_reappearance,shelf_retrieval,object_removed,0.8044,0.0325,0.7475,0.0102,0.6686,0.0077,0.0459,0.0094,0.0153,0.0098,0.0085,0.0067,0.4711,0.01,0.5969,0.0479,0.5434,0.0088,0.266,0.0035,0.0,0.0,7
oracle_goal_state_supervisor,delayed_reappearance,shelf_retrieval,substitute_goal_available,0.8061,0.0377,0.747,0.0114,0.6749,0.0094,0.0408,0.0209,0.0034,0.0043,0.0085,0.0084,0.4609,0.0528,0.6173,0.0465,0.5306,0.0149,0.2658,0.0071,0.0,0.0,7
oracle_goal_state_supervisor,delayed_reappearance,shelf_retrieval,visual_occlusion,0.8333,0.0423,0.7327,0.0104,0.6599,0.0082,0.0272,0.0084,0.0034,0.0043,0.0153,0.0067,0.4745,0.0442,0.6241,0.0423,0.5499,0.0146,0.2696,0.0038,0.0,0.0,7
oracle_goal_state_supervisor,delayed_reappearance,tool_handoff,cascading_disappearing_goal,0.7806,0.0423,0.7383,0.0065,0.6667,0.0134,0.034,0.018,0.0204,0.0141,0.0102,0.0079,0.5085,0.0329,0.5782,0.0274,0.6746,0.0159,0.2622,0.0083,0.0,0.0,7
oracle_goal_state_supervisor,delayed_reappearance,tool_handoff,goal_specification_changed,0.801,0.0273,0.7435,0.0054,0.6571,0.0037,0.0357,0.0072,0.0119,0.0088,0.0017,0.0033,0.466,0.0554,0.6037,0.0488,0.5471,0.0134,0.2661,0.0093,0.0,0.0,7
oracle_goal_state_supervisor,delayed_reappearance,tool_handoff,human_temporary_obstruction,0.801,0.0449,0.7299,0.0097,0.6605,0.0085,0.0493,0.0107,0.0068,0.0047,0.0153,0.0122,0.4796,0.0329,0.602,0.0317,0.5304,0.0136,0.2688,0.0044,0.0,0.0,7
oracle_goal_state_supervisor,delayed_reappearance,tool_handoff,object_moved,0.8044,0.0227,0.7472,0.004,0.6667,0.0043,0.0493,0.023,0.0102,0.0107,0.0034,0.0067,0.4524,0.0672,0.6139,0.0243,0.4784,0.0178,0.2624,0.0082,0.0,0.0,7
oracle_goal_state_supervisor,delayed_reappearance,tool_handoff,object_removed,0.7925,0.0305,0.7377,0.0129,0.6748,0.0096,0.0289,0.0143,0.0323,0.0202,0.0034,0.0067,0.534,0.0457,0.5578,0.0303,0.5751,0.0104,0.266,0.0034,0.0,0.0,7
oracle_goal_state_supervisor,delayed_reappearance,tool_handoff,substitute_goal_available,0.7908,0.0152,0.7387,0.0081,0.6707,0.013,0.0544,0.0175,0.017,0.0152,0.0119,0.0072,0.4847,0.06,0.5697,0.0351,0.5426,0.0105,0.2695,0.0098,0.0,0.0,7
oracle_goal_state_supervisor,delayed_reappearance,tool_handoff,visual_occlusion,0.8163,0.0296,0.7528,0.0134,0.6681,0.0104,0.0357,0.0125,0.0085,0.0084,0.0221,0.0107,0.4796,0.0387,0.6276,0.0552,0.5583,0.0102,0.2684,0.0048,0.0,0.0,7
oracle_goal_state_supervisor,nominal,bin_sorting,cascading_disappearing_goal,0.835,0.0267,0.8012,0.0063,0.7241,0.0118,0.0357,0.0072,0.0102,0.0094,0.0068,0.01,0.5816,0.0545,0.6224,0.0321,0.4066,0.0118,0.265,0.0051,0.0,0.0,7
oracle_goal_state_supervisor,nominal,bin_sorting,goal_specification_changed,0.8537,0.0291,0.8061,0.0091,0.706,0.0097,0.0323,0.0122,0.0034,0.0043,0.0017,0.0033,0.5935,0.0535,0.5901,0.0529,0.3515,0.0134,0.2687,0.0082,0.0,0.0,7
oracle_goal_state_supervisor,nominal,bin_sorting,human_temporary_obstruction,0.835,0.0164,0.7967,0.0101,0.7164,0.0057,0.0204,0.0067,0.0068,0.0069,0.0017,0.0033,0.619,0.0364,0.619,0.0407,0.3343,0.0169,0.267,0.0087,0.0,0.0,7
oracle_goal_state_supervisor,nominal,bin_sorting,object_moved,0.8197,0.0471,0.797,0.01,0.7137,0.0103,0.0238,0.0051,0.0,0.0,0.0034,0.0043,0.6173,0.0448,0.6531,0.0358,0.3203,0.0207,0.2676,0.0068,0.0,0.0,7
oracle_goal_state_supervisor,nominal,bin_sorting,object_removed,0.8469,0.023,0.797,0.0089,0.7159,0.007,0.017,0.01,0.0085,0.0098,0.0017,0.0033,0.5748,0.0639,0.5986,0.0514,0.3726,0.016,0.2643,0.0061,0.0,0.0,7
oracle_goal_state_supervisor,nominal,bin_sorting,substitute_goal_available,0.8231,0.0285,0.7924,0.0051,0.7165,0.0078,0.0204,0.0122,0.0034,0.0043,0.0034,0.0067,0.6241,0.0309,0.6276,0.0348,0.3439,0.011,0.2685,0.004,0.0,0.0,7
oracle_goal_state_supervisor,nominal,bin_sorting,visual_occlusion,0.8282,0.0301,0.7904,0.0085,0.7196,0.0033,0.0204,0.0141,0.0102,0.0079,0.0102,0.0079,0.5612,0.0515,0.6446,0.0451,0.3465,0.0075,0.2612,0.0065,0.0,0.0,7
oracle_goal_state_supervisor,nominal,drawer_placement,cascading_disappearing_goal,0.835,0.0262,0.7979,0.0095,0.7177,0.0071,0.0238,0.0125,0.0102,0.0061,0.0119,0.0051,0.5765,0.0438,0.5833,0.0496,0.4391,0.0154,0.2659,0.0053,0.0,0.0,7
oracle_goal_state_supervisor,nominal,drawer_placement,goal_specification_changed,0.8146,0.04,0.7887,0.0062,0.7098,0.0104,0.0255,0.0148,0.0187,0.0133,0.0034,0.0043,0.6139,0.0384,0.6224,0.0189,0.3631,0.0214,0.2681,0.007,0.0,0.0,7
oracle_goal_state_supervisor,nominal,drawer_placement,human_temporary_obstruction,0.8452,0.0184,0.7967,0.0157,0.7149,0.0081,0.0238,0.0176,0.0085,0.0132,0.0017,0.0033,0.5901,0.0363,0.6412,0.0379,0.3467,0.0098,0.2707,0.0055,0.0,0.0,7
oracle_goal_state_supervisor,nominal,drawer_placement,object_moved,0.8163,0.0168,0.7942,0.0126,0.715,0.008,0.017,0.0112,0.0085,0.0043,0.0034,0.0043,0.5918,0.0413,0.6395,0.0413,0.3233,0.0119,0.2627,0.0078,0.0,0.0,7
oracle_goal_state_supervisor,nominal,drawer_placement,object_removed,0.8061,0.0232,0.8002,0.0056,0.7102,0.01,0.0187,0.0086,0.0051,0.0069,0.0034,0.0067,0.6071,0.0288,0.602,0.0374,0.3731,0.0141,0.2652,0.0075,0.0,0.0,7
oracle_goal_state_supervisor,nominal,drawer_placement,substitute_goal_available,0.835,0.0164,0.7907,0.0118,0.7131,0.0076,0.0204,0.0122,0.017,0.0086,0.0034,0.0043,0.5816,0.0119,0.6293,0.049,0.358,0.0154,0.2659,0.0044,0.0,0.0,7
oracle_goal_state_supervisor,nominal,drawer_placement,visual_occlusion,0.8469,0.0262,0.8016,0.0122,0.7121,0.0101,0.0221,0.0107,0.0068,0.0086,0.0034,0.0043,0.5935,0.0513,0.6446,0.0389,0.3518,0.0193,0.2628,0.0072,0.0,0.0,7
oracle_goal_state_supervisor,nominal,mobile_pick_and_place,cascading_disappearing_goal,0.7959,0.0471,0.8065,0.0078,0.7103,0.014,0.0187,0.0069,0.0153,0.0132,0.0051,0.0047,0.5748,0.0373,0.602,0.0296,0.4488,0.0197,0.2687,0.0048,0.0,0.0,7
oracle_goal_state_supervisor,nominal,mobile_pick_and_place,goal_specification_changed,0.8469,0.032,0.804,0.0053,0.7146,0.0064,0.017,0.0123,0.0119,0.0088,0.0085,0.0111,0.5935,0.0382,0.6361,0.0209,0.3585,0.0092,0.2677,0.006,0.0,0.0,7
oracle_goal_state_supervisor,nominal,mobile_pick_and_place,human_temporary_obstruction,0.8248,0.0538,0.8,0.0101,0.7131,0.014,0.0204,0.0122,0.0085,0.0084,0.0068,0.01,0.5935,0.0386,0.6446,0.0285,0.3468,0.0094,0.2617,0.0069,0.0,0.0,7
oracle_goal_state_supervisor,nominal,mobile_pick_and_place,object_moved,0.8214,0.0292,0.7988,0.0109,0.7219,0.0053,0.0221,0.0172,0.0102,0.0107,0.0051,0.0047,0.5952,0.0322,0.619,0.0364,0.331,0.0061,0.2628,0.0034,0.0,0.0,7
oracle_goal_state_supervisor,nominal,mobile_pick_and_place,object_removed,0.8231,0.0332,0.793,0.0071,0.7075,0.0082,0.0323,0.015,0.0085,0.0067,0.0,0.0,0.5986,0.0443,0.6293,0.0303,0.3846,0.0126,0.2606,0.0048,0.0,0.0,7
oracle_goal_state_supervisor,nominal,mobile_pick_and_place,substitute_goal_available,0.8163,0.0296,0.8009,0.0131,0.7148,0.0144,0.0255,0.0156,0.017,0.0133,0.0034,0.0067,0.5918,0.0214,0.6037,0.0403,0.3639,0.0075,0.2669,0.006,0.0,0.0,7
oracle_goal_state_supervisor,nominal,mobile_pick_and_place,visual_occlusion,0.8418,0.0268,0.8015,0.0119,0.7081,0.015,0.0255,0.0187,0.0034,0.0067,0.0051,0.0047,0.585,0.0442,0.6224,0.0397,0.3831,0.0136,0.2622,0.0034,0.0,0.0,7
oracle_goal_state_supervisor,nominal,shelf_retrieval,cascading_disappearing_goal,0.8112,0.0294,0.8048,0.0091,0.7034,0.0055,0.0255,0.0094,0.0085,0.0098,0.0085,0.0098,0.5969,0.0568,0.585,0.0386,0.4434,0.0118,0.2607,0.0028,0.0,0.0,7
oracle_goal_state_supervisor,nominal,shelf_retrieval,goal_specification_changed,0.8401,0.0363,0.8017,0.0054,0.7065,0.015,0.0238,0.0153,0.0034,0.0043,0.0034,0.0043,0.5969,0.0442,0.5901,0.0381,0.3471,0.011,0.2647,0.0051,0.0,0.0,7
oracle_goal_state_supervisor,nominal,shelf_retrieval,human_temporary_obstruction,0.8452,0.0274,0.7904,0.0146,0.7069,0.0092,0.0153,0.0043,0.0085,0.0067,0.017,0.0069,0.5867,0.0437,0.6633,0.0337,0.3493,0.0159,0.2659,0.0045,0.0,0.0,7
oracle_goal_state_supervisor,nominal,shelf_retrieval,object_moved,0.8435,0.0224,0.8027,0.0098,0.7191,0.0068,0.0272,0.0098,0.0068,0.0047,0.0,0.0,0.6327,0.0451,0.6565,0.029,0.332,0.0096,0.2651,0.011,0.0,0.0,7
oracle_goal_state_supervisor,nominal,shelf_retrieval,object_removed,0.8418,0.0287,0.7986,0.0102,0.7188,0.0072,0.0306,0.0152,0.0187,0.01,0.0051,0.0047,0.5748,0.0182,0.6344,0.0304,0.3785,0.0118,0.2651,0.005,0.0,0.0,7
oracle_goal_state_supervisor,nominal,shelf_retrieval,substitute_goal_available,0.8452,0.0326,0.7968,0.0099,0.7127,0.0084,0.0187,0.0168,0.0119,0.0102,0.0051,0.0069,0.5612,0.0365,0.6003,0.0196,0.3699,0.022,0.2678,0.0074,0.0,0.0,7
oracle_goal_state_supervisor,nominal,shelf_retrieval,visual_occlusion,0.8316,0.0285,0.7926,0.012,0.7037,0.0101,0.0153,0.0122,0.0034,0.0067,0.0068,0.0069,0.6446,0.0358,0.6395,0.0304,0.3728,0.0087,0.2638,0.0044,0.0,0.0,7
oracle_goal_state_supervisor,nominal,tool_handoff,cascading_disappearing_goal,0.8146,0.0168,0.7891,0.0093,0.7199,0.0081,0.0425,0.0152,0.0136,0.0079,0.0119,0.0102,0.6276,0.0552,0.6344,0.0503,0.455,0.0161,0.2587,0.005,0.0,0.0,7
oracle_goal_state_supervisor,nominal,tool_handoff,goal_specification_changed,0.8078,0.0276,0.8024,0.0077,0.7244,0.01,0.0204,0.0122,0.0085,0.0067,0.0,0.0,0.5782,0.0203,0.6241,0.0317,0.3696,0.0122,0.2609,0.0052,0.0,0.0,7
oracle_goal_state_supervisor,nominal,tool_handoff,human_temporary_obstruction,0.8163,0.0274,0.798,0.0157,0.7051,0.0084,0.0153,0.0111,0.0102,0.0139,0.0136,0.0129,0.6088,0.0393,0.6054,0.0518,0.3645,0.0079,0.2731,0.0062,0.0,0.0,7
oracle_goal_state_supervisor,nominal,tool_handoff,object_moved,0.835,0.023,0.8012,0.0028,0.7133,0.0102,0.0289,0.01,0.0136,0.0129,0.0068,0.0086,0.602,0.0404,0.6173,0.0454,0.3217,0.0116,0.2632,0.0073,0.0,0.0,7
oracle_goal_state_supervisor,nominal,tool_handoff,object_removed,0.8146,0.0384,0.7949,0.0091,0.7178,0.0081,0.017,0.0123,0.0068,0.0047,0.0051,0.0069,0.5884,0.0238,0.5663,0.0349,0.3896,0.0119,0.2662,0.0075,0.0,0.0,7
oracle_goal_state_supervisor,nominal,tool_handoff,substitute_goal_available,0.8367,0.0243,0.8031,0.0117,0.7172,0.0078,0.0238,0.0125,0.0102,0.0107,0.0,0.0,0.6207,0.0421,0.6565,0.0396,0.3729,0.0139,0.2679,0.0066,0.0,0.0,7
oracle_goal_state_supervisor,nominal,tool_handoff,visual_occlusion,0.8418,0.0317,0.8023,0.0106,0.7241,0.0082,0.0221,0.0172,0.0068,0.0069,0.017,0.0143,0.6088,0.0421,0.6463,0.0524,0.3596,0.0178,0.2658,0.0054,0.0,0.0,7
oracle_goal_state_supervisor,occlusion_heavy_shift,bin_sorting,cascading_disappearing_goal,0.835,0.0303,0.7294,0.0121,0.7174,0.0148,0.0306,0.0123,0.0204,0.0122,0.0051,0.0047,0.5425,0.0367,0.6003,0.0309,0.5317,0.0182,0.2586,0.0096,0.0,0.0,7
oracle_goal_state_supervisor,occlusion_heavy_shift,bin_sorting,goal_specification_changed,0.8333,0.0265,0.7382,0.0097,0.6927,0.012,0.0391,0.0195,0.0085,0.0043,0.0017,0.0033,0.5391,0.0437,0.6259,0.0416,0.4178,0.0136,0.2669,0.0076,0.0,0.0,7
oracle_goal_state_supervisor,occlusion_heavy_shift,bin_sorting,human_temporary_obstruction,0.8537,0.0287,0.7317,0.0092,0.6973,0.0137,0.0374,0.0224,0.0085,0.0067,0.0051,0.0047,0.5612,0.0406,0.6446,0.0257,0.4413,0.0174,0.2636,0.006,0.0,0.0,7
oracle_goal_state_supervisor,occlusion_heavy_shift,bin_sorting,object_moved,0.8095,0.026,0.736,0.0088,0.6985,0.0094,0.0272,0.0141,0.017,0.0123,0.0,0.0,0.5476,0.048,0.6071,0.0169,0.383,0.0084,0.2702,0.0057,0.0,0.0,7
oracle_goal_state_supervisor,occlusion_heavy_shift,bin_sorting,object_removed,0.8248,0.0355,0.7331,0.0121,0.6987,0.0109,0.0221,0.0061,0.0051,0.0047,0.0017,0.0033,0.5391,0.0503,0.6071,0.0417,0.4339,0.0173,0.2604,0.0058,0.0,0.0,7
oracle_goal_state_supervisor,occlusion_heavy_shift,bin_sorting,substitute_goal_available,0.852,0.0175,0.7474,0.0061,0.6998,0.0093,0.0374,0.0119,0.0102,0.0061,0.0068,0.0069,0.5442,0.0373,0.6207,0.0575,0.4225,0.01,0.2645,0.0046,0.0,0.0,7
oracle_goal_state_supervisor,occlusion_heavy_shift,bin_sorting,visual_occlusion,0.8129,0.0182,0.7363,0.016,0.7006,0.0063,0.0085,0.0084,0.0068,0.0047,0.0102,0.0061,0.551,0.0296,0.6207,0.0339,0.4487,0.0126,0.26,0.0074,0.0,0.0,7
oracle_goal_state_supervisor,occlusion_heavy_shift,drawer_placement,cascading_disappearing_goal,0.8129,0.03,0.746,0.0076,0.6925,0.011,0.0289,0.0133,0.0119,0.0125,0.0136,0.0164,0.5646,0.0472,0.585,0.0281,0.5506,0.0073,0.2669,0.0089,0.0,0.0,7
oracle_goal_state_supervisor,occlusion_heavy_shift,drawer_placement,goal_specification_changed,0.8316,0.0347,0.7423,0.0105,0.7,0.0071,0.0408,0.0123,0.0153,0.0174,0.0034,0.0043,0.551,0.0348,0.6156,0.0425,0.4309,0.0131,0.2652,0.0056,0.0,0.0,7
oracle_goal_state_supervisor,occlusion_heavy_shift,drawer_placement,human_temporary_obstruction,0.8214,0.0283,0.7268,0.0076,0.7012,0.0069,0.017,0.0143,0.0102,0.0079,0.017,0.0112,0.5289,0.0435,0.6122,0.0543,0.4552,0.0199,0.2631,0.0029,0.0,0.0,7
oracle_goal_state_supervisor,occlusion_heavy_shift,drawer_placement,object_moved,0.7959,0.0164,0.7405,0.0089,0.6987,0.0153,0.0187,0.0143,0.0051,0.0047,0.0051,0.0069,0.5204,0.0291,0.6224,0.0282,0.386,0.0082,0.2666,0.0078,0.0,0.0,7
oracle_goal_state_supervisor,occlusion_heavy_shift,drawer_placement,object_removed,0.8248,0.0366,0.7343,0.0045,0.6866,0.0088,0.0221,0.0119,0.0119,0.0102,0.0119,0.0169,0.5204,0.0469,0.5935,0.0224,0.4663,0.0107,0.2671,0.0045,0.0,0.0,7
oracle_goal_state_supervisor,occlusion_heavy_shift,drawer_placement,substitute_goal_available,0.8282,0.0243,0.7322,0.0114,0.6979,0.0087,0.0442,0.0159,0.0051,0.0069,0.0051,0.0047,0.5357,0.0322,0.5884,0.0416,0.4415,0.0074,0.2646,0.0078,0.0,0.0,7
oracle_goal_state_supervisor,occlusion_heavy_shift,drawer_placement,visual_occlusion,0.8316,0.02,0.7366,0.0109,0.6986,0.0089,0.0136,0.0094,0.0017,0.0033,0.0136,0.0119,0.5748,0.0443,0.6003,0.0463,0.4595,0.0119,0.259,0.0053,0.0,0.0,7
oracle_goal_state_supervisor,occlusion_heavy_shift,mobile_pick_and_place,cascading_disappearing_goal,0.8129,0.0268,0.7459,0.0122,0.6973,0.0165,0.0272,0.0182,0.0221,0.0139,0.0136,0.0061,0.5187,0.0345,0.5748,0.0419,0.5645,0.0087,0.2649,0.0087,0.0,0.0,7
oracle_goal_state_supervisor,occlusion_heavy_shift,mobile_pick_and_place,goal_specification_changed,0.8197,0.0276,0.7442,0.0128,0.7025,0.0083,0.0136,0.0094,0.017,0.016,0.0051,0.0069,0.5442,0.0416,0.6003,0.0483,0.4223,0.0148,0.2605,0.0072,0.0,0.0,7
oracle_goal_state_supervisor,occlusion_heavy_shift,mobile_pick_and_place,human_temporary_obstruction,0.8248,0.0291,0.7331,0.0115,0.6991,0.0107,0.0255,0.0129,0.0051,0.0047,0.0051,0.0069,0.5136,0.0386,0.6054,0.0427,0.4536,0.0119,0.2609,0.0025,0.0,0.0,7
oracle_goal_state_supervisor,occlusion_heavy_shift,mobile_pick_and_place,object_moved,0.8078,0.0164,0.7378,0.0127,0.6975,0.0089,0.034,0.0139,0.0051,0.0047,0.0,0.0,0.5238,0.0297,0.6207,0.029,0.385,0.0186,0.2647,0.005,0.0,0.0,7
oracle_goal_state_supervisor,occlusion_heavy_shift,mobile_pick_and_place,object_removed,0.7993,0.0418,0.7348,0.0079,0.7038,0.0119,0.0221,0.0139,0.0102,0.0061,0.0068,0.0069,0.551,0.0575,0.5935,0.0465,0.4626,0.015,0.2623,0.0051,0.0,0.0,7
oracle_goal_state_supervisor,occlusion_heavy_shift,mobile_pick_and_place,substitute_goal_available,0.8061,0.038,0.7244,0.012,0.7055,0.0091,0.0238,0.0135,0.0085,0.0067,0.0136,0.0094,0.5646,0.0352,0.5935,0.0369,0.4422,0.0212,0.263,0.0061,0.0,0.0,7
oracle_goal_state_supervisor,occlusion_heavy_shift,mobile_pick_and_place,visual_occlusion,0.818,0.0202,0.7356,0.009,0.6953,0.011,0.0255,0.0119,0.0,0.0,0.0187,0.01,0.5306,0.0404,0.6463,0.0226,0.4701,0.0166,0.2672,0.0069,0.0,0.0,7
oracle_goal_state_supervisor,occlusion_heavy_shift,shelf_retrieval,cascading_disappearing_goal,0.8078,0.0139,0.7398,0.0112,0.6876,0.0106,0.0306,0.0152,0.0153,0.0067,0.017,0.0175,0.568,0.0681,0.5952,0.0472,0.5561,0.0062,0.2631,0.0039,0.0,0.0,7
oracle_goal_state_supervisor,occlusion_heavy_shift,shelf_retrieval,goal_specification_changed,0.8214,0.0322,0.7346,0.0097,0.7025,0.0103,0.0476,0.026,0.0272,0.0174,0.0119,0.0102,0.5119,0.0334,0.6037,0.04,0.4183,0.009,0.2655,0.0081,0.0,0.0,7
oracle_goal_state_supervisor,occlusion_heavy_shift,shelf_retrieval,human_temporary_obstruction,0.8265,0.0356,0.7388,0.0093,0.7025,0.0064,0.0204,0.0111,0.0136,0.0094,0.0136,0.0061,0.5442,0.0516,0.6207,0.0347,0.4545,0.0122,0.2689,0.0052,0.0,0.0,7
oracle_goal_state_supervisor,occlusion_heavy_shift,shelf_retrieval,object_moved,0.8418,0.0098,0.7468,0.0123,0.7021,0.0115,0.0306,0.0215,0.0085,0.0098,0.0119,0.0102,0.5544,0.0391,0.6037,0.0428,0.3973,0.0157,0.266,0.0054,0.0,0.0,7
oracle_goal_state_supervisor,occlusion_heavy_shift,shelf_retrieval,object_removed,0.8401,0.0337,0.7406,0.0128,0.7002,0.014,0.0187,0.0112,0.034,0.0224,0.0017,0.0033,0.5238,0.0274,0.5782,0.0305,0.462,0.0168,0.2702,0.0027,0.0,0.0,7
oracle_goal_state_supervisor,occlusion_heavy_shift,shelf_retrieval,substitute_goal_available,0.8401,0.0292,0.7356,0.0122,0.6992,0.0077,0.0255,0.0119,0.0051,0.0047,0.0034,0.0043,0.5272,0.0501,0.6139,0.0238,0.4394,0.0116,0.2639,0.0044,0.0,0.0,7
oracle_goal_state_supervisor,occlusion_heavy_shift,shelf_retrieval,visual_occlusion,0.8129,0.0313,0.7369,0.0093,0.7028,0.0116,0.0119,0.0102,0.0085,0.0098,0.0119,0.0072,0.551,0.0291,0.6378,0.0391,0.4734,0.0148,0.2657,0.0053,0.0,0.0,7
oracle_goal_state_supervisor,occlusion_heavy_shift,tool_handoff,cascading_disappearing_goal,0.7891,0.0189,0.7414,0.0107,0.6912,0.0076,0.0238,0.0125,0.0102,0.0061,0.017,0.0143,0.5068,0.0112,0.5952,0.0349,0.5891,0.0109,0.2663,0.0051,0.0,0.0,7
oracle_goal_state_supervisor,occlusion_heavy_shift,tool_handoff,goal_specification_changed,0.8282,0.0301,0.7332,0.0082,0.7012,0.0109,0.0408,0.0133,0.0221,0.0139,0.0051,0.0069,0.5731,0.0365,0.6071,0.0265,0.4432,0.0137,0.2616,0.0073,0.0,0.0,7
oracle_goal_state_supervisor,occlusion_heavy_shift,tool_handoff,human_temporary_obstruction,0.8231,0.0276,0.7389,0.0137,0.701,0.0076,0.0323,0.0141,0.0068,0.0047,0.0238,0.0153,0.5493,0.0671,0.6259,0.0363,0.4646,0.0188,0.2688,0.0074,0.0,0.0,7
oracle_goal_state_supervisor,occlusion_heavy_shift,tool_handoff,object_moved,0.8027,0.0123,0.7371,0.0088,0.7032,0.0135,0.0255,0.0187,0.017,0.0143,0.0017,0.0033,0.5221,0.0206,0.6395,0.0471,0.3908,0.0088,0.2594,0.0052,0.0,0.0,7
oracle_goal_state_supervisor,occlusion_heavy_shift,tool_handoff,object_removed,0.8044,0.0429,0.7405,0.0071,0.7045,0.0124,0.0391,0.0202,0.0153,0.015,0.0068,0.0069,0.5306,0.0443,0.602,0.0394,0.4828,0.0091,0.2561,0.0038,0.0,0.0,7
oracle_goal_state_supervisor,occlusion_heavy_shift,tool_handoff,substitute_goal_available,0.8078,0.0336,0.7316,0.0096,0.7023,0.0144,0.0391,0.0189,0.0119,0.0051,0.0034,0.0067,0.5493,0.0312,0.6037,0.0606,0.4681,0.0131,0.2648,0.0052,0.0,0.0,7
oracle_goal_state_supervisor,occlusion_heavy_shift,tool_handoff,visual_occlusion,0.7908,0.0413,0.7356,0.0113,0.7028,0.0045,0.0119,0.0088,0.0034,0.0067,0.0136,0.0079,0.5391,0.0466,0.6446,0.0528,0.4787,0.0149,0.262,0.0064,0.0,0.0,7
oracle_goal_state_supervisor,physical_removal_shift,bin_sorting,cascading_disappearing_goal,0.8401,0.0209,0.7352,0.0121,0.6786,0.0096,0.0323,0.0067,0.0119,0.0088,0.0085,0.0067,0.5646,0.0381,0.5289,0.0264,0.5398,0.0132,0.2687,0.0066,0.0,0.0,7
oracle_goal_state_supervisor,physical_removal_shift,bin_sorting,goal_specification_changed,0.8673,0.0246,0.7419,0.0067,0.6836,0.0095,0.0289,0.0183,0.0068,0.0086,0.0034,0.0067,0.5612,0.0285,0.551,0.0393,0.445,0.0123,0.2595,0.0069,0.0,0.0,7
oracle_goal_state_supervisor,physical_removal_shift,bin_sorting,human_temporary_obstruction,0.8231,0.0252,0.731,0.0092,0.6875,0.0061,0.0255,0.0129,0.0306,0.0227,0.0102,0.0079,0.551,0.04,0.5901,0.048,0.4267,0.0123,0.2679,0.0039,0.0,0.0,7
oracle_goal_state_supervisor,physical_removal_shift,bin_sorting,object_moved,0.8061,0.03,0.7241,0.0109,0.6802,0.0128,0.0323,0.0132,0.0153,0.0111,0.0,0.0,0.5425,0.0363,0.551,0.0291,0.3698,0.0139,0.2632,0.0069,0.0,0.0,7
oracle_goal_state_supervisor,physical_removal_shift,bin_sorting,object_removed,0.8146,0.0426,0.7326,0.0134,0.6785,0.0058,0.034,0.0187,0.0119,0.0072,0.0051,0.0069,0.5595,0.0345,0.6037,0.049,0.4788,0.0082,0.2642,0.0047,0.0,0.0,7
oracle_goal_state_supervisor,physical_removal_shift,bin_sorting,substitute_goal_available,0.7891,0.0321,0.7364,0.0078,0.6798,0.0093,0.0323,0.0167,0.0034,0.0043,0.0068,0.0069,0.5799,0.0471,0.5799,0.0469,0.444,0.0111,0.2577,0.0087,0.0,0.0,7
oracle_goal_state_supervisor,physical_removal_shift,bin_sorting,visual_occlusion,0.8231,0.0241,0.747,0.0123,0.6869,0.012,0.0085,0.0067,0.0102,0.0107,0.0153,0.0098,0.5561,0.0243,0.6122,0.0301,0.4091,0.0158,0.2586,0.0073,0.0,0.0,7
oracle_goal_state_supervisor,physical_removal_shift,drawer_placement,cascading_disappearing_goal,0.7857,0.0161,0.7465,0.0102,0.6787,0.0109,0.0238,0.0125,0.0255,0.0129,0.0119,0.0135,0.5629,0.0195,0.5646,0.0317,0.5807,0.0123,0.2635,0.0042,0.0,0.0,7
oracle_goal_state_supervisor,physical_removal_shift,drawer_placement,goal_specification_changed,0.8078,0.0303,0.7445,0.0064,0.6839,0.0158,0.034,0.018,0.0153,0.0084,0.0034,0.0067,0.5204,0.0287,0.5816,0.029,0.4614,0.017,0.2664,0.0038,0.0,0.0,7
oracle_goal_state_supervisor,physical_removal_shift,drawer_placement,human_temporary_obstruction,0.835,0.0336,0.7314,0.012,0.6884,0.0161,0.0306,0.0168,0.0085,0.0084,0.0068,0.0047,0.5663,0.0123,0.6071,0.0429,0.4379,0.0061,0.2625,0.0045,0.0,0.0,7
oracle_goal_state_supervisor,physical_removal_shift,drawer_placement,object_moved,0.7993,0.0533,0.7332,0.0119,0.6879,0.0132,0.0255,0.0148,0.0034,0.0043,0.0051,0.0069,0.5119,0.0378,0.5901,0.0278,0.3856,0.0087,0.2644,0.0059,0.0,0.0,7
oracle_goal_state_supervisor,physical_removal_shift,drawer_placement,object_removed,0.7925,0.0296,0.7398,0.0059,0.6833,0.0093,0.0425,0.016,0.0102,0.0061,0.0017,0.0033,0.5561,0.0373,0.5357,0.0598,0.5,0.0143,0.2681,0.0036,0.0,0.0,7
oracle_goal_state_supervisor,physical_removal_shift,drawer_placement,substitute_goal_available,0.8231,0.0246,0.7314,0.0135,0.6763,0.0121,0.0425,0.0209,0.0119,0.0072,0.0068,0.0069,0.5629,0.0237,0.5731,0.0462,0.4696,0.0086,0.2704,0.0035,0.0,0.0,7
oracle_goal_state_supervisor,physical_removal_shift,drawer_placement,visual_occlusion,0.8078,0.0421,0.7339,0.0085,0.6816,0.0147,0.0238,0.0135,0.0034,0.0043,0.017,0.0133,0.5748,0.0344,0.6122,0.0419,0.4368,0.014,0.2685,0.0064,0.0,0.0,7
oracle_goal_state_supervisor,physical_removal_shift,mobile_pick_and_place,cascading_disappearing_goal,0.7653,0.0329,0.7322,0.0074,0.676,0.0075,0.0408,0.0183,0.0221,0.0094,0.0119,0.0102,0.5884,0.0391,0.602,0.048,0.5872,0.0172,0.2667,0.0076,0.0,0.0,7
oracle_goal_state_supervisor,physical_removal_shift,mobile_pick_and_place,goal_specification_changed,0.7993,0.0257,0.7396,0.0102,0.679,0.0066,0.0323,0.0189,0.0102,0.0061,0.0051,0.01,0.5663,0.0349,0.5595,0.0249,0.4826,0.0148,0.2675,0.005,0.0,0.0,7
oracle_goal_state_supervisor,physical_removal_shift,mobile_pick_and_place,human_temporary_obstruction,0.8282,0.0337,0.7401,0.0077,0.6712,0.009,0.0221,0.0139,0.0153,0.0098,0.017,0.016,0.5782,0.0658,0.6122,0.0283,0.4347,0.0114,0.2635,0.0047,0.0,0.0,7
oracle_goal_state_supervisor,physical_removal_shift,mobile_pick_and_place,object_moved,0.7976,0.0381,0.7374,0.0108,0.6781,0.0084,0.0221,0.0107,0.0187,0.0152,0.0034,0.0043,0.6003,0.0429,0.6173,0.0573,0.383,0.017,0.2617,0.0058,0.0,0.0,7
oracle_goal_state_supervisor,physical_removal_shift,mobile_pick_and_place,object_removed,0.8044,0.0341,0.7251,0.0093,0.674,0.0098,0.0272,0.0084,0.0085,0.0067,0.0,0.0,0.585,0.0439,0.5459,0.0336,0.4978,0.0191,0.2662,0.0071,0.0,0.0,7
oracle_goal_state_supervisor,physical_removal_shift,mobile_pick_and_place,substitute_goal_available,0.8044,0.0363,0.7383,0.0121,0.6813,0.0116,0.0306,0.0152,0.0102,0.0107,0.0,0.0,0.5799,0.0214,0.5476,0.0414,0.4599,0.0104,0.2683,0.0051,0.0,0.0,7
oracle_goal_state_supervisor,physical_removal_shift,mobile_pick_and_place,visual_occlusion,0.8214,0.0388,0.7336,0.0099,0.6769,0.0131,0.0289,0.0175,0.0051,0.0047,0.0034,0.0043,0.568,0.0562,0.5952,0.0534,0.4418,0.0095,0.2611,0.0062,0.0,0.0,7
oracle_goal_state_supervisor,physical_removal_shift,shelf_retrieval,cascading_disappearing_goal,0.8231,0.0257,0.7439,0.0125,0.6934,0.0078,0.0442,0.0174,0.0119,0.0072,0.0136,0.0094,0.5833,0.0401,0.5476,0.0441,0.5633,0.0118,0.2656,0.0055,0.0,0.0,7
oracle_goal_state_supervisor,physical_removal_shift,shelf_retrieval,goal_specification_changed,0.8384,0.0491,0.7335,0.0074,0.6788,0.0072,0.0357,0.0176,0.0187,0.0152,0.0017,0.0033,0.5374,0.0492,0.602,0.0317,0.447,0.0135,0.2642,0.0058,0.0,0.0,7
oracle_goal_state_supervisor,physical_removal_shift,shelf_retrieval,human_temporary_obstruction,0.8299,0.0243,0.7357,0.0107,0.6779,0.0148,0.0204,0.015,0.0102,0.0107,0.0221,0.0148,0.5221,0.0358,0.6173,0.0629,0.4392,0.0158,0.2665,0.0037,0.0,0.0,7
oracle_goal_state_supervisor,physical_removal_shift,shelf_retrieval,object_moved,0.8384,0.0356,0.7374,0.0064,0.688,0.0083,0.0408,0.0233,0.0068,0.01,0.0051,0.0069,0.5442,0.0498,0.5986,0.0333,0.3969,0.0141,0.2642,0.0112,0.0,0.0,7
oracle_goal_state_supervisor,physical_removal_shift,shelf_retrieval,object_removed,0.8146,0.0233,0.7364,0.0152,0.6808,0.0077,0.0323,0.0122,0.0153,0.0122,0.0085,0.0098,0.5663,0.036,0.5612,0.0508,0.4975,0.02,0.2661,0.0038,0.0,0.0,7
oracle_goal_state_supervisor,physical_removal_shift,shelf_retrieval,substitute_goal_available,0.8282,0.0317,0.7434,0.0058,0.6741,0.0084,0.0204,0.0132,0.0034,0.0043,0.0068,0.0047,0.5918,0.0545,0.5833,0.0288,0.4638,0.0098,0.2672,0.0037,0.0,0.0,7
oracle_goal_state_supervisor,physical_removal_shift,shelf_retrieval,visual_occlusion,0.8248,0.0167,0.732,0.0127,0.685,0.0083,0.0255,0.0139,0.0102,0.0079,0.0136,0.0033,0.5544,0.0593,0.602,0.036,0.4364,0.0112,0.2648,0.0068,0.0,0.0,7
oracle_goal_state_supervisor,physical_removal_shift,tool_handoff,cascading_disappearing_goal,0.7789,0.0394,0.7273,0.0079,0.6747,0.0074,0.0391,0.0214,0.0187,0.0123,0.0119,0.0072,0.5765,0.0367,0.5544,0.0254,0.6151,0.011,0.2685,0.0057,0.0,0.0,7
oracle_goal_state_supervisor,physical_removal_shift,tool_handoff,goal_specification_changed,0.7959,0.0454,0.7373,0.0128,0.682,0.0129,0.0357,0.0114,0.0085,0.0067,0.0034,0.0043,0.5595,0.0429,0.5799,0.0403,0.493,0.0109,0.2648,0.0097,0.0,0.0,7
oracle_goal_state_supervisor,physical_removal_shift,tool_handoff,human_temporary_obstruction,0.801,0.0313,0.7327,0.0124,0.6839,0.0114,0.0221,0.0139,0.0102,0.0079,0.0119,0.0072,0.5357,0.0378,0.5663,0.0685,0.4419,0.0111,0.266,0.0041,0.0,0.0,7
oracle_goal_state_supervisor,physical_removal_shift,tool_handoff,object_moved,0.8078,0.0206,0.7338,0.0051,0.6795,0.0082,0.0323,0.0122,0.0119,0.0102,0.0034,0.0067,0.5765,0.0578,0.5867,0.048,0.4069,0.0079,0.2628,0.0064,0.0,0.0,7
oracle_goal_state_supervisor,physical_removal_shift,tool_handoff,object_removed,0.8027,0.0152,0.7456,0.0178,0.6777,0.0067,0.034,0.0193,0.0119,0.0088,0.0034,0.0043,0.5986,0.0449,0.5595,0.0429,0.527,0.0133,0.2681,0.0058,0.0,0.0,7
oracle_goal_state_supervisor,physical_removal_shift,tool_handoff,substitute_goal_available,0.7874,0.0172,0.7351,0.0107,0.6773,0.0104,0.0357,0.0088,0.0085,0.0084,0.0085,0.0132,0.5391,0.0526,0.6037,0.0663,0.484,0.0141,0.2723,0.0054,0.0,0.0,7
oracle_goal_state_supervisor,physical_removal_shift,tool_handoff,visual_occlusion,0.8129,0.0159,0.7411,0.0081,0.6835,0.0083,0.0204,0.0132,0.0136,0.0129,0.0034,0.0067,0.5884,0.0504,0.5986,0.0337,0.4445,0.0134,0.2701,0.0051,0.0,0.0,7
pomdp_belief_planner,combined_disappearance_stress,bin_sorting,cascading_disappearing_goal,0.4796,0.0393,0.4393,0.0081,0.3656,0.0074,0.165,0.0393,0.0816,0.0206,0.102,0.0333,0.2891,0.0287,0.2976,0.0391,0.876,0.0183,0.219,0.0044,0.3401,0.0521,7
pomdp_belief_planner,combined_disappearance_stress,bin_sorting,goal_specification_changed,0.5119,0.048,0.4293,0.0058,0.3639,0.0063,0.1582,0.0296,0.0629,0.0278,0.0799,0.0098,0.3129,0.0278,0.2602,0.0236,0.7644,0.0145,0.2219,0.0031,0.3095,0.0668,7
pomdp_belief_planner,combined_disappearance_stress,bin_sorting,human_temporary_obstruction,0.6207,0.02,0.4322,0.0109,0.3646,0.0063,0.1344,0.0278,0.0646,0.0283,0.1156,0.0337,0.2789,0.0404,0.2925,0.0278,0.7513,0.0095,0.221,0.0057,0.1922,0.0402,7
pomdp_belief_planner,combined_disappearance_stress,bin_sorting,object_moved,0.6003,0.0283,0.4427,0.0096,0.3602,0.0092,0.1378,0.0143,0.0476,0.0135,0.0935,0.0224,0.2772,0.0304,0.3299,0.0363,0.6874,0.0236,0.2212,0.0099,0.199,0.0485,7
pomdp_belief_planner,combined_disappearance_stress,bin_sorting,object_removed,0.6054,0.0715,0.4332,0.0059,0.3636,0.0067,0.1752,0.0337,0.0663,0.0215,0.0748,0.0159,0.2687,0.0345,0.3061,0.0425,0.7831,0.0106,0.2174,0.0082,0.2228,0.0763,7
pomdp_belief_planner,combined_disappearance_stress,bin_sorting,substitute_goal_available,0.5238,0.0529,0.4337,0.0122,0.3583,0.0129,0.1207,0.023,0.0748,0.022,0.0867,0.0195,0.2959,0.0312,0.2993,0.0336,0.7505,0.0144,0.2161,0.0065,0.2976,0.0509,7
pomdp_belief_planner,combined_disappearance_stress,bin_sorting,visual_occlusion,0.5918,0.0425,0.4336,0.0092,0.3681,0.0161,0.0833,0.0135,0.0476,0.0191,0.1327,0.0236,0.267,0.0333,0.3061,0.0296,0.7457,0.0092,0.2215,0.0058,0.2415,0.0457,7
pomdp_belief_planner,combined_disappearance_stress,drawer_placement,cascading_disappearing_goal,0.4728,0.0419,0.4274,0.0131,0.3548,0.0104,0.2143,0.0334,0.119,0.0197,0.0884,0.0374,0.2738,0.0414,0.2806,0.0356,0.93,0.0147,0.2289,0.0078,0.3078,0.0637,7
pomdp_belief_planner,combined_disappearance_stress,drawer_placement,goal_specification_changed,0.5255,0.0362,0.4394,0.0113,0.3618,0.0059,0.1718,0.0183,0.0697,0.0241,0.0527,0.0233,0.2704,0.0189,0.2738,0.0364,0.7752,0.0131,0.2222,0.0082,0.2466,0.0195,7
pomdp_belief_planner,combined_disappearance_stress,drawer_placement,human_temporary_obstruction,0.551,0.0263,0.437,0.0097,0.3661,0.0051,0.1054,0.0172,0.0663,0.0238,0.1105,0.0268,0.2568,0.0183,0.3146,0.0278,0.7606,0.0153,0.2255,0.0029,0.2551,0.0367,7
pomdp_belief_planner,combined_disappearance_stress,drawer_placement,object_moved,0.5884,0.0325,0.4387,0.0113,0.3493,0.0091,0.1803,0.0343,0.0646,0.0209,0.0714,0.0233,0.2942,0.0469,0.3486,0.0493,0.7144,0.0081,0.2237,0.0038,0.233,0.0501,7
pomdp_belief_planner,combined_disappearance_stress,drawer_placement,object_removed,0.5578,0.0508,0.4363,0.0155,0.3658,0.0125,0.1769,0.0164,0.1054,0.0281,0.0697,0.0129,0.2721,0.0312,0.2908,0.0404,0.8129,0.0186,0.2192,0.0041,0.2313,0.0499,7
pomdp_belief_planner,combined_disappearance_stress,drawer_placement,substitute_goal_available,0.5051,0.0472,0.4382,0.0104,0.3642,0.0119,0.1718,0.0283,0.0714,0.0135,0.0816,0.0236,0.2823,0.0428,0.3095,0.0292,0.789,0.0114,0.2231,0.0084,0.3044,0.0716,7
pomdp_belief_planner,combined_disappearance_stress,drawer_placement,visual_occlusion,0.5459,0.0482,0.4397,0.0112,0.3574,0.0106,0.1173,0.0267,0.0425,0.0168,0.1276,0.0167,0.2806,0.041,0.3112,0.0418,0.7629,0.017,0.2211,0.008,0.2449,0.0644,7
pomdp_belief_planner,combined_disappearance_stress,mobile_pick_and_place,cascading_disappearing_goal,0.432,0.0282,0.4378,0.0117,0.3642,0.0082,0.199,0.0413,0.1122,0.0168,0.1361,0.0301,0.301,0.0457,0.2653,0.0665,0.9009,0.0082,0.2227,0.0061,0.3299,0.0344,7
pomdp_belief_planner,combined_disappearance_stress,mobile_pick_and_place,goal_specification_changed,0.4949,0.0485,0.4376,0.0099,0.3515,0.0094,0.1616,0.0309,0.0748,0.0111,0.0663,0.0209,0.2908,0.0292,0.3078,0.0369,0.7816,0.0138,0.2154,0.0056,0.3401,0.0429,7
pomdp_belief_planner,combined_disappearance_stress,mobile_pick_and_place,human_temporary_obstruction,0.602,0.0423,0.4349,0.011,0.3618,0.0106,0.131,0.033,0.0935,0.0206,0.1122,0.0243,0.3078,0.0351,0.3214,0.0423,0.7714,0.0119,0.2205,0.0053,0.1956,0.0413,7
pomdp_belief_planner,combined_disappearance_stress,mobile_pick_and_place,object_moved,0.5663,0.019,0.4329,0.0147,0.3553,0.0072,0.1548,0.031,0.0527,0.0175,0.0612,0.0213,0.3044,0.0569,0.3163,0.0423,0.7197,0.0169,0.2256,0.0049,0.2602,0.0436,7
pomdp_belief_planner,combined_disappearance_stress,mobile_pick_and_place,object_removed,0.5221,0.0365,0.4347,0.0073,0.3673,0.0092,0.1973,0.0254,0.0952,0.0204,0.0595,0.0197,0.2925,0.0381,0.25,0.0491,0.8125,0.0053,0.2259,0.0094,0.2517,0.0606,7
pomdp_belief_planner,combined_disappearance_stress,mobile_pick_and_place,substitute_goal_available,0.5153,0.0296,0.4304,0.01,0.3582,0.006,0.1446,0.0316,0.0578,0.0164,0.0629,0.0159,0.3027,0.0274,0.2874,0.0213,0.791,0.0131,0.2193,0.0052,0.284,0.0343,7
pomdp_belief_planner,combined_disappearance_stress,mobile_pick_and_place,visual_occlusion,0.5986,0.0321,0.4377,0.0112,0.3609,0.0083,0.1088,0.0332,0.0391,0.0084,0.1327,0.0262,0.2772,0.0524,0.3095,0.0353,0.7737,0.0175,0.2234,0.0085,0.216,0.0433,7
pomdp_belief_planner,combined_disappearance_stress,shelf_retrieval,cascading_disappearing_goal,0.483,0.0536,0.4303,0.0039,0.3555,0.0069,0.1939,0.0287,0.102,0.0209,0.1003,0.0325,0.2721,0.02,0.284,0.043,0.9151,0.0193,0.2229,0.0039,0.3197,0.057,7
pomdp_belief_planner,combined_disappearance_stress,shelf_retrieval,goal_specification_changed,0.568,0.0471,0.4426,0.0158,0.3558,0.008,0.1888,0.0285,0.0782,0.0168,0.068,0.0111,0.2806,0.0249,0.2925,0.055,0.7625,0.0123,0.2183,0.0046,0.2262,0.0486,7
pomdp_belief_planner,combined_disappearance_stress,shelf_retrieval,human_temporary_obstruction,0.5782,0.0264,0.4412,0.0097,0.3681,0.0143,0.1259,0.0143,0.0527,0.0133,0.1616,0.0274,0.2823,0.0263,0.3265,0.0283,0.7703,0.0134,0.2256,0.0052,0.2347,0.0524,7
pomdp_belief_planner,combined_disappearance_stress,shelf_retrieval,object_moved,0.5646,0.0349,0.4377,0.0069,0.3579,0.0113,0.1463,0.0237,0.0374,0.018,0.0884,0.0341,0.2823,0.0352,0.3112,0.0492,0.6912,0.0181,0.2246,0.0083,0.25,0.0589,7
pomdp_belief_planner,combined_disappearance_stress,shelf_retrieval,object_removed,0.5425,0.0391,0.4371,0.0104,0.3636,0.0084,0.1531,0.0312,0.1088,0.0187,0.0561,0.0214,0.2568,0.0429,0.3452,0.0367,0.8069,0.0213,0.2218,0.0078,0.2619,0.0626,7
pomdp_belief_planner,combined_disappearance_stress,shelf_retrieval,substitute_goal_available,0.4864,0.0386,0.4379,0.0104,0.3506,0.0066,0.1412,0.0241,0.068,0.0237,0.0765,0.0143,0.2891,0.0237,0.2908,0.0196,0.7793,0.0111,0.2245,0.0055,0.301,0.0496,7
pomdp_belief_planner,combined_disappearance_stress,shelf_retrieval,visual_occlusion,0.6071,0.0455,0.4431,0.0052,0.3496,0.0068,0.1071,0.0161,0.0374,0.02,0.1361,0.0215,0.3044,0.0345,0.3248,0.0344,0.7665,0.0162,0.2322,0.0072,0.1888,0.0508,7
pomdp_belief_planner,combined_disappearance_stress,tool_handoff,cascading_disappearing_goal,0.4133,0.0443,0.4349,0.0119,0.356,0.0114,0.2058,0.0348,0.0918,0.0268,0.1259,0.04,0.2517,0.0193,0.2874,0.0418,0.9534,0.0104,0.2245,0.0026,0.3333,0.0666,7
pomdp_belief_planner,combined_disappearance_stress,tool_handoff,goal_specification_changed,0.4847,0.0383,0.4381,0.0106,0.3594,0.0073,0.1769,0.0257,0.0782,0.0238,0.0697,0.0262,0.2993,0.0508,0.2738,0.0249,0.7925,0.0145,0.2207,0.0099,0.3163,0.0432,7
pomdp_belief_planner,combined_disappearance_stress,tool_handoff,human_temporary_obstruction,0.5544,0.0541,0.4364,0.0061,0.3556,0.0083,0.119,0.0144,0.068,0.0208,0.119,0.0222,0.2942,0.037,0.3061,0.0232,0.78,0.0162,0.2247,0.0057,0.267,0.0841,7
pomdp_belief_planner,combined_disappearance_stress,tool_handoff,object_moved,0.5272,0.0291,0.4436,0.0096,0.3662,0.0096,0.1548,0.0204,0.0833,0.0244,0.0663,0.0112,0.2806,0.0175,0.2976,0.0494,0.7061,0.0155,0.2214,0.0075,0.2772,0.0457,7
pomdp_belief_planner,combined_disappearance_stress,tool_handoff,object_removed,0.5612,0.0393,0.4408,0.0109,0.3622,0.0116,0.2024,0.0478,0.1003,0.0233,0.0816,0.0241,0.2755,0.0332,0.2636,0.0328,0.8418,0.0026,0.2217,0.009,0.2279,0.0651,7
pomdp_belief_planner,combined_disappearance_stress,tool_handoff,substitute_goal_available,0.4915,0.0519,0.4363,0.0104,0.3587,0.0083,0.1616,0.0264,0.0612,0.018,0.0782,0.0183,0.2823,0.0248,0.318,0.0208,0.807,0.0125,0.2197,0.0079,0.2976,0.0694,7
pomdp_belief_planner,combined_disappearance_stress,tool_handoff,visual_occlusion,0.5578,0.0354,0.4426,0.0177,0.3591,0.0111,0.0986,0.0067,0.0493,0.0156,0.1548,0.0318,0.2806,0.0196,0.301,0.0321,0.7933,0.0124,0.2316,0.01,0.2772,0.0337,7
pomdp_belief_planner,delayed_reappearance,bin_sorting,cascading_disappearing_goal,0.4473,0.0526,0.4703,0.0113,0.3898,0.0116,0.1497,0.0215,0.1037,0.0325,0.102,0.0175,0.2874,0.0495,0.3537,0.0383,0.8272,0.0228,0.2253,0.0051,0.381,0.0675,7
pomdp_belief_planner,delayed_reappearance,bin_sorting,goal_specification_changed,0.5816,0.0473,0.4704,0.0068,0.3779,0.0092,0.1531,0.02,0.0578,0.0213,0.068,0.0182,0.2806,0.0243,0.3469,0.0376,0.7358,0.0114,0.2232,0.0031,0.2109,0.0471,7
pomdp_belief_planner,delayed_reappearance,bin_sorting,human_temporary_obstruction,0.6412,0.0415,0.4654,0.011,0.3838,0.0081,0.1327,0.0271,0.0629,0.0273,0.1259,0.0221,0.2908,0.0356,0.3605,0.0524,0.7344,0.012,0.2216,0.0069,0.182,0.0482,7
pomdp_belief_planner,delayed_reappearance,bin_sorting,object_moved,0.6003,0.0531,0.4664,0.0097,0.3841,0.0092,0.1548,0.0288,0.0544,0.0143,0.0884,0.0227,0.3163,0.0313,0.3486,0.0503,0.683,0.0127,0.222,0.0061,0.2126,0.0579,7
pomdp_belief_planner,delayed_reappearance,bin_sorting,object_removed,0.585,0.0468,0.4588,0.0058,0.3863,0.0058,0.1701,0.0387,0.0493,0.0224,0.0748,0.0248,0.2789,0.0363,0.3231,0.0436,0.7521,0.019,0.221,0.004,0.2534,0.0511,7
pomdp_belief_planner,delayed_reappearance,bin_sorting,substitute_goal_available,0.5272,0.0317,0.468,0.0106,0.3823,0.0134,0.1412,0.0241,0.0493,0.0033,0.0697,0.0281,0.301,0.0304,0.3095,0.0191,0.7169,0.0187,0.2191,0.0083,0.2908,0.0485,7
pomdp_belief_planner,delayed_reappearance,bin_sorting,visual_occlusion,0.6276,0.0488,0.4756,0.0087,0.3868,0.0075,0.1071,0.0274,0.0357,0.0135,0.1139,0.0168,0.2738,0.0326,0.3197,0.0358,0.7514,0.0127,0.2215,0.0045,0.2024,0.0628,7
pomdp_belief_planner,delayed_reappearance,drawer_placement,cascading_disappearing_goal,0.4864,0.0246,0.4757,0.0112,0.3855,0.007,0.1956,0.0301,0.0969,0.0267,0.1207,0.0148,0.2466,0.0373,0.3282,0.0598,0.8806,0.0156,0.2215,0.0056,0.318,0.0443,7
pomdp_belief_planner,delayed_reappearance,drawer_placement,goal_specification_changed,0.5408,0.0305,0.4689,0.014,0.3983,0.0115,0.1667,0.0356,0.0595,0.0114,0.0425,0.0123,0.2755,0.0523,0.3367,0.034,0.75,0.0185,0.2188,0.0067,0.2976,0.0269,7
pomdp_belief_planner,delayed_reappearance,drawer_placement,human_temporary_obstruction,0.6122,0.0475,0.4628,0.0081,0.3743,0.0114,0.0969,0.02,0.0663,0.0215,0.1293,0.023,0.2908,0.0259,0.3622,0.036,0.7439,0.0112,0.2243,0.0077,0.1922,0.0753,7
pomdp_belief_planner,delayed_reappearance,drawer_placement,object_moved,0.5578,0.0389,0.4774,0.0087,0.3807,0.0084,0.1446,0.0187,0.0612,0.0148,0.085,0.0312,0.2636,0.0492,0.3231,0.0343,0.7018,0.0163,0.2201,0.0078,0.267,0.069,7
pomdp_belief_planner,delayed_reappearance,drawer_placement,object_removed,0.5612,0.032,0.4705,0.0075,0.3856,0.0092,0.165,0.0343,0.0765,0.0133,0.0595,0.021,0.2772,0.0333,0.3282,0.0426,0.7804,0.0115,0.2143,0.0098,0.2398,0.0537,7
pomdp_belief_planner,delayed_reappearance,drawer_placement,substitute_goal_available,0.5068,0.0321,0.4719,0.0143,0.3798,0.0071,0.1548,0.0102,0.0493,0.0294,0.0799,0.022,0.2636,0.0386,0.2993,0.0365,0.7468,0.0056,0.2209,0.0104,0.2908,0.0363,7
pomdp_belief_planner,delayed_reappearance,drawer_placement,visual_occlusion,0.6139,0.0384,0.4674,0.0124,0.3828,0.0061,0.1122,0.0221,0.0357,0.0125,0.1122,0.0305,0.2721,0.0303,0.3827,0.018,0.7592,0.008,0.2307,0.0055,0.2194,0.0305,7
pomdp_belief_planner,delayed_reappearance,mobile_pick_and_place,cascading_disappearing_goal,0.5102,0.0412,0.4763,0.0145,0.3811,0.0182,0.1718,0.0264,0.1122,0.0278,0.1207,0.0276,0.2568,0.0305,0.3571,0.0429,0.8736,0.0068,0.2267,0.0058,0.2806,0.0458,7
pomdp_belief_planner,delayed_reappearance,mobile_pick_and_place,goal_specification_changed,0.5357,0.0244,0.4692,0.0071,0.3773,0.0134,0.2007,0.0193,0.0833,0.0176,0.0578,0.0172,0.2942,0.0413,0.3044,0.0278,0.7307,0.0075,0.2204,0.0039,0.284,0.0484,7
pomdp_belief_planner,delayed_reappearance,mobile_pick_and_place,human_temporary_obstruction,0.5986,0.0373,0.4691,0.0066,0.3804,0.015,0.085,0.0187,0.0884,0.0221,0.1327,0.0148,0.3129,0.0348,0.3912,0.0246,0.7614,0.01,0.2253,0.0091,0.2228,0.0443,7
pomdp_belief_planner,delayed_reappearance,mobile_pick_and_place,object_moved,0.5799,0.0329,0.4712,0.0049,0.3865,0.0102,0.1582,0.034,0.0527,0.0238,0.0935,0.0224,0.284,0.0505,0.3622,0.0233,0.6968,0.0147,0.2178,0.0031,0.2262,0.0527,7
pomdp_belief_planner,delayed_reappearance,mobile_pick_and_place,object_removed,0.5867,0.044,0.4563,0.0092,0.3832,0.0075,0.182,0.0373,0.0765,0.0243,0.0782,0.016,0.3146,0.0449,0.3588,0.0552,0.7778,0.0077,0.2175,0.005,0.2126,0.0708,7
pomdp_belief_planner,delayed_reappearance,mobile_pick_and_place,substitute_goal_available,0.5204,0.0352,0.4691,0.0111,0.378,0.0062,0.1361,0.0309,0.0646,0.0249,0.0952,0.0216,0.2891,0.0273,0.3384,0.0292,0.7391,0.016,0.2227,0.0069,0.2687,0.0432,7
pomdp_belief_planner,delayed_reappearance,mobile_pick_and_place,visual_occlusion,0.5731,0.0468,0.4713,0.0197,0.3929,0.01,0.1054,0.0267,0.0408,0.0196,0.1378,0.0305,0.2857,0.0371,0.3112,0.0523,0.7724,0.0141,0.2214,0.0059,0.2415,0.0516,7
pomdp_belief_planner,delayed_reappearance,shelf_retrieval,cascading_disappearing_goal,0.5221,0.023,0.4724,0.0103,0.3829,0.005,0.1888,0.0379,0.0952,0.0244,0.102,0.0227,0.3231,0.0281,0.3401,0.0264,0.8671,0.0111,0.222,0.0047,0.2908,0.0443,7
pomdp_belief_planner,delayed_reappearance,shelf_retrieval,goal_specification_changed,0.5663,0.0215,0.4704,0.0099,0.3842,0.0134,0.1327,0.0257,0.0714,0.0228,0.085,0.02,0.3061,0.0431,0.3452,0.0353,0.7319,0.0174,0.2181,0.0063,0.2517,0.0372,7
pomdp_belief_planner,delayed_reappearance,shelf_retrieval,human_temporary_obstruction,0.5646,0.0435,0.467,0.0049,0.3889,0.006,0.1344,0.0182,0.0663,0.0221,0.1565,0.0193,0.284,0.0399,0.3844,0.0348,0.7539,0.0076,0.2213,0.0048,0.2296,0.0621,7
pomdp_belief_planner,delayed_reappearance,shelf_retrieval,object_moved,0.5816,0.0276,0.4811,0.008,0.3811,0.0073,0.1327,0.0462,0.0663,0.0143,0.0782,0.0183,0.2942,0.044,0.369,0.0374,0.6952,0.0101,0.2236,0.0034,0.2143,0.0583,7
pomdp_belief_planner,delayed_reappearance,shelf_retrieval,object_removed,0.585,0.0332,0.4664,0.0142,0.3848,0.0052,0.131,0.0153,0.0714,0.0184,0.0629,0.0263,0.2772,0.0237,0.3418,0.0606,0.7744,0.0091,0.2199,0.004,0.2194,0.0458,7
pomdp_belief_planner,delayed_reappearance,shelf_retrieval,substitute_goal_available,0.5663,0.0562,0.4566,0.0067,0.387,0.009,0.1548,0.0364,0.0561,0.0174,0.0748,0.0258,0.2891,0.0521,0.3095,0.0222,0.7522,0.0126,0.2209,0.0049,0.2398,0.0735,7
pomdp_belief_planner,delayed_reappearance,shelf_retrieval,visual_occlusion,0.5833,0.0353,0.4699,0.0125,0.3822,0.0096,0.0935,0.0156,0.0442,0.0132,0.1429,0.0153,0.3112,0.0376,0.3929,0.0288,0.7728,0.0073,0.2221,0.005,0.25,0.0658,7
pomdp_belief_planner,delayed_reappearance,tool_handoff,cascading_disappearing_goal,0.4507,0.0303,0.4665,0.0118,0.3834,0.0105,0.1616,0.0259,0.1003,0.0196,0.1156,0.0248,0.2636,0.0246,0.3061,0.0373,0.8952,0.0145,0.2215,0.0117,0.3299,0.0663,7
pomdp_belief_planner,delayed_reappearance,tool_handoff,goal_specification_changed,0.5578,0.0172,0.469,0.0109,0.3814,0.0145,0.1514,0.0363,0.0816,0.0164,0.0765,0.0196,0.2687,0.0278,0.3231,0.02,0.7566,0.0116,0.2167,0.0019,0.2432,0.0278,7
pomdp_belief_planner,delayed_reappearance,tool_handoff,human_temporary_obstruction,0.5493,0.0257,0.4779,0.0087,0.371,0.0101,0.0935,0.0276,0.068,0.0291,0.1378,0.0221,0.2942,0.041,0.3571,0.031,0.7654,0.0153,0.2277,0.004,0.2517,0.0629,7
pomdp_belief_planner,delayed_reappearance,tool_handoff,object_moved,0.5833,0.0314,0.4747,0.0131,0.3788,0.0122,0.131,0.0342,0.0646,0.0243,0.0663,0.0143,0.2857,0.0255,0.3146,0.0677,0.7046,0.0125,0.2208,0.0073,0.2211,0.048,7
pomdp_belief_planner,delayed_reappearance,tool_handoff,object_removed,0.5697,0.0389,0.4707,0.0068,0.3726,0.012,0.1429,0.0269,0.0697,0.02,0.0595,0.0244,0.2823,0.0321,0.3197,0.0503,0.7924,0.0055,0.2178,0.0051,0.2228,0.0528,7
pomdp_belief_planner,delayed_reappearance,tool_handoff,substitute_goal_available,0.534,0.0241,0.4747,0.0127,0.3805,0.0062,0.1548,0.0216,0.0765,0.0123,0.0884,0.0152,0.2925,0.0274,0.3435,0.0409,0.7733,0.0118,0.2213,0.0071,0.2568,0.0345,7
pomdp_belief_planner,delayed_reappearance,tool_handoff,visual_occlusion,0.6003,0.0349,0.4702,0.0096,0.3797,0.0073,0.0884,0.0309,0.0595,0.0228,0.131,0.0367,0.2976,0.0381,0.3248,0.0355,0.7823,0.0156,0.2239,0.008,0.216,0.0409,7
pomdp_belief_planner,nominal,bin_sorting,cascading_disappearing_goal,0.6105,0.0393,0.5204,0.009,0.4367,0.0116,0.1224,0.0182,0.0544,0.0086,0.0935,0.0213,0.3929,0.0191,0.3759,0.0381,0.6379,0.0147,0.2237,0.0066,0.2245,0.0505,7
pomdp_belief_planner,nominal,bin_sorting,goal_specification_changed,0.6173,0.0593,0.5235,0.0149,0.4431,0.0133,0.1003,0.0168,0.0544,0.0337,0.0357,0.0102,0.4286,0.0587,0.335,0.0549,0.566,0.0083,0.221,0.0072,0.2364,0.0701,7
pomdp_belief_planner,nominal,bin_sorting,human_temporary_obstruction,0.6293,0.0365,0.5101,0.0151,0.4286,0.0132,0.0646,0.0183,0.0357,0.0161,0.0731,0.0307,0.3741,0.06,0.3503,0.0548,0.5778,0.0086,0.2249,0.0057,0.2058,0.046,7
pomdp_belief_planner,nominal,bin_sorting,object_moved,0.6514,0.0419,0.5279,0.0123,0.4287,0.0108,0.085,0.0336,0.0544,0.0168,0.0884,0.0264,0.415,0.0307,0.3673,0.0213,0.5421,0.0121,0.223,0.0063,0.1684,0.054,7
pomdp_belief_planner,nominal,bin_sorting,object_removed,0.6327,0.0399,0.521,0.0116,0.4364,0.005,0.0969,0.0328,0.051,0.0098,0.0425,0.0221,0.415,0.0508,0.3418,0.0363,0.5998,0.008,0.2247,0.0062,0.2143,0.0367,7
pomdp_belief_planner,nominal,bin_sorting,substitute_goal_available,0.6224,0.0538,0.5201,0.005,0.4238,0.0138,0.1054,0.0164,0.0391,0.0122,0.0561,0.015,0.3793,0.0312,0.3741,0.0384,0.5724,0.0122,0.2181,0.0053,0.2007,0.0688,7
pomdp_belief_planner,nominal,bin_sorting,visual_occlusion,0.6582,0.0296,0.5242,0.0091,0.4245,0.0137,0.0714,0.0204,0.0306,0.0112,0.0901,0.0305,0.3469,0.0459,0.3827,0.0262,0.5636,0.0119,0.2185,0.0043,0.1701,0.0455,7
pomdp_belief_planner,nominal,drawer_placement,cascading_disappearing_goal,0.5306,0.0429,0.5219,0.0086,0.4201,0.0132,0.1122,0.0329,0.0629,0.0243,0.0884,0.0356,0.3486,0.0214,0.3503,0.0536,0.6421,0.0109,0.2217,0.0076,0.3044,0.0571,7
pomdp_belief_planner,nominal,drawer_placement,goal_specification_changed,0.6446,0.0213,0.5193,0.0085,0.4209,0.0144,0.0714,0.0161,0.0493,0.0156,0.051,0.0174,0.3861,0.0397,0.3588,0.0497,0.5849,0.0155,0.2155,0.0062,0.1701,0.0431,7
pomdp_belief_planner,nominal,drawer_placement,human_temporary_obstruction,0.5884,0.0606,0.5191,0.0145,0.4278,0.0138,0.0663,0.0254,0.0476,0.0184,0.0952,0.0374,0.3827,0.0525,0.381,0.0404,0.5753,0.016,0.2224,0.0062,0.2568,0.0606,7
pomdp_belief_planner,nominal,drawer_placement,object_moved,0.6378,0.0598,0.5319,0.0121,0.4319,0.0119,0.1088,0.0436,0.0391,0.0122,0.0561,0.0226,0.3776,0.0366,0.3469,0.0307,0.5328,0.0166,0.2193,0.0076,0.1786,0.0578,7
pomdp_belief_planner,nominal,drawer_placement,object_removed,0.6207,0.0421,0.5276,0.0074,0.4252,0.0081,0.1156,0.0208,0.0476,0.0125,0.0391,0.015,0.3861,0.0254,0.3588,0.043,0.5985,0.0069,0.2202,0.0046,0.1854,0.0458,7
pomdp_belief_planner,nominal,drawer_placement,substitute_goal_available,0.6105,0.04,0.5318,0.0139,0.4301,0.0092,0.0833,0.021,0.0527,0.0243,0.0867,0.0174,0.3912,0.0406,0.398,0.0387,0.5873,0.0142,0.2191,0.0063,0.2245,0.0362,7
pomdp_belief_planner,nominal,drawer_placement,visual_occlusion,0.648,0.0325,0.5244,0.0093,0.4359,0.0108,0.0612,0.0164,0.0306,0.0133,0.0799,0.0243,0.4014,0.0226,0.3418,0.0263,0.5713,0.0159,0.2174,0.0015,0.199,0.0355,7
pomdp_belief_planner,nominal,mobile_pick_and_place,cascading_disappearing_goal,0.5986,0.0463,0.5279,0.0097,0.4286,0.0163,0.1054,0.0187,0.0697,0.0156,0.0816,0.0336,0.3673,0.0513,0.3163,0.0325,0.6631,0.0085,0.2205,0.0042,0.1973,0.0582,7
pomdp_belief_planner,nominal,mobile_pick_and_place,goal_specification_changed,0.6497,0.0278,0.525,0.004,0.4305,0.0132,0.0816,0.029,0.0578,0.0107,0.0595,0.0197,0.3912,0.0412,0.3759,0.0441,0.5696,0.0115,0.2219,0.0084,0.1973,0.0516,7
pomdp_belief_planner,nominal,mobile_pick_and_place,human_temporary_obstruction,0.6276,0.0317,0.5241,0.009,0.4232,0.0098,0.0561,0.0226,0.0493,0.0187,0.0867,0.0141,0.3946,0.0588,0.3776,0.0431,0.5777,0.0142,0.2202,0.0066,0.1973,0.0792,7
pomdp_belief_planner,nominal,mobile_pick_and_place,object_moved,0.648,0.0557,0.5172,0.0134,0.4227,0.0062,0.0663,0.0209,0.0476,0.0184,0.0629,0.0182,0.4218,0.0446,0.3878,0.037,0.5432,0.0149,0.2242,0.0026,0.1735,0.0582,7
pomdp_belief_planner,nominal,mobile_pick_and_place,object_removed,0.648,0.0337,0.5171,0.0093,0.43,0.0103,0.119,0.0274,0.068,0.0202,0.0561,0.0317,0.4422,0.0508,0.381,0.0318,0.604,0.0163,0.2198,0.0048,0.1752,0.0469,7
pomdp_belief_planner,nominal,mobile_pick_and_place,substitute_goal_available,0.5935,0.0399,0.519,0.0129,0.4281,0.0107,0.1037,0.03,0.0578,0.0219,0.068,0.0258,0.4082,0.0416,0.369,0.0494,0.5756,0.0125,0.219,0.0031,0.2228,0.0443,7
pomdp_belief_planner,nominal,mobile_pick_and_place,visual_occlusion,0.648,0.0564,0.5187,0.0063,0.4364,0.0107,0.051,0.0226,0.0408,0.0264,0.0952,0.0204,0.3895,0.0714,0.3146,0.0432,0.5794,0.0127,0.2212,0.0082,0.1939,0.055,7
pomdp_belief_planner,nominal,shelf_retrieval,cascading_disappearing_goal,0.5969,0.0246,0.5275,0.014,0.4439,0.0159,0.0986,0.0258,0.0561,0.0174,0.0748,0.0248,0.3997,0.0292,0.3537,0.04,0.6616,0.0173,0.2198,0.0068,0.2143,0.0401,7
pomdp_belief_planner,nominal,shelf_retrieval,goal_specification_changed,0.6071,0.0228,0.5313,0.0137,0.4384,0.0165,0.0901,0.0152,0.068,0.0208,0.0459,0.0139,0.3741,0.0301,0.3418,0.0493,0.5643,0.0133,0.225,0.0062,0.233,0.0309,7
pomdp_belief_planner,nominal,shelf_retrieval,human_temporary_obstruction,0.5816,0.0552,0.5282,0.007,0.4213,0.0087,0.0663,0.0243,0.0408,0.0183,0.0986,0.0366,0.4014,0.0477,0.3554,0.0418,0.565,0.0119,0.2178,0.0074,0.2636,0.0712,7
pomdp_belief_planner,nominal,shelf_retrieval,object_moved,0.5935,0.0193,0.5156,0.0102,0.4262,0.0084,0.0884,0.0292,0.0476,0.0176,0.0714,0.0169,0.3929,0.0423,0.3588,0.0503,0.5411,0.0186,0.2263,0.0066,0.25,0.0197,7
pomdp_belief_planner,nominal,shelf_retrieval,object_removed,0.6071,0.0478,0.5281,0.0106,0.4242,0.0152,0.1037,0.0243,0.068,0.0195,0.0544,0.0259,0.3946,0.0213,0.3299,0.0232,0.5968,0.0069,0.2154,0.0047,0.2347,0.046,7
pomdp_belief_planner,nominal,shelf_retrieval,substitute_goal_available,0.6241,0.019,0.5297,0.0105,0.4256,0.0114,0.0901,0.0175,0.0527,0.0196,0.051,0.0174,0.3861,0.0283,0.3486,0.0309,0.5866,0.0104,0.2192,0.0079,0.2211,0.019,7
pomdp_belief_planner,nominal,shelf_retrieval,visual_occlusion,0.648,0.0511,0.5245,0.0077,0.4355,0.0121,0.0561,0.0304,0.0374,0.02,0.1105,0.0174,0.3997,0.0472,0.381,0.0367,0.5913,0.0137,0.2165,0.0057,0.1837,0.0557,7
pomdp_belief_planner,nominal,tool_handoff,cascading_disappearing_goal,0.5272,0.0291,0.5371,0.0127,0.4405,0.01,0.119,0.0345,0.0782,0.01,0.0782,0.0329,0.4133,0.034,0.3367,0.0282,0.6769,0.0201,0.2256,0.0057,0.2874,0.0328,7
pomdp_belief_planner,nominal,tool_handoff,goal_specification_changed,0.6156,0.0352,0.5216,0.011,0.4253,0.0128,0.0799,0.0084,0.051,0.0132,0.0629,0.0253,0.3997,0.0238,0.3078,0.0312,0.5948,0.0063,0.2158,0.0091,0.1922,0.0312,7
pomdp_belief_planner,nominal,tool_handoff,human_temporary_obstruction,0.6633,0.0463,0.5196,0.0137,0.4227,0.0065,0.0629,0.015,0.0612,0.0094,0.0867,0.0195,0.398,0.0589,0.3197,0.0451,0.5739,0.0191,0.2209,0.005,0.1531,0.0257,7
pomdp_belief_planner,nominal,tool_handoff,object_moved,0.6241,0.0292,0.523,0.0106,0.4323,0.0129,0.0901,0.0321,0.0561,0.0174,0.0442,0.0243,0.3878,0.0446,0.3418,0.0434,0.5365,0.0075,0.216,0.0073,0.2109,0.0425,7
pomdp_belief_planner,nominal,tool_handoff,object_removed,0.6446,0.0303,0.5233,0.0075,0.4323,0.0075,0.0901,0.0196,0.0629,0.015,0.0629,0.0043,0.4099,0.0419,0.3571,0.0314,0.6253,0.0096,0.2241,0.0064,0.1701,0.049,7
pomdp_belief_planner,nominal,tool_handoff,substitute_goal_available,0.5935,0.0418,0.533,0.0075,0.4403,0.0174,0.1241,0.0283,0.0646,0.0249,0.0527,0.016,0.4099,0.0329,0.3793,0.0386,0.584,0.0137,0.2172,0.0058,0.2432,0.0496,7
pomdp_belief_planner,nominal,tool_handoff,visual_occlusion,0.631,0.0345,0.5183,0.0093,0.4246,0.0109,0.0527,0.0168,0.0357,0.0114,0.0884,0.0196,0.3844,0.0182,0.3622,0.0488,0.5818,0.0122,0.2272,0.0091,0.2109,0.0325,7
pomdp_belief_planner,occlusion_heavy_shift,bin_sorting,cascading_disappearing_goal,0.5459,0.0372,0.4628,0.0147,0.4138,0.0079,0.1344,0.0202,0.0731,0.0119,0.1156,0.0248,0.3537,0.0321,0.3759,0.0531,0.7482,0.0096,0.2186,0.0077,0.2891,0.0655,7
pomdp_belief_planner,occlusion_heavy_shift,bin_sorting,goal_specification_changed,0.6071,0.0349,0.4672,0.0135,0.4126,0.0098,0.131,0.021,0.0527,0.0196,0.0697,0.0187,0.3384,0.0493,0.335,0.0347,0.6276,0.0103,0.2205,0.014,0.2262,0.0467,7
pomdp_belief_planner,occlusion_heavy_shift,bin_sorting,human_temporary_obstruction,0.631,0.0617,0.4698,0.0114,0.4034,0.0126,0.068,0.0167,0.0527,0.0209,0.102,0.0238,0.2891,0.0278,0.3622,0.0175,0.6519,0.0177,0.2244,0.0072,0.2228,0.0559,7
pomdp_belief_planner,occlusion_heavy_shift,bin_sorting,object_moved,0.6293,0.0427,0.4736,0.0081,0.4133,0.0111,0.0986,0.0232,0.0391,0.0098,0.0833,0.0125,0.352,0.0168,0.3605,0.0416,0.5855,0.0164,0.2281,0.005,0.1803,0.0379,7
pomdp_belief_planner,occlusion_heavy_shift,bin_sorting,object_removed,0.602,0.0254,0.4729,0.0062,0.4147,0.0184,0.1105,0.0317,0.0561,0.0132,0.0646,0.0283,0.2993,0.0324,0.3673,0.0445,0.6597,0.0159,0.2221,0.0079,0.2228,0.0416,7
pomdp_belief_planner,occlusion_heavy_shift,bin_sorting,substitute_goal_available,0.5833,0.0553,0.4664,0.0119,0.4078,0.0074,0.1259,0.0416,0.0357,0.0161,0.0816,0.0312,0.3282,0.016,0.3503,0.0377,0.644,0.0074,0.2237,0.0058,0.2687,0.0452,7
pomdp_belief_planner,occlusion_heavy_shift,bin_sorting,visual_occlusion,0.6276,0.0174,0.461,0.0098,0.4196,0.0138,0.0646,0.019,0.0442,0.0195,0.1173,0.0267,0.335,0.0424,0.3418,0.0373,0.6683,0.0089,0.2257,0.0067,0.1854,0.0301,7
pomdp_belief_planner,occlusion_heavy_shift,drawer_placement,cascading_disappearing_goal,0.4898,0.0276,0.4679,0.0153,0.415,0.0098,0.1327,0.0148,0.0867,0.0122,0.1156,0.0067,0.3214,0.0318,0.3078,0.0442,0.7882,0.0106,0.2114,0.0065,0.3231,0.0402,7
pomdp_belief_planner,occlusion_heavy_shift,drawer_placement,goal_specification_changed,0.5816,0.0627,0.4715,0.0075,0.4217,0.0111,0.1395,0.0214,0.0714,0.0125,0.0731,0.0267,0.3316,0.0294,0.3435,0.0637,0.6607,0.0239,0.2246,0.0069,0.25,0.0876,7
pomdp_belief_planner,occlusion_heavy_shift,drawer_placement,human_temporary_obstruction,0.5884,0.0472,0.4692,0.0093,0.4069,0.0095,0.085,0.0224,0.068,0.0132,0.119,0.0153,0.3248,0.0237,0.3061,0.0214,0.6608,0.0155,0.2218,0.0034,0.233,0.0356,7
pomdp_belief_planner,occlusion_heavy_shift,drawer_placement,object_moved,0.6071,0.0244,0.4694,0.0147,0.4144,0.0078,0.102,0.0215,0.0544,0.0112,0.0867,0.0248,0.3469,0.0148,0.3741,0.0329,0.6236,0.017,0.2216,0.0048,0.1888,0.0206,7
pomdp_belief_planner,occlusion_heavy_shift,drawer_placement,object_removed,0.5731,0.029,0.4667,0.0136,0.4132,0.0081,0.119,0.026,0.0714,0.0161,0.0799,0.03,0.3741,0.0329,0.3146,0.0292,0.6802,0.0195,0.2164,0.0059,0.2517,0.0492,7
pomdp_belief_planner,occlusion_heavy_shift,drawer_placement,substitute_goal_available,0.6105,0.0387,0.4795,0.0102,0.4211,0.0074,0.1241,0.0329,0.0391,0.0098,0.1054,0.0246,0.3367,0.0503,0.3724,0.0538,0.6581,0.0135,0.2187,0.0072,0.2177,0.0387,7
pomdp_belief_planner,occlusion_heavy_shift,drawer_placement,visual_occlusion,0.585,0.0281,0.4658,0.0106,0.4187,0.0133,0.0748,0.022,0.0306,0.0112,0.0748,0.0141,0.3367,0.0387,0.3469,0.0547,0.6712,0.0086,0.2263,0.0086,0.2466,0.0253,7
pomdp_belief_planner,occlusion_heavy_shift,mobile_pick_and_place,cascading_disappearing_goal,0.5136,0.0436,0.4603,0.0111,0.4163,0.0105,0.1361,0.0238,0.0833,0.0204,0.1139,0.0196,0.3605,0.0548,0.3622,0.066,0.7842,0.011,0.2257,0.008,0.2993,0.0487,7
pomdp_belief_planner,occlusion_heavy_shift,mobile_pick_and_place,goal_specification_changed,0.5442,0.048,0.464,0.0043,0.4152,0.011,0.1259,0.0259,0.0748,0.0167,0.0578,0.0241,0.3418,0.015,0.3486,0.0355,0.6517,0.0154,0.2179,0.0089,0.2755,0.0573,7
pomdp_belief_planner,occlusion_heavy_shift,mobile_pick_and_place,human_temporary_obstruction,0.5884,0.0341,0.4633,0.0102,0.4206,0.0104,0.0629,0.0122,0.0527,0.0133,0.1446,0.0252,0.369,0.0483,0.3639,0.0325,0.6766,0.0092,0.2235,0.0079,0.2364,0.032,7
pomdp_belief_planner,occlusion_heavy_shift,mobile_pick_and_place,object_moved,0.6412,0.0299,0.4686,0.0093,0.4147,0.0121,0.1173,0.0285,0.051,0.0195,0.085,0.0213,0.3435,0.052,0.3418,0.0278,0.6175,0.0213,0.2241,0.0054,0.1667,0.0239,7
pomdp_belief_planner,occlusion_heavy_shift,mobile_pick_and_place,object_removed,0.5646,0.0413,0.4584,0.0126,0.4154,0.0123,0.131,0.0255,0.0833,0.021,0.0544,0.0238,0.3571,0.0455,0.3367,0.037,0.6872,0.0117,0.2227,0.0066,0.2347,0.0571,7
pomdp_belief_planner,occlusion_heavy_shift,mobile_pick_and_place,substitute_goal_available,0.5561,0.044,0.4632,0.0155,0.4118,0.0153,0.1037,0.0243,0.0731,0.023,0.0918,0.0278,0.3452,0.056,0.369,0.0401,0.6743,0.0154,0.2233,0.0059,0.25,0.0598,7
pomdp_belief_planner,occlusion_heavy_shift,mobile_pick_and_place,visual_occlusion,0.5663,0.0413,0.4745,0.0102,0.416,0.0081,0.0765,0.0274,0.0306,0.0175,0.1088,0.0262,0.3503,0.0317,0.3588,0.0386,0.6886,0.0143,0.2274,0.0045,0.2517,0.0547,7
pomdp_belief_planner,occlusion_heavy_shift,shelf_retrieval,cascading_disappearing_goal,0.5221,0.0354,0.4599,0.0076,0.4191,0.0059,0.1429,0.0318,0.0578,0.0224,0.1241,0.0259,0.3418,0.0366,0.3605,0.0296,0.7919,0.0062,0.2226,0.0035,0.2857,0.033,7
pomdp_belief_planner,occlusion_heavy_shift,shelf_retrieval,goal_specification_changed,0.5799,0.0425,0.4671,0.0081,0.4131,0.0114,0.1241,0.0274,0.0493,0.0094,0.0629,0.0226,0.2908,0.0446,0.3146,0.0363,0.6488,0.017,0.2201,0.0053,0.2415,0.0578,7
pomdp_belief_planner,occlusion_heavy_shift,shelf_retrieval,human_temporary_obstruction,0.6003,0.0333,0.4594,0.0087,0.4076,0.0078,0.0969,0.0219,0.0544,0.0209,0.1293,0.0347,0.3282,0.0387,0.3656,0.0428,0.6816,0.0155,0.218,0.007,0.2262,0.0483,7
pomdp_belief_planner,occlusion_heavy_shift,shelf_retrieval,object_moved,0.5952,0.0364,0.4746,0.0123,0.4196,0.0078,0.1037,0.0248,0.0476,0.0222,0.0799,0.0248,0.3214,0.0353,0.3333,0.036,0.6148,0.0145,0.2244,0.0032,0.2466,0.0363,7
pomdp_belief_planner,occlusion_heavy_shift,shelf_retrieval,object_removed,0.6139,0.0274,0.4578,0.0162,0.4192,0.0079,0.119,0.0283,0.0544,0.0227,0.0612,0.02,0.3163,0.0377,0.335,0.0224,0.674,0.0089,0.2224,0.005,0.2262,0.0426,7
pomdp_belief_planner,occlusion_heavy_shift,shelf_retrieval,substitute_goal_available,0.5646,0.0625,0.4574,0.0145,0.413,0.0112,0.102,0.0233,0.0425,0.0168,0.0969,0.0219,0.3537,0.0488,0.3571,0.0501,0.6646,0.0112,0.2197,0.0057,0.2755,0.0703,7
pomdp_belief_planner,occlusion_heavy_shift,shelf_retrieval,visual_occlusion,0.6122,0.0472,0.4609,0.0064,0.4035,0.0127,0.0663,0.0203,0.0391,0.0159,0.1259,0.0325,0.3265,0.0196,0.3878,0.0404,0.688,0.0032,0.2191,0.006,0.2007,0.057,7
pomdp_belief_planner,occlusion_heavy_shift,tool_handoff,cascading_disappearing_goal,0.5017,0.0436,0.4639,0.0091,0.4257,0.012,0.1497,0.0168,0.0952,0.0233,0.1224,0.0195,0.3299,0.0344,0.3231,0.0119,0.8223,0.0171,0.2223,0.004,0.2874,0.0525,7
pomdp_belief_planner,occlusion_heavy_shift,tool_handoff,goal_specification_changed,0.5391,0.0627,0.4732,0.0106,0.4129,0.0076,0.1548,0.0153,0.0799,0.015,0.0595,0.0184,0.2976,0.0322,0.2857,0.0384,0.6824,0.0098,0.222,0.0067,0.2891,0.0671,7
pomdp_belief_planner,occlusion_heavy_shift,tool_handoff,human_temporary_obstruction,0.5731,0.0421,0.4657,0.0092,0.4187,0.0104,0.085,0.0187,0.0425,0.0112,0.0867,0.0159,0.3673,0.0281,0.3793,0.0427,0.6829,0.0136,0.2211,0.0089,0.25,0.0458,7
pomdp_belief_planner,occlusion_heavy_shift,tool_handoff,object_moved,0.6122,0.0292,0.4675,0.0145,0.4181,0.0145,0.1446,0.0328,0.0663,0.016,0.0731,0.0246,0.318,0.04,0.3656,0.0373,0.6274,0.0136,0.2209,0.0069,0.1905,0.0306,7
pomdp_belief_planner,occlusion_heavy_shift,tool_handoff,object_removed,0.5782,0.0384,0.4626,0.0071,0.4194,0.0043,0.1276,0.0469,0.0714,0.0191,0.0714,0.0239,0.318,0.03,0.3384,0.0301,0.6971,0.0177,0.2203,0.0066,0.2262,0.0734,7
pomdp_belief_planner,occlusion_heavy_shift,tool_handoff,substitute_goal_available,0.5629,0.0263,0.4618,0.0127,0.4187,0.0125,0.1224,0.0167,0.0561,0.0226,0.0782,0.016,0.335,0.0457,0.3452,0.0279,0.6932,0.0178,0.2219,0.0073,0.2449,0.0526,7
pomdp_belief_planner,occlusion_heavy_shift,tool_handoff,visual_occlusion,0.6378,0.0455,0.4801,0.0115,0.4051,0.0187,0.0595,0.0072,0.0306,0.0209,0.1412,0.029,0.3486,0.0406,0.3741,0.0363,0.7088,0.0213,0.2243,0.0062,0.1531,0.0633,7
pomdp_belief_planner,physical_removal_shift,bin_sorting,cascading_disappearing_goal,0.5153,0.0321,0.4636,0.0074,0.4081,0.0105,0.1548,0.0356,0.0986,0.0195,0.1003,0.0296,0.3707,0.0424,0.2993,0.0213,0.7557,0.014,0.2248,0.0074,0.3248,0.04,7
pomdp_belief_planner,physical_removal_shift,bin_sorting,goal_specification_changed,0.5952,0.0326,0.4639,0.0071,0.3914,0.0122,0.1599,0.0183,0.0578,0.0148,0.0493,0.0148,0.352,0.0374,0.2993,0.0418,0.6598,0.0129,0.2194,0.0061,0.2721,0.0399,7
pomdp_belief_planner,physical_removal_shift,bin_sorting,human_temporary_obstruction,0.6156,0.0406,0.4587,0.0087,0.4003,0.0106,0.1071,0.0233,0.0595,0.0265,0.1088,0.0139,0.3197,0.0307,0.3129,0.0437,0.6416,0.017,0.2143,0.0064,0.2075,0.0587,7
pomdp_belief_planner,physical_removal_shift,bin_sorting,object_moved,0.5697,0.062,0.4687,0.0127,0.3964,0.0053,0.1173,0.0213,0.0442,0.0189,0.0612,0.0187,0.3537,0.0633,0.3078,0.023,0.6016,0.015,0.2266,0.0102,0.2364,0.0547,7
pomdp_belief_planner,physical_removal_shift,bin_sorting,object_removed,0.5986,0.0352,0.4627,0.0087,0.3973,0.0118,0.1633,0.015,0.0731,0.0241,0.068,0.0291,0.3333,0.0381,0.2789,0.0112,0.709,0.0128,0.2221,0.0059,0.216,0.0624,7
pomdp_belief_planner,physical_removal_shift,bin_sorting,substitute_goal_available,0.5476,0.0512,0.4624,0.009,0.3972,0.0124,0.1224,0.0263,0.0646,0.0175,0.0612,0.0139,0.3861,0.0209,0.3265,0.0175,0.6808,0.0147,0.2202,0.0057,0.2415,0.0373,7
pomdp_belief_planner,physical_removal_shift,bin_sorting,visual_occlusion,0.6412,0.0389,0.471,0.0131,0.4017,0.0075,0.0697,0.0193,0.0544,0.016,0.1003,0.0305,0.3571,0.0374,0.3248,0.0393,0.6425,0.0117,0.2284,0.0051,0.182,0.0466,7
pomdp_belief_planner,physical_removal_shift,drawer_placement,cascading_disappearing_goal,0.5051,0.0274,0.4734,0.0186,0.3959,0.0097,0.1327,0.0139,0.1088,0.0164,0.1156,0.0352,0.3367,0.0325,0.301,0.0309,0.8009,0.0133,0.2219,0.0069,0.2806,0.0341,7
pomdp_belief_planner,physical_removal_shift,drawer_placement,goal_specification_changed,0.5374,0.0471,0.4618,0.0117,0.3965,0.0178,0.1565,0.0412,0.0816,0.0328,0.0561,0.0182,0.369,0.0478,0.3027,0.037,0.6923,0.0091,0.2162,0.0067,0.2704,0.0533,7
pomdp_belief_planner,physical_removal_shift,drawer_placement,human_temporary_obstruction,0.6378,0.0345,0.4706,0.0112,0.3966,0.0109,0.1003,0.0215,0.0595,0.0125,0.0935,0.0219,0.3861,0.0249,0.3248,0.0437,0.636,0.0112,0.2164,0.0076,0.1973,0.0511,7
pomdp_belief_planner,physical_removal_shift,drawer_placement,object_moved,0.5697,0.0418,0.4675,0.0112,0.3993,0.013,0.1548,0.0467,0.0731,0.0262,0.0765,0.0069,0.3384,0.0317,0.3401,0.0397,0.6104,0.0148,0.2242,0.0061,0.2296,0.072,7
pomdp_belief_planner,physical_removal_shift,drawer_placement,object_removed,0.5748,0.0428,0.4703,0.0124,0.3957,0.0097,0.1633,0.0352,0.085,0.02,0.0578,0.0139,0.3486,0.0273,0.284,0.0402,0.7163,0.0182,0.2265,0.0038,0.2177,0.0598,7
pomdp_belief_planner,physical_removal_shift,drawer_placement,substitute_goal_available,0.5697,0.0409,0.4635,0.0119,0.4005,0.0067,0.1139,0.0209,0.051,0.0237,0.0544,0.0175,0.3333,0.0306,0.3027,0.0384,0.6953,0.0082,0.2167,0.0044,0.2534,0.0355,7
pomdp_belief_planner,physical_removal_shift,drawer_placement,visual_occlusion,0.6054,0.0492,0.4673,0.0039,0.3957,0.011,0.0782,0.019,0.0204,0.0098,0.085,0.0281,0.3639,0.0209,0.335,0.0561,0.6466,0.0083,0.2248,0.004,0.2024,0.0356,7
pomdp_belief_planner,physical_removal_shift,mobile_pick_and_place,cascading_disappearing_goal,0.483,0.0443,0.4679,0.0123,0.3998,0.0083,0.148,0.0221,0.0952,0.0249,0.0884,0.019,0.3435,0.0285,0.3044,0.0309,0.8051,0.0219,0.2191,0.0049,0.2823,0.0419,7
pomdp_belief_planner,physical_removal_shift,mobile_pick_and_place,goal_specification_changed,0.5782,0.0469,0.4733,0.0036,0.4079,0.0103,0.1395,0.0263,0.0935,0.0119,0.0816,0.0276,0.3537,0.0449,0.2976,0.0401,0.6937,0.0114,0.2205,0.005,0.2211,0.0321,7
pomdp_belief_planner,physical_removal_shift,mobile_pick_and_place,human_temporary_obstruction,0.5697,0.0271,0.4521,0.0076,0.3962,0.0143,0.0969,0.0276,0.0646,0.0292,0.1071,0.0204,0.3741,0.0203,0.335,0.043,0.6483,0.0105,0.2215,0.0098,0.2585,0.0536,7
pomdp_belief_planner,physical_removal_shift,mobile_pick_and_place,object_moved,0.5918,0.039,0.4608,0.0076,0.3898,0.0162,0.1327,0.0299,0.0646,0.0238,0.0748,0.0226,0.4014,0.0309,0.3622,0.0381,0.6223,0.0065,0.2206,0.0086,0.2058,0.0593,7
pomdp_belief_planner,physical_removal_shift,mobile_pick_and_place,object_removed,0.5748,0.0352,0.4695,0.0103,0.3973,0.0095,0.1395,0.0273,0.085,0.0241,0.085,0.0246,0.3656,0.0425,0.2976,0.0233,0.7207,0.0164,0.2226,0.0051,0.2296,0.049,7
pomdp_belief_planner,physical_removal_shift,mobile_pick_and_place,substitute_goal_available,0.517,0.0501,0.466,0.0104,0.3945,0.014,0.1122,0.0196,0.068,0.0214,0.0697,0.0148,0.3384,0.0432,0.2891,0.0313,0.6797,0.0141,0.2118,0.008,0.2874,0.0492,7
pomdp_belief_planner,physical_removal_shift,mobile_pick_and_place,visual_occlusion,0.6037,0.0268,0.4638,0.0092,0.3787,0.01,0.0578,0.023,0.0374,0.0148,0.1361,0.0254,0.352,0.0345,0.318,0.044,0.6529,0.0187,0.2258,0.0071,0.2177,0.034,7
pomdp_belief_planner,physical_removal_shift,shelf_retrieval,cascading_disappearing_goal,0.5238,0.0551,0.4595,0.0111,0.39,0.0175,0.1497,0.0446,0.1122,0.0175,0.1071,0.0249,0.3895,0.0428,0.301,0.0232,0.7959,0.0118,0.224,0.0057,0.2993,0.0649,7
pomdp_belief_planner,physical_removal_shift,shelf_retrieval,goal_specification_changed,0.5952,0.0326,0.4691,0.0039,0.3932,0.007,0.1327,0.0193,0.0731,0.0079,0.0527,0.0233,0.3316,0.0262,0.3044,0.0296,0.6959,0.0113,0.2197,0.0066,0.2432,0.0569,7
pomdp_belief_planner,physical_removal_shift,shelf_retrieval,human_temporary_obstruction,0.6173,0.059,0.4614,0.0121,0.3921,0.0096,0.0765,0.0292,0.0646,0.0221,0.1105,0.022,0.3469,0.0379,0.3214,0.0401,0.6509,0.0098,0.2249,0.0076,0.2126,0.0701,7
pomdp_belief_planner,physical_removal_shift,shelf_retrieval,object_moved,0.6003,0.0292,0.4573,0.0103,0.403,0.0058,0.1344,0.0317,0.0612,0.0107,0.0765,0.0196,0.3946,0.0343,0.335,0.0577,0.6208,0.0059,0.218,0.0035,0.2381,0.0297,7
pomdp_belief_planner,physical_removal_shift,shelf_retrieval,object_removed,0.5527,0.037,0.4637,0.0161,0.403,0.0104,0.1395,0.0253,0.1054,0.0187,0.0697,0.0299,0.3265,0.0296,0.3129,0.0333,0.7088,0.0242,0.2176,0.0045,0.2619,0.0486,7
pomdp_belief_planner,physical_removal_shift,shelf_retrieval,substitute_goal_available,0.5884,0.0432,0.4662,0.0108,0.3958,0.0093,0.1241,0.0485,0.0629,0.0111,0.0714,0.0197,0.3759,0.0203,0.3435,0.0347,0.6846,0.01,0.2211,0.0067,0.2398,0.0554,7
pomdp_belief_planner,physical_removal_shift,shelf_retrieval,visual_occlusion,0.6071,0.0306,0.4609,0.0108,0.4053,0.0078,0.0901,0.0301,0.0306,0.0183,0.1122,0.0301,0.3622,0.0452,0.3571,0.0429,0.65,0.0111,0.2253,0.0045,0.2177,0.0291,7
pomdp_belief_planner,physical_removal_shift,tool_handoff,cascading_disappearing_goal,0.5,0.0367,0.4599,0.0067,0.4,0.0105,0.165,0.0219,0.1054,0.0206,0.0731,0.0139,0.352,0.0325,0.3248,0.0313,0.8307,0.0195,0.2212,0.0065,0.2789,0.0567,7
pomdp_belief_planner,physical_removal_shift,tool_handoff,goal_specification_changed,0.5051,0.0209,0.4712,0.0145,0.3975,0.0111,0.1293,0.0262,0.0646,0.01,0.0612,0.0172,0.3588,0.0396,0.2942,0.0482,0.712,0.0139,0.2176,0.0037,0.2908,0.0493,7
pomdp_belief_planner,physical_removal_shift,tool_handoff,human_temporary_obstruction,0.5935,0.051,0.4597,0.0051,0.3944,0.0064,0.0901,0.0123,0.0731,0.0271,0.0935,0.0271,0.3418,0.0431,0.3112,0.0219,0.6653,0.0071,0.2244,0.0036,0.2075,0.048,7
pomdp_belief_planner,physical_removal_shift,tool_handoff,object_moved,0.5816,0.0568,0.469,0.0071,0.3883,0.0095,0.1259,0.0175,0.051,0.0167,0.0629,0.022,0.3861,0.0452,0.2823,0.0377,0.6459,0.0112,0.2178,0.0077,0.2262,0.0765,7
pomdp_belief_planner,physical_removal_shift,tool_handoff,object_removed,0.5391,0.0348,0.4638,0.0096,0.3903,0.0064,0.1429,0.0176,0.0663,0.0209,0.0459,0.0156,0.352,0.0377,0.2806,0.0301,0.747,0.0143,0.2212,0.0072,0.2636,0.0316,7
pomdp_belief_planner,physical_removal_shift,tool_handoff,substitute_goal_available,0.5408,0.0452,0.468,0.0135,0.3936,0.0074,0.1344,0.0226,0.0714,0.0301,0.0884,0.0196,0.3503,0.0183,0.284,0.0276,0.6986,0.0148,0.2181,0.0062,0.2466,0.0488,7
pomdp_belief_planner,physical_removal_shift,tool_handoff,visual_occlusion,0.631,0.0544,0.4682,0.0131,0.41,0.0105,0.0663,0.0143,0.0442,0.0189,0.0867,0.0182,0.369,0.0288,0.3061,0.0313,0.6535,0.0062,0.2198,0.0067,0.182,0.0443,7
proposed_disappearing_goal_belief_revision,combined_disappearance_stress,bin_sorting,cascading_disappearing_goal,0.6241,0.0363,0.5911,0.0107,0.5339,0.0125,0.1156,0.0208,0.0391,0.0098,0.0561,0.0084,0.3878,0.0391,0.4388,0.0206,0.7564,0.0212,0.2423,0.0088,0.1956,0.0526,7
proposed_disappearing_goal_belief_revision,combined_disappearance_stress,bin_sorting,goal_specification_changed,0.6803,0.0476,0.5817,0.0097,0.5231,0.0133,0.0952,0.0244,0.0374,0.0129,0.0306,0.0133,0.3963,0.0355,0.449,0.0463,0.6282,0.016,0.2441,0.0057,0.1412,0.0503,7
proposed_disappearing_goal_belief_revision,combined_disappearance_stress,bin_sorting,human_temporary_obstruction,0.7279,0.0427,0.5823,0.0076,0.5258,0.0103,0.051,0.0111,0.0374,0.0213,0.0799,0.0278,0.3895,0.0189,0.4779,0.0351,0.6328,0.031,0.2464,0.0067,0.0884,0.0596,7
proposed_disappearing_goal_belief_revision,combined_disappearance_stress,bin_sorting,object_moved,0.665,0.02,0.585,0.0075,0.529,0.0079,0.0918,0.0278,0.0289,0.0086,0.0459,0.0129,0.3997,0.0329,0.4388,0.0336,0.5694,0.0069,0.244,0.0033,0.1344,0.0422,7
proposed_disappearing_goal_belief_revision,combined_disappearance_stress,bin_sorting,object_removed,0.6871,0.022,0.5893,0.0066,0.5211,0.0142,0.0765,0.0309,0.051,0.0248,0.0425,0.0112,0.4252,0.044,0.4711,0.0488,0.6643,0.0135,0.2423,0.0081,0.1412,0.0415,7
proposed_disappearing_goal_belief_revision,combined_disappearance_stress,bin_sorting,substitute_goal_available,0.6752,0.0243,0.5866,0.0121,0.522,0.0069,0.0833,0.036,0.0442,0.0226,0.0408,0.0123,0.4065,0.0651,0.4847,0.0545,0.6228,0.0191,0.2533,0.0039,0.1463,0.0232,7
proposed_disappearing_goal_belief_revision,combined_disappearance_stress,bin_sorting,visual_occlusion,0.7126,0.029,0.5958,0.0056,0.5298,0.008,0.0476,0.0191,0.0238,0.0135,0.0561,0.0167,0.4269,0.0505,0.4779,0.05,0.6272,0.0156,0.2446,0.0034,0.1207,0.029,7
proposed_disappearing_goal_belief_revision,combined_disappearance_stress,drawer_placement,cascading_disappearing_goal,0.6088,0.0515,0.5845,0.012,0.5383,0.0118,0.1276,0.0202,0.0612,0.0262,0.0714,0.0233,0.4048,0.0527,0.449,0.0237,0.8102,0.0087,0.2518,0.0057,0.1718,0.0722,7
proposed_disappearing_goal_belief_revision,combined_disappearance_stress,drawer_placement,goal_specification_changed,0.6412,0.0276,0.5834,0.0044,0.5322,0.0125,0.1071,0.0314,0.0306,0.0086,0.017,0.0143,0.4201,0.046,0.4677,0.0393,0.6594,0.0127,0.2448,0.0081,0.131,0.0233,7
proposed_disappearing_goal_belief_revision,combined_disappearance_stress,drawer_placement,human_temporary_obstruction,0.6871,0.0287,0.5913,0.0148,0.5394,0.005,0.0799,0.0141,0.0544,0.01,0.0697,0.0172,0.4082,0.0232,0.4864,0.0285,0.6536,0.0176,0.25,0.0089,0.119,0.0496,7
proposed_disappearing_goal_belief_revision,combined_disappearance_stress,drawer_placement,object_moved,0.6259,0.0356,0.5849,0.0093,0.5386,0.0047,0.0731,0.0213,0.0391,0.0208,0.0408,0.0112,0.3724,0.0373,0.4643,0.0529,0.5738,0.0195,0.2483,0.0055,0.1956,0.0541,7
proposed_disappearing_goal_belief_revision,combined_disappearance_stress,drawer_placement,object_removed,0.6633,0.04,0.584,0.0107,0.5263,0.0108,0.0986,0.0309,0.0459,0.0094,0.0425,0.0233,0.4082,0.0359,0.4592,0.0356,0.71,0.0159,0.2467,0.008,0.1259,0.0483,7
proposed_disappearing_goal_belief_revision,combined_disappearance_stress,drawer_placement,substitute_goal_available,0.6633,0.0258,0.5816,0.0082,0.5278,0.0118,0.0867,0.0313,0.034,0.0193,0.0374,0.0119,0.3656,0.0498,0.4456,0.0397,0.6653,0.0144,0.2458,0.0057,0.1463,0.0337,7
proposed_disappearing_goal_belief_revision,combined_disappearance_stress,drawer_placement,visual_occlusion,0.6582,0.0431,0.5822,0.0086,0.5357,0.0075,0.0612,0.0061,0.0255,0.0156,0.0646,0.0196,0.4371,0.0503,0.4762,0.0414,0.6508,0.0104,0.2505,0.0072,0.1327,0.0487,7
proposed_disappearing_goal_belief_revision,combined_disappearance_stress,mobile_pick_and_place,cascading_disappearing_goal,0.631,0.0345,0.5964,0.0086,0.5284,0.0091,0.1241,0.036,0.0442,0.0174,0.0782,0.016,0.4031,0.0402,0.4575,0.0287,0.8015,0.0097,0.2529,0.0022,0.131,0.0589,7
proposed_disappearing_goal_belief_revision,combined_disappearance_stress,mobile_pick_and_place,goal_specification_changed,0.6786,0.0381,0.5877,0.0066,0.5323,0.0047,0.1088,0.0332,0.0306,0.0123,0.0459,0.0119,0.415,0.0396,0.449,0.0296,0.652,0.0121,0.2397,0.0099,0.1565,0.053,7
proposed_disappearing_goal_belief_revision,combined_disappearance_stress,mobile_pick_and_place,human_temporary_obstruction,0.6616,0.0477,0.5822,0.0081,0.5273,0.0049,0.0663,0.01,0.0425,0.0123,0.0527,0.0249,0.3724,0.0337,0.4711,0.0446,0.6502,0.0093,0.2416,0.0073,0.1361,0.0555,7
proposed_disappearing_goal_belief_revision,combined_disappearance_stress,mobile_pick_and_place,object_moved,0.6667,0.0161,0.5893,0.0061,0.5261,0.0106,0.0816,0.0139,0.034,0.0156,0.0408,0.01,0.3929,0.0228,0.4643,0.042,0.57,0.0119,0.2479,0.0062,0.1599,0.0349,7
proposed_disappearing_goal_belief_revision,combined_disappearance_stress,mobile_pick_and_place,object_removed,0.619,0.0394,0.5919,0.0053,0.5327,0.0056,0.1054,0.0281,0.0374,0.0172,0.0391,0.0132,0.3571,0.0228,0.4252,0.0296,0.6939,0.0142,0.245,0.0092,0.1548,0.0514,7
proposed_disappearing_goal_belief_revision,combined_disappearance_stress,mobile_pick_and_place,substitute_goal_available,0.6071,0.0444,0.5864,0.0056,0.5279,0.0145,0.0901,0.0391,0.0459,0.0139,0.0629,0.0253,0.3861,0.0317,0.4456,0.0203,0.6572,0.0229,0.2423,0.0059,0.1939,0.0725,7
proposed_disappearing_goal_belief_revision,combined_disappearance_stress,mobile_pick_and_place,visual_occlusion,0.6786,0.0222,0.5838,0.005,0.5372,0.0161,0.0612,0.0312,0.0238,0.0125,0.0782,0.0249,0.4048,0.0297,0.4966,0.0253,0.6433,0.0163,0.2464,0.0029,0.1361,0.0426,7
proposed_disappearing_goal_belief_revision,combined_disappearance_stress,shelf_retrieval,cascading_disappearing_goal,0.631,0.0216,0.5881,0.0107,0.5349,0.0096,0.1037,0.0248,0.0238,0.0125,0.0629,0.0182,0.3605,0.0287,0.4881,0.0467,0.7951,0.0162,0.2501,0.0082,0.1718,0.0309,7
proposed_disappearing_goal_belief_revision,combined_disappearance_stress,shelf_retrieval,goal_specification_changed,0.6514,0.0455,0.5854,0.0081,0.5311,0.0067,0.0986,0.015,0.0391,0.0182,0.0374,0.0139,0.4303,0.0448,0.4643,0.0517,0.6607,0.0147,0.2523,0.0051,0.1429,0.0607,7
proposed_disappearing_goal_belief_revision,combined_disappearance_stress,shelf_retrieval,human_temporary_obstruction,0.6667,0.042,0.5841,0.0185,0.5328,0.0134,0.0561,0.0263,0.0374,0.0148,0.0663,0.0221,0.415,0.0492,0.4711,0.0374,0.6579,0.0153,0.2439,0.0047,0.1463,0.0531,7
proposed_disappearing_goal_belief_revision,combined_disappearance_stress,shelf_retrieval,object_moved,0.6582,0.0393,0.5884,0.0083,0.5303,0.0086,0.068,0.0268,0.0374,0.0079,0.0476,0.0204,0.3793,0.0406,0.4677,0.0174,0.5916,0.0107,0.2506,0.0075,0.1565,0.043,7
proposed_disappearing_goal_belief_revision,combined_disappearance_stress,shelf_retrieval,object_removed,0.6735,0.0296,0.5869,0.0108,0.531,0.0108,0.1122,0.0215,0.0323,0.0084,0.0306,0.0143,0.3912,0.0508,0.4592,0.0526,0.6925,0.0118,0.248,0.0025,0.131,0.031,7
proposed_disappearing_goal_belief_revision,combined_disappearance_stress,shelf_retrieval,substitute_goal_available,0.6973,0.019,0.5805,0.0095,0.5409,0.0092,0.0816,0.0139,0.0323,0.0141,0.0374,0.0172,0.3912,0.0433,0.4541,0.0396,0.6555,0.0148,0.2459,0.0079,0.0901,0.0356,7
proposed_disappearing_goal_belief_revision,combined_disappearance_stress,shelf_retrieval,visual_occlusion,0.6956,0.0317,0.5797,0.0083,0.539,0.0102,0.0578,0.0206,0.0255,0.0129,0.0918,0.0208,0.4082,0.0466,0.4337,0.0363,0.6646,0.0112,0.2539,0.007,0.1003,0.0384,7
proposed_disappearing_goal_belief_revision,combined_disappearance_stress,tool_handoff,cascading_disappearing_goal,0.6395,0.0214,0.5854,0.0113,0.5356,0.0126,0.1207,0.0236,0.0765,0.0196,0.0884,0.019,0.3571,0.0322,0.4388,0.0316,0.8219,0.0099,0.2496,0.0075,0.1071,0.042,7
proposed_disappearing_goal_belief_revision,combined_disappearance_stress,tool_handoff,goal_specification_changed,0.6599,0.041,0.5911,0.0099,0.5298,0.0076,0.0952,0.0216,0.0527,0.0249,0.0221,0.0139,0.3895,0.0309,0.4422,0.0641,0.6835,0.0211,0.2471,0.0048,0.1412,0.0525,7
proposed_disappearing_goal_belief_revision,combined_disappearance_stress,tool_handoff,human_temporary_obstruction,0.7109,0.046,0.5885,0.0122,0.5306,0.0059,0.0595,0.0279,0.0323,0.0159,0.0748,0.0348,0.3741,0.0349,0.4371,0.0366,0.667,0.0117,0.2418,0.0072,0.1105,0.0519,7
proposed_disappearing_goal_belief_revision,combined_disappearance_stress,tool_handoff,object_moved,0.6463,0.0416,0.5848,0.006,0.5334,0.0072,0.0799,0.0258,0.0289,0.0133,0.0476,0.0176,0.415,0.0497,0.4473,0.0305,0.6009,0.0108,0.2483,0.0061,0.1582,0.0657,7
proposed_disappearing_goal_belief_revision,combined_disappearance_stress,tool_handoff,object_removed,0.6565,0.0409,0.5866,0.0112,0.5273,0.0107,0.0935,0.0206,0.0493,0.0164,0.034,0.018,0.4269,0.02,0.4167,0.0306,0.7142,0.0116,0.2486,0.0041,0.1327,0.0635,7
proposed_disappearing_goal_belief_revision,combined_disappearance_stress,tool_handoff,substitute_goal_available,0.6514,0.0366,0.5771,0.0113,0.536,0.0085,0.0884,0.0394,0.0476,0.0088,0.0544,0.0175,0.4014,0.0466,0.4762,0.0191,0.6852,0.0156,0.2539,0.0042,0.1378,0.0384,7
proposed_disappearing_goal_belief_revision,combined_disappearance_stress,tool_handoff,visual_occlusion,0.6837,0.0296,0.5935,0.0136,0.5399,0.0096,0.0833,0.0191,0.0272,0.0098,0.068,0.0189,0.4099,0.0243,0.5051,0.0529,0.6639,0.015,0.2509,0.0054,0.1514,0.0321,7
proposed_disappearing_goal_belief_revision,delayed_reappearance,bin_sorting,cascading_disappearing_goal,0.648,0.0325,0.616,0.0131,0.5597,0.0119,0.0901,0.0254,0.034,0.0061,0.0442,0.0167,0.398,0.0384,0.5187,0.0475,0.7122,0.017,0.2476,0.0059,0.1803,0.0448,7
proposed_disappearing_goal_belief_revision,delayed_reappearance,bin_sorting,goal_specification_changed,0.6973,0.0452,0.6064,0.0085,0.5558,0.0117,0.0765,0.0183,0.0357,0.0072,0.034,0.02,0.4184,0.0462,0.5017,0.0336,0.6061,0.0083,0.2442,0.0033,0.0952,0.031,7
proposed_disappearing_goal_belief_revision,delayed_reappearance,bin_sorting,human_temporary_obstruction,0.7313,0.0452,0.612,0.0057,0.5428,0.0075,0.0629,0.0291,0.0289,0.0112,0.068,0.0111,0.3759,0.048,0.5459,0.0252,0.6178,0.0121,0.2535,0.0063,0.0918,0.0452,7
proposed_disappearing_goal_belief_revision,delayed_reappearance,bin_sorting,object_moved,0.7211,0.0278,0.6184,0.0065,0.5475,0.0112,0.1088,0.0303,0.0306,0.0168,0.0425,0.0143,0.3707,0.0568,0.4966,0.0383,0.5759,0.0103,0.2452,0.0069,0.0918,0.0329,7
proposed_disappearing_goal_belief_revision,delayed_reappearance,bin_sorting,object_removed,0.699,0.0482,0.6114,0.007,0.557,0.011,0.1003,0.0238,0.0374,0.018,0.0289,0.0069,0.3776,0.0428,0.4643,0.0292,0.6248,0.0103,0.2435,0.0072,0.1395,0.0466,7
proposed_disappearing_goal_belief_revision,delayed_reappearance,bin_sorting,substitute_goal_available,0.6769,0.0257,0.626,0.0089,0.5561,0.0124,0.0629,0.0122,0.0357,0.0169,0.0425,0.0175,0.3724,0.0621,0.483,0.0374,0.6067,0.0133,0.2435,0.007,0.1412,0.05,7
proposed_disappearing_goal_belief_revision,delayed_reappearance,bin_sorting,visual_occlusion,0.7432,0.0313,0.6226,0.0098,0.5536,0.0097,0.0544,0.016,0.0187,0.0047,0.0544,0.0227,0.369,0.0269,0.5068,0.048,0.626,0.0113,0.247,0.0077,0.0867,0.0413,7
proposed_disappearing_goal_belief_revision,delayed_reappearance,drawer_placement,cascading_disappearing_goal,0.6565,0.0369,0.6205,0.0125,0.5433,0.0106,0.0697,0.0193,0.0408,0.0143,0.0561,0.0278,0.4048,0.0496,0.4711,0.0363,0.7394,0.012,0.2443,0.0018,0.148,0.0485,7
proposed_disappearing_goal_belief_revision,delayed_reappearance,drawer_placement,goal_specification_changed,0.6633,0.0304,0.6153,0.0136,0.561,0.0092,0.0918,0.0202,0.0493,0.0172,0.0255,0.0079,0.3793,0.0193,0.5323,0.04,0.6091,0.0149,0.2428,0.0063,0.1752,0.0397,7
proposed_disappearing_goal_belief_revision,delayed_reappearance,drawer_placement,human_temporary_obstruction,0.7143,0.0414,0.6217,0.0109,0.5597,0.0133,0.0782,0.0233,0.034,0.0172,0.0544,0.0221,0.4184,0.0442,0.4813,0.0183,0.6295,0.0134,0.2505,0.0068,0.0986,0.0716,7
proposed_disappearing_goal_belief_revision,delayed_reappearance,drawer_placement,object_moved,0.699,0.03,0.6207,0.0147,0.5648,0.0121,0.0901,0.0292,0.0357,0.0135,0.0442,0.0202,0.3844,0.0214,0.5136,0.0389,0.5745,0.0156,0.2442,0.0082,0.1259,0.0419,7
proposed_disappearing_goal_belief_revision,delayed_reappearance,drawer_placement,object_removed,0.6701,0.0488,0.6288,0.0097,0.5516,0.0116,0.0731,0.0172,0.0289,0.01,0.0187,0.0123,0.3793,0.0542,0.4711,0.0488,0.6602,0.0096,0.2508,0.0035,0.131,0.0596,7
proposed_disappearing_goal_belief_revision,delayed_reappearance,drawer_placement,substitute_goal_available,0.6973,0.0243,0.6143,0.0106,0.551,0.0072,0.0833,0.0249,0.0289,0.016,0.0323,0.0098,0.398,0.036,0.4932,0.0349,0.6346,0.0074,0.2467,0.005,0.1003,0.0374,7
proposed_disappearing_goal_belief_revision,delayed_reappearance,drawer_placement,visual_occlusion,0.6888,0.0224,0.6183,0.0046,0.559,0.0077,0.0646,0.0143,0.017,0.0069,0.0629,0.0253,0.4014,0.0587,0.5272,0.0452,0.6356,0.0174,0.2473,0.0041,0.1446,0.0451,7
proposed_disappearing_goal_belief_revision,delayed_reappearance,mobile_pick_and_place,cascading_disappearing_goal,0.6429,0.026,0.6292,0.0117,0.551,0.0121,0.1088,0.0358,0.0459,0.023,0.0527,0.0243,0.3776,0.0214,0.4983,0.0351,0.7499,0.0117,0.2506,0.0098,0.148,0.0287,7
proposed_disappearing_goal_belief_revision,delayed_reappearance,mobile_pick_and_place,goal_specification_changed,0.6582,0.0278,0.6153,0.0089,0.5633,0.0203,0.0748,0.0232,0.0357,0.0161,0.0272,0.0132,0.4167,0.0161,0.4745,0.0213,0.6113,0.0093,0.2431,0.0101,0.1616,0.0432,7
proposed_disappearing_goal_belief_revision,delayed_reappearance,mobile_pick_and_place,human_temporary_obstruction,0.6429,0.0197,0.6153,0.0074,0.5523,0.0092,0.0646,0.0133,0.0391,0.0195,0.0612,0.02,0.381,0.0394,0.5272,0.0434,0.643,0.0129,0.2534,0.0066,0.1786,0.036,7
proposed_disappearing_goal_belief_revision,delayed_reappearance,mobile_pick_and_place,object_moved,0.682,0.0325,0.6048,0.0137,0.5615,0.0081,0.0595,0.0279,0.0289,0.0133,0.0425,0.0227,0.3861,0.0423,0.4796,0.04,0.5734,0.0121,0.2414,0.0068,0.1241,0.0461,7
proposed_disappearing_goal_belief_revision,delayed_reappearance,mobile_pick_and_place,object_removed,0.6735,0.0363,0.624,0.0127,0.5482,0.0157,0.1122,0.0296,0.0357,0.0125,0.0323,0.0098,0.3844,0.0477,0.4728,0.0434,0.6461,0.0071,0.2512,0.0021,0.1259,0.06,7
proposed_disappearing_goal_belief_revision,delayed_reappearance,mobile_pick_and_place,substitute_goal_available,0.6565,0.0579,0.61,0.0084,0.551,0.0075,0.0782,0.0152,0.0391,0.0208,0.0459,0.0094,0.3707,0.0328,0.4745,0.053,0.6321,0.0139,0.2463,0.0058,0.1327,0.0637,7
proposed_disappearing_goal_belief_revision,delayed_reappearance,mobile_pick_and_place,visual_occlusion,0.6973,0.0407,0.6208,0.0117,0.5495,0.0063,0.0612,0.02,0.0153,0.0122,0.0663,0.0209,0.3724,0.0564,0.5255,0.0362,0.6432,0.0131,0.2466,0.0048,0.1207,0.0505,7
proposed_disappearing_goal_belief_revision,delayed_reappearance,shelf_retrieval,cascading_disappearing_goal,0.6378,0.0274,0.6189,0.0138,0.556,0.0067,0.0731,0.0213,0.051,0.0111,0.0476,0.0161,0.3844,0.0202,0.4983,0.018,0.7466,0.0167,0.2487,0.0046,0.1752,0.0471,7
proposed_disappearing_goal_belief_revision,delayed_reappearance,shelf_retrieval,goal_specification_changed,0.665,0.0262,0.6223,0.0076,0.565,0.0105,0.1054,0.0156,0.0238,0.0088,0.0153,0.0122,0.4031,0.0542,0.5255,0.0369,0.6224,0.011,0.2446,0.0074,0.1531,0.0294,7
proposed_disappearing_goal_belief_revision,delayed_reappearance,shelf_retrieval,human_temporary_obstruction,0.6803,0.0462,0.6155,0.007,0.554,0.0089,0.0646,0.0209,0.0272,0.0098,0.0493,0.0276,0.4116,0.0423,0.5204,0.0387,0.6304,0.0182,0.2472,0.004,0.1139,0.0654,7
proposed_disappearing_goal_belief_revision,delayed_reappearance,shelf_retrieval,object_moved,0.7092,0.0438,0.6088,0.0055,0.5536,0.0077,0.0867,0.0291,0.0306,0.0168,0.0357,0.0184,0.4065,0.0365,0.5408,0.0407,0.5763,0.0174,0.2521,0.0034,0.0969,0.053,7
proposed_disappearing_goal_belief_revision,delayed_reappearance,shelf_retrieval,object_removed,0.6803,0.0316,0.6159,0.0103,0.5456,0.0153,0.0765,0.0243,0.0272,0.0141,0.0272,0.0111,0.3639,0.0329,0.4847,0.044,0.6458,0.0123,0.246,0.0031,0.1241,0.0472,7
proposed_disappearing_goal_belief_revision,delayed_reappearance,shelf_retrieval,substitute_goal_available,0.6531,0.0459,0.6211,0.0169,0.5544,0.0132,0.0612,0.0267,0.034,0.0193,0.0595,0.0088,0.3724,0.015,0.4932,0.0469,0.621,0.0122,0.2476,0.0044,0.1531,0.0505,7
proposed_disappearing_goal_belief_revision,delayed_reappearance,shelf_retrieval,visual_occlusion,0.6616,0.0397,0.6177,0.0087,0.5568,0.01,0.0459,0.02,0.017,0.0086,0.0748,0.0434,0.3844,0.0508,0.5238,0.0527,0.6573,0.0135,0.2485,0.0095,0.1718,0.0404,7
proposed_disappearing_goal_belief_revision,delayed_reappearance,tool_handoff,cascading_disappearing_goal,0.6701,0.0506,0.6088,0.0148,0.5459,0.0106,0.1241,0.0243,0.0561,0.0258,0.0612,0.0148,0.3912,0.0465,0.4779,0.0457,0.7791,0.0119,0.2506,0.006,0.1139,0.0707,7
proposed_disappearing_goal_belief_revision,delayed_reappearance,tool_handoff,goal_specification_changed,0.6293,0.0518,0.618,0.0137,0.553,0.0115,0.0986,0.0141,0.034,0.0129,0.0374,0.0107,0.4269,0.0257,0.4813,0.0394,0.6447,0.0135,0.2508,0.0048,0.1718,0.0702,7
proposed_disappearing_goal_belief_revision,delayed_reappearance,tool_handoff,human_temporary_obstruction,0.7177,0.0268,0.6192,0.0118,0.5405,0.0056,0.0578,0.0148,0.0374,0.0129,0.0612,0.0156,0.4031,0.0386,0.5153,0.0352,0.6427,0.0081,0.2466,0.0071,0.0833,0.0461,7
proposed_disappearing_goal_belief_revision,delayed_reappearance,tool_handoff,object_moved,0.6497,0.0377,0.6132,0.0134,0.5438,0.0116,0.0986,0.0159,0.0374,0.0156,0.0425,0.0254,0.4099,0.055,0.4813,0.0553,0.5871,0.0051,0.2458,0.0073,0.1548,0.0374,7
proposed_disappearing_goal_belief_revision,delayed_reappearance,tool_handoff,object_removed,0.6701,0.0287,0.6028,0.0113,0.548,0.0089,0.085,0.0172,0.0425,0.0123,0.034,0.0129,0.3861,0.0463,0.4626,0.0376,0.6697,0.0131,0.2406,0.0043,0.1224,0.0524,7
proposed_disappearing_goal_belief_revision,delayed_reappearance,tool_handoff,substitute_goal_available,0.6956,0.0317,0.6132,0.0093,0.5528,0.0093,0.0748,0.0258,0.0306,0.016,0.0408,0.0254,0.3861,0.0254,0.4847,0.0237,0.6507,0.0169,0.2521,0.0056,0.0952,0.0239,7
proposed_disappearing_goal_belief_revision,delayed_reappearance,tool_handoff,visual_occlusion,0.7262,0.0176,0.6109,0.0091,0.5602,0.0088,0.051,0.015,0.0238,0.0102,0.0833,0.0239,0.3895,0.0363,0.4949,0.0469,0.6553,0.0108,0.2424,0.0078,0.0901,0.0296,7
proposed_disappearing_goal_belief_revision,nominal,bin_sorting,cascading_disappearing_goal,0.7024,0.0326,0.6779,0.0102,0.608,0.0084,0.0612,0.0129,0.0204,0.0132,0.0459,0.0119,0.5034,0.0296,0.5153,0.0296,0.5115,0.0185,0.2484,0.0042,0.1327,0.0389,7
proposed_disappearing_goal_belief_revision,nominal,bin_sorting,goal_specification_changed,0.7381,0.0314,0.6723,0.0103,0.6007,0.0126,0.0561,0.0189,0.0357,0.0244,0.0204,0.0167,0.5204,0.0559,0.5374,0.0294,0.4524,0.0085,0.2421,0.0076,0.1156,0.044,7
proposed_disappearing_goal_belief_revision,nominal,bin_sorting,human_temporary_obstruction,0.7568,0.0238,0.6673,0.0098,0.5927,0.0108,0.0391,0.0195,0.0153,0.0111,0.0391,0.0159,0.4626,0.0252,0.4932,0.0264,0.4459,0.013,0.2497,0.0064,0.0782,0.0259,7
proposed_disappearing_goal_belief_revision,nominal,bin_sorting,object_moved,0.7194,0.0287,0.6716,0.0049,0.607,0.0093,0.0544,0.0112,0.0238,0.0161,0.0306,0.01,0.466,0.0465,0.534,0.029,0.4078,0.0093,0.2493,0.0128,0.1003,0.0441,7
proposed_disappearing_goal_belief_revision,nominal,bin_sorting,object_removed,0.7381,0.0269,0.682,0.0084,0.5841,0.0099,0.0629,0.0237,0.0289,0.0133,0.0238,0.0114,0.5,0.0483,0.5493,0.0389,0.4626,0.0053,0.2453,0.0045,0.1088,0.0439,7
proposed_disappearing_goal_belief_revision,nominal,bin_sorting,substitute_goal_available,0.7075,0.0196,0.6746,0.0109,0.5974,0.0095,0.0561,0.0202,0.0221,0.0061,0.0289,0.0069,0.5068,0.0325,0.5289,0.0243,0.4546,0.0111,0.2484,0.0055,0.1156,0.0373,7
proposed_disappearing_goal_belief_revision,nominal,bin_sorting,visual_occlusion,0.7228,0.0282,0.6692,0.0052,0.5982,0.0157,0.0289,0.0221,0.0119,0.0088,0.0425,0.01,0.5119,0.0367,0.5187,0.0526,0.449,0.0114,0.248,0.0081,0.1054,0.0354,7
proposed_disappearing_goal_belief_revision,nominal,drawer_placement,cascading_disappearing_goal,0.6837,0.0209,0.6734,0.0126,0.6098,0.0113,0.0561,0.0159,0.0374,0.0156,0.034,0.0094,0.5034,0.0514,0.5017,0.0094,0.5345,0.0107,0.2518,0.0045,0.1514,0.0434,7
proposed_disappearing_goal_belief_revision,nominal,drawer_placement,goal_specification_changed,0.6735,0.0381,0.6683,0.0074,0.5948,0.0069,0.0697,0.02,0.0272,0.0122,0.0459,0.0224,0.5085,0.0431,0.4864,0.0448,0.4698,0.0163,0.2411,0.0051,0.1412,0.0577,7
proposed_disappearing_goal_belief_revision,nominal,drawer_placement,human_temporary_obstruction,0.7398,0.0328,0.6734,0.0182,0.5903,0.0118,0.0408,0.0069,0.0272,0.015,0.0391,0.0122,0.5051,0.0407,0.551,0.0296,0.4617,0.0137,0.2427,0.0064,0.1054,0.0324,7
proposed_disappearing_goal_belief_revision,nominal,drawer_placement,object_moved,0.7075,0.0638,0.6838,0.011,0.6091,0.0094,0.0442,0.0174,0.0153,0.0111,0.0255,0.0148,0.4575,0.0423,0.5408,0.0317,0.429,0.016,0.2471,0.0056,0.1088,0.068,7
proposed_disappearing_goal_belief_revision,nominal,drawer_placement,object_removed,0.7296,0.0309,0.6746,0.007,0.6091,0.0079,0.0612,0.018,0.0306,0.01,0.0272,0.0202,0.5,0.0426,0.4762,0.0494,0.493,0.0171,0.2414,0.0043,0.0799,0.0366,7
proposed_disappearing_goal_belief_revision,nominal,drawer_placement,substitute_goal_available,0.7007,0.029,0.6757,0.0059,0.6048,0.0193,0.051,0.015,0.0306,0.0203,0.0272,0.0174,0.4966,0.0519,0.5323,0.0457,0.45,0.0076,0.2502,0.0081,0.1344,0.0352,7
proposed_disappearing_goal_belief_revision,nominal,drawer_placement,visual_occlusion,0.7075,0.0313,0.6789,0.0128,0.5962,0.0089,0.0374,0.0139,0.017,0.0112,0.0527,0.0133,0.4864,0.0328,0.5221,0.0294,0.4563,0.0146,0.2473,0.0065,0.1395,0.0189,7
proposed_disappearing_goal_belief_revision,nominal,mobile_pick_and_place,cascading_disappearing_goal,0.6888,0.0412,0.673,0.0066,0.6012,0.0077,0.0561,0.0202,0.0391,0.0132,0.0408,0.0152,0.5034,0.0559,0.5272,0.0263,0.545,0.0091,0.2465,0.0055,0.1173,0.0669,7
proposed_disappearing_goal_belief_revision,nominal,mobile_pick_and_place,goal_specification_changed,0.6803,0.0418,0.6689,0.0093,0.5994,0.0046,0.0459,0.0241,0.0221,0.0139,0.0153,0.0098,0.4983,0.0187,0.517,0.0491,0.4569,0.0206,0.2422,0.0055,0.1667,0.0551,7
proposed_disappearing_goal_belief_revision,nominal,mobile_pick_and_place,human_temporary_obstruction,0.7415,0.0387,0.6713,0.0079,0.5915,0.0114,0.0544,0.0196,0.0221,0.0094,0.0408,0.0143,0.5,0.0191,0.5051,0.0521,0.4705,0.014,0.2526,0.005,0.0833,0.0279,7
proposed_disappearing_goal_belief_revision,nominal,mobile_pick_and_place,object_moved,0.7075,0.0209,0.6717,0.0075,0.5892,0.0151,0.0476,0.0114,0.0204,0.0098,0.0255,0.0094,0.4966,0.0348,0.534,0.0497,0.4243,0.0166,0.2456,0.005,0.1139,0.041,7
proposed_disappearing_goal_belief_revision,nominal,mobile_pick_and_place,object_removed,0.7398,0.0487,0.6723,0.0087,0.6038,0.0141,0.0646,0.0269,0.0374,0.0187,0.0187,0.0069,0.4745,0.02,0.5153,0.0359,0.4849,0.014,0.2463,0.0077,0.0918,0.044,7
proposed_disappearing_goal_belief_revision,nominal,mobile_pick_and_place,substitute_goal_available,0.7007,0.0312,0.6817,0.0052,0.6033,0.0059,0.0527,0.0086,0.0221,0.0164,0.0425,0.0168,0.517,0.0243,0.5034,0.0531,0.4605,0.0138,0.2429,0.0058,0.1156,0.0536,7
proposed_disappearing_goal_belief_revision,nominal,mobile_pick_and_place,visual_occlusion,0.7262,0.0394,0.679,0.0157,0.6074,0.0097,0.0459,0.0193,0.0187,0.0112,0.0459,0.0224,0.5119,0.0322,0.5289,0.0356,0.4608,0.0115,0.2461,0.0045,0.1156,0.0498,7
proposed_disappearing_goal_belief_revision,nominal,shelf_retrieval,cascading_disappearing_goal,0.6599,0.0254,0.6709,0.0121,0.6025,0.0064,0.0459,0.0224,0.0323,0.0141,0.0544,0.0152,0.5,0.0602,0.5068,0.0485,0.5344,0.0153,0.2481,0.0055,0.1514,0.0488,7
proposed_disappearing_goal_belief_revision,nominal,shelf_retrieval,goal_specification_changed,0.7041,0.0213,0.6679,0.0138,0.5858,0.005,0.0578,0.0285,0.0272,0.0084,0.0238,0.0125,0.5136,0.0213,0.5629,0.0226,0.4506,0.0192,0.2501,0.0034,0.1361,0.0501,7
proposed_disappearing_goal_belief_revision,nominal,shelf_retrieval,human_temporary_obstruction,0.7568,0.0391,0.6653,0.0121,0.5983,0.0091,0.0459,0.0156,0.0323,0.0141,0.0408,0.0086,0.4932,0.0356,0.5272,0.0397,0.468,0.0123,0.2462,0.0079,0.0884,0.058,7
proposed_disappearing_goal_belief_revision,nominal,shelf_retrieval,object_moved,0.7398,0.0276,0.6742,0.0085,0.5961,0.0121,0.0578,0.0172,0.0102,0.0079,0.0255,0.0246,0.4711,0.0278,0.5629,0.046,0.4262,0.0162,0.2388,0.0049,0.1037,0.0202,7
proposed_disappearing_goal_belief_revision,nominal,shelf_retrieval,object_removed,0.6803,0.0285,0.6631,0.0109,0.5988,0.0143,0.0527,0.0133,0.0391,0.0122,0.0085,0.0084,0.4813,0.0374,0.5,0.0125,0.4775,0.0077,0.2439,0.006,0.1616,0.0356,7
proposed_disappearing_goal_belief_revision,nominal,shelf_retrieval,substitute_goal_available,0.7041,0.0372,0.6762,0.0066,0.5918,0.0047,0.0493,0.0193,0.0204,0.0084,0.0255,0.0139,0.5017,0.0424,0.4881,0.0216,0.4527,0.0153,0.245,0.005,0.1412,0.052,7
proposed_disappearing_goal_belief_revision,nominal,shelf_retrieval,visual_occlusion,0.7313,0.0391,0.68,0.0099,0.5953,0.0148,0.034,0.0262,0.0102,0.0079,0.0493,0.0164,0.4694,0.0477,0.5357,0.0461,0.4596,0.0219,0.242,0.0036,0.1003,0.0333,7
proposed_disappearing_goal_belief_revision,nominal,tool_handoff,cascading_disappearing_goal,0.6837,0.0196,0.6798,0.0097,0.6016,0.0085,0.0646,0.0152,0.0255,0.0139,0.0442,0.0195,0.4711,0.0449,0.5136,0.0542,0.5525,0.0139,0.2479,0.0075,0.131,0.0274,7
proposed_disappearing_goal_belief_revision,nominal,tool_handoff,goal_specification_changed,0.733,0.0259,0.6659,0.0063,0.6051,0.0102,0.0459,0.0241,0.0425,0.0069,0.0289,0.019,0.5442,0.04,0.5221,0.0276,0.4766,0.0148,0.2439,0.0072,0.0748,0.0321,7
proposed_disappearing_goal_belief_revision,nominal,tool_handoff,human_temporary_obstruction,0.7194,0.0325,0.6629,0.0085,0.5954,0.01,0.0357,0.0125,0.0289,0.0175,0.0527,0.0309,0.4915,0.0202,0.5527,0.0333,0.4669,0.0087,0.2465,0.0062,0.0969,0.0399,7
proposed_disappearing_goal_belief_revision,nominal,tool_handoff,object_moved,0.7415,0.0304,0.674,0.0072,0.6038,0.006,0.0527,0.0069,0.0221,0.0139,0.0306,0.0086,0.5187,0.036,0.5085,0.0296,0.4371,0.0093,0.2473,0.0051,0.0935,0.0365,7
proposed_disappearing_goal_belief_revision,nominal,tool_handoff,object_removed,0.7381,0.0401,0.6735,0.0064,0.5934,0.0094,0.051,0.0084,0.0306,0.0123,0.0255,0.0129,0.4677,0.0317,0.5068,0.0423,0.5068,0.0121,0.2456,0.0075,0.0816,0.0549,7
proposed_disappearing_goal_belief_revision,nominal,tool_handoff,substitute_goal_available,0.7228,0.022,0.6736,0.0088,0.5986,0.0103,0.051,0.0159,0.0255,0.0156,0.0255,0.0139,0.4881,0.0338,0.4762,0.0509,0.4672,0.012,0.2432,0.0034,0.1139,0.0349,7
proposed_disappearing_goal_belief_revision,nominal,tool_handoff,visual_occlusion,0.6905,0.0414,0.6672,0.0095,0.5904,0.0051,0.0408,0.0196,0.0102,0.0061,0.0476,0.0176,0.5017,0.0369,0.517,0.041,0.4617,0.0143,0.248,0.0079,0.1514,0.0443,7
proposed_disappearing_goal_belief_revision,occlusion_heavy_shift,bin_sorting,cascading_disappearing_goal,0.6633,0.0313,0.6115,0.0096,0.5889,0.0139,0.0986,0.0182,0.0476,0.0197,0.0629,0.0189,0.4575,0.0564,0.4932,0.0313,0.6303,0.0126,0.2476,0.0048,0.1718,0.0469,7
proposed_disappearing_goal_belief_revision,occlusion_heavy_shift,bin_sorting,goal_specification_changed,0.7245,0.052,0.6093,0.009,0.5834,0.0078,0.0663,0.0112,0.0289,0.0133,0.0238,0.0125,0.4388,0.018,0.5187,0.0506,0.5155,0.0103,0.2523,0.0054,0.1088,0.0575,7
proposed_disappearing_goal_belief_revision,occlusion_heavy_shift,bin_sorting,human_temporary_obstruction,0.7228,0.0287,0.6173,0.01,0.5877,0.0093,0.0425,0.0221,0.0289,0.0112,0.0612,0.0187,0.466,0.0476,0.4864,0.0382,0.5309,0.0134,0.2471,0.0065,0.131,0.0404,7
proposed_disappearing_goal_belief_revision,occlusion_heavy_shift,bin_sorting,object_moved,0.7143,0.0197,0.6237,0.0099,0.5876,0.0123,0.0629,0.022,0.0238,0.0144,0.0374,0.0156,0.4473,0.0466,0.5102,0.0418,0.4911,0.0123,0.2465,0.0079,0.0952,0.0306,7
proposed_disappearing_goal_belief_revision,occlusion_heavy_shift,bin_sorting,object_removed,0.7211,0.0435,0.6177,0.0156,0.5899,0.0072,0.0629,0.0141,0.0408,0.0152,0.0357,0.0197,0.3776,0.0503,0.5034,0.0214,0.5529,0.0082,0.2511,0.0057,0.1037,0.037,7
proposed_disappearing_goal_belief_revision,occlusion_heavy_shift,bin_sorting,substitute_goal_available,0.6871,0.0598,0.6161,0.0114,0.5836,0.0046,0.0578,0.0213,0.0153,0.0098,0.0476,0.0222,0.4524,0.0765,0.4915,0.0419,0.5269,0.0146,0.244,0.0055,0.165,0.0614,7
proposed_disappearing_goal_belief_revision,occlusion_heavy_shift,bin_sorting,visual_occlusion,0.7517,0.0193,0.6141,0.0106,0.5798,0.0076,0.0357,0.0161,0.0187,0.0168,0.0544,0.016,0.4626,0.0523,0.5272,0.0457,0.5368,0.019,0.2429,0.0087,0.0612,0.0328,7
proposed_disappearing_goal_belief_revision,occlusion_heavy_shift,drawer_placement,cascading_disappearing_goal,0.6344,0.0413,0.6221,0.0103,0.5845,0.0108,0.0833,0.0222,0.0663,0.0183,0.0578,0.0139,0.4626,0.0294,0.4592,0.0249,0.6685,0.0171,0.252,0.0068,0.1786,0.0551,7
proposed_disappearing_goal_belief_revision,occlusion_heavy_shift,drawer_placement,goal_specification_changed,0.6735,0.0301,0.6159,0.0078,0.5881,0.0096,0.0697,0.0328,0.0323,0.0189,0.017,0.0112,0.4541,0.032,0.4949,0.0345,0.5478,0.0146,0.2477,0.0085,0.1582,0.0359,7
proposed_disappearing_goal_belief_revision,occlusion_heavy_shift,drawer_placement,human_temporary_obstruction,0.6769,0.05,0.6154,0.0095,0.5916,0.0082,0.0374,0.0094,0.0306,0.0209,0.0561,0.0214,0.4371,0.0573,0.5255,0.0312,0.5525,0.0082,0.2455,0.0069,0.1446,0.0468,7
proposed_disappearing_goal_belief_revision,occlusion_heavy_shift,drawer_placement,object_moved,0.6905,0.0334,0.6111,0.0074,0.5927,0.0145,0.0714,0.0125,0.0187,0.0047,0.0408,0.0168,0.4201,0.0287,0.5068,0.0455,0.4879,0.0094,0.2413,0.0051,0.1054,0.0328,7
proposed_disappearing_goal_belief_revision,occlusion_heavy_shift,drawer_placement,object_removed,0.7211,0.0496,0.6088,0.0042,0.5946,0.0104,0.068,0.0214,0.0391,0.0122,0.0357,0.0169,0.4252,0.0446,0.5017,0.0445,0.5603,0.0098,0.2427,0.0093,0.1139,0.0638,7
proposed_disappearing_goal_belief_revision,occlusion_heavy_shift,drawer_placement,substitute_goal_available,0.6956,0.0374,0.6127,0.0121,0.5798,0.0104,0.0765,0.0233,0.0357,0.0144,0.0357,0.0102,0.4626,0.0236,0.4983,0.0303,0.556,0.0073,0.2453,0.0067,0.1327,0.049,7
proposed_disappearing_goal_belief_revision,occlusion_heavy_shift,drawer_placement,visual_occlusion,0.6565,0.0399,0.6161,0.0159,0.5844,0.0081,0.0408,0.016,0.0272,0.0098,0.0629,0.0195,0.449,0.0325,0.5323,0.0387,0.559,0.0185,0.2529,0.0079,0.1752,0.0446,7
proposed_disappearing_goal_belief_revision,occlusion_heavy_shift,mobile_pick_and_place,cascading_disappearing_goal,0.6599,0.0526,0.6121,0.0103,0.5811,0.0091,0.0969,0.0224,0.0527,0.0196,0.0391,0.022,0.4439,0.0469,0.5119,0.0447,0.6663,0.0124,0.2509,0.0063,0.1565,0.0645,7
proposed_disappearing_goal_belief_revision,occlusion_heavy_shift,mobile_pick_and_place,goal_specification_changed,0.6701,0.0686,0.6278,0.009,0.5905,0.0088,0.0578,0.0219,0.0425,0.0175,0.034,0.0139,0.4677,0.0446,0.5085,0.0538,0.5299,0.0133,0.2416,0.0074,0.1497,0.0868,7
proposed_disappearing_goal_belief_revision,occlusion_heavy_shift,mobile_pick_and_place,human_temporary_obstruction,0.7143,0.031,0.616,0.0119,0.5846,0.0138,0.0493,0.0206,0.0204,0.015,0.0425,0.0209,0.4388,0.0172,0.534,0.0495,0.547,0.0086,0.2449,0.0064,0.1105,0.0511,7
proposed_disappearing_goal_belief_revision,occlusion_heavy_shift,mobile_pick_and_place,object_moved,0.6973,0.0221,0.6144,0.013,0.5885,0.0061,0.0612,0.0224,0.0374,0.0193,0.0255,0.0094,0.4626,0.0409,0.5017,0.0462,0.5051,0.0195,0.2429,0.0052,0.1105,0.0296,7
proposed_disappearing_goal_belief_revision,occlusion_heavy_shift,mobile_pick_and_place,object_removed,0.6565,0.0637,0.6168,0.0143,0.592,0.0084,0.0731,0.0156,0.034,0.0079,0.0238,0.0088,0.4439,0.0557,0.4932,0.0305,0.5562,0.0097,0.2477,0.0035,0.1429,0.08,7
proposed_disappearing_goal_belief_revision,occlusion_heavy_shift,mobile_pick_and_place,substitute_goal_available,0.6701,0.0344,0.6104,0.0122,0.5945,0.0067,0.0629,0.0174,0.0306,0.0086,0.0391,0.0111,0.4643,0.0539,0.5051,0.037,0.553,0.016,0.2476,0.0059,0.1361,0.0543,7
proposed_disappearing_goal_belief_revision,occlusion_heavy_shift,mobile_pick_and_place,visual_occlusion,0.7075,0.0333,0.6033,0.0154,0.5859,0.0098,0.0357,0.0144,0.0153,0.0111,0.051,0.0098,0.4252,0.0397,0.4915,0.0337,0.5698,0.0191,0.2474,0.006,0.1105,0.041,7
proposed_disappearing_goal_belief_revision,occlusion_heavy_shift,shelf_retrieval,cascading_disappearing_goal,0.6718,0.0429,0.618,0.0096,0.5898,0.0121,0.0663,0.0143,0.0561,0.0258,0.0578,0.0257,0.4541,0.032,0.5017,0.0495,0.6543,0.016,0.2474,0.0065,0.1361,0.0516,7
proposed_disappearing_goal_belief_revision,occlusion_heavy_shift,shelf_retrieval,goal_specification_changed,0.682,0.0406,0.6079,0.0126,0.5877,0.005,0.0425,0.01,0.034,0.0172,0.017,0.0221,0.3912,0.0379,0.5255,0.0339,0.5239,0.0109,0.2457,0.0061,0.1395,0.0606,7
proposed_disappearing_goal_belief_revision,occlusion_heavy_shift,shelf_retrieval,human_temporary_obstruction,0.716,0.0332,0.6199,0.0108,0.5859,0.011,0.0408,0.0203,0.0204,0.0122,0.0612,0.0172,0.4439,0.037,0.5408,0.0438,0.5562,0.0183,0.2542,0.0046,0.1105,0.0406,7
proposed_disappearing_goal_belief_revision,occlusion_heavy_shift,shelf_retrieval,object_moved,0.6599,0.0567,0.6172,0.0113,0.5962,0.0125,0.0748,0.0296,0.0272,0.0202,0.0272,0.0182,0.4337,0.0352,0.4609,0.034,0.4978,0.0132,0.2509,0.0059,0.182,0.0541,7
proposed_disappearing_goal_belief_revision,occlusion_heavy_shift,shelf_retrieval,object_removed,0.6939,0.0434,0.6066,0.0067,0.5801,0.0093,0.0697,0.0187,0.0272,0.0122,0.034,0.02,0.4303,0.0376,0.5017,0.0307,0.5449,0.0088,0.2456,0.0024,0.1463,0.0329,7
proposed_disappearing_goal_belief_revision,occlusion_heavy_shift,shelf_retrieval,substitute_goal_available,0.6888,0.05,0.6106,0.0048,0.5848,0.0142,0.0544,0.0254,0.0187,0.0086,0.0476,0.0176,0.4456,0.0264,0.4949,0.0466,0.5436,0.0105,0.2457,0.0043,0.1514,0.0641,7
proposed_disappearing_goal_belief_revision,occlusion_heavy_shift,shelf_retrieval,visual_occlusion,0.6939,0.0263,0.6154,0.0107,0.5906,0.0108,0.0374,0.0187,0.0136,0.0119,0.0697,0.0206,0.4541,0.0396,0.5,0.0467,0.5769,0.0222,0.2527,0.0081,0.119,0.0388,7
proposed_disappearing_goal_belief_revision,occlusion_heavy_shift,tool_handoff,cascading_disappearing_goal,0.6344,0.0333,0.6121,0.0081,0.6005,0.0078,0.0799,0.0189,0.0425,0.0168,0.0663,0.0233,0.4456,0.0461,0.5085,0.0397,0.69,0.0141,0.2474,0.0065,0.1548,0.0407,7
proposed_disappearing_goal_belief_revision,occlusion_heavy_shift,tool_handoff,goal_specification_changed,0.6803,0.0412,0.6267,0.0135,0.5838,0.0106,0.0714,0.0125,0.0408,0.0274,0.0204,0.0067,0.3929,0.0532,0.5153,0.0443,0.5513,0.0081,0.2487,0.0083,0.148,0.0452,7
proposed_disappearing_goal_belief_revision,occlusion_heavy_shift,tool_handoff,human_temporary_obstruction,0.6684,0.0601,0.6095,0.0082,0.591,0.0052,0.0527,0.0175,0.0221,0.0107,0.0663,0.01,0.4626,0.0508,0.551,0.0344,0.5667,0.0101,0.2483,0.0066,0.1548,0.0596,7
proposed_disappearing_goal_belief_revision,occlusion_heavy_shift,tool_handoff,object_moved,0.6361,0.0352,0.6154,0.0055,0.5823,0.0126,0.0493,0.0206,0.0204,0.0084,0.0527,0.0168,0.4779,0.0473,0.5289,0.0227,0.4915,0.0039,0.2454,0.0061,0.1667,0.0398,7
proposed_disappearing_goal_belief_revision,occlusion_heavy_shift,tool_handoff,object_removed,0.6922,0.0448,0.6203,0.0156,0.587,0.0122,0.051,0.0167,0.0425,0.0112,0.0374,0.0107,0.4473,0.0352,0.4813,0.0333,0.5874,0.015,0.2455,0.008,0.1122,0.0642,7
proposed_disappearing_goal_belief_revision,occlusion_heavy_shift,tool_handoff,substitute_goal_available,0.7194,0.0496,0.6141,0.0109,0.5966,0.0042,0.0629,0.0226,0.0425,0.0123,0.034,0.0079,0.449,0.0387,0.5102,0.0328,0.5649,0.012,0.245,0.0072,0.0901,0.0516,7
proposed_disappearing_goal_belief_revision,occlusion_heavy_shift,tool_handoff,visual_occlusion,0.6871,0.0237,0.6204,0.0126,0.5907,0.0127,0.0323,0.0237,0.0136,0.0079,0.0986,0.0208,0.4252,0.0344,0.5629,0.0268,0.5801,0.0123,0.2531,0.0063,0.1037,0.048,7
proposed_disappearing_goal_belief_revision,physical_removal_shift,bin_sorting,cascading_disappearing_goal,0.699,0.0258,0.6083,0.0106,0.5589,0.0139,0.0765,0.0227,0.0374,0.0129,0.034,0.0219,0.4643,0.0398,0.4779,0.0236,0.6443,0.0136,0.2524,0.006,0.1412,0.0436,7
proposed_disappearing_goal_belief_revision,physical_removal_shift,bin_sorting,goal_specification_changed,0.6667,0.0306,0.6147,0.0128,0.5654,0.0057,0.0697,0.0079,0.0306,0.0143,0.0255,0.0193,0.4643,0.0685,0.4813,0.0349,0.5562,0.0133,0.241,0.0063,0.2007,0.0424,7
proposed_disappearing_goal_belief_revision,physical_removal_shift,bin_sorting,human_temporary_obstruction,0.7262,0.0297,0.6112,0.0076,0.5752,0.0096,0.034,0.0119,0.0238,0.0088,0.0544,0.0133,0.4422,0.0386,0.4932,0.0283,0.519,0.0099,0.2476,0.0031,0.0969,0.0418,7
proposed_disappearing_goal_belief_revision,physical_removal_shift,bin_sorting,object_moved,0.6973,0.0329,0.6083,0.0137,0.5573,0.0094,0.0731,0.0119,0.0272,0.0122,0.034,0.0219,0.4728,0.0296,0.4796,0.0359,0.4841,0.0074,0.2455,0.0077,0.1088,0.0418,7
proposed_disappearing_goal_belief_revision,physical_removal_shift,bin_sorting,object_removed,0.6905,0.0455,0.6066,0.0093,0.5734,0.0101,0.0765,0.0123,0.0272,0.0084,0.0221,0.0107,0.4643,0.0269,0.483,0.0587,0.5788,0.0178,0.2471,0.0062,0.1361,0.0573,7
proposed_disappearing_goal_belief_revision,physical_removal_shift,bin_sorting,substitute_goal_available,0.6939,0.0434,0.6171,0.0104,0.5749,0.0061,0.0782,0.0175,0.0289,0.0183,0.0323,0.0159,0.4932,0.0274,0.4847,0.0406,0.543,0.0141,0.2431,0.0052,0.1037,0.0425,7
proposed_disappearing_goal_belief_revision,physical_removal_shift,bin_sorting,visual_occlusion,0.716,0.029,0.6198,0.0107,0.5656,0.011,0.0391,0.0189,0.0272,0.015,0.0459,0.0156,0.432,0.058,0.5187,0.0461,0.5163,0.0126,0.2518,0.0064,0.1071,0.0349,7
proposed_disappearing_goal_belief_revision,physical_removal_shift,drawer_placement,cascading_disappearing_goal,0.6054,0.032,0.6038,0.0044,0.5743,0.0144,0.0867,0.0278,0.0425,0.0123,0.0408,0.019,0.5051,0.0349,0.4371,0.0434,0.6833,0.01,0.2495,0.0056,0.1803,0.0339,7
proposed_disappearing_goal_belief_revision,physical_removal_shift,drawer_placement,goal_specification_changed,0.6514,0.0446,0.6076,0.0139,0.5662,0.0073,0.0561,0.015,0.0374,0.023,0.0204,0.0159,0.449,0.0533,0.4762,0.0391,0.5665,0.0187,0.2445,0.0047,0.1565,0.0433,7
proposed_disappearing_goal_belief_revision,physical_removal_shift,drawer_placement,human_temporary_obstruction,0.7177,0.038,0.6169,0.0099,0.5749,0.009,0.0459,0.018,0.0442,0.015,0.0425,0.0175,0.4507,0.049,0.5153,0.0413,0.5324,0.0147,0.2483,0.0081,0.1207,0.0508,7
proposed_disappearing_goal_belief_revision,physical_removal_shift,drawer_placement,object_moved,0.7211,0.0452,0.6212,0.0105,0.5618,0.0096,0.0731,0.0129,0.0306,0.0143,0.0323,0.0067,0.4677,0.0333,0.4983,0.0601,0.4894,0.0117,0.2482,0.007,0.0833,0.0522,7
proposed_disappearing_goal_belief_revision,physical_removal_shift,drawer_placement,object_removed,0.699,0.0533,0.6237,0.0057,0.5707,0.011,0.0527,0.0196,0.0493,0.0246,0.0289,0.0123,0.4864,0.0351,0.4745,0.0402,0.6119,0.0145,0.2492,0.0044,0.0935,0.0599,7
proposed_disappearing_goal_belief_revision,physical_removal_shift,drawer_placement,substitute_goal_available,0.6531,0.0418,0.6181,0.012,0.5657,0.0115,0.085,0.0193,0.0425,0.0123,0.0306,0.016,0.4728,0.0498,0.4524,0.0249,0.5795,0.008,0.247,0.0068,0.1701,0.0503,7
proposed_disappearing_goal_belief_revision,physical_removal_shift,drawer_placement,visual_occlusion,0.6973,0.036,0.6063,0.0102,0.5649,0.0099,0.0561,0.0273,0.0204,0.0122,0.0663,0.0309,0.4949,0.0387,0.5017,0.0372,0.5325,0.0157,0.2487,0.0036,0.1139,0.0435,7
proposed_disappearing_goal_belief_revision,physical_removal_shift,mobile_pick_and_place,cascading_disappearing_goal,0.6548,0.0464,0.6135,0.0116,0.5654,0.0067,0.0969,0.0172,0.0374,0.018,0.0629,0.0268,0.4643,0.0504,0.4507,0.0328,0.6872,0.0184,0.256,0.0105,0.1122,0.0604,7
proposed_disappearing_goal_belief_revision,physical_removal_shift,mobile_pick_and_place,goal_specification_changed,0.6752,0.046,0.6103,0.0108,0.5663,0.0029,0.0901,0.016,0.0442,0.0195,0.0255,0.0107,0.4677,0.0541,0.4983,0.0412,0.5638,0.013,0.2479,0.0036,0.1241,0.0541,7
proposed_disappearing_goal_belief_revision,physical_removal_shift,mobile_pick_and_place,human_temporary_obstruction,0.7279,0.0442,0.6064,0.0095,0.5654,0.0031,0.0357,0.0144,0.0442,0.0098,0.0663,0.0123,0.4456,0.0377,0.4813,0.0391,0.537,0.0094,0.2523,0.005,0.1003,0.0475,7
proposed_disappearing_goal_belief_revision,physical_removal_shift,mobile_pick_and_place,object_moved,0.6684,0.0107,0.6075,0.0059,0.569,0.0103,0.0629,0.0122,0.0357,0.0125,0.0391,0.0167,0.4541,0.0332,0.4847,0.0485,0.503,0.0124,0.2445,0.0048,0.1293,0.0379,7
proposed_disappearing_goal_belief_revision,physical_removal_shift,mobile_pick_and_place,object_removed,0.6276,0.0575,0.6108,0.011,0.5579,0.0133,0.0714,0.0216,0.0408,0.0086,0.0238,0.0153,0.4473,0.0446,0.4711,0.0426,0.6062,0.0224,0.2512,0.0041,0.1769,0.0588,7
proposed_disappearing_goal_belief_revision,physical_removal_shift,mobile_pick_and_place,substitute_goal_available,0.6854,0.0175,0.6138,0.0044,0.5638,0.0089,0.0782,0.0278,0.0391,0.0237,0.0187,0.0133,0.4473,0.0221,0.4473,0.019,0.5653,0.0138,0.2448,0.0081,0.119,0.0288,7
proposed_disappearing_goal_belief_revision,physical_removal_shift,mobile_pick_and_place,visual_occlusion,0.7075,0.0367,0.613,0.0121,0.5781,0.0129,0.0425,0.0221,0.0255,0.0148,0.0595,0.0228,0.4575,0.0233,0.4847,0.0413,0.5437,0.0123,0.2452,0.006,0.1139,0.0632,7
proposed_disappearing_goal_belief_revision,physical_removal_shift,shelf_retrieval,cascading_disappearing_goal,0.631,0.0255,0.6143,0.0078,0.5658,0.0061,0.1071,0.0326,0.0476,0.0153,0.0476,0.0114,0.4507,0.0459,0.4626,0.049,0.6796,0.0186,0.2489,0.0039,0.1922,0.029,7
proposed_disappearing_goal_belief_revision,physical_removal_shift,shelf_retrieval,goal_specification_changed,0.6735,0.0449,0.6261,0.0132,0.5675,0.0091,0.0816,0.0129,0.034,0.02,0.0272,0.015,0.4609,0.0493,0.4796,0.0387,0.5564,0.0152,0.2411,0.0085,0.165,0.0751,7
proposed_disappearing_goal_belief_revision,physical_removal_shift,shelf_retrieval,human_temporary_obstruction,0.7092,0.0274,0.6101,0.0075,0.5585,0.0073,0.0612,0.0139,0.0238,0.0088,0.0493,0.0224,0.4592,0.0183,0.4864,0.0421,0.5358,0.0234,0.2456,0.0046,0.1207,0.0312,7
proposed_disappearing_goal_belief_revision,physical_removal_shift,shelf_retrieval,object_moved,0.6939,0.0455,0.6169,0.0119,0.5678,0.0094,0.0646,0.0112,0.0238,0.0135,0.0323,0.0122,0.4728,0.0268,0.4881,0.0581,0.4943,0.0035,0.2506,0.0031,0.1446,0.0451,7
proposed_disappearing_goal_belief_revision,physical_removal_shift,shelf_retrieval,object_removed,0.7211,0.0509,0.6106,0.0104,0.5727,0.0071,0.0527,0.0287,0.0272,0.0067,0.0306,0.0123,0.4354,0.0274,0.432,0.0296,0.5967,0.0183,0.2441,0.0046,0.0935,0.061,7
proposed_disappearing_goal_belief_revision,physical_removal_shift,shelf_retrieval,substitute_goal_available,0.6871,0.0278,0.611,0.0092,0.5697,0.0089,0.0748,0.0243,0.0187,0.0047,0.0357,0.0153,0.4558,0.0195,0.4813,0.041,0.5695,0.0166,0.25,0.0038,0.1412,0.0445,7
proposed_disappearing_goal_belief_revision,physical_removal_shift,shelf_retrieval,visual_occlusion,0.7024,0.0345,0.6105,0.0115,0.5685,0.0046,0.0272,0.0159,0.0255,0.0107,0.0731,0.0224,0.5085,0.0416,0.4915,0.0437,0.5502,0.0143,0.2476,0.0063,0.1224,0.0455,7
proposed_disappearing_goal_belief_revision,physical_removal_shift,tool_handoff,cascading_disappearing_goal,0.6395,0.0195,0.6159,0.006,0.5641,0.0066,0.1105,0.0337,0.0442,0.0195,0.0527,0.016,0.4796,0.0304,0.4796,0.03,0.7191,0.0215,0.2474,0.0086,0.1395,0.0552,7
proposed_disappearing_goal_belief_revision,physical_removal_shift,tool_handoff,goal_specification_changed,0.682,0.0313,0.6101,0.016,0.5642,0.0098,0.0782,0.0183,0.034,0.0094,0.0187,0.0047,0.4847,0.037,0.4439,0.0377,0.6022,0.0135,0.2473,0.0084,0.119,0.0572,7
proposed_disappearing_goal_belief_revision,physical_removal_shift,tool_handoff,human_temporary_obstruction,0.7109,0.0296,0.6074,0.0093,0.5665,0.0118,0.0459,0.02,0.0425,0.0123,0.0442,0.0174,0.4592,0.041,0.5272,0.0425,0.5543,0.0158,0.2468,0.0103,0.0918,0.0536,7
proposed_disappearing_goal_belief_revision,physical_removal_shift,tool_handoff,object_moved,0.6514,0.0321,0.6179,0.0159,0.565,0.0141,0.0748,0.0195,0.0255,0.0129,0.0663,0.019,0.4422,0.0451,0.4541,0.0542,0.5109,0.0054,0.246,0.0109,0.1565,0.0424,7
proposed_disappearing_goal_belief_revision,physical_removal_shift,tool_handoff,object_removed,0.6752,0.0325,0.6152,0.0083,0.566,0.0096,0.0782,0.0283,0.051,0.0195,0.0255,0.0164,0.4473,0.0283,0.4252,0.0533,0.6358,0.0165,0.2472,0.0053,0.1276,0.0282,7
proposed_disappearing_goal_belief_revision,physical_removal_shift,tool_handoff,substitute_goal_available,0.6888,0.0336,0.6156,0.007,0.5723,0.0044,0.0799,0.015,0.0255,0.0139,0.0238,0.0088,0.4507,0.0193,0.4541,0.0271,0.5825,0.0177,0.256,0.0073,0.0986,0.0355,7
proposed_disappearing_goal_belief_revision,physical_removal_shift,tool_handoff,visual_occlusion,0.699,0.0248,0.6197,0.0095,0.5709,0.0082,0.034,0.0107,0.017,0.0112,0.0697,0.0119,0.4575,0.0333,0.5051,0.0519,0.5492,0.0139,0.2502,0.0066,0.1139,0.0269,7
uncertainty_halt,combined_disappearance_stress,bin_sorting,cascading_disappearing_goal,0.3299,0.0333,0.3018,0.0066,0.2515,0.0124,0.2772,0.0524,0.0986,0.0174,0.1701,0.0296,0.131,0.021,0.1735,0.0086,0.9781,0.0096,0.1979,0.0041,0.4898,0.0389,7
uncertainty_halt,combined_disappearance_stress,bin_sorting,goal_specification_changed,0.4541,0.0307,0.314,0.0106,0.2424,0.0133,0.1922,0.0332,0.0799,0.0174,0.1088,0.0193,0.1633,0.0309,0.1922,0.0271,0.8561,0.0143,0.194,0.0071,0.3673,0.0402,7
uncertainty_halt,combined_disappearance_stress,bin_sorting,human_temporary_obstruction,0.4932,0.0469,0.3216,0.0107,0.2518,0.0056,0.1173,0.0365,0.0714,0.0216,0.1667,0.0191,0.1582,0.0278,0.1871,0.0393,0.8438,0.0112,0.1992,0.0061,0.3197,0.0616,7
uncertainty_halt,combined_disappearance_stress,bin_sorting,object_moved,0.4541,0.029,0.3065,0.0059,0.252,0.0116,0.2007,0.0312,0.0629,0.0132,0.1241,0.0254,0.1531,0.0257,0.199,0.0457,0.8037,0.0125,0.1888,0.0043,0.3452,0.0532,7
uncertainty_halt,combined_disappearance_stress,bin_sorting,object_removed,0.4575,0.0123,0.3156,0.0109,0.2405,0.0052,0.165,0.0241,0.0799,0.015,0.0935,0.023,0.1718,0.0463,0.1854,0.0423,0.8945,0.0092,0.1909,0.0049,0.3707,0.0271,7
uncertainty_halt,combined_disappearance_stress,bin_sorting,substitute_goal_available,0.4048,0.06,0.3094,0.0125,0.2396,0.0091,0.1837,0.0168,0.102,0.0249,0.1156,0.0214,0.1531,0.052,0.2075,0.0589,0.8613,0.0136,0.1945,0.0064,0.4167,0.0572,7
uncertainty_halt,combined_disappearance_stress,bin_sorting,visual_occlusion,0.483,0.0426,0.3102,0.0073,0.2388,0.0057,0.0969,0.0246,0.0289,0.0183,0.2143,0.0472,0.1667,0.0244,0.216,0.0307,0.8601,0.0092,0.1988,0.0072,0.3503,0.0477,7
uncertainty_halt,combined_disappearance_stress,drawer_placement,cascading_disappearing_goal,0.3163,0.0238,0.3081,0.0161,0.2429,0.0133,0.2364,0.0316,0.0952,0.0318,0.1701,0.0167,0.1735,0.0238,0.1565,0.02,1.0212,0.0104,0.1999,0.0052,0.4643,0.0404,7
uncertainty_halt,combined_disappearance_stress,drawer_placement,goal_specification_changed,0.415,0.0421,0.3079,0.0094,0.2356,0.0083,0.2143,0.0144,0.085,0.0206,0.1003,0.0152,0.1735,0.0374,0.1446,0.0257,0.8798,0.0146,0.1899,0.0031,0.3571,0.0512,7
uncertainty_halt,combined_disappearance_stress,drawer_placement,human_temporary_obstruction,0.5136,0.0448,0.3158,0.0129,0.2403,0.0142,0.1259,0.0269,0.0697,0.0465,0.1531,0.0479,0.1548,0.0244,0.1973,0.0333,0.8693,0.0152,0.2027,0.0071,0.2925,0.0416,7
uncertainty_halt,combined_disappearance_stress,drawer_placement,object_moved,0.4456,0.0233,0.3153,0.0067,0.254,0.0081,0.1769,0.0409,0.0782,0.0143,0.1224,0.0202,0.1769,0.0402,0.1871,0.0263,0.8168,0.0094,0.1974,0.0058,0.3759,0.036,7
uncertainty_halt,combined_disappearance_stress,drawer_placement,object_removed,0.4014,0.046,0.3131,0.0094,0.2398,0.0103,0.199,0.0363,0.1139,0.0309,0.102,0.016,0.165,0.0172,0.1667,0.0176,0.9205,0.0155,0.1961,0.0062,0.3878,0.0585,7
uncertainty_halt,combined_disappearance_stress,drawer_placement,substitute_goal_available,0.3793,0.0362,0.3107,0.0115,0.2435,0.0089,0.1735,0.037,0.0986,0.0287,0.1276,0.0141,0.1888,0.0129,0.1803,0.0224,0.8817,0.0151,0.1938,0.0058,0.4303,0.0503,7
uncertainty_halt,combined_disappearance_stress,drawer_placement,visual_occlusion,0.5221,0.0424,0.3058,0.0081,0.2449,0.0118,0.1207,0.0343,0.0493,0.0164,0.1905,0.0102,0.1871,0.0313,0.2143,0.031,0.8716,0.0087,0.1985,0.0033,0.2687,0.0391,7
uncertainty_halt,combined_disappearance_stress,mobile_pick_and_place,cascading_disappearing_goal,0.2925,0.0283,0.3078,0.0086,0.2335,0.0098,0.2245,0.0351,0.1344,0.03,0.165,0.0271,0.1735,0.0345,0.1616,0.0413,1.0092,0.0086,0.1967,0.0079,0.4694,0.0394,7
uncertainty_halt,combined_disappearance_stress,mobile_pick_and_place,goal_specification_changed,0.4065,0.0601,0.3198,0.0071,0.2425,0.0118,0.1939,0.0253,0.0986,0.0243,0.1105,0.0291,0.1752,0.0278,0.1667,0.0283,0.8831,0.0094,0.1937,0.0082,0.4286,0.0432,7
uncertainty_halt,combined_disappearance_stress,mobile_pick_and_place,human_temporary_obstruction,0.4881,0.0239,0.3108,0.0136,0.2408,0.0089,0.102,0.0233,0.0884,0.0233,0.2007,0.0376,0.1905,0.0414,0.1922,0.0156,0.8694,0.0089,0.1951,0.0086,0.3095,0.0288,7
uncertainty_halt,combined_disappearance_stress,mobile_pick_and_place,object_moved,0.4337,0.0333,0.318,0.0125,0.2383,0.0046,0.2007,0.0347,0.0833,0.0306,0.1361,0.0243,0.165,0.0219,0.1752,0.0226,0.814,0.0149,0.197,0.0073,0.3929,0.0356,7
uncertainty_halt,combined_disappearance_stress,mobile_pick_and_place,object_removed,0.4592,0.0391,0.3078,0.0075,0.2414,0.0082,0.2279,0.0285,0.131,0.0371,0.1003,0.0227,0.1769,0.0219,0.1837,0.0443,0.9362,0.0111,0.1992,0.0095,0.3146,0.0541,7
uncertainty_halt,combined_disappearance_stress,mobile_pick_and_place,substitute_goal_available,0.3673,0.0382,0.3136,0.0151,0.2346,0.0069,0.2092,0.0274,0.0646,0.0152,0.119,0.0297,0.1667,0.0322,0.2143,0.0269,0.8896,0.014,0.197,0.0059,0.432,0.0608,7
uncertainty_halt,combined_disappearance_stress,mobile_pick_and_place,visual_occlusion,0.5085,0.0359,0.3069,0.0119,0.2497,0.0103,0.0952,0.0125,0.0493,0.0213,0.1905,0.0184,0.1293,0.0267,0.2143,0.031,0.8803,0.0103,0.1998,0.0057,0.3061,0.0443,7
uncertainty_halt,combined_disappearance_stress,shelf_retrieval,cascading_disappearing_goal,0.2891,0.0397,0.3305,0.0041,0.2495,0.0074,0.233,0.0446,0.1293,0.0281,0.1684,0.0285,0.1752,0.0471,0.1837,0.0296,1.0171,0.0104,0.1966,0.0072,0.5136,0.0442,7
uncertainty_halt,combined_disappearance_stress,shelf_retrieval,goal_specification_changed,0.4286,0.0244,0.3058,0.013,0.2368,0.013,0.2262,0.0483,0.0748,0.0195,0.0952,0.0191,0.1803,0.0382,0.1582,0.0258,0.8727,0.0088,0.1911,0.0032,0.3656,0.0428,7
uncertainty_halt,combined_disappearance_stress,shelf_retrieval,human_temporary_obstruction,0.466,0.0343,0.3133,0.0126,0.2449,0.008,0.1105,0.0296,0.0782,0.0249,0.1888,0.0409,0.1531,0.0267,0.2024,0.0292,0.8792,0.0143,0.2043,0.0058,0.3469,0.0629,7
uncertainty_halt,combined_disappearance_stress,shelf_retrieval,object_moved,0.4405,0.0378,0.323,0.0144,0.2417,0.0169,0.2007,0.0219,0.0561,0.0214,0.1412,0.023,0.1718,0.0416,0.1973,0.0221,0.8045,0.0093,0.2027,0.0059,0.3741,0.0309,7
uncertainty_halt,combined_disappearance_stress,shelf_retrieval,object_removed,0.4405,0.0455,0.309,0.0114,0.2444,0.0097,0.2194,0.0509,0.1071,0.021,0.0952,0.0314,0.1786,0.0292,0.1837,0.0274,0.916,0.0121,0.1914,0.0046,0.3639,0.0541,7
uncertainty_halt,combined_disappearance_stress,shelf_retrieval,substitute_goal_available,0.4099,0.0264,0.3086,0.0103,0.2432,0.0086,0.1769,0.0324,0.0765,0.0215,0.1344,0.03,0.1633,0.0333,0.1939,0.0321,0.878,0.0175,0.1956,0.0102,0.3776,0.0248,7
uncertainty_halt,combined_disappearance_stress,shelf_retrieval,visual_occlusion,0.4354,0.0526,0.3146,0.0125,0.2492,0.0089,0.1122,0.0168,0.0578,0.0139,0.2313,0.0305,0.1429,0.0153,0.216,0.029,0.9002,0.0105,0.199,0.0049,0.3605,0.0775,7
uncertainty_halt,combined_disappearance_stress,tool_handoff,cascading_disappearing_goal,0.2602,0.0515,0.3122,0.0085,0.2325,0.0104,0.2534,0.0503,0.1378,0.0394,0.1786,0.048,0.165,0.0379,0.148,0.0264,1.0499,0.0127,0.1983,0.0058,0.4864,0.061,7
uncertainty_halt,combined_disappearance_stress,tool_handoff,goal_specification_changed,0.3895,0.0493,0.3162,0.0101,0.2355,0.0112,0.2194,0.0416,0.1156,0.0098,0.119,0.0274,0.1803,0.0241,0.1735,0.0183,0.9015,0.0083,0.1918,0.0017,0.4116,0.0562,7
uncertainty_halt,combined_disappearance_stress,tool_handoff,human_temporary_obstruction,0.4694,0.0301,0.3129,0.0092,0.2456,0.011,0.1344,0.015,0.085,0.0193,0.2041,0.0354,0.1633,0.0383,0.1922,0.0369,0.895,0.0172,0.1991,0.0066,0.352,0.0524,7
uncertainty_halt,combined_disappearance_stress,tool_handoff,object_moved,0.432,0.0425,0.3082,0.0124,0.2341,0.0143,0.1939,0.0383,0.085,0.0206,0.1378,0.037,0.1718,0.0296,0.2143,0.0222,0.8192,0.0123,0.1925,0.0077,0.3724,0.0422,7
uncertainty_halt,combined_disappearance_stress,tool_handoff,object_removed,0.4422,0.0271,0.3115,0.0071,0.2409,0.0092,0.2007,0.0362,0.0935,0.0187,0.1139,0.016,0.1701,0.0248,0.1616,0.0329,0.9558,0.0136,0.1907,0.0066,0.3469,0.0635,7
uncertainty_halt,combined_disappearance_stress,tool_handoff,substitute_goal_available,0.3878,0.0413,0.3148,0.008,0.2367,0.0096,0.1871,0.0406,0.1173,0.023,0.119,0.0269,0.1786,0.042,0.1837,0.0384,0.9172,0.0085,0.1929,0.0109,0.4014,0.0496,7
uncertainty_halt,combined_disappearance_stress,tool_handoff,visual_occlusion,0.4779,0.057,0.3039,0.0103,0.2485,0.01,0.1139,0.0283,0.0578,0.0262,0.2041,0.0347,0.165,0.0336,0.2092,0.0419,0.8929,0.0115,0.2029,0.005,0.3571,0.0731,7
uncertainty_halt,delayed_reappearance,bin_sorting,cascading_disappearing_goal,0.3673,0.0236,0.3455,0.0085,0.2627,0.0079,0.2313,0.0413,0.0969,0.0172,0.1735,0.0243,0.1701,0.0296,0.267,0.0367,0.9469,0.0167,0.1987,0.0095,0.4609,0.0355,7
uncertainty_halt,delayed_reappearance,bin_sorting,goal_specification_changed,0.4337,0.0243,0.3396,0.0058,0.2699,0.0115,0.1735,0.0511,0.085,0.0213,0.1122,0.0274,0.1497,0.0274,0.2347,0.0237,0.8306,0.014,0.1955,0.0065,0.3588,0.0369,7
uncertainty_halt,delayed_reappearance,bin_sorting,human_temporary_obstruction,0.5459,0.0424,0.3445,0.0087,0.2656,0.0096,0.1412,0.0276,0.0425,0.0168,0.1599,0.0209,0.1854,0.0384,0.1973,0.0264,0.8348,0.0075,0.1981,0.0062,0.2772,0.0373,7
uncertainty_halt,delayed_reappearance,bin_sorting,object_moved,0.4915,0.0232,0.3462,0.0133,0.269,0.0148,0.1684,0.0164,0.068,0.015,0.1122,0.0243,0.1616,0.0278,0.2262,0.0391,0.7991,0.0094,0.1927,0.0036,0.3214,0.0345,7
uncertainty_halt,delayed_reappearance,bin_sorting,object_removed,0.517,0.0278,0.3432,0.0109,0.2608,0.0087,0.1752,0.0232,0.0799,0.0214,0.0867,0.0248,0.1514,0.0282,0.2075,0.0321,0.861,0.0159,0.1949,0.0071,0.3214,0.0411,7
uncertainty_halt,delayed_reappearance,bin_sorting,substitute_goal_available,0.483,0.0598,0.346,0.0115,0.2681,0.0078,0.1599,0.0233,0.0731,0.0219,0.0816,0.0193,0.1378,0.0183,0.2432,0.0341,0.8412,0.0087,0.1955,0.0068,0.335,0.0704,7
uncertainty_halt,delayed_reappearance,bin_sorting,visual_occlusion,0.5612,0.0427,0.3469,0.0082,0.2649,0.0066,0.0952,0.0197,0.0408,0.0196,0.1956,0.0238,0.1973,0.0259,0.2211,0.0292,0.8427,0.0097,0.199,0.0088,0.2687,0.0441,7
uncertainty_halt,delayed_reappearance,drawer_placement,cascading_disappearing_goal,0.3282,0.0233,0.3496,0.0099,0.271,0.006,0.2381,0.0342,0.1105,0.0325,0.182,0.0214,0.1684,0.0219,0.2194,0.0349,0.9843,0.0131,0.1981,0.0039,0.4762,0.0288,7
uncertainty_halt,delayed_reappearance,drawer_placement,goal_specification_changed,0.4303,0.0257,0.3387,0.0094,0.2647,0.0108,0.1854,0.0249,0.0799,0.022,0.0884,0.0325,0.148,0.0309,0.233,0.0209,0.8499,0.0083,0.1968,0.0103,0.4082,0.0496,7
uncertainty_halt,delayed_reappearance,drawer_placement,human_temporary_obstruction,0.4983,0.0612,0.3495,0.0147,0.2615,0.0124,0.0969,0.0148,0.0595,0.0184,0.1956,0.0283,0.1973,0.0227,0.2704,0.0474,0.8608,0.0123,0.2006,0.0076,0.3061,0.0767,7
uncertainty_halt,delayed_reappearance,drawer_placement,object_moved,0.4626,0.0812,0.3382,0.0089,0.2697,0.0135,0.1701,0.0258,0.0646,0.0196,0.1293,0.0285,0.165,0.0271,0.2449,0.0254,0.8048,0.0147,0.1987,0.0074,0.3622,0.1051,7
uncertainty_halt,delayed_reappearance,drawer_placement,object_removed,0.4388,0.0505,0.3474,0.0086,0.2573,0.0139,0.1718,0.0287,0.0782,0.016,0.1224,0.0313,0.1548,0.0458,0.2007,0.0206,0.8827,0.0129,0.1931,0.0056,0.3622,0.0623,7
uncertainty_halt,delayed_reappearance,drawer_placement,substitute_goal_available,0.4456,0.0221,0.3514,0.0143,0.2706,0.0064,0.2092,0.0363,0.0714,0.0269,0.1378,0.0321,0.1395,0.0214,0.2092,0.0283,0.8635,0.0243,0.1958,0.0104,0.352,0.0333,7
uncertainty_halt,delayed_reappearance,drawer_placement,visual_occlusion,0.483,0.0345,0.3325,0.009,0.2567,0.008,0.1071,0.0297,0.0527,0.019,0.2058,0.0182,0.1599,0.0233,0.2466,0.0232,0.8642,0.012,0.1994,0.0067,0.3503,0.0483,7
uncertainty_halt,delayed_reappearance,mobile_pick_and_place,cascading_disappearing_goal,0.3724,0.0111,0.3361,0.0125,0.2567,0.0121,0.216,0.0257,0.1037,0.0132,0.1803,0.0285,0.1463,0.0258,0.2347,0.0352,0.9765,0.0151,0.1972,0.0061,0.4184,0.0328,7
uncertainty_halt,delayed_reappearance,mobile_pick_and_place,goal_specification_changed,0.4609,0.0457,0.3458,0.0127,0.2729,0.015,0.2177,0.0232,0.0714,0.0176,0.085,0.0148,0.1616,0.0269,0.2381,0.0356,0.8426,0.0161,0.1964,0.0054,0.3588,0.0577,7
uncertainty_halt,delayed_reappearance,mobile_pick_and_place,human_temporary_obstruction,0.4966,0.0653,0.3486,0.0089,0.2663,0.0096,0.1054,0.0246,0.0612,0.0193,0.1905,0.0301,0.1582,0.0333,0.2551,0.0243,0.8781,0.0173,0.1964,0.0056,0.3248,0.0533,7
uncertainty_halt,delayed_reappearance,mobile_pick_and_place,object_moved,0.4575,0.0296,0.3493,0.0083,0.2574,0.01,0.1973,0.0345,0.0765,0.0227,0.1156,0.022,0.1412,0.032,0.2092,0.0233,0.8043,0.0129,0.1971,0.005,0.3486,0.022,7
uncertainty_halt,delayed_reappearance,mobile_pick_and_place,object_removed,0.4371,0.0258,0.3552,0.0097,0.2675,0.0045,0.1854,0.04,0.0986,0.0258,0.1054,0.0107,0.1667,0.0176,0.2092,0.0419,0.8663,0.0248,0.1945,0.0069,0.3622,0.0317,7
uncertainty_halt,delayed_reappearance,mobile_pick_and_place,substitute_goal_available,0.4235,0.0196,0.3396,0.0104,0.2679,0.0104,0.1667,0.0345,0.0765,0.0196,0.1054,0.0336,0.1633,0.0403,0.2177,0.0208,0.8525,0.01,0.193,0.0089,0.3656,0.0337,7
uncertainty_halt,delayed_reappearance,mobile_pick_and_place,visual_occlusion,0.4966,0.0598,0.3422,0.0057,0.2664,0.0104,0.0969,0.023,0.0612,0.0164,0.1956,0.0196,0.1378,0.0233,0.25,0.0432,0.8756,0.0165,0.1979,0.0042,0.318,0.0688,7
uncertainty_halt,delayed_reappearance,shelf_retrieval,cascading_disappearing_goal,0.369,0.0512,0.3437,0.0087,0.2593,0.0143,0.2058,0.0159,0.1071,0.0184,0.1616,0.0432,0.1735,0.0466,0.2058,0.04,0.9668,0.0101,0.1969,0.0046,0.4439,0.0431,7
uncertainty_halt,delayed_reappearance,shelf_retrieval,goal_specification_changed,0.4405,0.0072,0.3446,0.0133,0.2733,0.0097,0.1769,0.0379,0.0612,0.0187,0.0901,0.0363,0.1378,0.0209,0.2296,0.0431,0.844,0.0101,0.1935,0.0052,0.3776,0.0287,7
uncertainty_halt,delayed_reappearance,shelf_retrieval,human_temporary_obstruction,0.4864,0.0465,0.3457,0.0106,0.2582,0.0083,0.1293,0.0285,0.0782,0.019,0.1939,0.0226,0.1276,0.0189,0.2415,0.0521,0.8607,0.0144,0.2007,0.0027,0.3078,0.0508,7
uncertainty_halt,delayed_reappearance,shelf_retrieval,object_moved,0.4507,0.0518,0.3391,0.0098,0.2659,0.0102,0.1973,0.0333,0.0697,0.0129,0.131,0.0345,0.1837,0.0264,0.2058,0.0406,0.7977,0.0107,0.2001,0.0074,0.3452,0.0609,7
uncertainty_halt,delayed_reappearance,shelf_retrieval,object_removed,0.4728,0.0437,0.3487,0.0107,0.2642,0.0068,0.1854,0.019,0.0765,0.0221,0.0884,0.0243,0.165,0.0312,0.267,0.0514,0.8768,0.0135,0.1983,0.0048,0.3316,0.0549,7
uncertainty_halt,delayed_reappearance,shelf_retrieval,substitute_goal_available,0.4388,0.0252,0.34,0.0069,0.2617,0.0054,0.1837,0.0238,0.0663,0.0296,0.1327,0.0241,0.1565,0.0119,0.2279,0.02,0.8476,0.0079,0.1998,0.007,0.3673,0.0473,7
uncertainty_halt,delayed_reappearance,shelf_retrieval,visual_occlusion,0.483,0.0488,0.3414,0.0064,0.2592,0.0098,0.119,0.0398,0.0595,0.0176,0.2007,0.0445,0.1514,0.0373,0.25,0.0512,0.8742,0.0189,0.199,0.0036,0.3503,0.0562,7
uncertainty_halt,delayed_reappearance,tool_handoff,cascading_disappearing_goal,0.3418,0.0524,0.3422,0.01,0.2624,0.0116,0.2517,0.0316,0.1361,0.0249,0.1922,0.0328,0.148,0.0259,0.2058,0.0329,1.0127,0.0147,0.1959,0.0045,0.4388,0.0859,7
uncertainty_halt,delayed_reappearance,tool_handoff,goal_specification_changed,0.4388,0.052,0.3428,0.012,0.2675,0.0074,0.1803,0.0399,0.0884,0.0356,0.1003,0.0209,0.1752,0.0383,0.1922,0.0406,0.8733,0.0146,0.1889,0.0051,0.3622,0.0627,7
uncertainty_halt,delayed_reappearance,tool_handoff,human_temporary_obstruction,0.4779,0.0462,0.3449,0.0115,0.2574,0.0094,0.1344,0.0226,0.0578,0.0119,0.1514,0.0359,0.1735,0.0227,0.2194,0.0337,0.8795,0.0153,0.2042,0.0041,0.3231,0.0651,7
uncertainty_halt,delayed_reappearance,tool_handoff,object_moved,0.4456,0.0602,0.3474,0.0115,0.2564,0.0062,0.2007,0.0294,0.0901,0.0249,0.0952,0.0216,0.1531,0.0224,0.2058,0.0287,0.8011,0.0161,0.1958,0.0046,0.3588,0.0671,7
uncertainty_halt,delayed_reappearance,tool_handoff,object_removed,0.4507,0.0252,0.3466,0.0091,0.2647,0.0116,0.1956,0.0143,0.1259,0.0259,0.0833,0.0191,0.1684,0.0518,0.2041,0.0328,0.8927,0.0186,0.1985,0.0091,0.3418,0.0304,7
uncertainty_halt,delayed_reappearance,tool_handoff,substitute_goal_available,0.4133,0.0428,0.34,0.007,0.2713,0.0093,0.1786,0.0169,0.0612,0.0139,0.1378,0.0349,0.165,0.032,0.25,0.0391,0.8675,0.0112,0.1957,0.0051,0.3776,0.0521,7
uncertainty_halt,delayed_reappearance,tool_handoff,visual_occlusion,0.4745,0.0556,0.3524,0.0055,0.2615,0.0111,0.1139,0.0243,0.0731,0.029,0.1956,0.0309,0.1531,0.0193,0.233,0.0345,0.8716,0.0138,0.1996,0.0058,0.3418,0.0698,7
uncertainty_halt,nominal,bin_sorting,cascading_disappearing_goal,0.4966,0.0355,0.3986,0.013,0.3064,0.0107,0.1633,0.038,0.0714,0.0176,0.1412,0.0187,0.3027,0.0367,0.2381,0.0255,0.7416,0.0182,0.1924,0.0068,0.3384,0.0349,7
uncertainty_halt,nominal,bin_sorting,goal_specification_changed,0.5102,0.0332,0.401,0.0107,0.3107,0.0105,0.119,0.0239,0.0408,0.0152,0.0697,0.0148,0.2721,0.0473,0.2653,0.0268,0.6685,0.0102,0.1987,0.0051,0.3435,0.0433,7
uncertainty_halt,nominal,bin_sorting,human_temporary_obstruction,0.5714,0.0447,0.4012,0.0103,0.3044,0.011,0.0646,0.0325,0.0493,0.0148,0.1395,0.0248,0.2993,0.0339,0.2381,0.0407,0.6696,0.0127,0.1981,0.0063,0.2636,0.0476,7
uncertainty_halt,nominal,bin_sorting,object_moved,0.5867,0.0393,0.4041,0.012,0.3141,0.0132,0.1139,0.0363,0.034,0.0139,0.102,0.016,0.2517,0.0386,0.2279,0.057,0.6414,0.0094,0.1902,0.007,0.233,0.0632,7
uncertainty_halt,nominal,bin_sorting,object_removed,0.5663,0.0349,0.3937,0.0114,0.2958,0.0092,0.1207,0.0252,0.0646,0.0112,0.1088,0.0213,0.2551,0.0407,0.2296,0.0253,0.6912,0.0069,0.1916,0.0045,0.2806,0.0511,7
uncertainty_halt,nominal,bin_sorting,substitute_goal_available,0.5493,0.0303,0.4035,0.0069,0.3131,0.0107,0.1173,0.0246,0.051,0.0182,0.1054,0.0257,0.25,0.0398,0.2738,0.0529,0.6625,0.0157,0.1914,0.0058,0.2738,0.0338,7
uncertainty_halt,nominal,bin_sorting,visual_occlusion,0.5663,0.0452,0.3919,0.0107,0.3041,0.0086,0.0561,0.0248,0.0323,0.0141,0.1293,0.0148,0.2619,0.0314,0.2687,0.0432,0.6679,0.0155,0.1906,0.005,0.2619,0.0349,7
uncertainty_halt,nominal,drawer_placement,cascading_disappearing_goal,0.4711,0.0644,0.3864,0.0055,0.311,0.0114,0.1276,0.0268,0.085,0.0187,0.1327,0.0276,0.2738,0.0334,0.2449,0.0426,0.763,0.0096,0.1945,0.0072,0.3639,0.0774,7
uncertainty_halt,nominal,drawer_placement,goal_specification_changed,0.5102,0.0271,0.3946,0.0121,0.3095,0.0051,0.1276,0.0122,0.0782,0.019,0.0782,0.01,0.2806,0.0349,0.2211,0.0394,0.6928,0.0195,0.1919,0.0048,0.3044,0.0349,7
uncertainty_halt,nominal,drawer_placement,human_temporary_obstruction,0.5493,0.0487,0.4071,0.0057,0.3195,0.0099,0.0765,0.0168,0.0493,0.0107,0.1071,0.0374,0.2551,0.0209,0.2704,0.0243,0.6807,0.0109,0.1967,0.004,0.2959,0.0471,7
uncertainty_halt,nominal,drawer_placement,object_moved,0.5323,0.0195,0.4084,0.0087,0.3153,0.0062,0.1122,0.0175,0.0493,0.0156,0.1122,0.0349,0.2534,0.0337,0.2415,0.0373,0.6487,0.0106,0.1978,0.0068,0.284,0.0107,7
uncertainty_halt,nominal,drawer_placement,object_removed,0.5578,0.0545,0.3925,0.0077,0.3092,0.015,0.1088,0.0224,0.0748,0.0278,0.0833,0.0279,0.25,0.0345,0.2568,0.0325,0.7166,0.0066,0.1946,0.0036,0.2483,0.0369,7
uncertainty_halt,nominal,drawer_placement,substitute_goal_available,0.5136,0.0603,0.4058,0.0076,0.3147,0.0131,0.1395,0.0237,0.0714,0.0144,0.0884,0.0209,0.2908,0.0283,0.2279,0.0267,0.6991,0.0122,0.1974,0.007,0.3214,0.067,7
uncertainty_halt,nominal,drawer_placement,visual_occlusion,0.6037,0.049,0.3989,0.0088,0.3103,0.0098,0.0731,0.0206,0.0442,0.0167,0.1684,0.02,0.2466,0.0268,0.2296,0.0443,0.6804,0.0087,0.1941,0.0062,0.2432,0.0531,7
uncertainty_halt,nominal,mobile_pick_and_place,cascading_disappearing_goal,0.483,0.0582,0.4015,0.0071,0.3103,0.0149,0.1378,0.0143,0.0612,0.0213,0.1259,0.019,0.2738,0.0472,0.2194,0.0152,0.764,0.0138,0.193,0.0044,0.3129,0.0772,7
uncertainty_halt,nominal,mobile_pick_and_place,goal_specification_changed,0.4983,0.0351,0.3874,0.0135,0.3069,0.0098,0.131,0.0371,0.0544,0.0183,0.1003,0.0274,0.2602,0.0307,0.2296,0.0498,0.6871,0.0099,0.1915,0.0046,0.3486,0.0521,7
uncertainty_halt,nominal,mobile_pick_and_place,human_temporary_obstruction,0.5561,0.0621,0.3923,0.0107,0.3034,0.009,0.0782,0.0264,0.0544,0.0123,0.1054,0.0339,0.2823,0.0352,0.2602,0.0343,0.6809,0.0156,0.1959,0.0064,0.2687,0.0797,7
uncertainty_halt,nominal,mobile_pick_and_place,object_moved,0.5357,0.0228,0.3929,0.0093,0.3164,0.0105,0.1207,0.0257,0.0697,0.0236,0.1071,0.0288,0.2534,0.0278,0.233,0.0443,0.6537,0.0127,0.1913,0.0068,0.2857,0.0239,7
uncertainty_halt,nominal,mobile_pick_and_place,object_removed,0.5306,0.0321,0.3976,0.0075,0.3084,0.0096,0.1395,0.0344,0.0748,0.0195,0.0731,0.023,0.2653,0.0348,0.2364,0.0454,0.7061,0.0201,0.191,0.0055,0.2925,0.0349,7
uncertainty_halt,nominal,mobile_pick_and_place,substitute_goal_available,0.5306,0.0548,0.4038,0.0115,0.318,0.0109,0.1156,0.0159,0.051,0.0248,0.0867,0.0202,0.284,0.0172,0.2228,0.0253,0.6862,0.0064,0.192,0.0064,0.2857,0.0738,7
uncertainty_halt,nominal,mobile_pick_and_place,visual_occlusion,0.5629,0.0584,0.4006,0.0101,0.3087,0.0152,0.0935,0.0271,0.0476,0.0169,0.1463,0.0304,0.2755,0.0172,0.2483,0.0409,0.6763,0.0112,0.2013,0.0083,0.2789,0.0587,7
uncertainty_halt,nominal,shelf_retrieval,cascading_disappearing_goal,0.4592,0.0435,0.4026,0.0119,0.3151,0.0064,0.1463,0.022,0.0629,0.0263,0.1156,0.0237,0.2653,0.04,0.2313,0.0259,0.7551,0.0152,0.196,0.0045,0.352,0.0573,7
uncertainty_halt,nominal,shelf_retrieval,goal_specification_changed,0.5102,0.0513,0.3979,0.0064,0.3048,0.0122,0.1241,0.0283,0.0646,0.0203,0.0816,0.0172,0.2738,0.0356,0.2466,0.0437,0.6711,0.0143,0.1969,0.0062,0.3299,0.0736,7
uncertainty_halt,nominal,shelf_retrieval,human_temporary_obstruction,0.5765,0.0317,0.3939,0.0123,0.3128,0.0097,0.0731,0.023,0.0323,0.015,0.0969,0.0193,0.2823,0.0195,0.2398,0.0299,0.6895,0.0103,0.1985,0.0087,0.2687,0.0325,7
uncertainty_halt,nominal,shelf_retrieval,object_moved,0.5493,0.0393,0.3991,0.0077,0.3086,0.0107,0.1156,0.0317,0.0629,0.0111,0.0867,0.0237,0.2585,0.0317,0.2534,0.0366,0.656,0.0157,0.1887,0.0059,0.2942,0.0377,7
uncertainty_halt,nominal,shelf_retrieval,object_removed,0.5306,0.0325,0.3996,0.0069,0.3128,0.0103,0.1224,0.0214,0.0612,0.0257,0.0884,0.0264,0.2415,0.038,0.2398,0.0418,0.6917,0.0172,0.195,0.0058,0.3112,0.0535,7
uncertainty_halt,nominal,shelf_retrieval,substitute_goal_available,0.4983,0.0372,0.3951,0.0109,0.3069,0.0111,0.1071,0.0381,0.0544,0.0215,0.0952,0.0297,0.2908,0.0446,0.2483,0.0547,0.6837,0.01,0.1951,0.0095,0.3469,0.0542,7
uncertainty_halt,nominal,shelf_retrieval,visual_occlusion,0.551,0.0373,0.4019,0.0093,0.3091,0.0051,0.051,0.0141,0.051,0.0167,0.1514,0.0321,0.2755,0.0246,0.2449,0.0363,0.6976,0.0131,0.2,0.0073,0.2806,0.0329,7
uncertainty_halt,nominal,tool_handoff,cascading_disappearing_goal,0.4031,0.0643,0.3974,0.0131,0.3123,0.0172,0.1548,0.0233,0.0663,0.019,0.1514,0.0237,0.2687,0.0623,0.25,0.0532,0.7933,0.0124,0.1952,0.0052,0.4116,0.0745,7
uncertainty_halt,nominal,tool_handoff,goal_specification_changed,0.4983,0.054,0.395,0.0101,0.3073,0.0123,0.1088,0.0241,0.068,0.0189,0.0833,0.0144,0.284,0.0224,0.2517,0.0206,0.7016,0.018,0.1875,0.0055,0.3095,0.0455,7
uncertainty_halt,nominal,tool_handoff,human_temporary_obstruction,0.5442,0.0309,0.3997,0.0188,0.3177,0.0184,0.0867,0.0214,0.051,0.015,0.1293,0.0294,0.2619,0.0388,0.2381,0.0334,0.68,0.0205,0.2015,0.0084,0.2721,0.0351,7
uncertainty_halt,nominal,tool_handoff,object_moved,0.5306,0.0475,0.3965,0.0127,0.305,0.0094,0.1241,0.0413,0.0493,0.0094,0.0918,0.0226,0.2823,0.0248,0.2619,0.0371,0.6607,0.0095,0.1959,0.0096,0.3044,0.0345,7
uncertainty_halt,nominal,tool_handoff,object_removed,0.4779,0.0528,0.3944,0.0049,0.3106,0.0099,0.1463,0.0355,0.0918,0.0195,0.0867,0.0273,0.2721,0.0343,0.2602,0.0332,0.7289,0.0104,0.1918,0.0054,0.3367,0.0449,7
uncertainty_halt,nominal,tool_handoff,substitute_goal_available,0.4932,0.0391,0.3972,0.0114,0.3131,0.0079,0.1259,0.0374,0.0765,0.0196,0.0952,0.0398,0.2585,0.0258,0.2347,0.0521,0.6942,0.0091,0.1915,0.0055,0.3435,0.0508,7
uncertainty_halt,nominal,tool_handoff,visual_occlusion,0.5187,0.0274,0.3956,0.0098,0.306,0.0124,0.0799,0.022,0.0391,0.0141,0.1327,0.0285,0.2568,0.0325,0.2653,0.0214,0.6826,0.0137,0.1995,0.0034,0.3231,0.0415,7
uncertainty_halt,occlusion_heavy_shift,bin_sorting,cascading_disappearing_goal,0.4286,0.0478,0.3368,0.0089,0.2923,0.0085,0.1667,0.0204,0.1071,0.0274,0.1752,0.0189,0.2058,0.0226,0.2772,0.0498,0.8612,0.0157,0.1942,0.0062,0.4065,0.0427,7
uncertainty_halt,occlusion_heavy_shift,bin_sorting,goal_specification_changed,0.4966,0.0387,0.344,0.0065,0.3123,0.0122,0.148,0.0296,0.0833,0.0249,0.0935,0.0164,0.2058,0.0452,0.2415,0.0493,0.7471,0.0091,0.1963,0.0059,0.3367,0.0273,7
uncertainty_halt,occlusion_heavy_shift,bin_sorting,human_temporary_obstruction,0.5748,0.0422,0.3525,0.0143,0.2918,0.0108,0.1139,0.0168,0.0595,0.0216,0.1497,0.016,0.2228,0.038,0.25,0.0469,0.7553,0.0097,0.1978,0.0085,0.2789,0.048,7
uncertainty_halt,occlusion_heavy_shift,bin_sorting,object_moved,0.4949,0.0394,0.3397,0.0173,0.2951,0.0164,0.1156,0.0397,0.0629,0.0182,0.1293,0.0236,0.1769,0.0376,0.2381,0.0447,0.7061,0.0139,0.1936,0.0046,0.3146,0.0432,7
uncertainty_halt,occlusion_heavy_shift,bin_sorting,object_removed,0.4983,0.0442,0.3447,0.0063,0.2915,0.0037,0.1514,0.0313,0.0782,0.0152,0.0731,0.0094,0.2194,0.0423,0.1667,0.0338,0.7729,0.0108,0.1936,0.0049,0.3265,0.0567,7
uncertainty_halt,occlusion_heavy_shift,bin_sorting,substitute_goal_available,0.4575,0.0317,0.3403,0.0096,0.2995,0.0109,0.1344,0.0329,0.0731,0.0193,0.1224,0.0248,0.1854,0.0274,0.2126,0.0252,0.7516,0.0104,0.1972,0.0053,0.3946,0.0439,7
uncertainty_halt,occlusion_heavy_shift,bin_sorting,visual_occlusion,0.5153,0.0521,0.3332,0.0148,0.2949,0.0056,0.085,0.0267,0.0391,0.0202,0.1531,0.0421,0.2092,0.0233,0.2789,0.0381,0.7787,0.0103,0.1953,0.0032,0.2976,0.0615,7
uncertainty_halt,occlusion_heavy_shift,drawer_placement,cascading_disappearing_goal,0.3912,0.0257,0.3482,0.0105,0.3017,0.0082,0.1803,0.0299,0.0935,0.0252,0.1854,0.0196,0.2092,0.0391,0.2262,0.031,0.9006,0.0141,0.1971,0.0043,0.4218,0.04,7
uncertainty_halt,occlusion_heavy_shift,drawer_placement,goal_specification_changed,0.4711,0.0567,0.34,0.0142,0.2992,0.0119,0.1718,0.0243,0.0714,0.0161,0.0765,0.0292,0.2109,0.0422,0.233,0.0443,0.7569,0.0129,0.197,0.0053,0.3605,0.0602,7
uncertainty_halt,occlusion_heavy_shift,drawer_placement,human_temporary_obstruction,0.5187,0.0363,0.3365,0.0123,0.297,0.0095,0.0901,0.048,0.0663,0.0264,0.1684,0.0285,0.2177,0.0287,0.2126,0.0379,0.7854,0.0138,0.1927,0.0039,0.3027,0.0278,7
uncertainty_halt,occlusion_heavy_shift,drawer_placement,object_moved,0.4541,0.0343,0.3451,0.0098,0.3015,0.0129,0.1361,0.016,0.0442,0.0195,0.119,0.026,0.2041,0.023,0.233,0.0325,0.7074,0.0165,0.19,0.0093,0.3418,0.0387,7
uncertainty_halt,occlusion_heavy_shift,drawer_placement,object_removed,0.4881,0.0455,0.337,0.0109,0.2962,0.0174,0.1514,0.0232,0.0935,0.0224,0.0952,0.0184,0.2313,0.0287,0.1888,0.0139,0.7874,0.0136,0.1959,0.0076,0.3367,0.0758,7
uncertainty_halt,occlusion_heavy_shift,drawer_placement,substitute_goal_available,0.449,0.0631,0.3376,0.0134,0.2868,0.0105,0.1361,0.0374,0.0697,0.0252,0.1105,0.0287,0.2347,0.0208,0.2602,0.0332,0.766,0.0108,0.1947,0.006,0.3793,0.0726,7
uncertainty_halt,occlusion_heavy_shift,drawer_placement,visual_occlusion,0.5102,0.0418,0.3449,0.0095,0.2915,0.0079,0.0884,0.0274,0.0374,0.0094,0.1854,0.0283,0.2058,0.04,0.2177,0.0485,0.7933,0.0174,0.1985,0.0081,0.3214,0.0432,7
uncertainty_halt,occlusion_heavy_shift,mobile_pick_and_place,cascading_disappearing_goal,0.3844,0.0243,0.3417,0.0081,0.2984,0.0088,0.165,0.0193,0.1088,0.0252,0.1888,0.0156,0.2279,0.0241,0.2211,0.0321,0.8909,0.0148,0.1992,0.0023,0.4286,0.0438,7
uncertainty_halt,occlusion_heavy_shift,mobile_pick_and_place,goal_specification_changed,0.4405,0.0432,0.3446,0.0091,0.2977,0.0129,0.1582,0.0202,0.0748,0.015,0.0935,0.0241,0.1973,0.0446,0.2347,0.0296,0.7541,0.0105,0.1951,0.0053,0.3793,0.0476,7
uncertainty_halt,occlusion_heavy_shift,mobile_pick_and_place,human_temporary_obstruction,0.4779,0.0579,0.3367,0.0106,0.2991,0.0073,0.0901,0.0305,0.0731,0.0241,0.148,0.0278,0.2228,0.0498,0.2517,0.0339,0.7841,0.0156,0.1998,0.0064,0.3469,0.074,7
uncertainty_halt,occlusion_heavy_shift,mobile_pick_and_place,object_moved,0.4983,0.0372,0.3387,0.01,0.3015,0.0096,0.1276,0.022,0.0697,0.0213,0.1122,0.0317,0.2279,0.0206,0.2279,0.0172,0.7146,0.0148,0.1874,0.0035,0.3095,0.0488,7
uncertainty_halt,occlusion_heavy_shift,mobile_pick_and_place,object_removed,0.4864,0.0399,0.3402,0.0045,0.2843,0.0121,0.1531,0.0236,0.0867,0.0248,0.1088,0.0271,0.1871,0.0214,0.2398,0.0462,0.7924,0.0081,0.1954,0.0054,0.3129,0.0615,7
uncertainty_halt,occlusion_heavy_shift,mobile_pick_and_place,substitute_goal_available,0.4439,0.0531,0.3344,0.006,0.2979,0.0097,0.1276,0.0278,0.0697,0.0271,0.1327,0.0328,0.2092,0.0435,0.233,0.0274,0.7736,0.0145,0.1872,0.0099,0.3622,0.0732,7
uncertainty_halt,occlusion_heavy_shift,mobile_pick_and_place,visual_occlusion,0.4864,0.0402,0.3489,0.0104,0.3037,0.0136,0.0867,0.0387,0.0595,0.021,0.1922,0.0312,0.1973,0.0203,0.25,0.0297,0.7935,0.0208,0.1966,0.0055,0.3316,0.0547,7
uncertainty_halt,occlusion_heavy_shift,shelf_retrieval,cascading_disappearing_goal,0.3844,0.0569,0.3388,0.009,0.2912,0.0059,0.1939,0.0496,0.0799,0.0291,0.1939,0.0214,0.2126,0.0219,0.2551,0.0387,0.8892,0.0174,0.1963,0.0043,0.4235,0.0501,7
uncertainty_halt,occlusion_heavy_shift,shelf_retrieval,goal_specification_changed,0.4932,0.0488,0.3479,0.0101,0.3008,0.0105,0.1361,0.0168,0.0816,0.0193,0.0952,0.0356,0.2262,0.0453,0.2143,0.0507,0.7451,0.0098,0.1955,0.003,0.3282,0.0591,7
uncertainty_halt,occlusion_heavy_shift,shelf_retrieval,human_temporary_obstruction,0.4915,0.0419,0.3307,0.0043,0.3042,0.0047,0.0969,0.0271,0.0697,0.0246,0.1633,0.0337,0.2109,0.0248,0.2228,0.0363,0.8043,0.0125,0.1986,0.007,0.335,0.0465,7
uncertainty_halt,occlusion_heavy_shift,shelf_retrieval,object_moved,0.4881,0.0322,0.35,0.0099,0.2986,0.0098,0.1259,0.0458,0.0493,0.0148,0.1173,0.0148,0.199,0.022,0.2381,0.026,0.7199,0.0137,0.1937,0.0043,0.3537,0.038,7
uncertainty_halt,occlusion_heavy_shift,shelf_retrieval,object_removed,0.4694,0.0313,0.3369,0.01,0.2948,0.0091,0.1361,0.0227,0.0748,0.0182,0.0867,0.0159,0.1973,0.0341,0.2126,0.0343,0.7968,0.0071,0.1891,0.0066,0.3707,0.0523,7
uncertainty_halt,occlusion_heavy_shift,shelf_retrieval,substitute_goal_available,0.4371,0.0406,0.3486,0.0109,0.2897,0.0121,0.1701,0.0329,0.0527,0.0175,0.1122,0.0233,0.2075,0.0446,0.2211,0.0325,0.7616,0.0099,0.1975,0.0063,0.4031,0.0614,7
uncertainty_halt,occlusion_heavy_shift,shelf_retrieval,visual_occlusion,0.4898,0.0339,0.339,0.0156,0.2955,0.0142,0.0867,0.022,0.068,0.0253,0.2007,0.0262,0.2211,0.037,0.2585,0.0406,0.8083,0.0173,0.2008,0.0042,0.3231,0.0468,7
uncertainty_halt,occlusion_heavy_shift,tool_handoff,cascading_disappearing_goal,0.3759,0.0423,0.3418,0.0079,0.2995,0.0099,0.1786,0.0374,0.085,0.0187,0.1803,0.0369,0.199,0.0214,0.2381,0.0414,0.9087,0.0205,0.1941,0.0054,0.4133,0.0531,7
uncertainty_halt,occlusion_heavy_shift,tool_handoff,goal_specification_changed,0.5017,0.0778,0.3431,0.0113,0.3011,0.0056,0.1463,0.0309,0.0884,0.0221,0.0765,0.0221,0.2313,0.048,0.2177,0.0387,0.7827,0.0089,0.1972,0.0073,0.3265,0.0911,7
uncertainty_halt,occlusion_heavy_shift,tool_handoff,human_temporary_obstruction,0.4915,0.0214,0.3321,0.0099,0.2988,0.0118,0.1003,0.019,0.0646,0.0168,0.1599,0.0296,0.1973,0.037,0.2364,0.0312,0.7868,0.0121,0.2016,0.0045,0.3316,0.029,7
uncertainty_halt,occlusion_heavy_shift,tool_handoff,object_moved,0.4439,0.0359,0.3408,0.0108,0.2919,0.0105,0.1173,0.0241,0.0629,0.0313,0.1139,0.0143,0.216,0.0257,0.2177,0.0355,0.7255,0.0134,0.1989,0.0061,0.3588,0.0294,7
uncertainty_halt,occlusion_heavy_shift,tool_handoff,object_removed,0.4762,0.0464,0.3307,0.0091,0.2918,0.0103,0.148,0.0249,0.0969,0.0107,0.1003,0.0183,0.2024,0.0233,0.2245,0.0299,0.8001,0.0123,0.1919,0.0096,0.3282,0.0818,7
uncertainty_halt,occlusion_heavy_shift,tool_handoff,substitute_goal_available,0.432,0.0237,0.345,0.0078,0.3044,0.0096,0.1361,0.0301,0.0714,0.0135,0.1224,0.0309,0.2177,0.04,0.2296,0.034,0.7808,0.0124,0.1888,0.0054,0.3759,0.0391,7
uncertainty_halt,occlusion_heavy_shift,tool_handoff,visual_occlusion,0.4983,0.0473,0.3304,0.0066,0.3028,0.0125,0.085,0.0281,0.0561,0.0167,0.1939,0.0296,0.2211,0.01,0.2466,0.0403,0.8042,0.0057,0.1948,0.0063,0.2925,0.06,7
uncertainty_halt,physical_removal_shift,bin_sorting,cascading_disappearing_goal,0.3724,0.0352,0.3389,0.014,0.2822,0.0114,0.1871,0.0122,0.0969,0.0079,0.1684,0.0276,0.2415,0.0122,0.2211,0.037,0.8688,0.0191,0.1972,0.0053,0.4677,0.0474,7
uncertainty_halt,physical_removal_shift,bin_sorting,goal_specification_changed,0.4677,0.0195,0.3408,0.0107,0.2819,0.0087,0.1633,0.0226,0.0935,0.0285,0.102,0.01,0.2228,0.0344,0.2092,0.0221,0.7731,0.0129,0.1964,0.0039,0.3997,0.0325,7
uncertainty_halt,physical_removal_shift,bin_sorting,human_temporary_obstruction,0.5374,0.0241,0.3398,0.0166,0.2804,0.0085,0.0816,0.0164,0.0629,0.0214,0.1446,0.0303,0.2092,0.0367,0.2109,0.0352,0.7448,0.0083,0.1986,0.0081,0.2857,0.0088,7
uncertainty_halt,physical_removal_shift,bin_sorting,object_moved,0.4949,0.0363,0.3527,0.0067,0.2813,0.0094,0.1616,0.0269,0.0663,0.0133,0.1207,0.0267,0.2466,0.0463,0.2126,0.023,0.692,0.0081,0.1945,0.0054,0.3112,0.0393,7
uncertainty_halt,physical_removal_shift,bin_sorting,object_removed,0.4626,0.0252,0.3478,0.007,0.2843,0.0083,0.1769,0.0421,0.0918,0.0317,0.1003,0.0168,0.2126,0.0451,0.2058,0.0287,0.8,0.0095,0.1916,0.0075,0.352,0.0602,7
uncertainty_halt,physical_removal_shift,bin_sorting,substitute_goal_available,0.4575,0.0387,0.3412,0.0152,0.2874,0.0065,0.1361,0.0278,0.0782,0.0133,0.0748,0.0195,0.2619,0.0536,0.2228,0.0511,0.7684,0.0077,0.1942,0.0103,0.3316,0.0535,7
uncertainty_halt,physical_removal_shift,bin_sorting,visual_occlusion,0.5119,0.0216,0.3317,0.0085,0.2771,0.0087,0.0952,0.0306,0.0527,0.0112,0.1735,0.0404,0.2449,0.0463,0.2109,0.04,0.7537,0.0088,0.196,0.0043,0.3112,0.0351,7
uncertainty_halt,physical_removal_shift,drawer_placement,cascading_disappearing_goal,0.3282,0.0407,0.3351,0.0071,0.2804,0.0048,0.2075,0.0381,0.1361,0.0175,0.1548,0.0161,0.2449,0.0578,0.2194,0.0367,0.9049,0.0145,0.1998,0.0063,0.4575,0.0374,7
uncertainty_halt,physical_removal_shift,drawer_placement,goal_specification_changed,0.4422,0.0281,0.3478,0.0091,0.2811,0.0085,0.2041,0.0379,0.0901,0.0209,0.0952,0.0322,0.2228,0.0232,0.1786,0.0279,0.8221,0.0118,0.1966,0.0069,0.3656,0.0366,7
uncertainty_halt,physical_removal_shift,drawer_placement,human_temporary_obstruction,0.5391,0.0466,0.3322,0.0091,0.2716,0.0119,0.0969,0.0187,0.0697,0.0316,0.1633,0.0202,0.2228,0.0333,0.1922,0.0276,0.7563,0.012,0.1947,0.0054,0.2959,0.0537,7
uncertainty_halt,physical_removal_shift,drawer_placement,object_moved,0.4439,0.0232,0.3404,0.0091,0.2667,0.0079,0.1548,0.048,0.068,0.0122,0.1054,0.0156,0.2619,0.0274,0.199,0.0174,0.7112,0.014,0.1958,0.0057,0.3554,0.0691,7
uncertainty_halt,physical_removal_shift,drawer_placement,object_removed,0.4592,0.0506,0.3364,0.0123,0.2822,0.0099,0.1854,0.0313,0.102,0.0243,0.0986,0.034,0.2177,0.0348,0.1837,0.0374,0.844,0.0175,0.1959,0.0065,0.3333,0.0458,7
uncertainty_halt,physical_removal_shift,drawer_placement,substitute_goal_available,0.449,0.0469,0.333,0.0069,0.2731,0.0043,0.1786,0.0388,0.1037,0.0226,0.1088,0.0303,0.2126,0.0316,0.2279,0.0336,0.8041,0.0156,0.1959,0.0074,0.3741,0.0524,7
uncertainty_halt,physical_removal_shift,drawer_placement,visual_occlusion,0.5255,0.0339,0.3336,0.0088,0.2878,0.0059,0.0901,0.019,0.051,0.0122,0.1684,0.0236,0.233,0.0356,0.1956,0.0356,0.7578,0.0131,0.2007,0.0077,0.2823,0.0639,7
uncertainty_halt,physical_removal_shift,mobile_pick_and_place,cascading_disappearing_goal,0.3163,0.0301,0.333,0.0114,0.2758,0.0119,0.1701,0.0422,0.119,0.0216,0.1344,0.0195,0.2619,0.0239,0.165,0.02,0.9162,0.0104,0.1985,0.0039,0.449,0.0449,7
uncertainty_halt,physical_removal_shift,mobile_pick_and_place,goal_specification_changed,0.4337,0.0287,0.3367,0.0072,0.2894,0.006,0.1531,0.0187,0.0986,0.0182,0.1037,0.0202,0.2194,0.0337,0.1854,0.037,0.7935,0.013,0.1954,0.0039,0.3656,0.0431,7
uncertainty_halt,physical_removal_shift,mobile_pick_and_place,human_temporary_obstruction,0.5,0.0381,0.3428,0.01,0.2778,0.0176,0.0884,0.0175,0.0578,0.0276,0.1786,0.0249,0.2415,0.0182,0.2279,0.0518,0.761,0.0164,0.2032,0.0101,0.3282,0.0541,7
uncertainty_halt,physical_removal_shift,mobile_pick_and_place,object_moved,0.483,0.0419,0.3498,0.007,0.2826,0.011,0.148,0.0384,0.0629,0.0132,0.1105,0.0329,0.2381,0.0314,0.2194,0.0441,0.7163,0.0128,0.1955,0.0041,0.3146,0.0658,7
uncertainty_halt,physical_removal_shift,mobile_pick_and_place,object_removed,0.4949,0.0472,0.3529,0.0098,0.2784,0.0123,0.1888,0.0436,0.0952,0.0249,0.0833,0.021,0.2585,0.0434,0.1973,0.0441,0.8318,0.0148,0.1928,0.0086,0.3095,0.0496,7
uncertainty_halt,physical_removal_shift,mobile_pick_and_place,substitute_goal_available,0.4456,0.0341,0.3374,0.0075,0.2726,0.01,0.1582,0.0344,0.0748,0.0202,0.1327,0.0246,0.2194,0.0321,0.165,0.0365,0.8012,0.0137,0.1951,0.0055,0.3588,0.0372,7
uncertainty_halt,physical_removal_shift,mobile_pick_and_place,visual_occlusion,0.4966,0.0639,0.3363,0.01,0.2806,0.0105,0.0731,0.0213,0.0493,0.0213,0.1718,0.0287,0.2568,0.0461,0.2228,0.0363,0.7633,0.0139,0.205,0.0049,0.3248,0.0945,7
uncertainty_halt,physical_removal_shift,shelf_retrieval,cascading_disappearing_goal,0.3929,0.0288,0.3422,0.0137,0.2782,0.0105,0.2058,0.0258,0.0935,0.0164,0.1497,0.0168,0.2466,0.0526,0.1973,0.0413,0.9009,0.0134,0.1973,0.0065,0.4303,0.0482,7
uncertainty_halt,physical_removal_shift,shelf_retrieval,goal_specification_changed,0.4269,0.053,0.33,0.0094,0.2845,0.0092,0.1871,0.0317,0.1003,0.0227,0.0867,0.0291,0.2415,0.022,0.1633,0.0403,0.7923,0.0134,0.1985,0.0065,0.4116,0.0658,7
uncertainty_halt,physical_removal_shift,shelf_retrieval,human_temporary_obstruction,0.5221,0.0336,0.3257,0.0109,0.2814,0.0088,0.1361,0.0363,0.0442,0.0329,0.1446,0.0351,0.2143,0.0292,0.2058,0.0309,0.7622,0.0147,0.198,0.0055,0.3078,0.0187,7
uncertainty_halt,physical_removal_shift,shelf_retrieval,object_moved,0.4983,0.0336,0.34,0.0128,0.2884,0.0145,0.1378,0.0196,0.0578,0.0164,0.1293,0.023,0.2279,0.0328,0.199,0.0474,0.7191,0.0133,0.198,0.0071,0.3401,0.037,7
uncertainty_halt,physical_removal_shift,shelf_retrieval,object_removed,0.449,0.0278,0.3468,0.0069,0.2779,0.0121,0.1718,0.0345,0.1139,0.0243,0.0969,0.0139,0.2194,0.0345,0.233,0.036,0.8181,0.0149,0.1952,0.0051,0.3656,0.038,7
uncertainty_halt,physical_removal_shift,shelf_retrieval,substitute_goal_available,0.4643,0.0255,0.3323,0.0083,0.2813,0.0083,0.1888,0.0285,0.0629,0.0226,0.1054,0.0303,0.2296,0.0383,0.1837,0.0333,0.7929,0.0081,0.1952,0.0077,0.3639,0.0443,7
uncertainty_halt,physical_removal_shift,shelf_retrieval,visual_occlusion,0.534,0.0561,0.3347,0.0143,0.2772,0.0099,0.0884,0.0243,0.0323,0.0098,0.1837,0.0387,0.2636,0.0351,0.2432,0.0325,0.7645,0.0082,0.2021,0.0064,0.2908,0.0636,7
uncertainty_halt,physical_removal_shift,tool_handoff,cascading_disappearing_goal,0.3231,0.0454,0.3377,0.0111,0.2788,0.0081,0.2211,0.037,0.1395,0.0214,0.1293,0.023,0.2704,0.0434,0.1667,0.0391,0.9427,0.014,0.1929,0.0045,0.4558,0.0521,7
uncertainty_halt,physical_removal_shift,tool_handoff,goal_specification_changed,0.4116,0.0133,0.3299,0.0065,0.2811,0.0074,0.165,0.018,0.1003,0.0183,0.0969,0.0246,0.2721,0.0294,0.1837,0.0374,0.8164,0.0191,0.1924,0.0103,0.3844,0.0452,7
uncertainty_halt,physical_removal_shift,tool_handoff,human_temporary_obstruction,0.5136,0.0482,0.3459,0.0142,0.2747,0.0068,0.102,0.0168,0.0799,0.0268,0.1905,0.0338,0.2092,0.0227,0.2279,0.0376,0.7756,0.0083,0.1978,0.005,0.2874,0.0442,7
uncertainty_halt,physical_removal_shift,tool_handoff,object_moved,0.4864,0.0462,0.3417,0.0109,0.2753,0.0093,0.1514,0.0159,0.0544,0.016,0.131,0.0255,0.2466,0.0516,0.2092,0.037,0.7404,0.0122,0.1923,0.0033,0.3214,0.0411,7
uncertainty_halt,physical_removal_shift,tool_handoff,object_removed,0.4065,0.0246,0.3395,0.0109,0.2796,0.009,0.1922,0.0219,0.1088,0.0285,0.1003,0.0133,0.2194,0.041,0.1922,0.0224,0.8589,0.0118,0.1877,0.0095,0.3963,0.0232,7
uncertainty_halt,physical_removal_shift,tool_handoff,substitute_goal_available,0.3997,0.0356,0.3367,0.0134,0.276,0.0126,0.1701,0.0202,0.0782,0.0168,0.1224,0.0232,0.2296,0.0477,0.1956,0.0341,0.8284,0.0136,0.1967,0.0043,0.3878,0.0483,7
uncertainty_halt,physical_removal_shift,tool_handoff,visual_occlusion,0.4745,0.0631,0.3369,0.0059,0.2883,0.0124,0.0918,0.0159,0.0476,0.0135,0.1446,0.0294,0.25,0.0249,0.1854,0.0175,0.7785,0.0145,0.2003,0.0061,0.3384,0.0731,7
