stress_level,method,seed,mean_success,ci95_success,mean_goal_validity_f1,ci95_goal_validity_f1,mean_retarget_precision,ci95_retarget_precision,mean_stale_goal_pursuit,ci95_stale_goal_pursuit,mean_unsafe_reach,ci95_unsafe_reach,mean_false_abandonment,ci95_false_abandonment,mean_reappearance_recovery,ci95_reappearance_recovery,mean_substitute_goal_success,ci95_substitute_goal_success,mean_belief_update_latency,ci95_belief_update_latency,mean_intervention_cost,ci95_intervention_cost,mean_ece,ci95_ece,mean_regret,ci95_regret,mean_utility,ci95_utility,groups
0.1,active_viewpoint_reacquisition,0,0.621528,0.055653,0.491295,0.003254,0.325095,0.00288,0.079861,0.032243,0.052083,0.027778,0.0625,0.026858,0.434028,0.051227,0.267361,0.042105,0.631785,0.012,0.24632,0.001771,0.120763,0.001436,0.335297,0.049612,0.382113,0.065834,48
0.1,active_viewpoint_reacquisition,1,0.659722,0.05234,0.490287,0.003373,0.322989,0.003638,0.097222,0.033458,0.052083,0.024133,0.065972,0.028754,0.413194,0.055865,0.291667,0.056295,0.629047,0.013958,0.245437,0.001702,0.12013,0.001586,0.301207,0.046391,0.413185,0.063758,48
0.1,active_viewpoint_reacquisition,2,0.631944,0.057508,0.48876,0.002756,0.321349,0.003525,0.111111,0.036823,0.034722,0.021658,0.048611,0.025657,0.430556,0.048469,0.340278,0.049555,0.632536,0.012572,0.244594,0.001577,0.120192,0.001412,0.325846,0.05078,0.404354,0.066554,48
0.1,active_viewpoint_reacquisition,3,0.572917,0.059088,0.490086,0.003457,0.321268,0.004306,0.086806,0.040091,0.055556,0.026339,0.09375,0.032121,0.475694,0.06451,0.270833,0.049236,0.625897,0.012841,0.245812,0.00191,0.120859,0.001485,0.377643,0.052637,0.311435,0.075396,48
0.1,active_viewpoint_reacquisition,4,0.645833,0.058053,0.488007,0.003656,0.324337,0.003459,0.086806,0.032243,0.048611,0.023742,0.065972,0.028754,0.447917,0.052519,0.319444,0.056575,0.632327,0.013625,0.247092,0.001455,0.12113,0.001493,0.312901,0.050983,0.407742,0.056378,48
0.1,active_viewpoint_reacquisition,5,0.631944,0.055838,0.487842,0.003761,0.324857,0.002952,0.128472,0.035391,0.076389,0.035013,0.055556,0.028078,0.461806,0.053486,0.277778,0.051772,0.630949,0.011886,0.245323,0.001813,0.120259,0.001563,0.325132,0.049209,0.34071,0.077643,48
0.1,active_viewpoint_reacquisition,6,0.625,0.052828,0.489175,0.002998,0.32262,0.003694,0.111111,0.038086,0.045139,0.027059,0.069444,0.032013,0.465278,0.063749,0.277778,0.046983,0.632133,0.011334,0.244772,0.001709,0.120361,0.001397,0.331158,0.046646,0.370735,0.066993,48
0.1,active_viewpoint_reacquisition,7,0.583333,0.046646,0.489728,0.002979,0.324033,0.003882,0.083333,0.02751,0.038194,0.024296,0.0625,0.030175,0.368056,0.058324,0.309028,0.066673,0.62978,0.012541,0.246707,0.001685,0.120623,0.001316,0.367682,0.041011,0.358951,0.062893,48
0.1,active_viewpoint_reacquisition,8,0.520833,0.069884,0.492237,0.003813,0.323118,0.003362,0.100694,0.031875,0.038194,0.02617,0.055556,0.026339,0.465278,0.056679,0.260417,0.046551,0.632291,0.012519,0.24503,0.001885,0.121671,0.001483,0.424577,0.06206,0.291493,0.082064,48
0.1,active_viewpoint_reacquisition,9,0.59375,0.048541,0.490022,0.003657,0.324071,0.003582,0.107639,0.034374,0.045139,0.02525,0.055556,0.028078,0.4375,0.062752,0.270833,0.050187,0.631501,0.011869,0.243676,0.001857,0.120906,0.001171,0.359983,0.043499,0.351794,0.057515,48
0.1,conformal_goal_validity_filter,0,0.638889,0.061771,0.594064,0.00274,0.453156,0.003194,0.045139,0.027059,0.020833,0.015759,0.041667,0.02281,0.375,0.054589,0.416667,0.057542,0.567503,0.013519,0.21722,0.002168,0.046524,0.001396,0.319027,0.054024,0.502144,0.067132,48
0.1,conformal_goal_validity_filter,1,0.663194,0.05544,0.59289,0.002434,0.451236,0.003282,0.072917,0.029027,0.013889,0.01317,0.052083,0.027778,0.388889,0.054444,0.40625,0.058282,0.571363,0.011719,0.217197,0.002072,0.047492,0.001463,0.298154,0.049142,0.504367,0.055081,48
0.1,conformal_goal_validity_filter,2,0.642361,0.05835,0.592912,0.003399,0.452417,0.003941,0.059028,0.029962,0.006944,0.009522,0.079861,0.029162,0.302083,0.05115,0.461806,0.057739,0.572315,0.011407,0.216881,0.001949,0.047413,0.001452,0.31614,0.051632,0.48212,0.066287,48
0.1,conformal_goal_validity_filter,3,0.597222,0.048469,0.595121,0.003156,0.45218,0.003321,0.038194,0.024296,0.006944,0.009522,0.059028,0.024778,0.392361,0.052818,0.440972,0.059553,0.569107,0.012114,0.218861,0.001868,0.045514,0.001376,0.355033,0.042297,0.469211,0.057343,48
0.1,conformal_goal_validity_filter,4,0.666667,0.060741,0.592904,0.002855,0.453806,0.00334,0.052083,0.024133,0.010417,0.011534,0.052083,0.022086,0.357639,0.048622,0.427083,0.052293,0.572081,0.012245,0.217458,0.001912,0.047838,0.00135,0.294934,0.053863,0.526502,0.066217,48
0.1,conformal_goal_validity_filter,5,0.65625,0.058687,0.5914,0.002491,0.451508,0.003264,0.072917,0.030613,0.020833,0.015759,0.0625,0.028565,0.454861,0.06578,0.430556,0.067269,0.566512,0.011959,0.218142,0.002003,0.047725,0.001331,0.304302,0.052044,0.490707,0.072112,48
0.1,conformal_goal_validity_filter,6,0.638889,0.049912,0.593037,0.003281,0.454526,0.003312,0.076389,0.036339,0.017361,0.017506,0.020833,0.015759,0.319444,0.057405,0.461806,0.049823,0.56732,0.011984,0.218129,0.001795,0.046193,0.001514,0.319168,0.044223,0.496123,0.059801,48
0.1,conformal_goal_validity_filter,7,0.607639,0.057943,0.592858,0.002795,0.452868,0.003829,0.038194,0.020027,0.010417,0.011534,0.0625,0.026858,0.409722,0.060709,0.479167,0.054697,0.568572,0.012411,0.216452,0.001686,0.047301,0.001251,0.346476,0.051123,0.477576,0.061113,48
0.1,conformal_goal_validity_filter,8,0.625,0.061129,0.590238,0.002892,0.452318,0.002965,0.038194,0.020027,0.013889,0.01317,0.055556,0.028078,0.409722,0.056679,0.399306,0.059752,0.569873,0.012325,0.218786,0.002004,0.04808,0.001644,0.331903,0.053961,0.490336,0.066618,48
0.1,conformal_goal_validity_filter,9,0.614583,0.056844,0.593923,0.003046,0.451412,0.003715,0.038194,0.022264,0.024306,0.016817,0.034722,0.019351,0.402778,0.054008,0.378472,0.050295,0.568851,0.012594,0.218139,0.001757,0.04731,0.001523,0.340394,0.049996,0.481992,0.062211,48
0.1,failure_aware_manipulation_policy,0,0.614583,0.052519,0.546316,0.002597,0.467386,0.003147,0.059028,0.026618,0.027778,0.022462,0.041667,0.02281,0.46875,0.047307,0.472222,0.061771,0.597962,0.01182,0.225465,0.001759,0.095343,0.001639,0.340613,0.046337,0.452661,0.060453,48
0.1,failure_aware_manipulation_policy,1,0.697917,0.046296,0.54909,0.003219,0.468048,0.003477,0.048611,0.027439,0.027778,0.024477,0.034722,0.025657,0.357639,0.06451,0.434028,0.058147,0.598999,0.012079,0.226524,0.001943,0.094801,0.001512,0.267048,0.040857,0.538156,0.063105,48
0.1,failure_aware_manipulation_policy,2,0.628472,0.053486,0.544312,0.002862,0.466835,0.003543,0.0625,0.025035,0.013889,0.01317,0.069444,0.033458,0.423611,0.055838,0.493056,0.051429,0.598342,0.012179,0.226011,0.002175,0.094823,0.001437,0.328884,0.047575,0.462075,0.064521,48
0.1,failure_aware_manipulation_policy,3,0.638889,0.061,0.548959,0.003564,0.46557,0.003039,0.034722,0.019351,0.034722,0.019351,0.072917,0.036271,0.333333,0.051467,0.395833,0.046264,0.594465,0.012176,0.225809,0.001931,0.097364,0.001313,0.318679,0.053703,0.46378,0.069607,48
0.1,failure_aware_manipulation_policy,4,0.600694,0.053926,0.547581,0.002715,0.467997,0.003603,0.083333,0.030757,0.020833,0.015759,0.059028,0.026618,0.409722,0.067357,0.423611,0.069432,0.601439,0.012422,0.22537,0.001496,0.096575,0.00141,0.353673,0.048113,0.411723,0.060186,48
0.1,failure_aware_manipulation_policy,5,0.604167,0.0564,0.547541,0.002452,0.465604,0.004374,0.065972,0.028754,0.024306,0.019427,0.055556,0.028078,0.465278,0.066651,0.454861,0.06578,0.593836,0.012301,0.225709,0.001807,0.094531,0.001437,0.34963,0.049559,0.433216,0.066424,48
0.1,failure_aware_manipulation_policy,6,0.625,0.051925,0.547109,0.00355,0.467059,0.004141,0.055556,0.024477,0.024306,0.016817,0.034722,0.021658,0.395833,0.048266,0.444444,0.055306,0.597131,0.012629,0.225442,0.002033,0.096854,0.001589,0.331309,0.046204,0.471902,0.06424,48
0.1,failure_aware_manipulation_policy,7,0.638889,0.057815,0.54731,0.002883,0.463155,0.004335,0.055556,0.028078,0.020833,0.018518,0.041667,0.02281,0.413194,0.068077,0.413194,0.055012,0.59744,0.011826,0.226541,0.001708,0.096282,0.001637,0.318845,0.050838,0.479831,0.060301,48
0.1,failure_aware_manipulation_policy,8,0.645833,0.058053,0.546817,0.003631,0.466171,0.003828,0.052083,0.027778,0.020833,0.015759,0.055556,0.029715,0.434028,0.057327,0.399306,0.059752,0.600661,0.011672,0.223353,0.001846,0.096652,0.001243,0.313621,0.051283,0.483147,0.064818,48
0.1,failure_aware_manipulation_policy,9,0.659722,0.056679,0.549497,0.00308,0.46684,0.003392,0.045139,0.02525,0.041667,0.02281,0.034722,0.021658,0.361111,0.063284,0.427083,0.057465,0.600032,0.012491,0.226568,0.002308,0.096705,0.001589,0.300523,0.049763,0.492531,0.065234,48
0.1,goal_retargeting_heuristic,0,0.552083,0.06008,0.461041,0.003262,0.473541,0.003002,0.072917,0.030613,0.038194,0.022264,0.076389,0.032198,0.357639,0.060733,0.40625,0.062964,0.6654,0.010826,0.218434,0.001948,0.113778,0.001277,0.396043,0.052879,0.336242,0.069369,48
0.1,goal_retargeting_heuristic,1,0.635417,0.053853,0.461364,0.003517,0.475065,0.003509,0.052083,0.024133,0.027778,0.020247,0.072917,0.032121,0.350694,0.055226,0.461806,0.059354,0.671649,0.011513,0.218848,0.002213,0.114745,0.001351,0.322956,0.047684,0.446248,0.058875,48
0.1,goal_retargeting_heuristic,2,0.614583,0.052519,0.460023,0.003079,0.471895,0.003287,0.0625,0.028565,0.020833,0.015759,0.072917,0.027349,0.340278,0.054985,0.444444,0.049912,0.66888,0.012715,0.21943,0.001891,0.114609,0.001445,0.341539,0.046729,0.423917,0.06082,48
0.1,goal_retargeting_heuristic,3,0.559028,0.057943,0.460251,0.003134,0.470507,0.003218,0.045139,0.02525,0.027778,0.017758,0.069444,0.028908,0.333333,0.055021,0.430556,0.064395,0.670645,0.012335,0.218303,0.001984,0.115129,0.001631,0.390647,0.051949,0.376672,0.063066,48
0.1,goal_retargeting_heuristic,4,0.65625,0.057875,0.460663,0.003869,0.471818,0.003731,0.069444,0.0305,0.041667,0.02281,0.059028,0.029962,0.354167,0.058863,0.413194,0.062271,0.668992,0.012461,0.221743,0.00211,0.114593,0.001303,0.304278,0.051417,0.44575,0.066338,48
0.1,goal_retargeting_heuristic,5,0.604167,0.058053,0.461904,0.003987,0.472248,0.003143,0.076389,0.032198,0.034722,0.019351,0.090278,0.045577,0.371528,0.050763,0.409722,0.070781,0.66571,0.012226,0.219108,0.001773,0.113606,0.001163,0.349739,0.051021,0.386595,0.075504,48
0.1,goal_retargeting_heuristic,6,0.642361,0.059949,0.461025,0.003133,0.472935,0.003166,0.09375,0.038791,0.027778,0.020247,0.104167,0.035902,0.329861,0.05006,0.454861,0.061314,0.668598,0.013578,0.219716,0.00224,0.114115,0.001375,0.315421,0.052642,0.408493,0.072449,48
0.1,goal_retargeting_heuristic,7,0.659722,0.062247,0.460327,0.002377,0.468914,0.003144,0.045139,0.023302,0.034722,0.019351,0.090278,0.033635,0.357639,0.053264,0.427083,0.059883,0.667995,0.013278,0.217455,0.001756,0.113819,0.001408,0.300411,0.054917,0.462943,0.074934,48
0.1,goal_retargeting_heuristic,8,0.611111,0.047979,0.462698,0.002516,0.472099,0.00388,0.072917,0.030613,0.024306,0.016817,0.038194,0.020027,0.305556,0.045965,0.4375,0.060448,0.668875,0.012904,0.21819,0.001717,0.114366,0.001694,0.344916,0.042518,0.428796,0.057776,48
0.1,goal_retargeting_heuristic,9,0.590278,0.057508,0.459482,0.002987,0.473125,0.00326,0.059028,0.026618,0.038194,0.020027,0.069444,0.032013,0.34375,0.051839,0.444444,0.053569,0.67155,0.011734,0.218855,0.001748,0.114372,0.00141,0.362561,0.05104,0.385587,0.06151,48
0.1,learned_goal_state_classifier,0,0.680556,0.057405,0.614875,0.002922,0.475876,0.003017,0.076389,0.032198,0.017361,0.014556,0.055556,0.029715,0.378472,0.054796,0.413194,0.066673,0.554696,0.011673,0.214687,0.001896,0.078735,0.001655,0.282255,0.050483,0.509527,0.066039,48
0.1,learned_goal_state_classifier,1,0.642361,0.055012,0.61121,0.003312,0.474543,0.003645,0.065972,0.028754,0.010417,0.011534,0.09375,0.036271,0.388889,0.055306,0.461806,0.064693,0.553495,0.013944,0.213833,0.001782,0.077209,0.001407,0.316336,0.048496,0.46677,0.062254,48
0.1,learned_goal_state_classifier,2,0.659722,0.061483,0.614153,0.003262,0.47472,0.003393,0.038194,0.020027,0.027778,0.017758,0.052083,0.026019,0.402778,0.057405,0.475694,0.062271,0.549246,0.013704,0.215549,0.001654,0.078596,0.001515,0.300891,0.054213,0.512716,0.078168,48
0.1,learned_goal_state_classifier,3,0.677083,0.050918,0.615254,0.003109,0.475508,0.003,0.072917,0.030613,0.027778,0.020247,0.065972,0.02525,0.378472,0.058955,0.409722,0.058324,0.553948,0.011772,0.21303,0.0019,0.077584,0.001371,0.285057,0.044697,0.491799,0.062422,48
0.1,learned_goal_state_classifier,4,0.649306,0.056913,0.61355,0.003143,0.473564,0.004154,0.027778,0.017758,0.024306,0.021726,0.048611,0.025657,0.413194,0.05835,0.4375,0.058053,0.549549,0.012059,0.21451,0.002038,0.07797,0.001577,0.310022,0.04999,0.514215,0.05589,48
0.1,learned_goal_state_classifier,5,0.673611,0.049555,0.614958,0.002984,0.470848,0.003033,0.065972,0.031875,0.027778,0.020247,0.052083,0.024133,0.461806,0.051687,0.444444,0.065488,0.553276,0.012602,0.21448,0.001824,0.078026,0.0014,0.288484,0.043841,0.507725,0.06473,48
0.1,learned_goal_state_classifier,6,0.638889,0.056155,0.612662,0.002888,0.4746,0.002692,0.065972,0.027059,0.03125,0.020988,0.055556,0.024477,0.461806,0.056913,0.434028,0.060538,0.550802,0.012868,0.213879,0.001877,0.07757,0.001571,0.318359,0.049471,0.46832,0.059449,48
0.1,learned_goal_state_classifier,7,0.694444,0.044924,0.611466,0.00254,0.474333,0.003101,0.045139,0.02525,0.024306,0.019427,0.024306,0.016817,0.420139,0.055865,0.430556,0.057405,0.551143,0.012698,0.213559,0.0018,0.076867,0.001385,0.270257,0.039909,0.560351,0.055645,48
0.1,learned_goal_state_classifier,8,0.607639,0.058754,0.612163,0.002663,0.476381,0.00307,0.065972,0.027059,0.017361,0.014556,0.048611,0.025657,0.402778,0.059826,0.392361,0.052818,0.551986,0.012134,0.213627,0.002009,0.077037,0.001463,0.348276,0.052131,0.449577,0.073489,48
0.1,learned_goal_state_classifier,9,0.652778,0.062152,0.612141,0.002929,0.478625,0.00374,0.03125,0.018598,0.024306,0.016817,0.055556,0.026339,0.420139,0.056705,0.423611,0.050501,0.550426,0.012902,0.215897,0.002046,0.078506,0.001667,0.306866,0.055014,0.511097,0.064469,48
0.1,oracle_goal_state_supervisor,0,0.888889,0.036823,0.851827,0.002958,0.696158,0.0032,0.0,0.0,0.0,0.0,0.0,0.0,0.704861,0.045868,0.645833,0.04523,0.353805,0.011402,0.274361,0.002105,0.001547,0.000303,0.0,0.0,0.859248,0.037507,48
0.1,oracle_goal_state_supervisor,1,0.899306,0.037342,0.855601,0.00265,0.701797,0.003315,0.0,0.0,0.0,0.0,0.0,0.0,0.625,0.06035,0.670139,0.040676,0.355823,0.011862,0.275096,0.001992,0.001797,0.000304,0.0,0.0,0.86574,0.03632,48
0.1,oracle_goal_state_supervisor,2,0.881944,0.033635,0.85573,0.003116,0.700731,0.003126,0.0,0.0,0.0,0.0,0.0,0.0,0.631944,0.055838,0.659722,0.059924,0.350441,0.012293,0.275488,0.001902,0.001646,0.00029,0.0,0.0,0.848827,0.033498,48
0.1,oracle_goal_state_supervisor,3,0.888889,0.036823,0.85506,0.003313,0.697716,0.002802,0.0,0.0,0.0,0.0,0.0,0.0,0.607639,0.051915,0.715278,0.054985,0.353794,0.011715,0.275519,0.001958,0.001801,0.000504,0.0,0.0,0.856471,0.037054,48
0.1,oracle_goal_state_supervisor,4,0.833333,0.047649,0.853535,0.003136,0.702159,0.002699,0.0,0.0,0.0,0.0,0.0,0.0,0.635417,0.054724,0.666667,0.062279,0.359076,0.011751,0.275583,0.001651,0.001927,0.000367,0.0,0.0,0.800195,0.048042,48
0.1,oracle_goal_state_supervisor,5,0.913194,0.037657,0.856329,0.003026,0.701715,0.003434,0.0,0.0,0.0,0.0,0.0,0.0,0.631944,0.057508,0.649306,0.047886,0.357062,0.012898,0.276916,0.001915,0.001579,0.000267,0.0,0.0,0.878637,0.037285,48
0.1,oracle_goal_state_supervisor,6,0.868056,0.036339,0.85258,0.003124,0.702955,0.003592,0.0,0.0,0.0,0.0,0.0,0.0,0.659722,0.045577,0.600694,0.060538,0.353143,0.011378,0.276527,0.001484,0.001718,0.000353,0.0,0.0,0.833727,0.036235,48
0.1,oracle_goal_state_supervisor,7,0.899306,0.036053,0.855846,0.00297,0.700266,0.002833,0.0,0.0,0.0,0.0,0.0,0.0,0.65625,0.052744,0.645833,0.048266,0.352434,0.012621,0.276297,0.001645,0.001728,0.00024,0.0,0.0,0.866747,0.035725,48
0.1,oracle_goal_state_supervisor,8,0.888889,0.036823,0.85347,0.003045,0.699267,0.002704,0.0,0.0,0.0,0.0,0.0,0.0,0.652778,0.051314,0.652778,0.059826,0.355555,0.012458,0.274112,0.001646,0.001602,0.000271,0.0,0.0,0.856524,0.037263,48
0.1,oracle_goal_state_supervisor,9,0.909722,0.033635,0.853652,0.003168,0.700345,0.003617,0.0,0.0,0.0,0.0,0.0,0.0,0.625,0.055449,0.666667,0.056714,0.35459,0.013225,0.275188,0.001954,0.00192,0.00035,0.0,0.0,0.87609,0.034532,48
0.1,pomdp_belief_planner,0,0.579861,0.063772,0.551039,0.003196,0.415643,0.003113,0.065972,0.027059,0.017361,0.014556,0.052083,0.024133,0.368056,0.050501,0.434028,0.049346,0.595465,0.012713,0.225264,0.001925,0.099562,0.001221,0.371336,0.056135,0.408075,0.074192,48
0.1,pomdp_belief_planner,1,0.635417,0.064265,0.550873,0.003366,0.418756,0.004122,0.083333,0.02751,0.034722,0.025657,0.090278,0.037618,0.371528,0.043757,0.399306,0.043213,0.593036,0.012143,0.225498,0.002016,0.101018,0.001654,0.322339,0.056617,0.410093,0.079026,48
0.1,pomdp_belief_planner,2,0.604167,0.048266,0.54897,0.003666,0.418056,0.00347,0.065972,0.02525,0.027778,0.020247,0.045139,0.028754,0.409722,0.062247,0.375,0.049116,0.590301,0.012119,0.22627,0.001987,0.099866,0.001548,0.350395,0.042809,0.426599,0.054178,48
0.1,pomdp_belief_planner,3,0.618056,0.054118,0.550575,0.003193,0.418071,0.003889,0.09375,0.036271,0.034722,0.019351,0.055556,0.026339,0.416667,0.056714,0.381944,0.064487,0.591095,0.012765,0.222799,0.002201,0.099633,0.001365,0.337771,0.048012,0.412606,0.070763,48
0.1,pomdp_belief_planner,4,0.631944,0.049555,0.552754,0.002727,0.41981,0.003207,0.0625,0.026858,0.034722,0.019351,0.059028,0.024778,0.402778,0.059826,0.399306,0.046381,0.590306,0.012379,0.224719,0.002106,0.098791,0.001565,0.325265,0.043795,0.444477,0.058998,48
0.1,pomdp_belief_planner,5,0.579861,0.054145,0.552858,0.003315,0.416813,0.003778,0.072917,0.029027,0.024306,0.016817,0.059028,0.026618,0.402778,0.053125,0.378472,0.058955,0.592963,0.013233,0.225504,0.001983,0.099191,0.001344,0.37157,0.047865,0.393744,0.0669,48
0.1,pomdp_belief_planner,6,0.614583,0.060863,0.550758,0.002575,0.417073,0.003897,0.069444,0.028908,0.024306,0.016817,0.076389,0.033635,0.430556,0.052227,0.350694,0.060146,0.588742,0.011597,0.225368,0.001859,0.098669,0.001408,0.339554,0.053281,0.423077,0.080475,48
0.1,pomdp_belief_planner,7,0.583333,0.071474,0.553506,0.002858,0.419661,0.004191,0.097222,0.03746,0.027778,0.017758,0.059028,0.026618,0.416667,0.053273,0.340278,0.05234,0.592579,0.012556,0.225009,0.001522,0.099629,0.001765,0.368436,0.063456,0.374087,0.075427,48
0.1,pomdp_belief_planner,8,0.638889,0.049912,0.554671,0.003469,0.418605,0.003479,0.086806,0.030741,0.041667,0.02281,0.052083,0.027778,0.392361,0.049106,0.333333,0.065967,0.59409,0.012241,0.223807,0.001581,0.098951,0.001736,0.320081,0.044084,0.425762,0.065426,48
0.1,pomdp_belief_planner,9,0.666667,0.055021,0.552653,0.003469,0.417296,0.003746,0.048611,0.029111,0.020833,0.015759,0.069444,0.028908,0.493056,0.057508,0.395833,0.0564,0.592726,0.012257,0.224872,0.002064,0.099197,0.001278,0.295139,0.048963,0.499829,0.061398,48
0.1,risk_budgeted_goal_recovery,0,0.715278,0.053236,0.601411,0.002792,0.493573,0.003286,0.024306,0.016817,0.013889,0.01317,0.027778,0.020247,0.489583,0.062587,0.475694,0.059949,0.565121,0.012461,0.241551,0.001961,0.057814,0.001513,0.251335,0.046608,0.607717,0.058591,48
0.1,risk_budgeted_goal_recovery,1,0.704861,0.052594,0.597361,0.003506,0.495517,0.003714,0.034722,0.021658,0.006944,0.009522,0.052083,0.026019,0.447917,0.06008,0.4375,0.055555,0.55866,0.01224,0.245085,0.001741,0.058568,0.001257,0.260859,0.046465,0.579257,0.05388,48
0.1,risk_budgeted_goal_recovery,2,0.690972,0.054145,0.599829,0.003607,0.491446,0.003761,0.034722,0.019351,0.006944,0.009522,0.052083,0.026019,0.392361,0.053706,0.40625,0.05319,0.558899,0.012524,0.243998,0.001848,0.058271,0.001519,0.2739,0.048142,0.558042,0.060257,48
0.1,risk_budgeted_goal_recovery,3,0.708333,0.04715,0.59984,0.002757,0.493922,0.003135,0.048611,0.025657,0.013889,0.01317,0.034722,0.021658,0.4375,0.050187,0.458333,0.06415,0.555854,0.012319,0.243529,0.001967,0.057315,0.001355,0.257686,0.041568,0.577552,0.054449,48
0.1,risk_budgeted_goal_recovery,4,0.71875,0.056844,0.599285,0.002414,0.490471,0.003666,0.048611,0.023742,0.006944,0.009522,0.041667,0.02281,0.465278,0.061483,0.496528,0.050996,0.560103,0.012158,0.243483,0.001534,0.05725,0.001622,0.24838,0.050054,0.590988,0.062518,48
0.1,risk_budgeted_goal_recovery,5,0.722222,0.046983,0.597305,0.002943,0.490533,0.00319,0.03125,0.020988,0.017361,0.017506,0.03125,0.018598,0.409722,0.055838,0.465278,0.058324,0.558026,0.012042,0.243692,0.001926,0.058234,0.001449,0.24569,0.041705,0.598078,0.050291,48
0.1,risk_budgeted_goal_recovery,6,0.659722,0.072758,0.598376,0.003389,0.493715,0.003473,0.045139,0.021175,0.006944,0.009522,0.0625,0.025035,0.427083,0.057465,0.517361,0.060146,0.560646,0.01233,0.24387,0.001831,0.05853,0.00134,0.299965,0.064007,0.52181,0.075105,48
0.1,risk_budgeted_goal_recovery,7,0.704861,0.053486,0.596881,0.003664,0.49588,0.002779,0.027778,0.017758,0.006944,0.009522,0.055556,0.026339,0.4375,0.063501,0.475694,0.061507,0.557762,0.011555,0.244256,0.001667,0.057907,0.001462,0.260831,0.04739,0.581037,0.056142,48
0.1,risk_budgeted_goal_recovery,8,0.652778,0.054008,0.59716,0.0028,0.492888,0.003735,0.048611,0.027439,0.010417,0.015088,0.038194,0.022264,0.423611,0.05913,0.454861,0.063587,0.557313,0.011936,0.242139,0.001978,0.05763,0.001136,0.307368,0.047608,0.520193,0.068505,48
0.1,risk_budgeted_goal_recovery,9,0.628472,0.059354,0.600603,0.003484,0.494629,0.003425,0.052083,0.027778,0.006944,0.009522,0.034722,0.023742,0.416667,0.060741,0.434028,0.066496,0.558071,0.011802,0.242824,0.001936,0.057322,0.001455,0.328142,0.052119,0.497979,0.071741,48
0.1,risk_calibrated_goal_belief_revision_v5,0,0.815972,0.046888,0.790005,0.003325,0.643226,0.003604,0.0,0.0,0.0,0.0,0.0,0.0,0.600694,0.056496,0.638889,0.058628,0.406672,0.011303,0.272138,0.002009,0.010271,0.001389,0.16244,0.041245,0.777642,0.047053,48
0.1,risk_calibrated_goal_belief_revision_v5,1,0.809028,0.046635,0.788417,0.003258,0.647788,0.00372,0.0,0.0,0.0,0.0,0.0,0.0,0.583333,0.057542,0.638889,0.056155,0.405752,0.011991,0.273053,0.001805,0.010643,0.001165,0.168895,0.041225,0.769551,0.046813,48
0.1,risk_calibrated_goal_belief_revision_v5,2,0.802083,0.045263,0.7896,0.003086,0.646654,0.003004,0.003472,0.006806,0.0,0.0,0.0,0.0,0.583333,0.053273,0.565972,0.051227,0.402295,0.010822,0.271366,0.001779,0.010045,0.00147,0.175085,0.039894,0.757836,0.045344,48
0.1,risk_calibrated_goal_belief_revision_v5,3,0.802083,0.039695,0.788988,0.002287,0.644931,0.003145,0.003472,0.006806,0.0,0.0,0.003472,0.006806,0.614583,0.06008,0.572917,0.056636,0.407339,0.011887,0.274171,0.002001,0.010375,0.001422,0.175208,0.035375,0.75676,0.039853,48
0.1,risk_calibrated_goal_belief_revision_v5,4,0.826389,0.043452,0.789558,0.002821,0.646176,0.003506,0.003472,0.006806,0.0,0.0,0.003472,0.006806,0.548611,0.056679,0.631944,0.050501,0.406331,0.012282,0.273476,0.002168,0.010499,0.001589,0.152952,0.038001,0.780118,0.042744,48
0.1,risk_calibrated_goal_belief_revision_v5,5,0.78125,0.048784,0.787245,0.002782,0.645099,0.003726,0.0,0.0,0.003472,0.006806,0.003472,0.006806,0.604167,0.050187,0.579861,0.063772,0.405936,0.011962,0.271575,0.001547,0.009926,0.001406,0.193602,0.043164,0.735092,0.049421,48
0.1,risk_calibrated_goal_belief_revision_v5,6,0.784722,0.046604,0.790618,0.002511,0.641895,0.00364,0.0,0.0,0.0,0.0,0.0,0.0,0.611111,0.061,0.607639,0.060342,0.401724,0.012973,0.27228,0.001739,0.010707,0.001692,0.19051,0.041414,0.74566,0.046946,48
0.1,risk_calibrated_goal_belief_revision_v5,7,0.791667,0.048143,0.789066,0.003002,0.645116,0.003033,0.006944,0.009522,0.0,0.0,0.003472,0.006806,0.559028,0.053706,0.538194,0.061699,0.406796,0.012263,0.271918,0.001787,0.01034,0.001457,0.18366,0.042485,0.739522,0.049013,48
0.1,risk_calibrated_goal_belief_revision_v5,8,0.815972,0.048864,0.790769,0.002995,0.646164,0.003393,0.003472,0.006806,0.0,0.0,0.0,0.0,0.586806,0.053264,0.586806,0.066673,0.404158,0.012292,0.272323,0.001555,0.010286,0.001231,0.163067,0.043232,0.772159,0.049547,48
0.1,risk_calibrated_goal_belief_revision_v5,9,0.822917,0.040579,0.789954,0.00295,0.646186,0.002968,0.0,0.0,0.0,0.0,0.0,0.0,0.569444,0.052227,0.576389,0.063749,0.404543,0.011484,0.271949,0.00176,0.010473,0.001358,0.156627,0.03592,0.780272,0.039952,48
0.1,robust_mpc_replan,0,0.597222,0.053125,0.515866,0.002506,0.461921,0.003297,0.041667,0.02281,0.03125,0.023132,0.055556,0.024477,0.392361,0.056287,0.416667,0.061515,0.625753,0.013419,0.23664,0.001996,0.090397,0.001469,0.356958,0.047403,0.43133,0.068789,48
0.1,robust_mpc_replan,1,0.6875,0.060448,0.517267,0.002779,0.464009,0.003349,0.052083,0.026019,0.024306,0.019427,0.055556,0.022462,0.375,0.056295,0.475694,0.046635,0.62427,0.012464,0.236152,0.001872,0.093999,0.001682,0.27705,0.053651,0.515972,0.066427,48
0.1,robust_mpc_replan,2,0.635417,0.052967,0.514252,0.002911,0.463535,0.003742,0.0625,0.026858,0.03125,0.023132,0.086806,0.030741,0.371528,0.049823,0.413194,0.051457,0.626892,0.011261,0.234944,0.002482,0.090522,0.001746,0.322258,0.046449,0.428337,0.056913,48
0.1,robust_mpc_replan,3,0.652778,0.054008,0.518358,0.002528,0.46147,0.004138,0.065972,0.02525,0.010417,0.011534,0.045139,0.023302,0.420139,0.055865,0.388889,0.059429,0.620329,0.011298,0.235457,0.001884,0.091841,0.001478,0.306747,0.047836,0.492822,0.060365,48
0.1,robust_mpc_replan,4,0.631944,0.060709,0.514302,0.002995,0.461367,0.003389,0.034722,0.021658,0.024306,0.016817,0.072917,0.030613,0.392361,0.061121,0.489583,0.058687,0.628608,0.013033,0.235246,0.001798,0.090601,0.001384,0.325522,0.053608,0.465015,0.067433,48
0.1,robust_mpc_replan,5,0.611111,0.057815,0.517337,0.003365,0.465014,0.003459,0.083333,0.035069,0.006944,0.009522,0.069444,0.028908,0.416667,0.060741,0.4375,0.055555,0.626956,0.01258,0.236606,0.002273,0.092307,0.001527,0.344255,0.051222,0.428669,0.066993,48
0.1,robust_mpc_replan,6,0.611111,0.066917,0.516699,0.003283,0.462011,0.003389,0.038194,0.022264,0.010417,0.011534,0.069444,0.0305,0.416667,0.06378,0.451389,0.058324,0.630341,0.012716,0.235063,0.001779,0.090613,0.001315,0.34314,0.058977,0.458755,0.074958,48
0.1,robust_mpc_replan,7,0.722222,0.051772,0.516578,0.002583,0.463244,0.004105,0.059028,0.026618,0.020833,0.015759,0.041667,0.02281,0.427083,0.045523,0.458333,0.06035,0.621214,0.013473,0.236518,0.002095,0.091128,0.001372,0.244787,0.045521,0.559934,0.063235,48
0.1,robust_mpc_replan,8,0.631944,0.050501,0.514062,0.003463,0.46238,0.003729,0.0625,0.030175,0.010417,0.011534,0.09375,0.030613,0.458333,0.061129,0.482639,0.054363,0.627183,0.011615,0.236624,0.002102,0.090607,0.001358,0.326128,0.044568,0.451768,0.0574,48
0.1,robust_mpc_replan,9,0.690972,0.054145,0.515993,0.003213,0.462223,0.002975,0.052083,0.029431,0.010417,0.011534,0.072917,0.030613,0.368056,0.05234,0.454861,0.054796,0.626627,0.012692,0.236399,0.00223,0.090845,0.001592,0.273259,0.048223,0.523254,0.054661,48
0.2,active_viewpoint_reacquisition,0,0.604167,0.051121,0.477159,0.002824,0.316905,0.003523,0.090278,0.032198,0.027778,0.017758,0.055556,0.028078,0.4375,0.052939,0.236111,0.054008,0.650491,0.013845,0.246218,0.001639,0.12515,0.001534,0.348934,0.045015,0.385466,0.061295,48
0.2,active_viewpoint_reacquisition,1,0.5625,0.0564,0.474471,0.003661,0.314866,0.003221,0.083333,0.033693,0.027778,0.020247,0.024306,0.016817,0.434028,0.049346,0.243056,0.05234,0.656264,0.013992,0.245765,0.00205,0.125457,0.001517,0.384791,0.049422,0.365678,0.068916,48
0.2,active_viewpoint_reacquisition,2,0.611111,0.053569,0.476559,0.003146,0.316838,0.004051,0.121528,0.036053,0.052083,0.026019,0.069444,0.0305,0.364583,0.038485,0.319444,0.054877,0.649941,0.012524,0.245867,0.00175,0.124756,0.001467,0.343126,0.047085,0.341346,0.064274,48
0.2,active_viewpoint_reacquisition,3,0.607639,0.056287,0.473643,0.003178,0.316811,0.003147,0.097222,0.036175,0.065972,0.033325,0.052083,0.022086,0.395833,0.060448,0.263889,0.047483,0.656377,0.013231,0.246187,0.001731,0.125738,0.001222,0.346958,0.050084,0.344645,0.081625,48
0.2,active_viewpoint_reacquisition,4,0.552083,0.05429,0.476724,0.00327,0.315615,0.003828,0.131944,0.036339,0.041667,0.024797,0.0625,0.031704,0.440972,0.067027,0.270833,0.046264,0.657647,0.013255,0.247322,0.001513,0.124316,0.001541,0.395367,0.047523,0.288484,0.06978,48
0.2,active_viewpoint_reacquisition,5,0.597222,0.056575,0.47645,0.003394,0.317339,0.00302,0.09375,0.032121,0.065972,0.027059,0.048611,0.023742,0.416667,0.056714,0.263889,0.039906,0.654291,0.01271,0.245639,0.002239,0.125239,0.001431,0.355544,0.049769,0.347211,0.070492,48
0.2,active_viewpoint_reacquisition,6,0.538194,0.062461,0.476346,0.002984,0.316246,0.003729,0.114583,0.037866,0.065972,0.028754,0.072917,0.033561,0.420139,0.068077,0.256944,0.045577,0.653719,0.012821,0.245788,0.001847,0.124381,0.001458,0.406481,0.055027,0.254434,0.072595,48
0.2,active_viewpoint_reacquisition,7,0.590278,0.055838,0.47757,0.002897,0.316538,0.002909,0.090278,0.032198,0.055556,0.024477,0.055556,0.022462,0.423611,0.054985,0.368056,0.05234,0.655705,0.012505,0.245407,0.002045,0.124523,0.001607,0.361664,0.04945,0.351861,0.061927,48
0.2,active_viewpoint_reacquisition,8,0.586806,0.057533,0.475384,0.002672,0.314305,0.003802,0.100694,0.034716,0.027778,0.017758,0.072917,0.032121,0.399306,0.059752,0.309028,0.05053,0.655197,0.011908,0.246976,0.001853,0.123884,0.001351,0.364018,0.05065,0.352,0.067098,48
0.2,active_viewpoint_reacquisition,9,0.659722,0.054985,0.475193,0.003444,0.31516,0.003794,0.121528,0.04535,0.048611,0.023742,0.097222,0.032013,0.423611,0.047608,0.3125,0.052038,0.652458,0.01436,0.245322,0.001839,0.124888,0.001666,0.299845,0.048518,0.379519,0.071917,48
0.2,conformal_goal_validity_filter,0,0.638889,0.050851,0.58013,0.002813,0.447193,0.003238,0.055556,0.026339,0.010417,0.011534,0.0625,0.026858,0.392361,0.05458,0.427083,0.048541,0.593166,0.012503,0.217509,0.001715,0.051228,0.001504,0.318723,0.045133,0.490116,0.059385,48
0.2,conformal_goal_validity_filter,1,0.631944,0.053236,0.578543,0.002846,0.444892,0.003278,0.065972,0.02525,0.027778,0.017758,0.034722,0.019351,0.388889,0.061771,0.385417,0.060863,0.595514,0.013017,0.218175,0.001792,0.051406,0.00156,0.323856,0.046903,0.471477,0.059427,48
0.2,conformal_goal_validity_filter,2,0.652778,0.054008,0.581522,0.003568,0.444412,0.003834,0.069444,0.028908,0.027778,0.017758,0.059028,0.024778,0.388889,0.061,0.416667,0.046646,0.594611,0.012186,0.218321,0.001901,0.051487,0.001478,0.306887,0.047918,0.481759,0.062874,48
0.2,conformal_goal_validity_filter,3,0.649306,0.048864,0.579782,0.002986,0.442378,0.004057,0.076389,0.032198,0.034722,0.019351,0.041667,0.02281,0.375,0.057951,0.364583,0.054724,0.588818,0.012836,0.219486,0.001732,0.050979,0.00144,0.309653,0.042909,0.467774,0.061476,48
0.2,conformal_goal_validity_filter,4,0.611111,0.059429,0.580334,0.003871,0.444448,0.003062,0.083333,0.036393,0.013889,0.01317,0.059028,0.024778,0.322917,0.054508,0.399306,0.053042,0.589538,0.014218,0.219785,0.002547,0.051839,0.001417,0.343132,0.052143,0.434281,0.068087,48
0.2,conformal_goal_validity_filter,5,0.645833,0.066414,0.579019,0.003178,0.446305,0.004185,0.024306,0.016817,0.017361,0.014556,0.065972,0.030354,0.34375,0.053633,0.329861,0.052818,0.595582,0.014325,0.217704,0.002073,0.05138,0.0014,0.313039,0.058743,0.503471,0.071329,48
0.2,conformal_goal_validity_filter,6,0.597222,0.059826,0.581533,0.002877,0.44355,0.002867,0.03125,0.018598,0.027778,0.017758,0.059028,0.024778,0.413194,0.061507,0.385417,0.055155,0.596378,0.014206,0.218216,0.002076,0.052003,0.001417,0.355056,0.052713,0.450138,0.068284,48
0.2,conformal_goal_validity_filter,7,0.666667,0.054154,0.579512,0.003343,0.446139,0.002762,0.041667,0.026637,0.017361,0.014556,0.038194,0.022264,0.354167,0.051121,0.430556,0.065848,0.594669,0.012501,0.219486,0.002002,0.050687,0.001498,0.294008,0.047803,0.531678,0.061143,48
0.2,conformal_goal_validity_filter,8,0.642361,0.059155,0.580839,0.003248,0.445716,0.003458,0.052083,0.024133,0.020833,0.018518,0.045139,0.021175,0.46875,0.045263,0.368056,0.051429,0.59256,0.013,0.218971,0.001716,0.051774,0.001403,0.315464,0.052363,0.497626,0.06677,48
0.2,conformal_goal_validity_filter,9,0.666667,0.059957,0.581819,0.003623,0.445468,0.003858,0.052083,0.027778,0.017361,0.017506,0.041667,0.02281,0.430556,0.055732,0.423611,0.057508,0.592486,0.012922,0.219376,0.002019,0.051651,0.001522,0.293046,0.052619,0.530428,0.064443,48
0.2,failure_aware_manipulation_policy,0,0.628472,0.053486,0.535906,0.002681,0.45855,0.003249,0.097222,0.036175,0.013889,0.01317,0.072917,0.032121,0.4375,0.064242,0.375,0.04295,0.623118,0.012466,0.22559,0.002091,0.099996,0.001632,0.327612,0.047156,0.428104,0.066223,48
0.2,failure_aware_manipulation_policy,1,0.694444,0.056155,0.535033,0.004076,0.456992,0.003335,0.0625,0.028565,0.020833,0.020917,0.072917,0.030613,0.392361,0.05458,0.434028,0.04739,0.620785,0.012457,0.226329,0.001664,0.099702,0.001495,0.268698,0.049403,0.516492,0.067937,48
0.2,failure_aware_manipulation_policy,2,0.663194,0.05458,0.533085,0.003323,0.458199,0.002961,0.048611,0.025657,0.020833,0.015759,0.069444,0.028908,0.368056,0.05234,0.413194,0.059949,0.618114,0.013949,0.227023,0.001944,0.100374,0.001237,0.297118,0.047964,0.488997,0.062937,48
0.2,failure_aware_manipulation_policy,3,0.625,0.050069,0.534345,0.003571,0.455899,0.003177,0.041667,0.026637,0.024306,0.016817,0.052083,0.027778,0.399306,0.055653,0.430556,0.062152,0.623297,0.013318,0.225848,0.001812,0.100184,0.001398,0.331617,0.044491,0.466101,0.056257,48
0.2,failure_aware_manipulation_policy,4,0.631944,0.051429,0.533227,0.002955,0.458612,0.004074,0.104167,0.037196,0.038194,0.024296,0.052083,0.027778,0.34375,0.052744,0.399306,0.055653,0.617956,0.012291,0.226191,0.001935,0.100073,0.001495,0.324997,0.0454,0.407992,0.059702,48
0.2,failure_aware_manipulation_policy,5,0.604167,0.063501,0.531417,0.003615,0.45702,0.003388,0.052083,0.029431,0.03125,0.023132,0.059028,0.029962,0.409722,0.059924,0.4375,0.058053,0.623112,0.014036,0.226508,0.00173,0.100752,0.00135,0.348455,0.055528,0.426679,0.070111,48
0.2,failure_aware_manipulation_policy,6,0.642361,0.063772,0.533027,0.003176,0.4562,0.003021,0.076389,0.027439,0.017361,0.014556,0.072917,0.027349,0.434028,0.055653,0.413194,0.052369,0.622353,0.013367,0.227081,0.001938,0.09847,0.001635,0.3141,0.055276,0.453466,0.073085,48
0.2,failure_aware_manipulation_policy,7,0.642361,0.053264,0.535417,0.002495,0.457028,0.003349,0.079861,0.035055,0.038194,0.02617,0.059028,0.02834,0.364583,0.050217,0.402778,0.049436,0.619222,0.012292,0.224921,0.00192,0.100245,0.001717,0.315838,0.047052,0.433047,0.072977,48
0.2,failure_aware_manipulation_policy,8,0.628472,0.055226,0.534171,0.002806,0.458045,0.003686,0.065972,0.030354,0.027778,0.017758,0.038194,0.022264,0.381944,0.05913,0.420139,0.055012,0.62407,0.012712,0.227191,0.001893,0.100069,0.001353,0.326772,0.04847,0.454482,0.060354,48
0.2,failure_aware_manipulation_policy,9,0.642361,0.057533,0.53559,0.003026,0.454624,0.003737,0.104167,0.039658,0.034722,0.023742,0.052083,0.024133,0.357639,0.046635,0.420139,0.054145,0.621316,0.013957,0.226649,0.001915,0.099599,0.001547,0.31469,0.050453,0.424801,0.073737,48
0.2,goal_retargeting_heuristic,0,0.607639,0.049106,0.447519,0.003055,0.463131,0.004046,0.076389,0.029111,0.052083,0.024133,0.072917,0.036271,0.381944,0.061483,0.4375,0.063501,0.693057,0.013058,0.219074,0.002058,0.118804,0.001432,0.345682,0.043049,0.380429,0.06209,48
0.2,goal_retargeting_heuristic,1,0.579861,0.049585,0.446503,0.003678,0.464166,0.003573,0.0625,0.030175,0.034722,0.030693,0.090278,0.032198,0.319444,0.056575,0.385417,0.055155,0.687058,0.013428,0.219856,0.001675,0.118688,0.001334,0.36999,0.044005,0.360297,0.062138,48
0.2,goal_retargeting_heuristic,2,0.583333,0.067386,0.446368,0.003328,0.468195,0.003177,0.079861,0.037657,0.045139,0.02525,0.083333,0.036393,0.368056,0.044528,0.475694,0.066673,0.692437,0.012975,0.218553,0.001926,0.119198,0.001548,0.368258,0.059702,0.350209,0.082749,48
0.2,goal_retargeting_heuristic,3,0.600694,0.066496,0.449873,0.002881,0.462343,0.004111,0.065972,0.030354,0.034722,0.019351,0.072917,0.030613,0.399306,0.063587,0.409722,0.056679,0.691984,0.012991,0.219146,0.002198,0.118006,0.001457,0.352907,0.058611,0.392734,0.076404,48
0.2,goal_retargeting_heuristic,4,0.607639,0.058754,0.449298,0.00376,0.465687,0.003509,0.065972,0.030354,0.048611,0.027439,0.107639,0.039496,0.3125,0.047276,0.447917,0.064632,0.695249,0.013094,0.219342,0.001914,0.11911,0.001472,0.346004,0.051176,0.365506,0.080717,48
0.2,goal_retargeting_heuristic,5,0.583333,0.049595,0.44776,0.003377,0.462894,0.003669,0.065972,0.027059,0.034722,0.019351,0.090278,0.030693,0.329861,0.046125,0.430556,0.053125,0.694666,0.013048,0.220253,0.002218,0.118538,0.001428,0.367733,0.043556,0.363948,0.062308,48
0.2,goal_retargeting_heuristic,6,0.600694,0.060538,0.447862,0.00264,0.462971,0.003023,0.059028,0.026618,0.024306,0.016817,0.076389,0.029111,0.326389,0.048591,0.444444,0.059429,0.693164,0.013091,0.21917,0.001936,0.118069,0.001616,0.352254,0.053461,0.404817,0.067828,48
0.2,goal_retargeting_heuristic,7,0.572917,0.057465,0.446268,0.003229,0.463559,0.003602,0.069444,0.0305,0.048611,0.025657,0.083333,0.030757,0.295139,0.046888,0.440972,0.042939,0.690753,0.013862,0.218078,0.001897,0.119352,0.001487,0.376488,0.050759,0.342706,0.073227,48
0.2,goal_retargeting_heuristic,8,0.621528,0.058955,0.447173,0.003643,0.46523,0.003017,0.100694,0.034716,0.045139,0.027059,0.114583,0.040287,0.329861,0.053706,0.458333,0.051005,0.693355,0.012669,0.218699,0.001907,0.117332,0.00162,0.333571,0.051935,0.359684,0.072413,48
0.2,goal_retargeting_heuristic,9,0.548611,0.049555,0.450256,0.003082,0.466175,0.00318,0.086806,0.035055,0.024306,0.019427,0.083333,0.029179,0.340278,0.055838,0.388889,0.056991,0.694804,0.012532,0.219723,0.002148,0.119377,0.001345,0.397771,0.04374,0.325496,0.055591,48
0.2,learned_goal_state_classifier,0,0.635417,0.054724,0.599191,0.002811,0.465659,0.003533,0.055556,0.024477,0.020833,0.015759,0.059028,0.026618,0.4375,0.059661,0.451389,0.058324,0.573166,0.01129,0.215055,0.001896,0.082046,0.00145,0.321691,0.048178,0.477781,0.064478,48
0.2,learned_goal_state_classifier,1,0.638889,0.056155,0.6023,0.003134,0.468543,0.002802,0.069444,0.028908,0.017361,0.014556,0.048611,0.025657,0.40625,0.062208,0.434028,0.064326,0.577905,0.012294,0.213567,0.001798,0.081805,0.001478,0.317864,0.049499,0.479741,0.061014,48
0.2,learned_goal_state_classifier,2,0.6875,0.050187,0.599169,0.002815,0.466967,0.003533,0.069444,0.032013,0.013889,0.01317,0.083333,0.02751,0.440972,0.058754,0.402778,0.062152,0.572975,0.01351,0.215059,0.001613,0.082545,0.001423,0.276145,0.044339,0.511779,0.065234,48
0.2,learned_goal_state_classifier,3,0.649306,0.055226,0.600226,0.003227,0.468659,0.003117,0.076389,0.029111,0.020833,0.018518,0.079861,0.030741,0.434028,0.054796,0.409722,0.058324,0.572747,0.014145,0.214144,0.001875,0.082336,0.001385,0.309441,0.048593,0.463742,0.062003,48
0.2,learned_goal_state_classifier,4,0.684028,0.059354,0.601418,0.003218,0.468808,0.003646,0.0625,0.030175,0.024306,0.019427,0.059028,0.02834,0.371528,0.049823,0.423611,0.067357,0.57038,0.01219,0.214696,0.002391,0.082766,0.001545,0.278773,0.052064,0.512651,0.070134,48
0.2,learned_goal_state_classifier,5,0.736111,0.055732,0.601586,0.002971,0.470833,0.003981,0.034722,0.021658,0.024306,0.016817,0.086806,0.038893,0.46875,0.056427,0.385417,0.05161,0.56956,0.013619,0.213396,0.001753,0.082506,0.001693,0.23228,0.048716,0.572935,0.061768,48
0.2,learned_goal_state_classifier,6,0.628472,0.054363,0.599567,0.003362,0.467572,0.00338,0.045139,0.023302,0.003472,0.006806,0.069444,0.0305,0.385417,0.048784,0.416667,0.057542,0.573745,0.013676,0.215062,0.00204,0.082259,0.001516,0.327249,0.047968,0.485338,0.06495,48
0.2,learned_goal_state_classifier,7,0.663194,0.057121,0.602554,0.003104,0.465836,0.003713,0.055556,0.026339,0.027778,0.017758,0.038194,0.022264,0.392361,0.067027,0.510417,0.053633,0.572767,0.013579,0.213848,0.001847,0.08231,0.001635,0.297632,0.050679,0.510015,0.063443,48
0.2,learned_goal_state_classifier,8,0.663194,0.052818,0.600089,0.003317,0.467378,0.003666,0.059028,0.026618,0.020833,0.018518,0.069444,0.027222,0.364583,0.056427,0.465278,0.055838,0.577551,0.012704,0.214213,0.001705,0.08276,0.001481,0.296723,0.046481,0.495375,0.065607,48
0.2,learned_goal_state_classifier,9,0.625,0.057129,0.602387,0.00344,0.468365,0.002834,0.059028,0.02834,0.034722,0.027439,0.052083,0.027778,0.388889,0.055306,0.447917,0.060863,0.576225,0.01349,0.215448,0.001921,0.081793,0.001475,0.330571,0.050274,0.450193,0.074787,48
0.2,oracle_goal_state_supervisor,0,0.875,0.040688,0.840804,0.003088,0.693538,0.0035,0.0,0.0,0.0,0.0,0.0,0.0,0.611111,0.049912,0.638889,0.056155,0.374809,0.013051,0.275306,0.00162,0.002249,0.000668,0.0,0.0,0.838895,0.040774,48
0.2,oracle_goal_state_supervisor,1,0.864583,0.034602,0.841054,0.003672,0.692166,0.003432,0.0,0.0,0.0,0.0,0.0,0.0,0.628472,0.060146,0.666667,0.049595,0.37914,0.012255,0.275695,0.00166,0.002416,0.000532,0.0,0.0,0.830572,0.034377,48
0.2,oracle_goal_state_supervisor,2,0.892361,0.034374,0.8411,0.002458,0.694577,0.003684,0.0,0.0,0.0,0.0,0.0,0.0,0.645833,0.047276,0.625,0.050069,0.379288,0.014072,0.274114,0.001572,0.002129,0.000358,0.0,0.0,0.857675,0.034954,48
0.2,oracle_goal_state_supervisor,3,0.899306,0.039794,0.836762,0.002553,0.694046,0.004083,0.0,0.0,0.0,0.0,0.0,0.0,0.621528,0.063587,0.663194,0.05006,0.37227,0.012804,0.27613,0.001701,0.001978,0.000397,0.0,0.0,0.864634,0.039453,48
0.2,oracle_goal_state_supervisor,4,0.892361,0.03828,0.838704,0.002776,0.691058,0.003175,0.0,0.0,0.0,0.0,0.0,0.0,0.642361,0.055865,0.708333,0.055449,0.379414,0.013827,0.275134,0.001797,0.002692,0.000678,0.0,0.0,0.860805,0.038794,48
0.2,oracle_goal_state_supervisor,5,0.868056,0.035013,0.840733,0.003587,0.690511,0.003076,0.0,0.0,0.0,0.0,0.0,0.0,0.611111,0.051772,0.663194,0.051915,0.378125,0.012868,0.274602,0.001824,0.002854,0.000639,0.0,0.0,0.832835,0.035687,48
0.2,oracle_goal_state_supervisor,6,0.885417,0.036595,0.840107,0.002572,0.693811,0.002862,0.0,0.0,0.0,0.0,0.0,0.0,0.614583,0.055155,0.569444,0.059826,0.380686,0.013125,0.275395,0.002166,0.002164,0.000475,0.0,0.0,0.846395,0.037002,48
0.2,oracle_goal_state_supervisor,7,0.909722,0.030693,0.840779,0.002838,0.690654,0.003541,0.0,0.0,0.0,0.0,0.0,0.0,0.701389,0.040054,0.621528,0.055653,0.376759,0.011989,0.277392,0.001925,0.002269,0.000534,0.0,0.0,0.8776,0.029806,48
0.2,oracle_goal_state_supervisor,8,0.868056,0.036339,0.843335,0.003124,0.692226,0.004066,0.0,0.0,0.0,0.0,0.0,0.0,0.607639,0.056287,0.607639,0.06265,0.375222,0.013505,0.276613,0.001702,0.002441,0.000614,0.0,0.0,0.829847,0.03721,48
0.2,oracle_goal_state_supervisor,9,0.899306,0.030354,0.842114,0.003196,0.692294,0.003343,0.0,0.0,0.0,0.0,0.0,0.0,0.59375,0.045523,0.670139,0.056287,0.37351,0.013356,0.275355,0.001996,0.002842,0.000855,0.0,0.0,0.863141,0.030435,48
0.2,pomdp_belief_planner,0,0.65625,0.052744,0.539145,0.003445,0.411405,0.003371,0.069444,0.027222,0.024306,0.016817,0.076389,0.032198,0.392361,0.056287,0.378472,0.056496,0.614219,0.012444,0.226015,0.001835,0.103959,0.001564,0.302626,0.046047,0.458917,0.057594,48
0.2,pomdp_belief_planner,1,0.631944,0.045577,0.538617,0.003471,0.410441,0.003666,0.0625,0.034559,0.048611,0.023742,0.072917,0.025561,0.388889,0.065488,0.340278,0.050501,0.615455,0.012546,0.224531,0.001994,0.103558,0.001623,0.324123,0.040052,0.41483,0.062524,48
0.2,pomdp_belief_planner,2,0.590278,0.057508,0.539053,0.002815,0.410496,0.003244,0.083333,0.029179,0.048611,0.025657,0.086806,0.032243,0.423611,0.061483,0.388889,0.062532,0.616338,0.013824,0.226875,0.002112,0.102973,0.001518,0.361354,0.050306,0.360014,0.067624,48
0.2,pomdp_belief_planner,3,0.621528,0.055653,0.538121,0.003086,0.411375,0.003147,0.079861,0.030741,0.052083,0.026019,0.090278,0.033635,0.399306,0.057327,0.361111,0.059429,0.617676,0.013386,0.225302,0.00167,0.104788,0.001612,0.333966,0.048797,0.380487,0.077061,48
0.2,pomdp_belief_planner,4,0.590278,0.066651,0.54154,0.002778,0.409258,0.003334,0.083333,0.030757,0.03125,0.020988,0.083333,0.03767,0.392361,0.057943,0.427083,0.057465,0.614413,0.01355,0.225175,0.002219,0.103043,0.001683,0.361842,0.058551,0.374991,0.076917,48
0.2,pomdp_belief_planner,5,0.625,0.069119,0.538275,0.003043,0.412672,0.002644,0.072917,0.027349,0.034722,0.019351,0.097222,0.038702,0.399306,0.046381,0.361111,0.050851,0.617604,0.012863,0.224758,0.001583,0.103331,0.001171,0.330929,0.060866,0.40658,0.074078,48
0.2,pomdp_belief_planner,6,0.607639,0.052818,0.539287,0.003521,0.411333,0.00288,0.0625,0.031704,0.027778,0.017758,0.072917,0.029027,0.40625,0.061443,0.368056,0.063003,0.614822,0.01384,0.223166,0.001704,0.103541,0.00132,0.34561,0.046465,0.413388,0.066298,48
0.2,pomdp_belief_planner,7,0.607639,0.06189,0.540456,0.002878,0.410189,0.003631,0.0625,0.033162,0.03125,0.023132,0.065972,0.030354,0.444444,0.068316,0.388889,0.061,0.615611,0.012302,0.22514,0.002196,0.103623,0.001541,0.34625,0.054662,0.417634,0.076732,48
0.2,pomdp_belief_planner,8,0.628472,0.060927,0.540332,0.002975,0.409915,0.002913,0.069444,0.033458,0.024306,0.019427,0.065972,0.030354,0.371528,0.056913,0.375,0.052828,0.618825,0.013342,0.2274,0.001687,0.103821,0.001508,0.327642,0.054045,0.437783,0.066417,48
0.2,pomdp_belief_planner,9,0.684028,0.060146,0.540159,0.002803,0.40696,0.003681,0.118056,0.04235,0.041667,0.020633,0.0625,0.030175,0.430556,0.060611,0.357639,0.059155,0.622189,0.013273,0.224175,0.001724,0.104502,0.001555,0.278006,0.052904,0.447116,0.074021,48
0.2,risk_budgeted_goal_recovery,0,0.663194,0.059553,0.585399,0.003776,0.486056,0.004149,0.034722,0.021658,0.027778,0.017758,0.03125,0.018598,0.451389,0.054118,0.489583,0.056217,0.580534,0.013968,0.243036,0.002083,0.062503,0.001554,0.296813,0.052586,0.528014,0.065579,48
0.2,risk_budgeted_goal_recovery,1,0.690972,0.048622,0.584295,0.00301,0.483563,0.003041,0.065972,0.027059,0.010417,0.011534,0.045139,0.031875,0.451389,0.059924,0.513889,0.055732,0.580546,0.012165,0.2435,0.001705,0.0623,0.001602,0.271865,0.042681,0.543242,0.062813,48
0.2,risk_budgeted_goal_recovery,2,0.690972,0.051457,0.585957,0.003217,0.484532,0.004036,0.045139,0.02525,0.013889,0.01317,0.041667,0.02281,0.413194,0.054145,0.447917,0.071577,0.58446,0.012381,0.24438,0.001701,0.062431,0.00168,0.272877,0.045322,0.55072,0.059849,48
0.2,risk_budgeted_goal_recovery,3,0.628472,0.057739,0.585855,0.00382,0.483603,0.002671,0.0625,0.030175,0.017361,0.014556,0.024306,0.016817,0.416667,0.065246,0.444444,0.057815,0.585058,0.013382,0.243325,0.001985,0.063035,0.001278,0.32806,0.05093,0.482977,0.06456,48
0.2,risk_budgeted_goal_recovery,4,0.673611,0.057508,0.585864,0.003219,0.484708,0.003312,0.069444,0.028908,0.020833,0.018518,0.048611,0.021658,0.434028,0.061314,0.482639,0.056076,0.583408,0.01156,0.244575,0.001853,0.063451,0.001649,0.289405,0.050959,0.508403,0.060634,48
0.2,risk_budgeted_goal_recovery,5,0.645833,0.055555,0.5871,0.003389,0.486053,0.003675,0.052083,0.029431,0.006944,0.009522,0.034722,0.023742,0.451389,0.056679,0.4375,0.067122,0.581224,0.013191,0.24512,0.001736,0.062385,0.001418,0.312905,0.049059,0.513391,0.066161,48
0.2,risk_budgeted_goal_recovery,6,0.680556,0.047483,0.586854,0.003368,0.484505,0.004116,0.065972,0.028754,0.006944,0.009522,0.038194,0.020027,0.461806,0.058552,0.486111,0.056575,0.583013,0.013385,0.24225,0.001911,0.063197,0.001527,0.280907,0.041547,0.539557,0.054657,48
0.2,risk_budgeted_goal_recovery,7,0.638889,0.049912,0.58519,0.003082,0.484285,0.003934,0.041667,0.02281,0.0,0.0,0.059028,0.026618,0.461806,0.063957,0.458333,0.063408,0.583586,0.013678,0.243253,0.00174,0.063063,0.001425,0.318889,0.044175,0.510489,0.053884,48
0.2,risk_budgeted_goal_recovery,8,0.628472,0.060146,0.587856,0.003493,0.483259,0.003291,0.045139,0.02525,0.0,0.0,0.045139,0.02525,0.434028,0.053926,0.420139,0.055012,0.583601,0.012534,0.243684,0.00175,0.062226,0.001763,0.327392,0.052881,0.500912,0.064814,48
0.2,risk_budgeted_goal_recovery,9,0.670139,0.051915,0.586151,0.003202,0.48377,0.003657,0.034722,0.019351,0.013889,0.01317,0.034722,0.021658,0.458333,0.06035,0.461806,0.056076,0.580635,0.013425,0.242311,0.001697,0.062114,0.001668,0.290574,0.045823,0.545166,0.054794,48
0.2,risk_calibrated_goal_belief_revision_v5,0,0.795139,0.048864,0.776527,0.003609,0.635268,0.003423,0.003472,0.006806,0.0,0.0,0.003472,0.006806,0.555556,0.061771,0.583333,0.055874,0.428619,0.013526,0.272493,0.001906,0.014978,0.001457,0.180715,0.043263,0.745551,0.047887,48
0.2,risk_calibrated_goal_belief_revision_v5,1,0.767361,0.043213,0.77768,0.003189,0.636457,0.002936,0.010417,0.011534,0.0,0.0,0.0,0.0,0.559028,0.053706,0.618056,0.055838,0.429202,0.013923,0.272302,0.001891,0.014782,0.001577,0.204812,0.037888,0.716479,0.044905,48
0.2,risk_calibrated_goal_belief_revision_v5,2,0.802083,0.047307,0.775888,0.003097,0.635467,0.003563,0.003472,0.006806,0.0,0.0,0.0,0.0,0.590278,0.05913,0.586806,0.05835,0.429617,0.013947,0.273307,0.001757,0.015165,0.001539,0.175173,0.042025,0.756606,0.048146,48
0.2,risk_calibrated_goal_belief_revision_v5,3,0.822917,0.041729,0.778035,0.00371,0.634423,0.003482,0.003472,0.006806,0.0,0.0,0.003472,0.006806,0.611111,0.052678,0.635417,0.06125,0.426249,0.012321,0.273742,0.001701,0.013745,0.00135,0.157236,0.037134,0.778908,0.042089,48
0.2,risk_calibrated_goal_belief_revision_v5,4,0.8125,0.040833,0.776863,0.00326,0.638092,0.003207,0.0,0.0,0.0,0.0,0.003472,0.006806,0.517361,0.061699,0.597222,0.059826,0.432142,0.013536,0.272307,0.002201,0.015054,0.001458,0.165583,0.035895,0.763406,0.042511,48
0.2,risk_calibrated_goal_belief_revision_v5,5,0.809028,0.043486,0.774775,0.003132,0.640537,0.003596,0.0,0.0,0.0,0.0,0.0,0.0,0.5625,0.057233,0.635417,0.060473,0.430018,0.013943,0.272009,0.001959,0.013509,0.00147,0.168691,0.03842,0.766778,0.042616,48
0.2,risk_calibrated_goal_belief_revision_v5,6,0.8125,0.052939,0.778437,0.003198,0.635101,0.002781,0.013889,0.01317,0.003472,0.006806,0.003472,0.006806,0.583333,0.049595,0.583333,0.057542,0.429207,0.013091,0.271872,0.001865,0.013963,0.001594,0.165405,0.046851,0.753524,0.056331,48
0.2,risk_calibrated_goal_belief_revision_v5,7,0.815972,0.044825,0.776906,0.003331,0.635291,0.003148,0.003472,0.006806,0.0,0.0,0.0,0.0,0.604167,0.071886,0.638889,0.057815,0.426957,0.013863,0.27304,0.00185,0.015338,0.001553,0.162308,0.039482,0.773428,0.045429,48
0.2,risk_calibrated_goal_belief_revision_v5,8,0.774306,0.052818,0.776395,0.003548,0.634277,0.002993,0.003472,0.006806,0.0,0.0,0.0,0.0,0.586806,0.055865,0.569444,0.046477,0.426249,0.013664,0.271143,0.001949,0.014379,0.00183,0.198584,0.046277,0.728465,0.056218,48
0.2,risk_calibrated_goal_belief_revision_v5,9,0.78125,0.04257,0.776622,0.002902,0.639865,0.003104,0.0,0.0,0.0,0.0,0.0,0.0,0.552083,0.053412,0.583333,0.057542,0.428767,0.013028,0.271929,0.002016,0.015031,0.001533,0.192375,0.037299,0.735894,0.042776,48
0.2,robust_mpc_replan,0,0.690972,0.05835,0.504051,0.002971,0.452819,0.003228,0.065972,0.02525,0.027778,0.017758,0.069444,0.027222,0.402778,0.051314,0.434028,0.059752,0.645504,0.013104,0.235756,0.001982,0.094345,0.001513,0.272007,0.051241,0.504002,0.073517,48
0.2,robust_mpc_replan,1,0.604167,0.063501,0.502419,0.003067,0.455675,0.002553,0.111111,0.040494,0.017361,0.014556,0.048611,0.025657,0.385417,0.049744,0.472222,0.051772,0.647609,0.012871,0.236303,0.00176,0.095778,0.001345,0.348472,0.056173,0.40496,0.080491,48
0.2,robust_mpc_replan,2,0.607639,0.045088,0.504354,0.00307,0.453573,0.003024,0.097222,0.028908,0.013889,0.01317,0.100694,0.038588,0.395833,0.052038,0.388889,0.055306,0.644235,0.012617,0.234489,0.002071,0.094921,0.001166,0.346637,0.039577,0.387406,0.056579,48
0.2,robust_mpc_replan,3,0.65625,0.054508,0.502196,0.002852,0.455803,0.00371,0.069444,0.033458,0.038194,0.022264,0.059028,0.029962,0.40625,0.059883,0.409722,0.057508,0.650163,0.014034,0.235367,0.001937,0.094993,0.00142,0.303352,0.047898,0.454834,0.067426,48
0.2,robust_mpc_replan,4,0.65625,0.061057,0.501587,0.003613,0.457299,0.004053,0.072917,0.030613,0.020833,0.015759,0.059028,0.024778,0.392361,0.052818,0.489583,0.058687,0.647853,0.012611,0.235542,0.001764,0.095291,0.001461,0.303899,0.054164,0.470529,0.070158,48
0.2,robust_mpc_replan,5,0.663194,0.052818,0.501869,0.003096,0.45814,0.003716,0.097222,0.036175,0.024306,0.016817,0.076389,0.032198,0.336806,0.05458,0.409722,0.049555,0.649767,0.012952,0.237236,0.002016,0.095782,0.001497,0.297144,0.046527,0.439335,0.061139,48
0.2,robust_mpc_replan,6,0.59375,0.044472,0.504835,0.003213,0.45307,0.003986,0.086806,0.036379,0.03125,0.018598,0.045139,0.027059,0.399306,0.06578,0.517361,0.063957,0.646675,0.012927,0.236382,0.001952,0.095813,0.001574,0.357782,0.039053,0.398568,0.05659,48
0.2,robust_mpc_replan,7,0.625,0.050069,0.503506,0.003239,0.456601,0.003258,0.083333,0.02751,0.027778,0.022462,0.065972,0.028754,0.395833,0.052939,0.451389,0.065937,0.649558,0.013659,0.235892,0.002004,0.094824,0.001248,0.330644,0.04404,0.420572,0.058174,48
0.2,robust_mpc_replan,8,0.625,0.058762,0.503523,0.003656,0.456553,0.003347,0.059028,0.026618,0.020833,0.015759,0.072917,0.029027,0.40625,0.054072,0.510417,0.057875,0.647249,0.013662,0.237433,0.001824,0.094737,0.001222,0.330626,0.051923,0.445809,0.068574,48
0.2,robust_mpc_replan,9,0.649306,0.062461,0.504102,0.002876,0.454121,0.003329,0.072917,0.029027,0.03125,0.020988,0.086806,0.036379,0.395833,0.052939,0.430556,0.051314,0.648943,0.012662,0.236325,0.001986,0.095003,0.00123,0.308402,0.05466,0.434785,0.073347,48
0.3,active_viewpoint_reacquisition,0,0.572917,0.056636,0.464021,0.002983,0.305167,0.003488,0.114583,0.036595,0.020833,0.015759,0.055556,0.024477,0.388889,0.056991,0.305556,0.051772,0.678348,0.014656,0.245891,0.00213,0.130148,0.001689,0.374693,0.049487,0.339163,0.058744,48
0.3,active_viewpoint_reacquisition,1,0.635417,0.058079,0.462368,0.003498,0.308531,0.004104,0.114583,0.036595,0.041667,0.020633,0.079861,0.035055,0.40625,0.0659,0.263889,0.053125,0.679059,0.014008,0.246196,0.001753,0.129723,0.001421,0.320035,0.050781,0.372257,0.072272,48
0.3,active_viewpoint_reacquisition,2,0.538194,0.052594,0.463566,0.00274,0.309204,0.003263,0.107639,0.039496,0.052083,0.026019,0.0625,0.025035,0.402778,0.058223,0.274306,0.059553,0.676813,0.013919,0.247261,0.002072,0.12925,0.001545,0.406039,0.045932,0.282044,0.064695,48
0.3,active_viewpoint_reacquisition,3,0.586806,0.05835,0.46537,0.002808,0.306774,0.004152,0.114583,0.033912,0.0625,0.028565,0.072917,0.030613,0.385417,0.056844,0.284722,0.044528,0.67819,0.014502,0.24566,0.001814,0.130338,0.00156,0.363541,0.051319,0.309738,0.075701,48
0.3,active_viewpoint_reacquisition,4,0.607639,0.051915,0.461342,0.002691,0.306467,0.003672,0.114583,0.036595,0.076389,0.030693,0.076389,0.033635,0.381944,0.065216,0.319444,0.053125,0.673653,0.013794,0.24637,0.001632,0.130347,0.001543,0.345475,0.045578,0.311007,0.072251,48
0.3,active_viewpoint_reacquisition,5,0.600694,0.058955,0.464466,0.003035,0.309145,0.002448,0.104167,0.040833,0.045139,0.021175,0.0625,0.028565,0.458333,0.046136,0.28125,0.052519,0.676976,0.014558,0.245736,0.002145,0.129171,0.001649,0.351021,0.051573,0.353578,0.062607,48
0.3,active_viewpoint_reacquisition,6,0.607639,0.0634,0.462721,0.003983,0.308275,0.003706,0.118056,0.036339,0.065972,0.027059,0.038194,0.020027,0.434028,0.057327,0.246528,0.047639,0.682589,0.014706,0.245719,0.002084,0.12908,0.001238,0.345035,0.055706,0.336877,0.063987,48
0.3,active_viewpoint_reacquisition,7,0.552083,0.068883,0.464844,0.003578,0.310398,0.003391,0.114583,0.044737,0.038194,0.022264,0.065972,0.028754,0.413194,0.071467,0.243056,0.051429,0.678185,0.014536,0.247357,0.002249,0.129899,0.001728,0.393808,0.060347,0.300459,0.085618,48
0.3,active_viewpoint_reacquisition,8,0.590278,0.059924,0.463718,0.002606,0.30882,0.00271,0.149306,0.047886,0.059028,0.029962,0.097222,0.0305,0.454861,0.062838,0.298611,0.065216,0.677999,0.013504,0.243987,0.002034,0.129178,0.00158,0.360815,0.05284,0.283376,0.079606,48
0.3,active_viewpoint_reacquisition,9,0.579861,0.063772,0.464239,0.003077,0.304512,0.003083,0.131944,0.037618,0.065972,0.030354,0.079861,0.029162,0.416667,0.052378,0.28125,0.047804,0.676948,0.013501,0.24639,0.001728,0.130597,0.001445,0.369214,0.056156,0.290323,0.081929,48
0.3,conformal_goal_validity_filter,0,0.600694,0.057327,0.566934,0.003373,0.438141,0.003512,0.083333,0.029179,0.03125,0.020988,0.083333,0.030757,0.34375,0.054508,0.399306,0.050295,0.620903,0.014784,0.218696,0.001982,0.055235,0.001665,0.350713,0.050079,0.393935,0.062934,48
0.3,conformal_goal_validity_filter,1,0.631944,0.058324,0.568554,0.003221,0.437701,0.003393,0.052083,0.032487,0.034722,0.019351,0.069444,0.027222,0.392361,0.05458,0.361111,0.057815,0.61685,0.013023,0.217366,0.001784,0.055146,0.001729,0.3235,0.051415,0.451993,0.068041,48
0.3,conformal_goal_validity_filter,2,0.621528,0.069962,0.568431,0.002815,0.437641,0.003436,0.076389,0.029111,0.020833,0.015759,0.059028,0.02834,0.361111,0.062532,0.447917,0.05767,0.616126,0.01487,0.218212,0.001895,0.056188,0.001614,0.331622,0.060884,0.447629,0.074929,48
0.3,conformal_goal_validity_filter,3,0.631944,0.059924,0.56334,0.003199,0.434723,0.003552,0.055556,0.024477,0.045139,0.02525,0.076389,0.030693,0.347222,0.049436,0.395833,0.058053,0.615377,0.01343,0.218649,0.001884,0.05666,0.001538,0.323648,0.052329,0.437525,0.07091,48
0.3,conformal_goal_validity_filter,4,0.659722,0.05913,0.566226,0.00291,0.432823,0.003107,0.041667,0.024797,0.017361,0.014556,0.055556,0.026339,0.354167,0.051121,0.409722,0.054985,0.616607,0.014266,0.21807,0.001902,0.056679,0.001585,0.300109,0.052096,0.514412,0.071706,48
0.3,conformal_goal_validity_filter,5,0.628472,0.061699,0.569359,0.003196,0.4372,0.003294,0.072917,0.030613,0.034722,0.019351,0.079861,0.033678,0.322917,0.060277,0.430556,0.062152,0.617362,0.013512,0.218381,0.001704,0.054689,0.001507,0.326438,0.053999,0.424877,0.076492,48
0.3,conformal_goal_validity_filter,6,0.611111,0.054444,0.567828,0.00291,0.436468,0.003817,0.086806,0.030741,0.013889,0.01317,0.048611,0.023742,0.329861,0.053706,0.40625,0.062964,0.614801,0.014089,0.218404,0.001857,0.055024,0.001538,0.34246,0.047911,0.436645,0.059952,48
0.3,conformal_goal_validity_filter,7,0.597222,0.048469,0.566841,0.002732,0.434861,0.002903,0.041667,0.020633,0.034722,0.023742,0.059028,0.031501,0.34375,0.068366,0.375,0.051925,0.616522,0.013286,0.217986,0.002012,0.055414,0.00143,0.354542,0.042953,0.429267,0.045904,48
0.3,conformal_goal_validity_filter,8,0.645833,0.059661,0.566305,0.002747,0.43767,0.003656,0.065972,0.028754,0.017361,0.014556,0.065972,0.030354,0.315972,0.050763,0.427083,0.048541,0.612449,0.013993,0.219277,0.001822,0.056497,0.001535,0.311512,0.052714,0.474822,0.069788,48
0.3,conformal_goal_validity_filter,9,0.618056,0.056679,0.566334,0.003107,0.433798,0.00411,0.055556,0.031266,0.027778,0.017758,0.059028,0.024778,0.336806,0.057943,0.340278,0.060709,0.61892,0.014415,0.218455,0.001699,0.055327,0.001469,0.335603,0.049466,0.444372,0.067517,48
0.3,failure_aware_manipulation_policy,0,0.645833,0.0564,0.523898,0.003398,0.447932,0.003812,0.055556,0.024477,0.045139,0.023302,0.0625,0.031704,0.357639,0.057533,0.388889,0.063284,0.650979,0.013497,0.225948,0.002111,0.104682,0.0019,0.310929,0.049501,0.443393,0.06644,48
0.3,failure_aware_manipulation_policy,1,0.628472,0.047886,0.520112,0.003885,0.448152,0.003236,0.086806,0.032243,0.03125,0.020988,0.069444,0.027222,0.402778,0.056575,0.4375,0.051121,0.645514,0.013789,0.22598,0.001805,0.104456,0.00156,0.326185,0.041933,0.415781,0.049836,48
0.3,failure_aware_manipulation_policy,2,0.586806,0.053264,0.521653,0.00327,0.447615,0.003544,0.072917,0.030613,0.020833,0.018518,0.072917,0.029027,0.395833,0.052038,0.371528,0.054363,0.647935,0.015027,0.227324,0.00181,0.104412,0.001841,0.363568,0.047033,0.390921,0.059722,48
0.3,failure_aware_manipulation_policy,3,0.670139,0.046125,0.522485,0.003156,0.452222,0.004228,0.055556,0.031266,0.041667,0.024797,0.079861,0.035055,0.423611,0.054985,0.451389,0.061483,0.644696,0.014795,0.225013,0.001754,0.1041,0.001534,0.29046,0.040659,0.468107,0.058936,48
0.3,failure_aware_manipulation_policy,4,0.649306,0.052594,0.521396,0.003313,0.447057,0.00368,0.0625,0.023068,0.03125,0.018598,0.052083,0.024133,0.465278,0.058324,0.447917,0.060863,0.645832,0.014057,0.224817,0.001941,0.103718,0.001316,0.308934,0.046192,0.472435,0.059379,48
0.3,failure_aware_manipulation_policy,5,0.628472,0.056913,0.522726,0.002289,0.448887,0.003425,0.065972,0.027059,0.027778,0.020247,0.059028,0.022789,0.413194,0.057533,0.447917,0.048784,0.645014,0.013389,0.228675,0.001867,0.104774,0.001708,0.326798,0.049772,0.440885,0.060897,48
0.3,failure_aware_manipulation_policy,6,0.635417,0.050217,0.523862,0.003255,0.44824,0.003396,0.072917,0.027349,0.034722,0.021658,0.072917,0.036271,0.371528,0.048864,0.440972,0.059553,0.647003,0.013884,0.22714,0.001691,0.104568,0.001305,0.320385,0.043777,0.42556,0.061324,48
0.3,failure_aware_manipulation_policy,7,0.579861,0.059155,0.524098,0.002944,0.446576,0.003201,0.090278,0.030693,0.048611,0.030693,0.065972,0.030354,0.371528,0.061699,0.402778,0.062152,0.647326,0.014768,0.226612,0.001901,0.105089,0.001521,0.369312,0.051917,0.346591,0.075259,48
0.3,failure_aware_manipulation_policy,8,0.607639,0.06189,0.521638,0.003045,0.447728,0.003472,0.059028,0.029962,0.055556,0.024477,0.055556,0.024477,0.4375,0.053826,0.402778,0.054008,0.642355,0.015072,0.227421,0.002129,0.104328,0.001612,0.345474,0.054344,0.402789,0.078138,48
0.3,failure_aware_manipulation_policy,9,0.614583,0.063896,0.517634,0.003493,0.447086,0.003409,0.059028,0.029962,0.027778,0.020247,0.069444,0.027222,0.392361,0.059553,0.402778,0.047483,0.644165,0.013318,0.22699,0.001982,0.103803,0.00164,0.339422,0.056393,0.424411,0.069757,48
0.3,goal_retargeting_heuristic,0,0.576389,0.058324,0.434825,0.002979,0.456296,0.003558,0.114583,0.035279,0.03125,0.020988,0.09375,0.037552,0.34375,0.060277,0.388889,0.048955,0.712407,0.013596,0.221483,0.001747,0.121971,0.001493,0.372024,0.051079,0.321829,0.06932,48
0.3,goal_retargeting_heuristic,1,0.565972,0.058147,0.433775,0.003373,0.456104,0.003604,0.083333,0.030757,0.045139,0.023302,0.097222,0.032013,0.336806,0.05458,0.461806,0.053486,0.715614,0.013464,0.218078,0.001657,0.123338,0.001574,0.380685,0.050646,0.317414,0.068324,48
0.3,goal_retargeting_heuristic,2,0.576389,0.061483,0.436114,0.003457,0.45743,0.003436,0.086806,0.030741,0.027778,0.017758,0.083333,0.032259,0.309028,0.055012,0.388889,0.062532,0.715853,0.013628,0.22035,0.002318,0.122655,0.001858,0.372932,0.054332,0.348489,0.062764,48
0.3,goal_retargeting_heuristic,3,0.565972,0.064326,0.436451,0.002801,0.455619,0.003294,0.076389,0.033635,0.045139,0.023302,0.097222,0.034843,0.302083,0.038485,0.420139,0.043486,0.714341,0.013668,0.219691,0.002072,0.123084,0.001648,0.382463,0.056813,0.32107,0.072132,48
0.3,goal_retargeting_heuristic,4,0.555556,0.052678,0.436963,0.003438,0.459423,0.003745,0.072917,0.029027,0.038194,0.022264,0.076389,0.035013,0.364583,0.049266,0.423611,0.056679,0.71249,0.014316,0.219613,0.002132,0.123825,0.001675,0.391781,0.046315,0.338267,0.066258,48
0.3,goal_retargeting_heuristic,5,0.666667,0.049595,0.433115,0.003608,0.458444,0.003201,0.09375,0.034942,0.027778,0.022462,0.076389,0.023742,0.291667,0.052828,0.447917,0.06536,0.716905,0.013363,0.219335,0.001803,0.121617,0.001447,0.292668,0.043325,0.437706,0.067343,48
0.3,goal_retargeting_heuristic,6,0.65625,0.054508,0.434421,0.002586,0.457391,0.003268,0.114583,0.036595,0.020833,0.015759,0.104167,0.031704,0.277778,0.051772,0.392361,0.05458,0.71581,0.014525,0.220698,0.002199,0.12271,0.001477,0.302465,0.048007,0.400578,0.061312,48
0.3,goal_retargeting_heuristic,7,0.569444,0.060611,0.434607,0.003342,0.457241,0.002455,0.100694,0.036053,0.027778,0.020247,0.086806,0.032243,0.319444,0.049436,0.395833,0.057233,0.717183,0.013864,0.220437,0.001805,0.122218,0.001391,0.378266,0.052997,0.333701,0.069148,48
0.3,goal_retargeting_heuristic,8,0.586806,0.055012,0.433655,0.003512,0.458102,0.003263,0.09375,0.029027,0.041667,0.020633,0.09375,0.033561,0.368056,0.055838,0.420139,0.06451,0.717665,0.013554,0.220013,0.001708,0.121858,0.0014,0.363477,0.048381,0.342306,0.065102,48
0.3,goal_retargeting_heuristic,9,0.621528,0.052142,0.436842,0.00303,0.45485,0.002992,0.048611,0.025657,0.024306,0.016817,0.065972,0.02525,0.322917,0.056217,0.444444,0.055306,0.718019,0.014271,0.218802,0.002196,0.123214,0.001353,0.33282,0.045846,0.438144,0.052605,48
0.3,learned_goal_state_classifier,0,0.621528,0.055653,0.589577,0.002747,0.459784,0.00351,0.059028,0.031501,0.024306,0.016817,0.048611,0.023742,0.395833,0.059661,0.434028,0.060538,0.595783,0.01464,0.214389,0.002119,0.086578,0.001534,0.332877,0.04942,0.457536,0.059738,48
0.3,learned_goal_state_classifier,1,0.628472,0.055226,0.584634,0.002638,0.460747,0.003208,0.052083,0.026019,0.038194,0.020027,0.038194,0.020027,0.395833,0.063501,0.486111,0.056575,0.597375,0.01397,0.215152,0.001667,0.086532,0.001668,0.326044,0.048397,0.464626,0.058792,48
0.3,learned_goal_state_classifier,2,0.652778,0.059826,0.590123,0.003282,0.45716,0.003498,0.055556,0.026339,0.020833,0.015759,0.079861,0.033678,0.392361,0.058754,0.413194,0.056705,0.597036,0.015131,0.215461,0.001849,0.085386,0.001667,0.305293,0.052469,0.475149,0.07425,48
0.3,learned_goal_state_classifier,3,0.590278,0.063003,0.585627,0.00319,0.460026,0.003757,0.045139,0.023302,0.020833,0.018518,0.052083,0.026019,0.40625,0.055794,0.413194,0.055012,0.595333,0.014067,0.21322,0.00208,0.086545,0.001583,0.360626,0.055305,0.438125,0.072504,48
0.3,learned_goal_state_classifier,4,0.611111,0.048955,0.590489,0.003421,0.459913,0.003718,0.114583,0.037866,0.010417,0.011534,0.041667,0.024797,0.430556,0.052227,0.392361,0.056287,0.596993,0.014639,0.214406,0.002259,0.085702,0.001477,0.342472,0.042734,0.428534,0.059026,48
0.3,learned_goal_state_classifier,5,0.635417,0.056427,0.589228,0.003083,0.461134,0.003929,0.079861,0.032243,0.013889,0.01317,0.041667,0.020633,0.434028,0.060538,0.444444,0.061,0.595775,0.01453,0.214936,0.002289,0.087102,0.00149,0.320496,0.049467,0.479245,0.060355,48
0.3,learned_goal_state_classifier,6,0.690972,0.06451,0.589032,0.003395,0.460433,0.003407,0.076389,0.037618,0.020833,0.015759,0.065972,0.030354,0.395833,0.060448,0.392361,0.060342,0.595127,0.013441,0.216201,0.00165,0.08649,0.001536,0.27157,0.056372,0.505604,0.078033,48
0.3,learned_goal_state_classifier,7,0.642361,0.055865,0.584367,0.002873,0.45973,0.003767,0.048611,0.025657,0.041667,0.024797,0.0625,0.026858,0.496528,0.061121,0.416667,0.061515,0.595818,0.012977,0.213356,0.00194,0.086267,0.001732,0.314217,0.049105,0.469655,0.06139,48
0.3,learned_goal_state_classifier,8,0.697917,0.048296,0.588725,0.003146,0.457314,0.004077,0.0625,0.025035,0.017361,0.017506,0.052083,0.027778,0.395833,0.059661,0.416667,0.058358,0.599597,0.014553,0.214457,0.002095,0.085742,0.001428,0.265405,0.04212,0.536786,0.056871,48
0.3,learned_goal_state_classifier,9,0.663194,0.051915,0.584502,0.003211,0.459101,0.002994,0.069444,0.028908,0.027778,0.017758,0.059028,0.024778,0.375,0.048143,0.475694,0.057533,0.595378,0.014453,0.213149,0.001729,0.086539,0.001581,0.296617,0.046032,0.486767,0.059613,48
0.3,oracle_goal_state_supervisor,0,0.902778,0.034843,0.826001,0.002998,0.68406,0.003139,0.0,0.0,0.0,0.0,0.0,0.0,0.600694,0.054796,0.638889,0.049912,0.401054,0.013833,0.273616,0.002043,0.003356,0.000828,0.0,0.0,0.865386,0.034531,48
0.3,oracle_goal_state_supervisor,1,0.861111,0.043859,0.831485,0.003236,0.683296,0.003692,0.0,0.0,0.0,0.0,0.0,0.0,0.590278,0.054118,0.649306,0.060927,0.400275,0.014283,0.275535,0.001836,0.003792,0.000945,0.0,0.0,0.823054,0.043327,48
0.3,oracle_goal_state_supervisor,2,0.888889,0.040494,0.826557,0.002513,0.684683,0.003945,0.0,0.0,0.0,0.0,0.0,0.0,0.635417,0.05115,0.697917,0.052067,0.398577,0.014114,0.276408,0.001759,0.003152,0.000869,0.0,0.0,0.855572,0.040987,48
0.3,oracle_goal_state_supervisor,3,0.888889,0.036823,0.829782,0.003252,0.682883,0.003244,0.0,0.0,0.0,0.0,0.0,0.0,0.569444,0.055732,0.677083,0.061826,0.40065,0.014572,0.274765,0.002223,0.003372,0.000694,0.0,0.0,0.850817,0.037291,48
0.3,oracle_goal_state_supervisor,4,0.892361,0.037024,0.827878,0.003261,0.684851,0.003707,0.0,0.0,0.0,0.0,0.0,0.0,0.642361,0.04561,0.638889,0.054444,0.400511,0.014333,0.274927,0.002275,0.004269,0.001109,0.0,0.0,0.856893,0.036625,48
0.3,oracle_goal_state_supervisor,5,0.861111,0.036823,0.829133,0.003157,0.683149,0.003346,0.0,0.0,0.0,0.0,0.0,0.0,0.600694,0.052142,0.649306,0.045868,0.398884,0.013399,0.276458,0.001703,0.004458,0.001144,0.0,0.0,0.823404,0.036083,48
0.3,oracle_goal_state_supervisor,6,0.899306,0.037342,0.827193,0.002828,0.68582,0.003639,0.0,0.0,0.0,0.0,0.0,0.0,0.583333,0.061515,0.628472,0.048864,0.400563,0.014488,0.277103,0.001852,0.003932,0.000878,0.0,0.0,0.859704,0.03803,48
0.3,oracle_goal_state_supervisor,7,0.895833,0.037196,0.824721,0.003493,0.681431,0.004192,0.0,0.0,0.0,0.0,0.0,0.0,0.572917,0.041158,0.621528,0.057327,0.399029,0.012716,0.277602,0.001833,0.003822,0.000923,0.0,0.0,0.85507,0.03805,48
0.3,oracle_goal_state_supervisor,8,0.878472,0.039794,0.82774,0.003194,0.685349,0.003753,0.0,0.0,0.0,0.0,0.0,0.0,0.607639,0.06265,0.625,0.052828,0.40251,0.013366,0.276394,0.001516,0.004828,0.00106,0.0,0.0,0.840134,0.040092,48
0.3,oracle_goal_state_supervisor,9,0.916667,0.033693,0.830451,0.002787,0.680977,0.003578,0.0,0.0,0.0,0.0,0.0,0.0,0.638889,0.061,0.649306,0.053486,0.400634,0.014632,0.274226,0.001884,0.003808,0.000842,0.0,0.0,0.881625,0.033843,48
0.3,pomdp_belief_planner,0,0.625,0.052828,0.523988,0.003006,0.400727,0.003492,0.072917,0.027349,0.055556,0.024477,0.0625,0.025035,0.416667,0.05054,0.392361,0.053706,0.636875,0.014592,0.223912,0.00164,0.107288,0.00156,0.329331,0.046386,0.403721,0.063155,48
0.3,pomdp_belief_planner,1,0.607639,0.057943,0.528179,0.002968,0.400997,0.00366,0.118056,0.043452,0.055556,0.029715,0.069444,0.028908,0.395833,0.052939,0.336806,0.053706,0.638546,0.014553,0.226339,0.001893,0.10784,0.001468,0.344506,0.050839,0.349148,0.070362,48
0.3,pomdp_belief_planner,2,0.59375,0.055794,0.529507,0.004051,0.402526,0.004254,0.079861,0.032243,0.024306,0.016817,0.072917,0.027349,0.392361,0.05458,0.371528,0.046888,0.638785,0.01391,0.226392,0.001482,0.108458,0.001857,0.356717,0.04846,0.388181,0.064846,48
0.3,pomdp_belief_planner,3,0.5625,0.061994,0.527534,0.002951,0.401525,0.003348,0.072917,0.032121,0.069444,0.027222,0.086806,0.032243,0.368056,0.053236,0.392361,0.045088,0.638912,0.013646,0.22439,0.00174,0.107666,0.001549,0.385668,0.054667,0.316436,0.075576,48
0.3,pomdp_belief_planner,4,0.607639,0.06189,0.525116,0.002954,0.403258,0.003481,0.097222,0.033458,0.045139,0.023302,0.072917,0.029027,0.361111,0.061771,0.409722,0.05913,0.639663,0.013756,0.224881,0.00223,0.1081,0.001424,0.345736,0.054481,0.371738,0.072964,48
0.3,pomdp_belief_planner,5,0.621528,0.055653,0.526144,0.003014,0.406104,0.003662,0.114583,0.040287,0.048611,0.027439,0.045139,0.023302,0.354167,0.053826,0.399306,0.053926,0.642058,0.014956,0.224053,0.001807,0.10716,0.001392,0.332433,0.048712,0.381428,0.073221,48
0.3,pomdp_belief_planner,6,0.642361,0.063772,0.525233,0.00341,0.402534,0.003344,0.065972,0.02525,0.041667,0.024797,0.072917,0.030613,0.444444,0.069005,0.399306,0.052142,0.646049,0.014363,0.225372,0.001488,0.108578,0.001673,0.31473,0.056111,0.438769,0.078165,48
0.3,pomdp_belief_planner,7,0.597222,0.058223,0.527068,0.002959,0.403614,0.00346,0.072917,0.033561,0.045139,0.023302,0.100694,0.031875,0.364583,0.056427,0.371528,0.050763,0.633828,0.014573,0.225221,0.001747,0.107799,0.001787,0.353872,0.051008,0.361947,0.063653,48
0.3,pomdp_belief_planner,8,0.611111,0.053569,0.525385,0.003223,0.401241,0.003505,0.100694,0.036053,0.055556,0.028078,0.065972,0.027059,0.447917,0.06008,0.333333,0.061515,0.640704,0.015927,0.226987,0.002185,0.107347,0.001517,0.341536,0.046888,0.366069,0.0641,48
0.3,pomdp_belief_planner,9,0.59375,0.050452,0.528426,0.003485,0.403079,0.002848,0.128472,0.03797,0.055556,0.029715,0.069444,0.032013,0.416667,0.056714,0.347222,0.058223,0.635307,0.014087,0.224938,0.001848,0.106686,0.00157,0.357061,0.044135,0.331901,0.063392,48
0.3,risk_budgeted_goal_recovery,0,0.673611,0.056679,0.574309,0.002781,0.477235,0.003315,0.041667,0.02281,0.006944,0.009522,0.065972,0.030354,0.413194,0.060733,0.475694,0.061507,0.604989,0.014315,0.245435,0.001591,0.066865,0.001593,0.286801,0.049592,0.527518,0.064157,48
0.3,risk_budgeted_goal_recovery,1,0.6875,0.050187,0.574762,0.002767,0.474375,0.003781,0.059028,0.02834,0.020833,0.018518,0.045139,0.02525,0.454861,0.058147,0.472222,0.054444,0.603598,0.014728,0.241948,0.001679,0.065777,0.00172,0.274805,0.044182,0.530498,0.062367,48
0.3,risk_budgeted_goal_recovery,2,0.697917,0.057259,0.573288,0.003763,0.477389,0.002933,0.048611,0.029111,0.017361,0.014556,0.0625,0.031704,0.40625,0.061443,0.423611,0.058324,0.604831,0.014302,0.244581,0.001968,0.066655,0.001282,0.265097,0.049827,0.535105,0.065468,48
0.3,risk_budgeted_goal_recovery,3,0.642361,0.063772,0.572947,0.003613,0.477621,0.00308,0.034722,0.019351,0.013889,0.01317,0.055556,0.031266,0.427083,0.058282,0.475694,0.061507,0.605072,0.015033,0.243781,0.001748,0.066182,0.001743,0.314643,0.05588,0.504356,0.07229,48
0.3,risk_budgeted_goal_recovery,4,0.715278,0.050501,0.576387,0.003647,0.476136,0.003424,0.055556,0.032744,0.017361,0.014556,0.059028,0.026618,0.395833,0.064974,0.444444,0.050851,0.604968,0.013837,0.243247,0.001924,0.066441,0.001733,0.251169,0.04464,0.55018,0.063082,48
0.3,risk_budgeted_goal_recovery,5,0.663194,0.05006,0.571942,0.003326,0.477064,0.003324,0.0625,0.031704,0.010417,0.011534,0.045139,0.02525,0.493056,0.048591,0.475694,0.065239,0.601684,0.013267,0.243179,0.002075,0.066974,0.001447,0.296408,0.043984,0.51644,0.054168,48
0.3,risk_budgeted_goal_recovery,6,0.666667,0.055874,0.574974,0.002881,0.477621,0.004299,0.038194,0.024296,0.024306,0.016817,0.041667,0.020633,0.430556,0.067269,0.427083,0.056636,0.60585,0.014174,0.244043,0.001688,0.066183,0.001541,0.293434,0.049278,0.52061,0.065384,48
0.3,risk_budgeted_goal_recovery,7,0.645833,0.048266,0.573233,0.00332,0.476741,0.003929,0.072917,0.034942,0.017361,0.017506,0.079861,0.029162,0.402778,0.05903,0.496528,0.060342,0.607588,0.013335,0.243687,0.001916,0.066427,0.001622,0.311776,0.042732,0.460882,0.058058,48
0.3,risk_budgeted_goal_recovery,8,0.670139,0.052818,0.574202,0.003466,0.47863,0.003031,0.052083,0.024133,0.010417,0.011534,0.048611,0.025657,0.451389,0.065216,0.451389,0.057508,0.599974,0.014965,0.245032,0.001757,0.06725,0.001397,0.289629,0.04624,0.526524,0.057774,48
0.3,risk_budgeted_goal_recovery,9,0.65625,0.047056,0.57148,0.002749,0.478695,0.003842,0.052083,0.027778,0.010417,0.011534,0.038194,0.020027,0.440972,0.051915,0.4375,0.059661,0.60611,0.014454,0.242685,0.001612,0.066958,0.001191,0.302122,0.041143,0.516156,0.055434,48
0.3,risk_calibrated_goal_belief_revision_v5,0,0.791667,0.04715,0.767238,0.003267,0.62794,0.003635,0.003472,0.006806,0.0,0.0,0.006944,0.009522,0.569444,0.052227,0.611111,0.045965,0.448971,0.01392,0.273308,0.001948,0.019773,0.001668,0.182994,0.041441,0.740213,0.048777,48
0.3,risk_calibrated_goal_belief_revision_v5,1,0.795139,0.056913,0.763659,0.00283,0.632271,0.004044,0.0,0.0,0.0,0.0,0.003472,0.006806,0.552083,0.048784,0.583333,0.063034,0.453934,0.013614,0.271317,0.001921,0.019644,0.001467,0.17967,0.049817,0.746114,0.058085,48
0.3,risk_calibrated_goal_belief_revision_v5,2,0.798611,0.047608,0.76228,0.003297,0.62926,0.003755,0.003472,0.006806,0.0,0.0,0.0,0.0,0.559028,0.057943,0.680556,0.059826,0.453588,0.013262,0.272673,0.002001,0.019157,0.001435,0.177214,0.041992,0.753473,0.049248,48
0.3,risk_calibrated_goal_belief_revision_v5,3,0.791667,0.049116,0.764123,0.003277,0.626573,0.00381,0.006944,0.009522,0.0,0.0,0.006944,0.009522,0.579861,0.054145,0.621528,0.049346,0.450245,0.014414,0.270038,0.001622,0.019823,0.001456,0.18329,0.043287,0.739459,0.049585,48
0.3,risk_calibrated_goal_belief_revision_v5,4,0.819444,0.045448,0.766393,0.002354,0.627273,0.003456,0.006944,0.009522,0.0,0.0,0.0,0.0,0.572917,0.058282,0.579861,0.060733,0.451619,0.012936,0.273063,0.002168,0.01894,0.00115,0.158815,0.039843,0.76835,0.046175,48
0.3,risk_calibrated_goal_belief_revision_v5,5,0.760417,0.047556,0.761701,0.002972,0.6268,0.003705,0.003472,0.006806,0.0,0.0,0.0,0.0,0.572917,0.05319,0.59375,0.059883,0.450528,0.01365,0.272508,0.002006,0.018362,0.001803,0.210396,0.041518,0.713036,0.047048,48
0.3,risk_calibrated_goal_belief_revision_v5,6,0.746528,0.055012,0.761485,0.003395,0.627882,0.003653,0.006944,0.009522,0.0,0.0,0.003472,0.006806,0.565972,0.058955,0.618056,0.054118,0.446217,0.014276,0.272348,0.001685,0.020166,0.001447,0.222972,0.04837,0.694911,0.055627,48
0.3,risk_calibrated_goal_belief_revision_v5,7,0.802083,0.045263,0.764362,0.002959,0.632271,0.003274,0.010417,0.011534,0.0,0.0,0.006944,0.009522,0.538194,0.053486,0.621528,0.062081,0.452565,0.014469,0.271996,0.00191,0.018938,0.00142,0.173845,0.039523,0.744407,0.046301,48
0.3,risk_calibrated_goal_belief_revision_v5,8,0.802083,0.057259,0.765169,0.003376,0.626997,0.003292,0.006944,0.009522,0.0,0.0,0.013889,0.01317,0.538194,0.067554,0.576389,0.054985,0.453641,0.015113,0.271902,0.001892,0.018229,0.001672,0.174006,0.050334,0.740839,0.059223,48
0.3,risk_calibrated_goal_belief_revision_v5,9,0.767361,0.051227,0.761231,0.003043,0.629371,0.004249,0.006944,0.009522,0.0,0.0,0.0,0.0,0.534722,0.044528,0.607639,0.056287,0.452366,0.013621,0.272197,0.001804,0.019053,0.001516,0.204353,0.045027,0.715324,0.053756,48
0.3,robust_mpc_replan,0,0.645833,0.054697,0.48882,0.003497,0.446555,0.003972,0.079861,0.027492,0.024306,0.016817,0.079861,0.025714,0.420139,0.053264,0.472222,0.065488,0.668693,0.013471,0.235477,0.002163,0.099001,0.001441,0.310873,0.047976,0.440053,0.062105,48
0.3,robust_mpc_replan,1,0.611111,0.061771,0.487566,0.003088,0.445863,0.003126,0.065972,0.036053,0.020833,0.015759,0.052083,0.027778,0.395833,0.052038,0.399306,0.060538,0.66999,0.01426,0.235701,0.002164,0.099757,0.001574,0.341323,0.054163,0.431039,0.067093,48
0.3,robust_mpc_replan,2,0.631944,0.051429,0.489911,0.003172,0.4463,0.003488,0.052083,0.027778,0.048611,0.025657,0.079861,0.032243,0.350694,0.056076,0.444444,0.059429,0.667953,0.013442,0.23767,0.001667,0.099192,0.001614,0.323391,0.044941,0.416284,0.060672,48
0.3,robust_mpc_replan,3,0.649306,0.056913,0.489838,0.002601,0.446537,0.002943,0.083333,0.033693,0.041667,0.024797,0.059028,0.029962,0.375,0.06035,0.409722,0.051429,0.670299,0.014326,0.235972,0.001876,0.099731,0.001498,0.308721,0.050158,0.429044,0.070673,48
0.3,robust_mpc_replan,4,0.600694,0.053042,0.48754,0.002871,0.443676,0.003617,0.090278,0.036339,0.013889,0.01317,0.069444,0.028908,0.357639,0.053264,0.402778,0.064395,0.672539,0.014323,0.236694,0.00192,0.10027,0.00163,0.35182,0.04658,0.400242,0.063916,48
0.3,robust_mpc_replan,5,0.611111,0.057815,0.493105,0.003281,0.444466,0.003731,0.09375,0.037552,0.027778,0.020247,0.079861,0.030741,0.364583,0.046296,0.447917,0.058485,0.672619,0.014716,0.236534,0.001798,0.09956,0.001764,0.342423,0.051023,0.389998,0.070261,48
0.3,robust_mpc_replan,6,0.645833,0.057233,0.490515,0.003071,0.448549,0.003095,0.100694,0.044295,0.017361,0.014556,0.086806,0.033678,0.375,0.048143,0.451389,0.065216,0.6693,0.013622,0.23496,0.00223,0.100178,0.00159,0.311412,0.050362,0.424609,0.062711,48
0.3,robust_mpc_replan,7,0.645833,0.062752,0.490155,0.003439,0.446236,0.003341,0.083333,0.033693,0.024306,0.019427,0.072917,0.025561,0.354167,0.059661,0.440972,0.052818,0.672169,0.015302,0.236012,0.001685,0.100107,0.001486,0.31177,0.055385,0.437272,0.073636,48
0.3,robust_mpc_replan,8,0.5625,0.059661,0.488585,0.003176,0.44957,0.00369,0.097222,0.036175,0.027778,0.017758,0.069444,0.032013,0.399306,0.055653,0.451389,0.063749,0.66755,0.013227,0.237295,0.002018,0.098778,0.001416,0.385329,0.052761,0.35078,0.065576,48
0.3,robust_mpc_replan,9,0.663194,0.05544,0.491946,0.003672,0.446509,0.004089,0.09375,0.037552,0.024306,0.016817,0.083333,0.029179,0.402778,0.067269,0.46875,0.063525,0.667882,0.014288,0.237642,0.002074,0.09987,0.001577,0.295835,0.048317,0.443926,0.060953,48
0.4,active_viewpoint_reacquisition,0,0.555556,0.063284,0.451611,0.003311,0.297014,0.003336,0.131944,0.041218,0.045139,0.02525,0.072917,0.032121,0.402778,0.054008,0.284722,0.050501,0.70177,0.014307,0.246757,0.001887,0.133754,0.001669,0.389027,0.055573,0.274105,0.082245,48
0.4,active_viewpoint_reacquisition,1,0.527778,0.064761,0.452998,0.003055,0.30152,0.003667,0.145833,0.041976,0.048611,0.025657,0.076389,0.030693,0.392361,0.060342,0.295139,0.063957,0.702759,0.015293,0.246278,0.001897,0.133652,0.001476,0.413924,0.056297,0.245025,0.075886,48
0.4,active_viewpoint_reacquisition,2,0.545139,0.061314,0.452515,0.00407,0.300263,0.003536,0.114583,0.033912,0.059028,0.034374,0.097222,0.033458,0.385417,0.062398,0.28125,0.050686,0.702046,0.015,0.245243,0.001971,0.133641,0.00155,0.39995,0.054059,0.254511,0.072509,48
0.4,active_viewpoint_reacquisition,3,0.555556,0.059429,0.452035,0.00316,0.299356,0.004035,0.114583,0.04257,0.045139,0.023302,0.048611,0.033635,0.423611,0.05234,0.260417,0.051381,0.696246,0.015107,0.247202,0.001867,0.134069,0.00172,0.388924,0.051864,0.304276,0.073228,48
0.4,active_viewpoint_reacquisition,4,0.565972,0.056496,0.449805,0.003302,0.298626,0.004552,0.114583,0.04257,0.059028,0.026618,0.076389,0.038855,0.444444,0.062532,0.3125,0.052038,0.69476,0.01476,0.246836,0.00217,0.133912,0.001707,0.381515,0.049855,0.286948,0.061007,48
0.4,active_viewpoint_reacquisition,5,0.5,0.063034,0.449671,0.00382,0.301023,0.003276,0.125,0.035737,0.048611,0.021658,0.0625,0.028565,0.413194,0.05835,0.284722,0.05234,0.700359,0.016865,0.246829,0.002039,0.134134,0.001502,0.437311,0.054878,0.230786,0.073059,48
0.4,active_viewpoint_reacquisition,6,0.604167,0.052038,0.44964,0.003165,0.300318,0.003613,0.177083,0.040579,0.038194,0.020027,0.076389,0.029111,0.368056,0.055838,0.277778,0.047979,0.699023,0.016331,0.243626,0.001563,0.133763,0.001746,0.3473,0.045655,0.296676,0.063834,48
0.4,active_viewpoint_reacquisition,7,0.572917,0.059088,0.449772,0.00291,0.298191,0.00416,0.114583,0.041444,0.065972,0.027059,0.059028,0.024778,0.402778,0.066562,0.25,0.045621,0.70608,0.014622,0.24482,0.002158,0.133322,0.00181,0.374872,0.051873,0.294135,0.079225,48
0.4,active_viewpoint_reacquisition,8,0.579861,0.048622,0.450738,0.003448,0.298724,0.003119,0.145833,0.048266,0.059028,0.029962,0.100694,0.036053,0.4375,0.052939,0.25,0.048632,0.700688,0.014394,0.246892,0.001887,0.133714,0.001688,0.369598,0.043045,0.269597,0.072278,48
0.4,active_viewpoint_reacquisition,9,0.576389,0.054985,0.452019,0.003033,0.298239,0.004182,0.135417,0.044205,0.0625,0.028565,0.072917,0.027349,0.454861,0.051227,0.309028,0.04561,0.70065,0.01509,0.247951,0.001868,0.13414,0.001357,0.371883,0.048392,0.2887,0.074854,48
0.4,conformal_goal_validity_filter,0,0.545139,0.061314,0.55133,0.003263,0.427165,0.003238,0.076389,0.030693,0.013889,0.01317,0.079861,0.030741,0.381944,0.068747,0.333333,0.053273,0.636568,0.014948,0.219358,0.001789,0.060281,0.001634,0.398157,0.05386,0.361423,0.06726,48
0.4,conformal_goal_validity_filter,1,0.618056,0.064487,0.552276,0.003211,0.426862,0.003676,0.065972,0.027059,0.03125,0.018598,0.065972,0.030354,0.34375,0.04604,0.465278,0.053236,0.635382,0.015384,0.219283,0.001547,0.059681,0.001373,0.335855,0.05683,0.432224,0.076514,48
0.4,conformal_goal_validity_filter,2,0.635417,0.048296,0.553056,0.002811,0.432612,0.003166,0.0625,0.025035,0.020833,0.018518,0.072917,0.030613,0.326389,0.051429,0.392361,0.06265,0.640807,0.015479,0.21967,0.001617,0.060206,0.001506,0.32014,0.042321,0.454629,0.045375,48
0.4,conformal_goal_validity_filter,3,0.555556,0.054444,0.554315,0.003486,0.428216,0.003479,0.027778,0.020247,0.020833,0.015759,0.055556,0.026339,0.326389,0.053236,0.385417,0.056006,0.639619,0.015509,0.21862,0.001619,0.059457,0.001535,0.388684,0.047485,0.409976,0.061788,48
0.4,conformal_goal_validity_filter,4,0.652778,0.056575,0.551971,0.003426,0.428527,0.003358,0.041667,0.020633,0.027778,0.020247,0.065972,0.030354,0.340278,0.05234,0.440972,0.059553,0.642758,0.014126,0.21842,0.001811,0.061734,0.001775,0.304403,0.049167,0.485127,0.064301,48
0.4,conformal_goal_validity_filter,5,0.579861,0.061507,0.553557,0.003121,0.428541,0.003888,0.0625,0.031704,0.020833,0.015759,0.055556,0.024477,0.378472,0.058147,0.440972,0.057121,0.645092,0.015032,0.219944,0.001767,0.060189,0.001371,0.367417,0.053357,0.415426,0.069253,48
0.4,conformal_goal_validity_filter,6,0.600694,0.058955,0.553404,0.003269,0.429702,0.003924,0.059028,0.022789,0.024306,0.016817,0.065972,0.027059,0.361111,0.056155,0.368056,0.055838,0.638341,0.014398,0.218421,0.001891,0.060347,0.001762,0.349802,0.05147,0.427059,0.065127,48
0.4,conformal_goal_validity_filter,7,0.597222,0.062152,0.554634,0.003341,0.428883,0.004029,0.072917,0.027349,0.03125,0.020988,0.059028,0.02834,0.336806,0.059553,0.40625,0.050452,0.639606,0.015073,0.220093,0.00178,0.060686,0.001581,0.353334,0.054136,0.409098,0.068851,48
0.4,conformal_goal_validity_filter,8,0.631944,0.058324,0.551571,0.003118,0.426575,0.003731,0.097222,0.03746,0.020833,0.015759,0.090278,0.040054,0.329861,0.048133,0.427083,0.054072,0.639138,0.014818,0.218441,0.001624,0.060355,0.001314,0.32366,0.051386,0.419978,0.073035,48
0.4,conformal_goal_validity_filter,9,0.642361,0.05053,0.553105,0.003799,0.429842,0.003687,0.0625,0.030175,0.017361,0.014556,0.100694,0.033325,0.315972,0.050763,0.368056,0.059924,0.64039,0.014941,0.21871,0.001749,0.060024,0.001549,0.314133,0.044497,0.447507,0.060325,48
0.4,failure_aware_manipulation_policy,0,0.625,0.051005,0.505737,0.002866,0.443216,0.003369,0.09375,0.030613,0.017361,0.017506,0.076389,0.029111,0.423611,0.057508,0.413194,0.05835,0.671388,0.01588,0.226276,0.002101,0.108517,0.001702,0.328351,0.044692,0.421037,0.061606,48
0.4,failure_aware_manipulation_policy,1,0.649306,0.051687,0.506936,0.00324,0.440723,0.003555,0.069444,0.027222,0.027778,0.020247,0.079861,0.036379,0.361111,0.058628,0.40625,0.061443,0.669306,0.013819,0.226405,0.001849,0.109749,0.001525,0.307373,0.044839,0.443625,0.064556,48
0.4,failure_aware_manipulation_policy,2,0.576389,0.065216,0.504432,0.003206,0.44079,0.003567,0.069444,0.032013,0.020833,0.015759,0.069444,0.032013,0.364583,0.056427,0.409722,0.059924,0.672683,0.015197,0.227606,0.001546,0.108895,0.001638,0.372053,0.057233,0.380608,0.072295,48
0.4,failure_aware_manipulation_policy,3,0.597222,0.060611,0.508179,0.003262,0.43914,0.003319,0.09375,0.032121,0.038194,0.022264,0.072917,0.033561,0.378472,0.053042,0.40625,0.064449,0.671042,0.015769,0.227154,0.001785,0.108649,0.001475,0.352559,0.052987,0.367434,0.061431,48
0.4,failure_aware_manipulation_policy,4,0.642361,0.063026,0.509354,0.003293,0.443818,0.003693,0.097222,0.032013,0.03125,0.020988,0.052083,0.024133,0.385417,0.05767,0.392361,0.05544,0.670886,0.015001,0.225813,0.00185,0.10872,0.001422,0.313919,0.055234,0.427698,0.070165,48
0.4,failure_aware_manipulation_policy,5,0.618056,0.066651,0.508238,0.003434,0.440976,0.00362,0.069444,0.0305,0.048611,0.025657,0.045139,0.023302,0.447917,0.060863,0.385417,0.050686,0.670719,0.015894,0.227627,0.001938,0.108422,0.001461,0.334597,0.058445,0.416413,0.079983,48
0.4,failure_aware_manipulation_policy,6,0.607639,0.058754,0.510177,0.002902,0.438864,0.003856,0.086806,0.032243,0.034722,0.019351,0.059028,0.024778,0.420139,0.05835,0.472222,0.057815,0.671097,0.015192,0.22591,0.00216,0.108555,0.001565,0.344683,0.051605,0.401875,0.071858,48
0.4,failure_aware_manipulation_policy,7,0.649306,0.055226,0.508831,0.002812,0.441687,0.003551,0.100694,0.033325,0.027778,0.017758,0.097222,0.036175,0.392361,0.05006,0.399306,0.058955,0.664521,0.015764,0.225802,0.001982,0.10997,0.001642,0.307623,0.048397,0.412853,0.062875,48
0.4,failure_aware_manipulation_policy,8,0.635417,0.05115,0.508328,0.003516,0.43834,0.003321,0.086806,0.037657,0.034722,0.019351,0.055556,0.029715,0.347222,0.060611,0.427083,0.056636,0.667546,0.014534,0.227406,0.002074,0.109058,0.001413,0.320169,0.044851,0.421169,0.061029,48
0.4,failure_aware_manipulation_policy,9,0.677083,0.059487,0.506539,0.002971,0.437038,0.003455,0.114583,0.035279,0.048611,0.023742,0.09375,0.037552,0.364583,0.044205,0.402778,0.055732,0.666822,0.014804,0.225172,0.001947,0.10923,0.001724,0.283523,0.052283,0.414027,0.076605,48
0.4,goal_retargeting_heuristic,0,0.552083,0.053412,0.421669,0.002564,0.449791,0.004043,0.069444,0.033458,0.041667,0.02281,0.079861,0.033678,0.277778,0.048955,0.364583,0.055582,0.738935,0.015411,0.220724,0.002133,0.127771,0.001692,0.391913,0.046766,0.317213,0.06082,48
0.4,goal_retargeting_heuristic,1,0.600694,0.061314,0.419462,0.002909,0.448389,0.003509,0.100694,0.036053,0.027778,0.017758,0.079861,0.033678,0.302083,0.055582,0.381944,0.058324,0.739583,0.01458,0.218434,0.001949,0.126901,0.00199,0.351045,0.054161,0.365586,0.066924,48
0.4,goal_retargeting_heuristic,2,0.538194,0.062461,0.419241,0.004025,0.450883,0.00315,0.100694,0.038588,0.045139,0.027059,0.104167,0.031704,0.277778,0.051772,0.409722,0.05234,0.736986,0.015836,0.220059,0.002124,0.126816,0.001407,0.405797,0.054749,0.270254,0.079439,48
0.4,goal_retargeting_heuristic,3,0.583333,0.055021,0.424384,0.003726,0.445083,0.003794,0.076389,0.032198,0.027778,0.017758,0.104167,0.033162,0.28125,0.046804,0.399306,0.055653,0.740069,0.015145,0.221487,0.002197,0.125779,0.001468,0.364269,0.048021,0.346733,0.059431,48
0.4,goal_retargeting_heuristic,4,0.548611,0.058324,0.421011,0.003223,0.446894,0.003603,0.09375,0.036271,0.045139,0.02525,0.09375,0.032121,0.291667,0.046136,0.413194,0.051457,0.736388,0.015419,0.219891,0.002231,0.126312,0.001474,0.395937,0.050596,0.297332,0.077804,48
0.4,goal_retargeting_heuristic,5,0.586806,0.057533,0.425654,0.003024,0.446845,0.003377,0.09375,0.034942,0.041667,0.024797,0.086806,0.033678,0.284722,0.049555,0.4375,0.058863,0.739439,0.014569,0.219818,0.002166,0.126267,0.001693,0.361436,0.050255,0.336484,0.06804,48
0.4,goal_retargeting_heuristic,6,0.625,0.06035,0.420763,0.003313,0.450849,0.003714,0.083333,0.030757,0.03125,0.018598,0.114583,0.033912,0.326389,0.053236,0.402778,0.070698,0.73652,0.014319,0.219355,0.002102,0.126333,0.001631,0.329605,0.053434,0.376234,0.073768,48
0.4,goal_retargeting_heuristic,7,0.513889,0.057405,0.422199,0.003617,0.44971,0.003728,0.09375,0.033561,0.045139,0.023302,0.076389,0.033635,0.350694,0.056076,0.371528,0.050763,0.740997,0.015415,0.220578,0.001484,0.1277,0.001604,0.426222,0.049991,0.266031,0.074078,48
0.4,goal_retargeting_heuristic,8,0.604167,0.059661,0.420978,0.003336,0.448728,0.003342,0.072917,0.027349,0.034722,0.019351,0.104167,0.035902,0.315972,0.054363,0.434028,0.069962,0.738272,0.016385,0.220695,0.001572,0.127136,0.001512,0.348056,0.052674,0.371302,0.067711,48
0.4,goal_retargeting_heuristic,9,0.604167,0.050187,0.424031,0.00314,0.447132,0.003521,0.097222,0.036175,0.048611,0.023742,0.100694,0.038588,0.288194,0.052142,0.409722,0.053236,0.740006,0.01508,0.220939,0.00216,0.127028,0.001695,0.348317,0.044407,0.33717,0.061886,48
0.4,learned_goal_state_classifier,0,0.625,0.044038,0.57594,0.002969,0.452569,0.003139,0.097222,0.034843,0.038194,0.022264,0.100694,0.037342,0.409722,0.058324,0.395833,0.050187,0.625847,0.015219,0.216016,0.001723,0.091001,0.001725,0.328118,0.038516,0.390735,0.056128,48
0.4,learned_goal_state_classifier,1,0.642361,0.05835,0.575839,0.003282,0.452231,0.003758,0.09375,0.033561,0.020833,0.018518,0.069444,0.0305,0.427083,0.056636,0.409722,0.055838,0.62038,0.015333,0.214809,0.001748,0.091381,0.001381,0.313456,0.050963,0.449258,0.065369,48
0.4,learned_goal_state_classifier,2,0.684028,0.056076,0.579959,0.003252,0.453283,0.003555,0.069444,0.028908,0.027778,0.017758,0.059028,0.02834,0.399306,0.058955,0.402778,0.051314,0.619481,0.014818,0.215202,0.002206,0.091126,0.001478,0.277522,0.049175,0.500267,0.065755,48
0.4,learned_goal_state_classifier,3,0.586806,0.056705,0.576909,0.002594,0.453438,0.003283,0.083333,0.030757,0.013889,0.016372,0.09375,0.034942,0.388889,0.066206,0.420139,0.068077,0.622224,0.015227,0.214682,0.001809,0.090406,0.001206,0.362348,0.050011,0.387104,0.070526,48
0.4,learned_goal_state_classifier,4,0.649306,0.061699,0.573098,0.003063,0.448321,0.00361,0.065972,0.030354,0.034722,0.019351,0.0625,0.030175,0.40625,0.054072,0.392361,0.067729,0.61777,0.015786,0.215077,0.001868,0.091148,0.00148,0.307019,0.053855,0.462336,0.074856,48
0.4,learned_goal_state_classifier,5,0.628472,0.056076,0.573568,0.00322,0.449312,0.003364,0.079861,0.036379,0.020833,0.015759,0.072917,0.033561,0.427083,0.045523,0.444444,0.062532,0.620405,0.014654,0.215211,0.001581,0.091163,0.001763,0.324987,0.049076,0.439086,0.061517,48
0.4,learned_goal_state_classifier,6,0.652778,0.053125,0.574277,0.002956,0.451347,0.003074,0.065972,0.02525,0.006944,0.009522,0.083333,0.042396,0.395833,0.0564,0.465278,0.062247,0.620769,0.014841,0.215475,0.002125,0.090244,0.001678,0.304577,0.046485,0.481396,0.064284,48
0.4,learned_goal_state_classifier,7,0.628472,0.059354,0.575388,0.003489,0.451342,0.003247,0.09375,0.033561,0.020833,0.018518,0.065972,0.030354,0.354167,0.052038,0.46875,0.058079,0.620949,0.014726,0.214559,0.002043,0.090809,0.001253,0.325827,0.051935,0.42936,0.071769,48
0.4,learned_goal_state_classifier,8,0.659722,0.050501,0.573177,0.002963,0.453501,0.004194,0.097222,0.036175,0.03125,0.020988,0.072917,0.027349,0.315972,0.056076,0.420139,0.059155,0.622433,0.01502,0.215775,0.002231,0.090464,0.001564,0.299203,0.044461,0.445211,0.069667,48
0.4,learned_goal_state_classifier,9,0.670139,0.057121,0.574139,0.003581,0.451888,0.00388,0.083333,0.033693,0.034722,0.019351,0.0625,0.034559,0.399306,0.050295,0.399306,0.055653,0.622899,0.015497,0.213188,0.001697,0.090722,0.001586,0.290307,0.050507,0.469834,0.068344,48
0.4,oracle_goal_state_supervisor,0,0.857639,0.044561,0.812797,0.003275,0.673378,0.003388,0.0,0.0,0.0,0.0,0.0,0.0,0.614583,0.05767,0.604167,0.050187,0.427107,0.014563,0.275509,0.001983,0.006769,0.001324,0.0,0.0,0.817709,0.044218,48
0.4,oracle_goal_state_supervisor,1,0.90625,0.034942,0.812948,0.00317,0.677178,0.003418,0.0,0.0,0.0,0.0,0.0,0.0,0.611111,0.06022,0.607639,0.056287,0.429342,0.015411,0.276157,0.001675,0.007791,0.001492,0.0,0.0,0.865804,0.035229,48
0.4,oracle_goal_state_supervisor,2,0.833333,0.041265,0.81301,0.003297,0.675165,0.003441,0.0,0.0,0.0,0.0,0.0,0.0,0.600694,0.053042,0.638889,0.061,0.42411,0.015321,0.277497,0.002018,0.006822,0.001562,0.0,0.0,0.793757,0.041431,48
0.4,oracle_goal_state_supervisor,3,0.840278,0.046604,0.817715,0.002786,0.67298,0.003718,0.0,0.0,0.0,0.0,0.0,0.0,0.600694,0.053042,0.618056,0.064487,0.424116,0.014901,0.273867,0.001923,0.007209,0.001401,0.0,0.0,0.800471,0.046695,48
0.4,oracle_goal_state_supervisor,4,0.861111,0.043859,0.81126,0.00308,0.675693,0.003337,0.0,0.0,0.0,0.0,0.0,0.0,0.569444,0.059826,0.659722,0.059924,0.42481,0.01512,0.275061,0.001876,0.006775,0.001426,0.0,0.0,0.821045,0.044227,48
0.4,oracle_goal_state_supervisor,5,0.892361,0.034374,0.813263,0.003958,0.677083,0.003258,0.0,0.0,0.0,0.0,0.0,0.0,0.611111,0.058628,0.649306,0.054363,0.423556,0.014936,0.275683,0.0017,0.0075,0.001444,0.0,0.0,0.853861,0.035175,48
0.4,oracle_goal_state_supervisor,6,0.878472,0.040966,0.814269,0.002999,0.673053,0.003507,0.0,0.0,0.0,0.0,0.0,0.0,0.583333,0.055021,0.642361,0.059949,0.423172,0.014334,0.274998,0.001812,0.007702,0.001127,0.0,0.0,0.838274,0.039755,48
0.4,oracle_goal_state_supervisor,7,0.875,0.045099,0.814584,0.003351,0.673987,0.003416,0.0,0.0,0.0,0.0,0.0,0.0,0.579861,0.053264,0.645833,0.058053,0.422883,0.015557,0.276369,0.001727,0.006573,0.001265,0.0,0.0,0.834672,0.045178,48
0.4,oracle_goal_state_supervisor,8,0.871528,0.034028,0.815615,0.003257,0.674596,0.003794,0.0,0.0,0.0,0.0,0.0,0.0,0.548611,0.059924,0.666667,0.047649,0.424979,0.015631,0.274908,0.002009,0.007974,0.001371,0.0,0.0,0.83018,0.034863,48
0.4,oracle_goal_state_supervisor,9,0.850694,0.045868,0.815247,0.002846,0.673997,0.003163,0.0,0.0,0.0,0.0,0.0,0.0,0.565972,0.059752,0.625,0.056295,0.42698,0.015563,0.274678,0.001956,0.007025,0.001142,0.0,0.0,0.808741,0.04619,48
0.4,pomdp_belief_planner,0,0.625,0.061898,0.514439,0.002809,0.394113,0.003736,0.100694,0.033325,0.034722,0.019351,0.055556,0.026339,0.326389,0.056679,0.329861,0.04714,0.661585,0.015633,0.225806,0.001952,0.111661,0.001582,0.328259,0.054228,0.400415,0.072266,48
0.4,pomdp_belief_planner,1,0.638889,0.054444,0.512617,0.003057,0.399546,0.003145,0.111111,0.044924,0.03125,0.018598,0.065972,0.031875,0.381944,0.056679,0.385417,0.061635,0.66432,0.014572,0.224378,0.002062,0.112523,0.001573,0.316145,0.047554,0.408078,0.07452,48
0.4,pomdp_belief_planner,2,0.600694,0.052142,0.512914,0.002661,0.394104,0.00347,0.090278,0.030693,0.048611,0.023742,0.107639,0.031501,0.336806,0.057943,0.388889,0.046983,0.663431,0.016124,0.225691,0.001995,0.112247,0.001621,0.350479,0.04556,0.342007,0.064616,48
0.4,pomdp_belief_planner,3,0.583333,0.056714,0.511136,0.003675,0.393378,0.003429,0.072917,0.034942,0.059028,0.026618,0.055556,0.026339,0.354167,0.052038,0.329861,0.059553,0.662468,0.013806,0.225729,0.002305,0.113725,0.001575,0.365323,0.050126,0.355653,0.060242,48
0.4,pomdp_belief_planner,4,0.576389,0.050501,0.51366,0.003405,0.395646,0.003157,0.104167,0.043088,0.034722,0.025657,0.097222,0.033458,0.375,0.051005,0.409722,0.053236,0.662289,0.015645,0.225847,0.0019,0.112597,0.001339,0.371852,0.044173,0.329255,0.062219,48
0.4,pomdp_belief_planner,5,0.586806,0.067379,0.51339,0.003104,0.394668,0.0038,0.076389,0.035013,0.038194,0.022264,0.086806,0.032243,0.395833,0.061226,0.357639,0.060733,0.664841,0.016022,0.225822,0.001766,0.113298,0.001548,0.361481,0.058707,0.358926,0.080714,48
0.4,pomdp_belief_planner,6,0.618056,0.051429,0.512762,0.003016,0.39285,0.003133,0.128472,0.045868,0.03125,0.018598,0.111111,0.031266,0.388889,0.048955,0.336806,0.061121,0.662336,0.015564,0.225823,0.001855,0.112122,0.0014,0.334718,0.044881,0.344947,0.063959,48
0.4,pomdp_belief_planner,7,0.607639,0.056287,0.513936,0.003163,0.389376,0.004239,0.09375,0.034942,0.041667,0.028357,0.059028,0.026618,0.409722,0.050501,0.357639,0.059155,0.661549,0.014465,0.224797,0.001881,0.113153,0.001449,0.343752,0.048779,0.383119,0.069488,48
0.4,pomdp_belief_planner,8,0.631944,0.060709,0.512998,0.002923,0.394678,0.003802,0.100694,0.038588,0.048611,0.027439,0.065972,0.027059,0.430556,0.049436,0.368056,0.060709,0.665254,0.014935,0.225467,0.001811,0.112064,0.001369,0.323374,0.053287,0.405182,0.086832,48
0.4,pomdp_belief_planner,9,0.555556,0.058628,0.514401,0.002984,0.3943,0.00365,0.107639,0.032969,0.038194,0.024296,0.086806,0.030741,0.385417,0.05767,0.326389,0.048591,0.663295,0.015821,0.225156,0.00201,0.112612,0.001434,0.390406,0.051358,0.311855,0.071913,48
0.4,risk_budgeted_goal_recovery,0,0.65625,0.057052,0.559172,0.00354,0.471251,0.003496,0.055556,0.024477,0.017361,0.014556,0.052083,0.029431,0.440972,0.06189,0.427083,0.059883,0.627754,0.014562,0.243467,0.001976,0.070646,0.001461,0.300581,0.049751,0.495893,0.068721,48
0.4,risk_budgeted_goal_recovery,1,0.65625,0.052744,0.562065,0.002836,0.468415,0.00438,0.03125,0.018598,0.010417,0.011534,0.03125,0.018598,0.409722,0.054118,0.434028,0.060538,0.629781,0.01489,0.243669,0.001857,0.070141,0.001366,0.301748,0.046379,0.530996,0.05859,48
0.4,risk_budgeted_goal_recovery,2,0.659722,0.048591,0.556909,0.003377,0.466016,0.004247,0.059028,0.024778,0.017361,0.014556,0.0625,0.026858,0.375,0.063408,0.46875,0.057259,0.632517,0.01438,0.24504,0.002022,0.070418,0.001566,0.298847,0.042776,0.487776,0.05339,48
0.4,risk_budgeted_goal_recovery,3,0.6875,0.055555,0.559334,0.002794,0.467646,0.003725,0.041667,0.02281,0.020833,0.015759,0.048611,0.023742,0.402778,0.059826,0.489583,0.053633,0.626678,0.015462,0.244746,0.002064,0.071457,0.00149,0.273832,0.049011,0.536174,0.062034,48
0.4,risk_budgeted_goal_recovery,4,0.645833,0.049236,0.560516,0.002732,0.466834,0.003795,0.045139,0.027059,0.010417,0.011534,0.0625,0.031704,0.392361,0.04714,0.479167,0.061226,0.630267,0.015559,0.245693,0.00208,0.070272,0.001577,0.310913,0.043059,0.492936,0.055661,48
0.4,risk_budgeted_goal_recovery,5,0.625,0.056295,0.5596,0.002447,0.469582,0.003422,0.072917,0.033561,0.034722,0.021658,0.072917,0.034942,0.371528,0.059354,0.451389,0.057508,0.630944,0.014501,0.245363,0.002007,0.071109,0.001448,0.328757,0.049256,0.420677,0.062334,48
0.4,risk_budgeted_goal_recovery,6,0.628472,0.060146,0.560237,0.00316,0.467386,0.00378,0.065972,0.037342,0.0,0.0,0.041667,0.02281,0.357639,0.061507,0.420139,0.055012,0.62674,0.015178,0.244502,0.001639,0.071027,0.001605,0.326518,0.053018,0.478645,0.068569,48
0.4,risk_budgeted_goal_recovery,7,0.677083,0.063338,0.557535,0.002676,0.46839,0.003813,0.052083,0.024133,0.020833,0.018518,0.059028,0.022789,0.392361,0.044027,0.385417,0.052519,0.630483,0.015525,0.243743,0.001978,0.07161,0.001639,0.283014,0.055533,0.505773,0.070824,48
0.4,risk_budgeted_goal_recovery,8,0.638889,0.052678,0.561487,0.003104,0.466249,0.003551,0.048611,0.023742,0.020833,0.015759,0.052083,0.027778,0.395833,0.063501,0.503472,0.05006,0.626828,0.015082,0.246292,0.002047,0.07072,0.001563,0.31781,0.046761,0.482858,0.057273,48
0.4,risk_budgeted_goal_recovery,9,0.666667,0.06378,0.558839,0.003229,0.466267,0.003711,0.045139,0.023302,0.017361,0.014556,0.072917,0.033561,0.388889,0.062532,0.427083,0.064449,0.631212,0.014822,0.243159,0.001855,0.07177,0.00161,0.292706,0.056251,0.497324,0.075498,48
0.4,risk_calibrated_goal_belief_revision_v5,0,0.8125,0.044172,0.751983,0.00293,0.621216,0.004057,0.0,0.0,0.0,0.0,0.003472,0.006806,0.576389,0.068056,0.638889,0.058628,0.47436,0.015065,0.273119,0.001912,0.02404,0.00159,0.163598,0.038343,0.765357,0.043947,48
0.4,risk_calibrated_goal_belief_revision_v5,1,0.760417,0.050452,0.753199,0.003418,0.621636,0.003872,0.006944,0.009522,0.003472,0.006806,0.003472,0.006806,0.572917,0.059883,0.576389,0.065937,0.477513,0.01481,0.273794,0.001943,0.023886,0.001871,0.21056,0.044422,0.701281,0.052496,48
0.4,risk_calibrated_goal_belief_revision_v5,2,0.805556,0.044924,0.744641,0.002835,0.620849,0.004598,0.003472,0.006806,0.0,0.0,0.006944,0.009522,0.565972,0.050295,0.534722,0.068747,0.476582,0.015085,0.27249,0.001723,0.022741,0.001768,0.170731,0.039271,0.748997,0.045381,48
0.4,risk_calibrated_goal_belief_revision_v5,3,0.78125,0.043667,0.752553,0.002891,0.621988,0.004175,0.013889,0.01317,0.003472,0.006806,0.006944,0.009522,0.5625,0.061226,0.555556,0.052678,0.475166,0.015387,0.271714,0.00173,0.023075,0.001859,0.191572,0.038392,0.714365,0.045813,48
0.4,risk_calibrated_goal_belief_revision_v5,4,0.763889,0.048469,0.752073,0.00327,0.620335,0.003604,0.003472,0.006806,0.0,0.0,0.010417,0.011534,0.53125,0.047307,0.611111,0.056155,0.472125,0.014509,0.270289,0.001615,0.023263,0.001566,0.20739,0.042554,0.707008,0.04988,48
0.4,risk_calibrated_goal_belief_revision_v5,5,0.777778,0.043859,0.751601,0.003093,0.620931,0.003555,0.006944,0.009522,0.0,0.0,0.003472,0.006806,0.586806,0.05835,0.600694,0.058955,0.477724,0.014501,0.273062,0.001591,0.02318,0.001528,0.19477,0.038455,0.724742,0.04442,48
0.4,risk_calibrated_goal_belief_revision_v5,6,0.822917,0.039396,0.749196,0.002547,0.620397,0.003558,0.006944,0.009522,0.0,0.0,0.006944,0.009522,0.607639,0.05006,0.625,0.052828,0.477473,0.015607,0.274476,0.001955,0.023557,0.001733,0.15499,0.034319,0.769787,0.041113,48
0.4,risk_calibrated_goal_belief_revision_v5,7,0.791667,0.048143,0.753304,0.003274,0.618339,0.002889,0.013889,0.01317,0.0,0.0,0.003472,0.006806,0.555556,0.059429,0.586806,0.048622,0.478608,0.016207,0.271386,0.001751,0.024363,0.001476,0.182813,0.042317,0.731123,0.049879,48
0.4,risk_calibrated_goal_belief_revision_v5,8,0.78125,0.043667,0.751847,0.003446,0.617298,0.004067,0.013889,0.01317,0.003472,0.006806,0.006944,0.009522,0.555556,0.052678,0.541667,0.061898,0.474022,0.015406,0.271721,0.001886,0.023751,0.001556,0.192778,0.038645,0.713121,0.045167,48
0.4,risk_calibrated_goal_belief_revision_v5,9,0.84375,0.042847,0.753089,0.003689,0.623515,0.00317,0.003472,0.006806,0.0,0.0,0.003472,0.006806,0.569444,0.052227,0.586806,0.060733,0.470447,0.015592,0.270919,0.001771,0.02353,0.001639,0.137527,0.037594,0.792187,0.043365,48
0.4,robust_mpc_replan,0,0.607639,0.049106,0.473883,0.003276,0.436141,0.003919,0.100694,0.037342,0.027778,0.017758,0.100694,0.038588,0.40625,0.050452,0.447917,0.063896,0.697955,0.014478,0.236214,0.001764,0.102976,0.001507,0.343309,0.042896,0.37107,0.062482,48
0.4,robust_mpc_replan,1,0.614583,0.052519,0.478512,0.003269,0.439551,0.004097,0.079861,0.037657,0.034722,0.021658,0.079861,0.029162,0.381944,0.05234,0.392361,0.052818,0.692382,0.013998,0.237555,0.001849,0.104512,0.001667,0.338492,0.045942,0.391946,0.075916,48
0.4,robust_mpc_replan,2,0.59375,0.065178,0.472893,0.002925,0.436592,0.003462,0.097222,0.036175,0.034722,0.021658,0.083333,0.030757,0.368056,0.049555,0.461806,0.061699,0.693811,0.015087,0.235727,0.002107,0.103356,0.001404,0.356648,0.057228,0.36446,0.074295,48
0.4,robust_mpc_replan,3,0.618056,0.05234,0.474268,0.002456,0.441015,0.003546,0.059028,0.029962,0.045139,0.02525,0.083333,0.029179,0.309028,0.053264,0.447917,0.063896,0.693401,0.015707,0.236852,0.001911,0.103717,0.001319,0.334154,0.045796,0.393427,0.065014,48
0.4,robust_mpc_replan,4,0.628472,0.055226,0.475974,0.0024,0.437092,0.0035,0.090278,0.037618,0.017361,0.017506,0.069444,0.027222,0.340278,0.048591,0.444444,0.046983,0.693447,0.015336,0.235783,0.00203,0.104306,0.001565,0.325406,0.047894,0.422105,0.067415,48
0.4,robust_mpc_replan,5,0.534722,0.066651,0.476934,0.003144,0.438447,0.00338,0.0625,0.028565,0.03125,0.020988,0.069444,0.033458,0.347222,0.046477,0.454861,0.062081,0.694406,0.014643,0.234452,0.001704,0.103386,0.001457,0.407702,0.058398,0.341002,0.071294,48
0.4,robust_mpc_replan,6,0.642361,0.052369,0.476515,0.002854,0.437347,0.003828,0.145833,0.050187,0.027778,0.020247,0.065972,0.023302,0.399306,0.058955,0.430556,0.054008,0.693156,0.015528,0.236245,0.001984,0.104308,0.001697,0.313477,0.045777,0.392135,0.073073,48
0.4,robust_mpc_replan,7,0.65625,0.059487,0.477987,0.002767,0.43702,0.003836,0.104167,0.043088,0.048611,0.025657,0.076389,0.029111,0.354167,0.063501,0.40625,0.056636,0.69594,0.014388,0.236029,0.002014,0.104337,0.001602,0.302324,0.052674,0.401857,0.075275,48
0.4,robust_mpc_replan,8,0.638889,0.057815,0.475189,0.002876,0.438551,0.003536,0.069444,0.027222,0.03125,0.020988,0.076389,0.040054,0.40625,0.058282,0.395833,0.058053,0.69454,0.016145,0.237744,0.002213,0.103261,0.001707,0.317334,0.050808,0.429885,0.067244,48
0.4,robust_mpc_replan,9,0.645833,0.064242,0.47626,0.002948,0.438015,0.003721,0.083333,0.033693,0.024306,0.019427,0.072917,0.034942,0.354167,0.067122,0.451389,0.050501,0.693379,0.014541,0.238032,0.002024,0.104496,0.001588,0.310174,0.05594,0.432708,0.074514,48
0.5,active_viewpoint_reacquisition,0,0.576389,0.058324,0.434979,0.003169,0.291474,0.003872,0.118056,0.043452,0.069444,0.032013,0.107639,0.032969,0.4375,0.065698,0.284722,0.054985,0.723832,0.016032,0.246953,0.001993,0.137394,0.001713,0.370442,0.050883,0.26578,0.07513,48
0.5,active_viewpoint_reacquisition,1,0.510417,0.064081,0.437321,0.003241,0.291979,0.003606,0.145833,0.044172,0.052083,0.026019,0.086806,0.030741,0.420139,0.052369,0.295139,0.054363,0.722133,0.016482,0.245718,0.002298,0.138496,0.001332,0.429095,0.056208,0.210208,0.076049,48
0.5,active_viewpoint_reacquisition,2,0.513889,0.058223,0.437527,0.002977,0.290345,0.00341,0.104167,0.034559,0.045139,0.021175,0.097222,0.033458,0.413194,0.065239,0.284722,0.057508,0.72515,0.016109,0.246005,0.001928,0.137973,0.001928,0.425052,0.050951,0.24456,0.065541,48
0.5,active_viewpoint_reacquisition,3,0.625,0.055449,0.438069,0.002925,0.291898,0.003184,0.159722,0.040054,0.048611,0.023742,0.079861,0.029162,0.40625,0.064449,0.270833,0.053826,0.726372,0.01589,0.24841,0.001843,0.138891,0.001517,0.327842,0.048226,0.316445,0.073149,48
0.5,active_viewpoint_reacquisition,4,0.586806,0.076579,0.436136,0.003154,0.293411,0.003166,0.138889,0.044924,0.034722,0.019351,0.048611,0.025657,0.399306,0.064326,0.229167,0.04523,0.724673,0.016044,0.247614,0.001816,0.13753,0.001424,0.361922,0.067317,0.318914,0.086579,48
0.5,active_viewpoint_reacquisition,5,0.590278,0.058324,0.4354,0.003048,0.293078,0.003609,0.128472,0.03797,0.072917,0.030613,0.138889,0.034158,0.402778,0.049436,0.21875,0.046804,0.72875,0.014944,0.245482,0.002093,0.138684,0.001591,0.357663,0.050575,0.242686,0.067866,48
0.5,active_viewpoint_reacquisition,6,0.506944,0.060709,0.437602,0.003205,0.292704,0.003635,0.131944,0.043452,0.065972,0.027059,0.090278,0.035013,0.347222,0.053125,0.288194,0.051227,0.719713,0.016528,0.245976,0.002096,0.138524,0.001658,0.430795,0.052734,0.201245,0.074865,48
0.5,active_viewpoint_reacquisition,7,0.555556,0.06022,0.438203,0.003255,0.293948,0.003333,0.15625,0.049025,0.065972,0.030354,0.072917,0.029027,0.381944,0.060709,0.284722,0.062247,0.725689,0.016537,0.247462,0.001841,0.138914,0.001579,0.388844,0.052494,0.241644,0.076131,48
0.5,active_viewpoint_reacquisition,8,0.555556,0.051772,0.437562,0.003458,0.289985,0.003519,0.128472,0.036703,0.045139,0.021175,0.086806,0.029162,0.381944,0.059924,0.243056,0.053236,0.720565,0.016127,0.247682,0.001975,0.137751,0.001452,0.386976,0.044971,0.267333,0.06523,48
0.5,active_viewpoint_reacquisition,9,0.552083,0.058485,0.437457,0.002772,0.292565,0.003718,0.166667,0.03767,0.076389,0.027439,0.079861,0.029162,0.420139,0.05835,0.222222,0.056155,0.721931,0.016411,0.246049,0.001968,0.137977,0.00164,0.391359,0.050841,0.221474,0.063669,48
0.5,conformal_goal_validity_filter,0,0.611111,0.062532,0.542346,0.003042,0.419606,0.003321,0.079861,0.038893,0.020833,0.015759,0.045139,0.027059,0.291667,0.058762,0.375,0.049116,0.664224,0.016004,0.218368,0.00201,0.064276,0.001603,0.339724,0.054259,0.429634,0.082256,48
0.5,conformal_goal_validity_filter,1,0.579861,0.055865,0.540207,0.00372,0.419381,0.003873,0.090278,0.033635,0.024306,0.016817,0.069444,0.028908,0.326389,0.059924,0.409722,0.056679,0.659661,0.016695,0.21836,0.001956,0.065187,0.001633,0.367618,0.04853,0.37611,0.067421,48
0.5,conformal_goal_validity_filter,2,0.569444,0.070025,0.541343,0.002873,0.41928,0.003641,0.076389,0.033635,0.041667,0.02281,0.083333,0.030757,0.340278,0.055838,0.347222,0.059826,0.663055,0.015206,0.217941,0.001896,0.065474,0.00166,0.376476,0.061234,0.357802,0.088465,48
0.5,conformal_goal_validity_filter,3,0.59375,0.062208,0.53988,0.003642,0.418942,0.004154,0.072917,0.032121,0.017361,0.017506,0.069444,0.027222,0.375,0.051005,0.388889,0.056155,0.664763,0.016493,0.220493,0.00175,0.064272,0.00172,0.354233,0.053975,0.410787,0.066974,48
0.5,conformal_goal_validity_filter,4,0.527778,0.059429,0.539824,0.003023,0.419999,0.003462,0.079861,0.036379,0.013889,0.01317,0.072917,0.033561,0.357639,0.048622,0.361111,0.055306,0.667123,0.016171,0.221187,0.001724,0.06489,0.00139,0.413239,0.052031,0.339131,0.069502,48
0.5,conformal_goal_validity_filter,5,0.690972,0.051457,0.538061,0.003146,0.42021,0.004049,0.0625,0.026858,0.020833,0.015759,0.090278,0.036339,0.347222,0.052227,0.381944,0.066651,0.665277,0.016183,0.22108,0.002158,0.064682,0.001673,0.270209,0.045053,0.498002,0.062285,48
0.5,conformal_goal_validity_filter,6,0.565972,0.067203,0.540388,0.0034,0.419801,0.004106,0.045139,0.023302,0.017361,0.014556,0.079861,0.035055,0.34375,0.054508,0.395833,0.062752,0.657283,0.016529,0.220382,0.002164,0.063121,0.001358,0.379304,0.058637,0.395602,0.069858,48
0.5,conformal_goal_validity_filter,7,0.597222,0.053125,0.542042,0.002989,0.419297,0.004048,0.059028,0.029962,0.027778,0.017758,0.076389,0.029111,0.329861,0.060342,0.440972,0.05458,0.665498,0.016534,0.21872,0.002212,0.064083,0.001634,0.35234,0.046301,0.410281,0.063372,48
0.5,conformal_goal_validity_filter,8,0.597222,0.052227,0.539289,0.003428,0.420828,0.0037,0.107639,0.035723,0.038194,0.027919,0.065972,0.030354,0.315972,0.048864,0.354167,0.057233,0.664003,0.016487,0.21879,0.002302,0.064402,0.001973,0.35037,0.045425,0.370559,0.065098,48
0.5,conformal_goal_validity_filter,9,0.604167,0.071886,0.536779,0.00284,0.419655,0.003737,0.086806,0.032243,0.010417,0.011534,0.065972,0.027059,0.347222,0.050383,0.4375,0.058863,0.660242,0.016834,0.219713,0.001884,0.065014,0.001758,0.347021,0.063434,0.422591,0.072154,48
0.5,failure_aware_manipulation_policy,0,0.597222,0.045448,0.498754,0.002781,0.4319,0.003528,0.090278,0.029111,0.052083,0.024133,0.076389,0.036339,0.350694,0.056076,0.420139,0.066673,0.693984,0.015375,0.227134,0.002048,0.112269,0.001572,0.352607,0.039738,0.350534,0.057332,48
0.5,failure_aware_manipulation_policy,1,0.625,0.063408,0.496315,0.003286,0.434505,0.00345,0.072917,0.034942,0.03125,0.018598,0.055556,0.026339,0.347222,0.05903,0.354167,0.058863,0.693065,0.016256,0.227045,0.001956,0.11283,0.001555,0.328761,0.055349,0.424488,0.083927,48
0.5,failure_aware_manipulation_policy,2,0.618056,0.046604,0.494528,0.003043,0.433403,0.003493,0.072917,0.034942,0.03125,0.020988,0.086806,0.033678,0.315972,0.047886,0.430556,0.05903,0.686538,0.016009,0.227308,0.001813,0.111865,0.001757,0.333708,0.040448,0.398874,0.054396,48
0.5,failure_aware_manipulation_policy,3,0.614583,0.066791,0.494421,0.003041,0.431637,0.003122,0.069444,0.0305,0.020833,0.015759,0.086806,0.030741,0.347222,0.049436,0.361111,0.052678,0.690837,0.016261,0.228505,0.00212,0.112176,0.00158,0.336127,0.058089,0.40381,0.073496,48
0.5,failure_aware_manipulation_policy,4,0.618056,0.056679,0.493713,0.003082,0.429793,0.003692,0.069444,0.025425,0.052083,0.026019,0.069444,0.028908,0.347222,0.054008,0.413194,0.05835,0.690477,0.015457,0.226961,0.002178,0.113368,0.001583,0.333811,0.049014,0.392526,0.063836,48
0.5,failure_aware_manipulation_policy,5,0.583333,0.05054,0.493647,0.003253,0.434507,0.002851,0.090278,0.032198,0.045139,0.021175,0.076389,0.029111,0.378472,0.056496,0.420139,0.05053,0.693634,0.016819,0.228854,0.002043,0.113151,0.001522,0.363785,0.04391,0.35088,0.06183,48
0.5,failure_aware_manipulation_policy,6,0.621528,0.064326,0.495409,0.003128,0.435556,0.00369,0.059028,0.026618,0.017361,0.014556,0.0625,0.030175,0.347222,0.054877,0.381944,0.049555,0.695668,0.016034,0.227217,0.00174,0.112601,0.00168,0.330827,0.05609,0.437666,0.06804,48
0.5,failure_aware_manipulation_policy,7,0.604167,0.050187,0.492351,0.002896,0.431473,0.004282,0.083333,0.03767,0.034722,0.025657,0.086806,0.029162,0.350694,0.057739,0.420139,0.052369,0.692436,0.016885,0.225196,0.001674,0.112059,0.001589,0.346024,0.043647,0.374952,0.067838,48
0.5,failure_aware_manipulation_policy,8,0.590278,0.066651,0.495456,0.003247,0.433508,0.003391,0.069444,0.028908,0.048611,0.025657,0.100694,0.040966,0.420139,0.055012,0.388889,0.047979,0.693347,0.015377,0.226601,0.002377,0.111786,0.001538,0.356265,0.057787,0.361115,0.073489,48
0.5,failure_aware_manipulation_policy,9,0.614583,0.063151,0.494346,0.003361,0.433408,0.003609,0.083333,0.032259,0.065972,0.028754,0.052083,0.027778,0.326389,0.053236,0.472222,0.06022,0.690222,0.016311,0.227395,0.001987,0.113004,0.001638,0.33664,0.055145,0.375152,0.080962,48
0.5,goal_retargeting_heuristic,0,0.548611,0.048591,0.408855,0.002937,0.440917,0.003928,0.111111,0.035516,0.055556,0.024477,0.100694,0.038588,0.309028,0.059155,0.46875,0.055582,0.765282,0.016734,0.221036,0.002,0.131611,0.001526,0.394968,0.04251,0.271739,0.062928,48
0.5,goal_retargeting_heuristic,1,0.534722,0.066651,0.406404,0.003073,0.437653,0.003958,0.079861,0.030741,0.034722,0.021658,0.083333,0.033693,0.263889,0.046477,0.427083,0.069396,0.766939,0.015888,0.221367,0.001972,0.130631,0.00151,0.406603,0.057653,0.297826,0.077247,48
0.5,goal_retargeting_heuristic,2,0.559028,0.052818,0.407596,0.003038,0.436675,0.003554,0.090278,0.032198,0.038194,0.020027,0.111111,0.039309,0.284722,0.057508,0.416667,0.05054,0.763067,0.016195,0.220454,0.002062,0.131889,0.001333,0.385399,0.046015,0.301262,0.065772,48
0.5,goal_retargeting_heuristic,3,0.541667,0.056295,0.409663,0.002622,0.440657,0.003765,0.097222,0.04221,0.065972,0.028754,0.111111,0.041646,0.319444,0.062909,0.458333,0.062658,0.764037,0.015895,0.221228,0.00218,0.131995,0.001607,0.399864,0.048646,0.264229,0.074071,48
0.5,goal_retargeting_heuristic,4,0.590278,0.063003,0.410306,0.003268,0.440799,0.003404,0.097222,0.036175,0.052083,0.029431,0.083333,0.036393,0.25,0.05054,0.40625,0.061443,0.76222,0.015689,0.221952,0.001922,0.130933,0.001603,0.35901,0.055257,0.326986,0.075985,48
0.5,goal_retargeting_heuristic,5,0.600694,0.052142,0.409159,0.003008,0.43892,0.003287,0.100694,0.031875,0.038194,0.020027,0.090278,0.030693,0.253472,0.049585,0.416667,0.053273,0.765705,0.016211,0.22187,0.002059,0.130354,0.001589,0.348912,0.045581,0.338464,0.057434,48
0.5,goal_retargeting_heuristic,6,0.538194,0.064693,0.40943,0.002329,0.440048,0.003632,0.0625,0.028565,0.038194,0.022264,0.111111,0.038086,0.322917,0.050918,0.440972,0.0634,0.762905,0.01608,0.220185,0.001845,0.131884,0.001725,0.403528,0.056308,0.303604,0.080647,48
0.5,goal_retargeting_heuristic,7,0.565972,0.058955,0.407889,0.003264,0.440908,0.003203,0.118056,0.037618,0.041667,0.020633,0.107639,0.032969,0.277778,0.047979,0.399306,0.058147,0.759426,0.016251,0.220788,0.001687,0.13212,0.001422,0.37975,0.051419,0.286308,0.079144,48
0.5,goal_retargeting_heuristic,8,0.604167,0.060448,0.409472,0.002513,0.437973,0.003666,0.128472,0.043757,0.055556,0.026339,0.100694,0.033325,0.302083,0.052967,0.395833,0.053826,0.762643,0.015958,0.222405,0.002151,0.131734,0.00172,0.344776,0.052501,0.309307,0.080249,48
0.5,goal_retargeting_heuristic,9,0.572917,0.054072,0.409803,0.003586,0.438774,0.00391,0.097222,0.034843,0.034722,0.019351,0.100694,0.034716,0.305556,0.061,0.336806,0.056287,0.762598,0.015919,0.221806,0.001709,0.13045,0.00144,0.373662,0.047217,0.316319,0.067615,48
0.5,learned_goal_state_classifier,0,0.586806,0.063772,0.563967,0.002668,0.442925,0.003698,0.107639,0.037024,0.048611,0.025657,0.059028,0.026618,0.364583,0.053853,0.440972,0.057121,0.643284,0.016822,0.215716,0.001695,0.095269,0.001604,0.361074,0.055472,0.352731,0.078426,48
0.5,learned_goal_state_classifier,1,0.645833,0.052939,0.561282,0.003121,0.442201,0.00363,0.069444,0.033458,0.048611,0.027439,0.076389,0.035013,0.434028,0.062838,0.378472,0.061314,0.644472,0.016912,0.214594,0.001975,0.09418,0.001887,0.309345,0.045731,0.433562,0.076778,48
0.5,learned_goal_state_classifier,2,0.611111,0.056991,0.560217,0.003327,0.44091,0.003866,0.065972,0.028754,0.048611,0.025657,0.069444,0.032013,0.392361,0.05458,0.430556,0.05903,0.643309,0.015863,0.215598,0.002012,0.095633,0.001612,0.340408,0.050086,0.404048,0.071968,48
0.5,learned_goal_state_classifier,3,0.635417,0.050217,0.558653,0.00301,0.441487,0.003884,0.09375,0.030613,0.020833,0.015759,0.090278,0.035013,0.357639,0.054145,0.416667,0.056714,0.646391,0.015789,0.216344,0.001611,0.094226,0.001739,0.318138,0.043577,0.418829,0.059573,48
0.5,learned_goal_state_classifier,4,0.631944,0.054985,0.55986,0.002779,0.444262,0.003645,0.083333,0.030757,0.027778,0.017758,0.059028,0.02834,0.392361,0.057943,0.368056,0.050501,0.642158,0.01608,0.214131,0.002106,0.094103,0.001603,0.321734,0.048067,0.43543,0.062761,48
0.5,learned_goal_state_classifier,5,0.631944,0.055838,0.559845,0.00325,0.442365,0.003558,0.086806,0.035055,0.03125,0.018598,0.086806,0.032243,0.364583,0.058888,0.465278,0.061483,0.646391,0.016422,0.214781,0.001883,0.095291,0.001881,0.321541,0.048643,0.417553,0.060069,48
0.5,learned_goal_state_classifier,6,0.649306,0.061699,0.562297,0.002882,0.441718,0.003565,0.079861,0.035055,0.020833,0.015759,0.072917,0.030613,0.364583,0.052067,0.472222,0.056155,0.642631,0.016524,0.214706,0.001973,0.095235,0.001507,0.305751,0.053429,0.455164,0.071734,48
0.5,learned_goal_state_classifier,7,0.631944,0.048591,0.563371,0.002776,0.440705,0.003832,0.118056,0.032198,0.027778,0.017758,0.045139,0.027059,0.395833,0.061994,0.427083,0.05494,0.642326,0.016518,0.214686,0.001576,0.095072,0.001491,0.322365,0.042519,0.420151,0.061146,48
0.5,learned_goal_state_classifier,8,0.701389,0.054985,0.56042,0.003216,0.444799,0.003587,0.079861,0.037657,0.045139,0.023302,0.059028,0.02834,0.34375,0.050918,0.409722,0.061483,0.643058,0.014793,0.214644,0.001846,0.094886,0.001623,0.259356,0.047542,0.488685,0.074395,48
0.5,learned_goal_state_classifier,9,0.649306,0.057739,0.561891,0.003555,0.441328,0.004343,0.072917,0.027349,0.055556,0.026339,0.083333,0.033693,0.378472,0.048378,0.451389,0.049555,0.644152,0.016678,0.215152,0.001617,0.09444,0.001717,0.306818,0.050553,0.420476,0.066109,48
0.5,oracle_goal_state_supervisor,0,0.875,0.032984,0.80356,0.002938,0.667354,0.003547,0.0,0.0,0.0,0.0,0.0,0.0,0.604167,0.058863,0.631944,0.057508,0.448947,0.015576,0.275276,0.001707,0.010683,0.001574,0.0,0.0,0.834108,0.033688,48
0.5,oracle_goal_state_supervisor,1,0.868056,0.038855,0.804853,0.003462,0.666225,0.003615,0.0,0.0,0.0,0.0,0.0,0.0,0.677083,0.049981,0.642361,0.065239,0.445374,0.014623,0.276247,0.002124,0.010888,0.001628,0.0,0.0,0.832192,0.038578,48
0.5,oracle_goal_state_supervisor,2,0.868056,0.038855,0.801265,0.003376,0.665275,0.003588,0.0,0.0,0.0,0.0,0.0,0.0,0.600694,0.039794,0.642361,0.046635,0.445557,0.015989,0.274952,0.001574,0.009888,0.001576,0.0,0.0,0.827628,0.038985,48
0.5,oracle_goal_state_supervisor,3,0.854167,0.044172,0.800309,0.002937,0.66643,0.003607,0.0,0.0,0.0,0.0,0.0,0.0,0.628472,0.055226,0.621528,0.062838,0.445294,0.017004,0.27578,0.001861,0.011316,0.001684,0.0,0.0,0.814224,0.044943,48
0.5,oracle_goal_state_supervisor,4,0.864583,0.04087,0.80153,0.00292,0.665586,0.003654,0.0,0.0,0.0,0.0,0.0,0.0,0.569444,0.055732,0.65625,0.049981,0.44849,0.016161,0.277535,0.001663,0.010017,0.001503,0.0,0.0,0.822303,0.041356,48
0.5,oracle_goal_state_supervisor,5,0.881944,0.036339,0.80137,0.003328,0.66589,0.003385,0.0,0.0,0.0,0.0,0.0,0.0,0.576389,0.064487,0.604167,0.047276,0.444908,0.017078,0.273862,0.001909,0.010353,0.00163,0.0,0.0,0.838829,0.035483,48
0.5,oracle_goal_state_supervisor,6,0.868056,0.037618,0.803945,0.003068,0.667152,0.003962,0.0,0.0,0.0,0.0,0.0,0.0,0.625,0.064883,0.649306,0.060146,0.445188,0.016484,0.275846,0.002146,0.01002,0.00156,0.0,0.0,0.829244,0.037174,48
0.5,oracle_goal_state_supervisor,7,0.902778,0.028908,0.802593,0.003383,0.667502,0.003712,0.0,0.0,0.0,0.0,0.0,0.0,0.604167,0.054697,0.607639,0.064142,0.449657,0.015959,0.276532,0.002112,0.010468,0.001226,0.0,0.0,0.860521,0.029156,48
0.5,oracle_goal_state_supervisor,8,0.871528,0.03797,0.800342,0.003654,0.667252,0.004146,0.0,0.0,0.0,0.0,0.0,0.0,0.572917,0.06371,0.642361,0.046635,0.447438,0.016105,0.276808,0.001646,0.009716,0.001391,0.0,0.0,0.828989,0.038529,48
0.5,oracle_goal_state_supervisor,9,0.868056,0.04235,0.800874,0.002962,0.664735,0.003486,0.0,0.0,0.0,0.0,0.0,0.0,0.635417,0.05115,0.635417,0.067144,0.450137,0.01647,0.27321,0.001721,0.010394,0.001191,0.0,0.0,0.829675,0.041332,48
0.5,pomdp_belief_planner,0,0.635417,0.053853,0.500971,0.003209,0.388378,0.0036,0.111111,0.036823,0.027778,0.017758,0.076389,0.035013,0.364583,0.048296,0.364583,0.049266,0.683879,0.016886,0.226166,0.001982,0.116232,0.001457,0.318718,0.046776,0.397528,0.066444,48
0.5,pomdp_belief_planner,1,0.600694,0.058955,0.496542,0.002879,0.384146,0.002875,0.086806,0.033678,0.041667,0.024797,0.114583,0.037866,0.357639,0.049585,0.375,0.057129,0.684363,0.016205,0.225924,0.001787,0.11716,0.001752,0.349379,0.051204,0.34451,0.070382,48
0.5,pomdp_belief_planner,2,0.628472,0.051687,0.498927,0.003524,0.38446,0.003416,0.079861,0.030741,0.024306,0.019427,0.072917,0.032121,0.295139,0.051687,0.364583,0.053853,0.685435,0.016275,0.225929,0.001777,0.116179,0.001529,0.324695,0.04506,0.413807,0.064614,48
0.5,pomdp_belief_planner,3,0.625,0.057129,0.501521,0.003398,0.388337,0.003907,0.09375,0.029027,0.0625,0.025035,0.086806,0.033678,0.336806,0.05458,0.34375,0.061057,0.683666,0.018275,0.225052,0.001973,0.116941,0.00168,0.327327,0.049583,0.360021,0.071301,48
0.5,pomdp_belief_planner,4,0.614583,0.053412,0.501796,0.003955,0.388995,0.003039,0.09375,0.030613,0.045139,0.021175,0.09375,0.029027,0.375,0.057129,0.381944,0.059924,0.686291,0.015446,0.225004,0.001875,0.116241,0.001313,0.338323,0.047651,0.36498,0.063067,48
0.5,pomdp_belief_planner,5,0.649306,0.064693,0.498414,0.003382,0.382282,0.003448,0.118056,0.032198,0.048611,0.025657,0.076389,0.030693,0.319444,0.060611,0.302083,0.052967,0.685615,0.016839,0.225413,0.002072,0.116272,0.001697,0.305729,0.05617,0.386073,0.080993,48
0.5,pomdp_belief_planner,6,0.59375,0.06371,0.498452,0.003015,0.387115,0.003217,0.100694,0.036053,0.069444,0.0305,0.086806,0.030741,0.368056,0.055838,0.381944,0.049555,0.685174,0.016693,0.22497,0.001648,0.116492,0.001738,0.355276,0.055461,0.318762,0.071719,48
0.5,pomdp_belief_planner,7,0.555556,0.066206,0.499164,0.002662,0.388021,0.003208,0.09375,0.030613,0.020833,0.015759,0.086806,0.038893,0.385417,0.055155,0.368056,0.048591,0.681302,0.014961,0.226388,0.002036,0.115876,0.001564,0.388763,0.057889,0.334769,0.070965,48
0.5,pomdp_belief_planner,8,0.538194,0.054363,0.50127,0.00315,0.384607,0.003239,0.09375,0.032121,0.034722,0.021658,0.114583,0.039095,0.413194,0.06451,0.371528,0.055226,0.682977,0.016454,0.22847,0.002311,0.116977,0.001527,0.402884,0.047743,0.28973,0.070123,48
0.5,pomdp_belief_planner,9,0.572917,0.050452,0.497402,0.003374,0.3848,0.003392,0.121528,0.038588,0.0625,0.023068,0.079861,0.032243,0.336806,0.046125,0.340278,0.058324,0.684064,0.014462,0.227067,0.00182,0.116807,0.001651,0.3729,0.043722,0.290168,0.06814,48
0.5,risk_budgeted_goal_recovery,0,0.618056,0.051429,0.547344,0.00352,0.461317,0.002896,0.069444,0.0305,0.027778,0.017758,0.048611,0.025657,0.4375,0.067122,0.475694,0.062271,0.654328,0.016905,0.244441,0.002153,0.076217,0.00156,0.334309,0.045102,0.442973,0.058461,48
0.5,risk_budgeted_goal_recovery,1,0.611111,0.056155,0.547769,0.003409,0.459962,0.003415,0.069444,0.028908,0.017361,0.014556,0.065972,0.030354,0.364583,0.058888,0.475694,0.055865,0.65603,0.01631,0.243581,0.002263,0.075063,0.001939,0.340771,0.049074,0.432132,0.061976,48
0.5,risk_budgeted_goal_recovery,2,0.628472,0.059354,0.546661,0.002865,0.45883,0.003948,0.041667,0.024797,0.024306,0.016817,0.076389,0.029111,0.413194,0.05053,0.399306,0.056496,0.652794,0.016632,0.244902,0.002063,0.07571,0.001407,0.323853,0.050969,0.455729,0.075715,48
0.5,risk_budgeted_goal_recovery,3,0.638889,0.057815,0.54631,0.002788,0.457985,0.00381,0.086806,0.035055,0.017361,0.014556,0.065972,0.037342,0.361111,0.059429,0.381944,0.043452,0.652167,0.016514,0.244013,0.002074,0.074825,0.001628,0.315088,0.050184,0.442306,0.068148,48
0.5,risk_budgeted_goal_recovery,4,0.576389,0.061483,0.547623,0.002958,0.46099,0.003164,0.069444,0.0305,0.024306,0.016817,0.055556,0.024477,0.416667,0.057542,0.461806,0.050763,0.654383,0.015888,0.244542,0.001927,0.074494,0.001792,0.370415,0.05378,0.397252,0.067385,48
0.5,risk_budgeted_goal_recovery,5,0.621528,0.058147,0.546835,0.002678,0.463038,0.003774,0.065972,0.02525,0.006944,0.009522,0.055556,0.028078,0.465278,0.066651,0.444444,0.055306,0.650698,0.016026,0.244573,0.001932,0.075409,0.001701,0.330815,0.050679,0.462052,0.064065,48
0.5,risk_budgeted_goal_recovery,6,0.621528,0.063587,0.546997,0.003252,0.459261,0.003709,0.045139,0.023302,0.034722,0.019351,0.069444,0.036175,0.378472,0.055653,0.413194,0.068077,0.650977,0.015186,0.242818,0.002182,0.076028,0.001883,0.33079,0.055544,0.432985,0.067786,48
0.5,risk_budgeted_goal_recovery,7,0.618056,0.058324,0.548668,0.003508,0.460517,0.004367,0.076389,0.035013,0.003472,0.006806,0.072917,0.029027,0.388889,0.050851,0.461806,0.060146,0.650092,0.016039,0.245106,0.001937,0.074793,0.001372,0.334797,0.051195,0.440582,0.069913,48
0.5,risk_budgeted_goal_recovery,8,0.694444,0.064761,0.54604,0.003024,0.460178,0.003886,0.076389,0.027439,0.006944,0.009522,0.0625,0.028565,0.402778,0.060611,0.420139,0.055865,0.653195,0.016045,0.245395,0.001944,0.07679,0.001758,0.265825,0.056356,0.517609,0.076087,48
0.5,risk_budgeted_goal_recovery,9,0.704861,0.056076,0.549487,0.003872,0.460932,0.004125,0.065972,0.028754,0.017361,0.014556,0.069444,0.0305,0.430556,0.048469,0.4375,0.054697,0.649332,0.015402,0.245553,0.001898,0.075384,0.001755,0.25752,0.048769,0.52503,0.071779,48
0.5,risk_calibrated_goal_belief_revision_v5,0,0.774306,0.05006,0.736353,0.003612,0.611107,0.003637,0.006944,0.009522,0.0,0.0,0.003472,0.006806,0.5625,0.057233,0.583333,0.057542,0.501141,0.016561,0.273071,0.002105,0.027255,0.001537,0.197723,0.043802,0.716943,0.052378,48
0.5,risk_calibrated_goal_belief_revision_v5,1,0.736111,0.049436,0.736796,0.002831,0.61356,0.003972,0.020833,0.018518,0.0,0.0,0.0,0.0,0.559028,0.058754,0.548611,0.050501,0.501683,0.016888,0.272775,0.001867,0.02756,0.001751,0.231404,0.043416,0.668954,0.050972,48
0.5,risk_calibrated_goal_belief_revision_v5,2,0.788194,0.04739,0.739658,0.003159,0.612974,0.004346,0.006944,0.009522,0.0,0.0,0.006944,0.009522,0.559028,0.057121,0.559028,0.061121,0.501283,0.015904,0.273693,0.001784,0.028482,0.001733,0.185516,0.041437,0.727059,0.048065,48
0.5,risk_calibrated_goal_belief_revision_v5,3,0.802083,0.046296,0.737207,0.003309,0.608658,0.003188,0.010417,0.011534,0.0,0.0,0.006944,0.009522,0.5625,0.064974,0.625,0.059562,0.497959,0.016034,0.272406,0.001861,0.02745,0.001657,0.172672,0.04046,0.742385,0.051656,48
0.5,risk_calibrated_goal_belief_revision_v5,4,0.815972,0.043757,0.738235,0.003601,0.61108,0.003035,0.010417,0.011534,0.003472,0.006806,0.003472,0.006806,0.565972,0.04739,0.590278,0.051429,0.499571,0.016212,0.271794,0.001768,0.02701,0.001732,0.16138,0.038427,0.753452,0.044311,48
0.5,risk_calibrated_goal_belief_revision_v5,5,0.805556,0.044924,0.738047,0.002969,0.610722,0.003604,0.010417,0.011534,0.0,0.0,0.003472,0.006806,0.555556,0.06022,0.614583,0.056844,0.498018,0.015612,0.272811,0.001879,0.026699,0.001628,0.16987,0.039189,0.747045,0.046849,48
0.5,risk_calibrated_goal_belief_revision_v5,6,0.774306,0.051915,0.737401,0.002837,0.612994,0.003124,0.013889,0.01317,0.0,0.0,0.003472,0.006806,0.583333,0.062279,0.590278,0.046604,0.498528,0.016124,0.27217,0.001579,0.027944,0.001674,0.197418,0.045491,0.713834,0.052115,48
0.5,risk_calibrated_goal_belief_revision_v5,7,0.763889,0.045448,0.737921,0.002992,0.610832,0.003803,0.010417,0.011534,0.003472,0.006806,0.003472,0.006806,0.597222,0.054877,0.579861,0.055865,0.496829,0.015473,0.272549,0.001741,0.027474,0.001661,0.206587,0.039577,0.702794,0.045115,48
0.5,risk_calibrated_goal_belief_revision_v5,8,0.795139,0.047886,0.735984,0.002818,0.612767,0.004052,0.003472,0.006806,0.0,0.0,0.003472,0.006806,0.5,0.06378,0.628472,0.055226,0.497596,0.01618,0.271347,0.001699,0.028028,0.00121,0.178622,0.041787,0.738759,0.047955,48
0.5,risk_calibrated_goal_belief_revision_v5,9,0.777778,0.049912,0.736635,0.003427,0.611419,0.003719,0.013889,0.01317,0.0,0.0,0.003472,0.006806,0.586806,0.059155,0.583333,0.055021,0.498205,0.015141,0.273563,0.001953,0.028437,0.001662,0.194272,0.043501,0.716668,0.05176,48
0.5,robust_mpc_replan,0,0.569444,0.058223,0.465309,0.003089,0.428269,0.003542,0.128472,0.036703,0.03125,0.018598,0.111111,0.034158,0.378472,0.054796,0.375,0.054589,0.717861,0.016241,0.236527,0.00193,0.107845,0.001535,0.376844,0.050862,0.293888,0.064003,48
0.5,robust_mpc_replan,1,0.59375,0.060668,0.464084,0.003147,0.430501,0.003864,0.072917,0.039992,0.038194,0.022264,0.083333,0.040103,0.350694,0.056913,0.40625,0.065178,0.72227,0.01637,0.236943,0.002154,0.1085,0.001674,0.356147,0.053325,0.362987,0.069152,48
0.5,robust_mpc_replan,2,0.611111,0.06022,0.462117,0.00356,0.431395,0.00399,0.09375,0.037552,0.020833,0.015759,0.083333,0.029179,0.350694,0.059354,0.413194,0.061507,0.714553,0.015292,0.23737,0.001808,0.108698,0.001376,0.339562,0.052599,0.385445,0.072624,48
0.5,robust_mpc_replan,3,0.579861,0.05835,0.462595,0.00311,0.430036,0.003994,0.125,0.038293,0.027778,0.017758,0.069444,0.032013,0.326389,0.053236,0.416667,0.059163,0.71355,0.015958,0.236386,0.002052,0.107419,0.00159,0.367116,0.051157,0.335847,0.062233,48
0.5,robust_mpc_replan,4,0.604167,0.052038,0.461489,0.003204,0.430386,0.00325,0.079861,0.035055,0.041667,0.020633,0.097222,0.036175,0.3125,0.041976,0.416667,0.070809,0.714614,0.015972,0.237259,0.00173,0.108556,0.001493,0.346859,0.04604,0.35872,0.078807,48
0.5,robust_mpc_replan,5,0.618056,0.058324,0.464706,0.0037,0.4313,0.003697,0.079861,0.033678,0.034722,0.023742,0.055556,0.031266,0.305556,0.057815,0.447917,0.053412,0.720867,0.016126,0.237164,0.001827,0.10897,0.001644,0.333612,0.050721,0.404424,0.069585,48
0.5,robust_mpc_replan,6,0.559028,0.064142,0.464818,0.002937,0.432868,0.00369,0.041667,0.024797,0.027778,0.020247,0.086806,0.033678,0.375,0.051925,0.368056,0.050501,0.713705,0.016828,0.237024,0.001784,0.108071,0.001855,0.385523,0.056363,0.360118,0.074837,48
0.5,robust_mpc_replan,7,0.555556,0.059429,0.462398,0.002977,0.429951,0.004558,0.097222,0.032013,0.041667,0.024797,0.079861,0.032243,0.361111,0.043859,0.444444,0.062532,0.713298,0.016411,0.236031,0.002011,0.109697,0.001648,0.388372,0.051558,0.311801,0.079087,48
0.5,robust_mpc_replan,8,0.645833,0.049236,0.463605,0.002931,0.431972,0.003894,0.083333,0.030757,0.045139,0.023302,0.097222,0.036175,0.375,0.04715,0.423611,0.057508,0.718885,0.015484,0.236747,0.00203,0.109228,0.001553,0.308682,0.042951,0.399689,0.062039,48
0.5,robust_mpc_replan,9,0.65625,0.060277,0.466163,0.003166,0.429061,0.003565,0.104167,0.030175,0.027778,0.020247,0.114583,0.037866,0.333333,0.052378,0.420139,0.051457,0.718838,0.016178,0.237488,0.00207,0.109341,0.001906,0.29993,0.052312,0.398799,0.069974,48
0.6,active_viewpoint_reacquisition,0,0.604167,0.054697,0.423588,0.003395,0.28321,0.003694,0.184028,0.042663,0.055556,0.029715,0.079861,0.030741,0.447917,0.062398,0.274306,0.053706,0.746702,0.01754,0.244999,0.002018,0.142067,0.001419,0.34491,0.047687,0.276475,0.076218,48
0.6,active_viewpoint_reacquisition,1,0.586806,0.073426,0.420275,0.003556,0.282589,0.003657,0.145833,0.039658,0.097222,0.036175,0.069444,0.028908,0.354167,0.060448,0.284722,0.050501,0.750654,0.017684,0.246736,0.002369,0.142244,0.001985,0.360713,0.063795,0.242612,0.088861,48
0.6,active_viewpoint_reacquisition,2,0.576389,0.057508,0.422993,0.00311,0.282958,0.003658,0.142361,0.037657,0.076389,0.027439,0.0625,0.028565,0.375,0.059562,0.291667,0.051925,0.742532,0.01634,0.24601,0.001733,0.142748,0.001966,0.36852,0.05032,0.266306,0.076049,48
0.6,active_viewpoint_reacquisition,3,0.538194,0.063214,0.422732,0.003134,0.282782,0.004168,0.131944,0.036339,0.072917,0.029027,0.097222,0.036175,0.388889,0.052678,0.222222,0.053569,0.750262,0.016466,0.246205,0.001883,0.141925,0.001811,0.402854,0.055022,0.220604,0.072691,48
0.6,active_viewpoint_reacquisition,4,0.541667,0.04715,0.424653,0.003079,0.283499,0.003539,0.159722,0.044528,0.059028,0.024778,0.048611,0.021658,0.371528,0.059354,0.246528,0.046635,0.74927,0.017307,0.248206,0.001814,0.143301,0.001627,0.398801,0.040806,0.2382,0.053306,48
0.6,active_viewpoint_reacquisition,5,0.534722,0.057508,0.423194,0.002998,0.284006,0.004077,0.163194,0.040676,0.055556,0.024477,0.107639,0.037024,0.388889,0.048955,0.222222,0.048955,0.750118,0.017947,0.247899,0.001976,0.14239,0.001464,0.404496,0.04987,0.195028,0.071291,48
0.6,active_viewpoint_reacquisition,6,0.541667,0.063408,0.423933,0.003338,0.280208,0.00361,0.118056,0.037618,0.059028,0.031501,0.09375,0.034942,0.392361,0.067729,0.256944,0.044528,0.745358,0.016552,0.248532,0.002101,0.141875,0.001182,0.399947,0.055232,0.24423,0.084476,48
0.6,active_viewpoint_reacquisition,7,0.586806,0.059949,0.424069,0.00334,0.281361,0.003223,0.145833,0.041976,0.059028,0.02834,0.097222,0.033458,0.392361,0.059553,0.3125,0.064242,0.746461,0.01751,0.247462,0.001695,0.142025,0.001671,0.360278,0.052247,0.271846,0.075933,48
0.6,active_viewpoint_reacquisition,8,0.534722,0.064487,0.4234,0.002887,0.284344,0.003556,0.15625,0.04604,0.104167,0.030175,0.111111,0.032744,0.416667,0.061515,0.295139,0.062461,0.750805,0.016084,0.248229,0.002361,0.141366,0.001832,0.404455,0.055436,0.17595,0.087531,48
0.6,active_viewpoint_reacquisition,9,0.597222,0.05903,0.423703,0.002968,0.280277,0.002998,0.166667,0.046646,0.041667,0.024797,0.069444,0.027222,0.420139,0.059155,0.25,0.054154,0.748769,0.016246,0.24824,0.001695,0.142521,0.001735,0.350203,0.051353,0.293915,0.08095,48
0.6,conformal_goal_validity_filter,0,0.583333,0.058358,0.526853,0.003258,0.410137,0.003299,0.055556,0.029715,0.027778,0.017758,0.048611,0.033635,0.333333,0.059163,0.388889,0.061771,0.686963,0.016936,0.219252,0.002044,0.068287,0.001633,0.363413,0.050863,0.410285,0.069874,48
0.6,conformal_goal_validity_filter,1,0.576389,0.054985,0.527185,0.003244,0.409414,0.003471,0.083333,0.033693,0.045139,0.027059,0.086806,0.036379,0.319444,0.054008,0.381944,0.05234,0.688878,0.017642,0.219785,0.001931,0.068269,0.001627,0.369858,0.047656,0.341703,0.061463,48
0.6,conformal_goal_validity_filter,2,0.572917,0.059088,0.529032,0.002887,0.410422,0.003279,0.079861,0.025714,0.017361,0.014556,0.09375,0.033561,0.322917,0.064081,0.430556,0.054008,0.688939,0.017583,0.219318,0.002081,0.070031,0.001568,0.371686,0.051499,0.370232,0.059209,48
0.6,conformal_goal_validity_filter,3,0.555556,0.049912,0.528359,0.002679,0.41049,0.003348,0.065972,0.02525,0.010417,0.011534,0.069444,0.0305,0.315972,0.057739,0.392361,0.059553,0.68524,0.016123,0.219967,0.00201,0.068746,0.001317,0.387093,0.043099,0.381822,0.054198,48
0.6,conformal_goal_validity_filter,4,0.541667,0.06035,0.527336,0.003047,0.412737,0.003267,0.079861,0.032243,0.03125,0.020988,0.097222,0.036175,0.295139,0.056913,0.381944,0.062247,0.690237,0.016612,0.219783,0.001984,0.068248,0.001556,0.398984,0.052439,0.321744,0.077711,48
0.6,conformal_goal_validity_filter,5,0.597222,0.060611,0.529097,0.003056,0.41043,0.004065,0.065972,0.02525,0.024306,0.016817,0.0625,0.030175,0.347222,0.053125,0.34375,0.057875,0.690585,0.017328,0.219884,0.002006,0.068307,0.001538,0.350438,0.052725,0.413379,0.069841,48
0.6,conformal_goal_validity_filter,6,0.576389,0.056679,0.528039,0.003327,0.410547,0.00388,0.079861,0.032243,0.052083,0.022086,0.086806,0.037657,0.322917,0.055369,0.340278,0.045577,0.687046,0.016963,0.220643,0.002257,0.069286,0.001624,0.370302,0.049643,0.337822,0.069441,48
0.6,conformal_goal_validity_filter,7,0.618056,0.072105,0.5268,0.003647,0.41292,0.002884,0.083333,0.036393,0.03125,0.025094,0.083333,0.03767,0.347222,0.069347,0.34375,0.057052,0.686391,0.016859,0.219738,0.001906,0.06931,0.001691,0.331807,0.062269,0.403085,0.08383,48
0.6,conformal_goal_validity_filter,8,0.545139,0.048378,0.526527,0.003197,0.410502,0.004008,0.069444,0.032013,0.041667,0.02281,0.076389,0.037618,0.34375,0.052744,0.371528,0.057739,0.686156,0.017523,0.218921,0.002131,0.068909,0.001753,0.396072,0.041916,0.332639,0.070073,48
0.6,conformal_goal_validity_filter,9,0.5625,0.053826,0.528868,0.003766,0.410532,0.003672,0.100694,0.034716,0.03125,0.018598,0.076389,0.036339,0.326389,0.050501,0.40625,0.05494,0.69173,0.016432,0.218683,0.002171,0.069512,0.001908,0.381159,0.047095,0.340308,0.069256,48
0.6,failure_aware_manipulation_policy,0,0.618056,0.051429,0.48384,0.002625,0.422838,0.003147,0.114583,0.039095,0.024306,0.016817,0.083333,0.035069,0.305556,0.055306,0.402778,0.047483,0.717105,0.01721,0.226278,0.001669,0.117413,0.001395,0.332856,0.044852,0.376326,0.072822,48
0.6,failure_aware_manipulation_policy,1,0.576389,0.055838,0.482335,0.0026,0.423794,0.003471,0.09375,0.034942,0.041667,0.024797,0.100694,0.036053,0.322917,0.049025,0.357639,0.057533,0.715832,0.017261,0.226266,0.00189,0.115818,0.00162,0.370482,0.048961,0.318051,0.060871,48
0.6,failure_aware_manipulation_policy,2,0.579861,0.06451,0.48181,0.002879,0.422693,0.004462,0.090278,0.030693,0.034722,0.021658,0.072917,0.027349,0.322917,0.056217,0.402778,0.062909,0.71555,0.017581,0.22835,0.002166,0.117602,0.001723,0.364873,0.055953,0.348966,0.072646,48
0.6,failure_aware_manipulation_policy,3,0.600694,0.054796,0.48384,0.003314,0.426771,0.003418,0.083333,0.030757,0.027778,0.020247,0.079861,0.025714,0.333333,0.053273,0.402778,0.054008,0.71605,0.017212,0.228135,0.001623,0.116675,0.001528,0.347928,0.047464,0.375359,0.069356,48
0.6,failure_aware_manipulation_policy,4,0.638889,0.050851,0.482797,0.002628,0.423951,0.003291,0.114583,0.037866,0.024306,0.016817,0.100694,0.037342,0.333333,0.053273,0.447917,0.056006,0.71837,0.017179,0.22704,0.001808,0.117977,0.00164,0.314094,0.043971,0.394151,0.065882,48
0.6,failure_aware_manipulation_policy,5,0.569444,0.059826,0.483307,0.003303,0.425919,0.003903,0.09375,0.030613,0.020833,0.015759,0.079861,0.033678,0.322917,0.059487,0.4375,0.061226,0.715186,0.016345,0.229819,0.002258,0.118042,0.001627,0.37448,0.051638,0.35135,0.070682,48
0.6,failure_aware_manipulation_policy,6,0.579861,0.049585,0.482344,0.003328,0.422039,0.003449,0.086806,0.029162,0.052083,0.026019,0.076389,0.029111,0.336806,0.049106,0.409722,0.056679,0.71556,0.016413,0.226998,0.002118,0.117024,0.001524,0.366708,0.043142,0.337323,0.058978,48
0.6,failure_aware_manipulation_policy,7,0.583333,0.055874,0.481471,0.002968,0.425159,0.003402,0.090278,0.033635,0.017361,0.014556,0.076389,0.029111,0.350694,0.059354,0.430556,0.062152,0.712081,0.017178,0.225738,0.001851,0.117197,0.001636,0.363331,0.048809,0.371983,0.060341,48
0.6,failure_aware_manipulation_policy,8,0.555556,0.066917,0.48017,0.002899,0.427204,0.004028,0.065972,0.027059,0.013889,0.01317,0.090278,0.032198,0.34375,0.050918,0.399306,0.058147,0.714947,0.017618,0.227423,0.001871,0.117117,0.001598,0.387903,0.05875,0.353659,0.079746,48
0.6,failure_aware_manipulation_policy,9,0.607639,0.056287,0.481656,0.003489,0.421988,0.003694,0.083333,0.029179,0.024306,0.016817,0.079861,0.030741,0.347222,0.050383,0.409722,0.063003,0.715045,0.016889,0.227758,0.001632,0.116471,0.001762,0.341431,0.048886,0.389993,0.064018,48
0.6,goal_retargeting_heuristic,0,0.545139,0.052142,0.394038,0.003345,0.434793,0.003716,0.065972,0.030354,0.045139,0.023302,0.121528,0.036053,0.302083,0.053853,0.385417,0.059288,0.785683,0.016742,0.220566,0.001834,0.134876,0.001729,0.396378,0.045046,0.284303,0.061402,48
0.6,goal_retargeting_heuristic,1,0.559028,0.050996,0.396203,0.003073,0.431842,0.003889,0.090278,0.033635,0.03125,0.018598,0.125,0.039509,0.3125,0.053826,0.361111,0.056991,0.788582,0.01714,0.220682,0.002126,0.136315,0.001654,0.384551,0.044229,0.296712,0.05744,48
0.6,goal_retargeting_heuristic,2,0.506944,0.065937,0.394494,0.00293,0.433245,0.003301,0.104167,0.043088,0.034722,0.027439,0.104167,0.039658,0.239583,0.052293,0.40625,0.05319,0.787799,0.01786,0.220705,0.002046,0.135916,0.002123,0.429133,0.057435,0.243967,0.085654,48
0.6,goal_retargeting_heuristic,3,0.545139,0.043213,0.396353,0.003017,0.431719,0.00382,0.107639,0.039496,0.041667,0.020633,0.128472,0.040384,0.288194,0.044295,0.375,0.057129,0.785284,0.016773,0.221409,0.002436,0.134702,0.001607,0.39667,0.037463,0.256654,0.060641,48
0.6,goal_retargeting_heuristic,4,0.579861,0.068769,0.394618,0.003448,0.43081,0.003406,0.107639,0.039496,0.027778,0.017758,0.083333,0.032259,0.260417,0.051381,0.395833,0.062752,0.788249,0.01721,0.220069,0.001689,0.134851,0.001796,0.366149,0.059907,0.327662,0.071662,48
0.6,goal_retargeting_heuristic,5,0.541667,0.057951,0.398068,0.003366,0.433358,0.003079,0.104167,0.035902,0.045139,0.023302,0.090278,0.033635,0.284722,0.059924,0.416667,0.051467,0.786399,0.016525,0.221875,0.002252,0.136086,0.001504,0.39841,0.050071,0.271941,0.076328,48
0.6,goal_retargeting_heuristic,6,0.576389,0.058324,0.394345,0.003337,0.430671,0.004063,0.100694,0.040966,0.038194,0.024296,0.128472,0.041539,0.253472,0.051457,0.402778,0.062909,0.784242,0.016768,0.220411,0.001887,0.135577,0.00147,0.370072,0.050901,0.29037,0.083141,48
0.6,goal_retargeting_heuristic,7,0.534722,0.060709,0.399103,0.003318,0.434311,0.003421,0.09375,0.037552,0.038194,0.022264,0.135417,0.039695,0.3125,0.055555,0.388889,0.059429,0.784206,0.017901,0.220723,0.001925,0.136008,0.001664,0.405501,0.052814,0.254282,0.067943,48
0.6,goal_retargeting_heuristic,8,0.541667,0.069119,0.392722,0.002725,0.432919,0.003628,0.121528,0.037342,0.0625,0.028565,0.121528,0.034716,0.298611,0.050501,0.413194,0.059949,0.786832,0.017264,0.221217,0.001725,0.135783,0.001328,0.399579,0.060565,0.233009,0.084411,48
0.6,goal_retargeting_heuristic,9,0.5,0.057542,0.394817,0.002918,0.431534,0.003777,0.114583,0.040287,0.048611,0.021658,0.118056,0.041218,0.267361,0.04739,0.413194,0.056705,0.784601,0.017362,0.221224,0.002354,0.135248,0.001675,0.435428,0.050197,0.210643,0.072941,48
0.6,learned_goal_state_classifier,0,0.645833,0.052038,0.546657,0.003861,0.434652,0.003906,0.121528,0.046381,0.041667,0.031517,0.069444,0.025425,0.361111,0.052678,0.416667,0.055874,0.665301,0.017101,0.21583,0.001898,0.099935,0.001606,0.308695,0.045183,0.39897,0.072843,48
0.6,learned_goal_state_classifier,1,0.635417,0.060473,0.547281,0.003596,0.43302,0.004172,0.072917,0.037552,0.03125,0.020988,0.065972,0.027059,0.3125,0.062752,0.354167,0.064974,0.666726,0.016267,0.214548,0.002477,0.098283,0.001433,0.318155,0.052616,0.430656,0.075716,48
0.6,learned_goal_state_classifier,2,0.645833,0.058863,0.549633,0.002851,0.43541,0.003204,0.059028,0.026618,0.03125,0.020988,0.0625,0.031704,0.354167,0.054697,0.402778,0.051314,0.668342,0.016829,0.217654,0.00186,0.098518,0.001541,0.308072,0.051342,0.460796,0.067612,48
0.6,learned_goal_state_classifier,3,0.663194,0.052818,0.547716,0.002507,0.432719,0.00311,0.079861,0.032243,0.020833,0.015759,0.079861,0.030741,0.329861,0.060342,0.430556,0.054877,0.667213,0.017418,0.215264,0.001765,0.099836,0.001734,0.293661,0.046206,0.460563,0.065885,48
0.6,learned_goal_state_classifier,4,0.628472,0.061699,0.549403,0.003573,0.43581,0.004177,0.097222,0.032013,0.03125,0.020988,0.065972,0.027059,0.354167,0.050187,0.399306,0.067203,0.664158,0.017092,0.212516,0.002349,0.09976,0.001694,0.322764,0.053144,0.411545,0.072153,48
0.6,learned_goal_state_classifier,5,0.559028,0.05458,0.550066,0.00269,0.43647,0.003308,0.086806,0.032243,0.038194,0.020027,0.065972,0.027059,0.347222,0.060611,0.357639,0.048622,0.668871,0.01711,0.215088,0.002136,0.09903,0.001568,0.383518,0.047322,0.342241,0.064454,48
0.6,learned_goal_state_classifier,6,0.569444,0.061387,0.546683,0.003185,0.435312,0.003707,0.065972,0.027059,0.03125,0.020988,0.052083,0.024133,0.354167,0.055555,0.416667,0.055021,0.668718,0.018119,0.215982,0.001915,0.098429,0.001814,0.375631,0.053876,0.383649,0.067064,48
0.6,learned_goal_state_classifier,7,0.607639,0.050996,0.549892,0.003363,0.435034,0.004078,0.090278,0.037618,0.03125,0.018598,0.076389,0.033635,0.361111,0.056155,0.475694,0.06451,0.668252,0.01844,0.215614,0.001845,0.099218,0.001337,0.342479,0.044715,0.392241,0.062962,48
0.6,learned_goal_state_classifier,8,0.597222,0.054008,0.54674,0.003179,0.432927,0.003628,0.069444,0.0305,0.038194,0.024296,0.069444,0.028908,0.392361,0.050996,0.444444,0.057815,0.671577,0.01807,0.215541,0.001922,0.099016,0.00161,0.350976,0.047083,0.396432,0.076326,48
0.6,learned_goal_state_classifier,9,0.642361,0.053264,0.547037,0.00286,0.435288,0.00402,0.072917,0.032121,0.038194,0.024296,0.072917,0.032121,0.319444,0.054877,0.440972,0.05544,0.667178,0.01797,0.214787,0.001807,0.099359,0.001672,0.311096,0.046066,0.434165,0.066226,48
0.6,oracle_goal_state_supervisor,0,0.875,0.041835,0.789989,0.002948,0.658675,0.003278,0.0,0.0,0.0,0.0,0.0,0.0,0.590278,0.066651,0.638889,0.061,0.47285,0.016706,0.276478,0.001718,0.014122,0.00166,0.0,0.0,0.831808,0.041249,48
0.6,oracle_goal_state_supervisor,1,0.871528,0.03797,0.790048,0.003153,0.660204,0.003565,0.0,0.0,0.0,0.0,0.0,0.0,0.579861,0.060733,0.677083,0.043937,0.471497,0.01741,0.276002,0.00146,0.015593,0.00154,0.0,0.0,0.829244,0.038473,48
0.6,oracle_goal_state_supervisor,2,0.847222,0.04221,0.790154,0.003377,0.65835,0.003902,0.0,0.0,0.0,0.0,0.0,0.0,0.559028,0.053706,0.645833,0.053826,0.47023,0.017456,0.276129,0.001868,0.014579,0.001623,0.0,0.0,0.802444,0.042761,48
0.6,oracle_goal_state_supervisor,3,0.895833,0.031704,0.789094,0.002722,0.657027,0.003711,0.0,0.0,0.0,0.0,0.0,0.0,0.618056,0.054985,0.65625,0.052744,0.469853,0.017097,0.274857,0.001941,0.014253,0.001779,0.0,0.0,0.85559,0.032057,48
0.6,oracle_goal_state_supervisor,4,0.875,0.037037,0.788829,0.003354,0.660652,0.004152,0.0,0.0,0.0,0.0,0.0,0.0,0.614583,0.041444,0.625,0.055449,0.468601,0.016936,0.2752,0.002004,0.014195,0.00173,0.0,0.0,0.833204,0.036014,48
0.6,oracle_goal_state_supervisor,5,0.892361,0.034374,0.79061,0.002966,0.658311,0.003609,0.0,0.0,0.0,0.0,0.0,0.0,0.611111,0.058628,0.621528,0.060538,0.471797,0.017456,0.275335,0.002111,0.01511,0.001808,0.0,0.0,0.849683,0.035076,48
0.6,oracle_goal_state_supervisor,6,0.885417,0.039095,0.788494,0.003162,0.656992,0.003618,0.0,0.0,0.0,0.0,0.0,0.0,0.541667,0.052828,0.65625,0.062587,0.467185,0.016609,0.275336,0.001995,0.015642,0.0016,0.0,0.0,0.840087,0.039193,48
0.6,oracle_goal_state_supervisor,7,0.878472,0.038588,0.790294,0.003155,0.661313,0.003486,0.0,0.0,0.0,0.0,0.0,0.0,0.597222,0.050383,0.670139,0.053706,0.472498,0.0169,0.275156,0.00159,0.014877,0.001893,0.0,0.0,0.837159,0.039424,48
0.6,oracle_goal_state_supervisor,8,0.829861,0.03828,0.791284,0.003234,0.65778,0.004,0.0,0.0,0.0,0.0,0.0,0.0,0.53125,0.047307,0.635417,0.049266,0.469953,0.018387,0.275446,0.00164,0.014208,0.001775,0.0,0.0,0.782966,0.03908,48
0.6,oracle_goal_state_supervisor,9,0.850694,0.040384,0.790889,0.002745,0.657754,0.003736,0.0,0.0,0.0,0.0,0.0,0.0,0.569444,0.063656,0.666667,0.055021,0.471745,0.016278,0.277137,0.001837,0.015052,0.001322,0.0,0.0,0.807132,0.04145,48
0.6,pomdp_belief_planner,0,0.576389,0.063749,0.489434,0.003232,0.382287,0.003544,0.121528,0.038588,0.048611,0.021658,0.090278,0.036339,0.375,0.054589,0.399306,0.056496,0.709127,0.01771,0.226052,0.001834,0.120231,0.001627,0.369297,0.055796,0.301034,0.076249,48
0.6,pomdp_belief_planner,1,0.579861,0.063772,0.486517,0.002601,0.377634,0.003601,0.09375,0.033561,0.065972,0.033325,0.097222,0.033458,0.371528,0.059354,0.302083,0.058079,0.707031,0.016983,0.227553,0.002046,0.119894,0.001912,0.36702,0.055624,0.311887,0.075324,48
0.6,pomdp_belief_planner,2,0.506944,0.063749,0.486524,0.003288,0.377134,0.003425,0.138889,0.045965,0.034722,0.021658,0.069444,0.027222,0.361111,0.057815,0.309028,0.047639,0.709483,0.017104,0.227487,0.001765,0.121104,0.001412,0.428346,0.055193,0.246383,0.079936,48
0.6,pomdp_belief_planner,3,0.590278,0.051429,0.486548,0.003034,0.378621,0.003669,0.125,0.032984,0.055556,0.026339,0.055556,0.031266,0.354167,0.062752,0.361111,0.06022,0.712235,0.016273,0.227882,0.001866,0.121189,0.001687,0.356866,0.04444,0.327712,0.063483,48
0.6,pomdp_belief_planner,4,0.611111,0.069005,0.489783,0.002666,0.380513,0.002921,0.079861,0.030741,0.048611,0.029111,0.086806,0.033678,0.34375,0.057052,0.333333,0.063034,0.709284,0.017634,0.224716,0.001974,0.121612,0.001501,0.338752,0.059961,0.369558,0.081871,48
0.6,pomdp_belief_planner,5,0.607639,0.0656,0.486273,0.002777,0.378838,0.003095,0.173611,0.048591,0.048611,0.025657,0.090278,0.032198,0.395833,0.055555,0.364583,0.063525,0.71343,0.017957,0.225475,0.001692,0.120037,0.001672,0.341598,0.056945,0.300859,0.078701,48
0.6,pomdp_belief_planner,6,0.611111,0.058628,0.486555,0.003284,0.379021,0.003393,0.09375,0.029027,0.024306,0.019427,0.100694,0.034716,0.368056,0.059924,0.364583,0.057259,0.709257,0.016956,0.226606,0.001815,0.120847,0.001886,0.339585,0.051024,0.373396,0.069222,48
0.6,pomdp_belief_planner,7,0.59375,0.054072,0.485208,0.003194,0.376148,0.003251,0.142361,0.042385,0.065972,0.027059,0.118056,0.038855,0.291667,0.049116,0.347222,0.051314,0.707939,0.017115,0.226256,0.001767,0.120143,0.001745,0.354112,0.046861,0.264854,0.069712,48
0.6,pomdp_belief_planner,8,0.59375,0.050452,0.487386,0.002752,0.379362,0.00445,0.09375,0.041158,0.069444,0.028908,0.069444,0.033458,0.34375,0.059487,0.361111,0.051772,0.709931,0.016771,0.225645,0.001909,0.120764,0.001389,0.354241,0.044084,0.32881,0.063898,48
0.6,pomdp_belief_planner,9,0.559028,0.06189,0.48939,0.00296,0.378639,0.003817,0.097222,0.03746,0.045139,0.023302,0.079861,0.032243,0.315972,0.047886,0.350694,0.051687,0.709789,0.016996,0.224024,0.002064,0.119879,0.001764,0.384586,0.054395,0.30448,0.072421,48
0.6,risk_budgeted_goal_recovery,0,0.65625,0.051839,0.532531,0.00277,0.452737,0.00382,0.079861,0.035055,0.027778,0.017758,0.076389,0.029111,0.399306,0.058147,0.409722,0.05234,0.679384,0.015923,0.24429,0.001756,0.07918,0.001295,0.299845,0.045302,0.445889,0.057784,48
0.6,risk_budgeted_goal_recovery,1,0.635417,0.058888,0.537573,0.003528,0.453414,0.003141,0.079861,0.035055,0.017361,0.014556,0.045139,0.021175,0.3125,0.055555,0.479167,0.060448,0.67643,0.017345,0.246808,0.001964,0.079274,0.001656,0.318489,0.05145,0.451465,0.08283,48
0.6,risk_budgeted_goal_recovery,2,0.645833,0.054697,0.533255,0.003846,0.452123,0.003967,0.069444,0.036175,0.024306,0.023804,0.059028,0.029962,0.388889,0.058628,0.430556,0.048469,0.674522,0.016458,0.244985,0.001634,0.07961,0.001789,0.307874,0.047391,0.460226,0.063879,48
0.6,risk_budgeted_goal_recovery,3,0.642361,0.061507,0.536404,0.002974,0.453121,0.004158,0.097222,0.038702,0.020833,0.015759,0.055556,0.022462,0.371528,0.053486,0.423611,0.064487,0.67984,0.015957,0.244667,0.001553,0.080243,0.001601,0.312174,0.054168,0.436356,0.078406,48
0.6,risk_budgeted_goal_recovery,4,0.65625,0.057052,0.534788,0.003527,0.450441,0.003732,0.0625,0.028565,0.027778,0.017758,0.059028,0.031501,0.385417,0.061635,0.447917,0.058485,0.678944,0.016812,0.245645,0.001715,0.078739,0.001552,0.299783,0.049941,0.472119,0.073212,48
0.6,risk_budgeted_goal_recovery,5,0.670139,0.057121,0.532338,0.003068,0.453975,0.003613,0.065972,0.027059,0.017361,0.014556,0.072917,0.032121,0.475694,0.054145,0.447917,0.060863,0.67193,0.017491,0.243942,0.001815,0.08095,0.001682,0.286905,0.049741,0.492321,0.065587,48
0.6,risk_budgeted_goal_recovery,6,0.659722,0.054118,0.532831,0.002886,0.447645,0.003297,0.076389,0.032198,0.010417,0.015088,0.090278,0.030693,0.409722,0.051429,0.486111,0.05903,0.674396,0.017324,0.245935,0.002286,0.079797,0.001503,0.297313,0.047493,0.466723,0.064941,48
0.6,risk_budgeted_goal_recovery,7,0.680556,0.059826,0.533762,0.003068,0.449836,0.003994,0.069444,0.032013,0.013889,0.01317,0.086806,0.035055,0.340278,0.057508,0.434028,0.058147,0.67639,0.017983,0.245918,0.001998,0.079619,0.001504,0.278466,0.051914,0.483934,0.072188,48
0.6,risk_budgeted_goal_recovery,8,0.635417,0.067144,0.531509,0.002736,0.448951,0.003789,0.072917,0.030613,0.027778,0.020247,0.079861,0.033678,0.354167,0.052038,0.378472,0.049346,0.676207,0.017376,0.244265,0.002226,0.079418,0.001589,0.31756,0.058329,0.426096,0.080175,48
0.6,risk_budgeted_goal_recovery,9,0.618056,0.060709,0.534357,0.002713,0.450804,0.003618,0.0625,0.033162,0.024306,0.016817,0.069444,0.028908,0.361111,0.06022,0.4375,0.063501,0.672092,0.016751,0.243985,0.002093,0.079191,0.001881,0.332168,0.052532,0.426162,0.064811,48
0.6,risk_calibrated_goal_belief_revision_v5,0,0.777778,0.048955,0.723591,0.002879,0.60395,0.003763,0.013889,0.01317,0.0,0.0,0.017361,0.017506,0.5625,0.047276,0.545139,0.053926,0.520594,0.01791,0.271854,0.002007,0.031464,0.001696,0.193915,0.042806,0.704197,0.051872,48
0.6,risk_calibrated_goal_belief_revision_v5,1,0.788194,0.053926,0.724798,0.003386,0.606404,0.003588,0.020833,0.015759,0.003472,0.006806,0.003472,0.006806,0.520833,0.058863,0.565972,0.067203,0.518852,0.016952,0.274076,0.00192,0.031454,0.001682,0.185591,0.047246,0.712112,0.054418,48
0.6,risk_calibrated_goal_belief_revision_v5,2,0.798611,0.04235,0.724644,0.00302,0.604387,0.003934,0.003472,0.006806,0.0,0.0,0.006944,0.009522,0.482639,0.062461,0.559028,0.049106,0.517664,0.017526,0.27338,0.00165,0.032793,0.001399,0.174875,0.036641,0.733448,0.043676,48
0.6,risk_calibrated_goal_belief_revision_v5,3,0.795139,0.044825,0.725231,0.003249,0.602963,0.003724,0.027778,0.022462,0.0,0.0,0.003472,0.006806,0.524306,0.055865,0.569444,0.052227,0.520086,0.016524,0.272215,0.001936,0.032722,0.001683,0.178655,0.03909,0.717935,0.049026,48
0.6,risk_calibrated_goal_belief_revision_v5,4,0.8125,0.041976,0.726525,0.002925,0.602131,0.003735,0.010417,0.011534,0.003472,0.006806,0.017361,0.014556,0.552083,0.061635,0.506944,0.059924,0.519992,0.0154,0.27226,0.001863,0.031536,0.001517,0.163159,0.036482,0.735177,0.041167,48
0.6,risk_calibrated_goal_belief_revision_v5,5,0.743056,0.048591,0.723724,0.003078,0.60218,0.003975,0.027778,0.017758,0.003472,0.006806,0.003472,0.006806,0.517361,0.056076,0.614583,0.048784,0.522331,0.017093,0.272887,0.001833,0.030858,0.00164,0.224259,0.042553,0.664419,0.049992,48
0.6,risk_calibrated_goal_belief_revision_v5,6,0.760417,0.05319,0.724936,0.003607,0.606378,0.003512,0.006944,0.009522,0.0,0.0,0.006944,0.009522,0.520833,0.055555,0.586806,0.063772,0.522691,0.017178,0.273233,0.002143,0.03224,0.001414,0.209158,0.046352,0.696398,0.054643,48
0.6,risk_calibrated_goal_belief_revision_v5,7,0.798611,0.044528,0.722516,0.004093,0.606194,0.003635,0.013889,0.01317,0.0,0.0,0.006944,0.009522,0.548611,0.063003,0.579861,0.06451,0.519477,0.018018,0.272791,0.002356,0.031419,0.001697,0.175088,0.038523,0.731424,0.050786,48
0.6,risk_calibrated_goal_belief_revision_v5,8,0.791667,0.051005,0.725075,0.003005,0.606595,0.004018,0.010417,0.011534,0.0,0.0,0.017361,0.017506,0.520833,0.063501,0.614583,0.05767,0.528075,0.0166,0.272514,0.002191,0.031487,0.001748,0.181599,0.044449,0.720368,0.051097,48
0.6,risk_calibrated_goal_belief_revision_v5,9,0.753472,0.051457,0.726282,0.00347,0.606027,0.004031,0.013889,0.01317,0.003472,0.006806,0.013889,0.01317,0.506944,0.051429,0.538194,0.067554,0.523914,0.016913,0.273354,0.00162,0.032078,0.001778,0.21532,0.045154,0.673507,0.052493,48
0.6,robust_mpc_replan,0,0.597222,0.056575,0.45207,0.00313,0.41939,0.00321,0.131944,0.040054,0.038194,0.022264,0.104167,0.033162,0.361111,0.052678,0.402778,0.055732,0.738845,0.017238,0.238589,0.001882,0.111713,0.001572,0.350938,0.049158,0.311804,0.069496,48
0.6,robust_mpc_replan,1,0.600694,0.060538,0.450214,0.002928,0.421924,0.004471,0.135417,0.047307,0.038194,0.022264,0.065972,0.036053,0.340278,0.05234,0.413194,0.051457,0.736478,0.016691,0.237192,0.001956,0.112261,0.00166,0.348887,0.053156,0.339561,0.075407,48
0.6,robust_mpc_replan,2,0.59375,0.062964,0.453728,0.003295,0.418029,0.003735,0.104167,0.037196,0.052083,0.029431,0.090278,0.030693,0.333333,0.048632,0.361111,0.061771,0.73523,0.016986,0.237599,0.001701,0.112633,0.001551,0.353219,0.054821,0.323876,0.07514,48
0.6,robust_mpc_replan,3,0.597222,0.064395,0.454259,0.003357,0.422973,0.003837,0.138889,0.041646,0.024306,0.016817,0.09375,0.034942,0.319444,0.053125,0.378472,0.053926,0.739901,0.017905,0.238835,0.001996,0.111994,0.001628,0.350588,0.055404,0.323202,0.078383,48
0.6,robust_mpc_replan,4,0.621528,0.052142,0.451132,0.003105,0.426051,0.003281,0.104167,0.031704,0.038194,0.020027,0.086806,0.036379,0.357639,0.057533,0.385417,0.063151,0.742483,0.016651,0.236979,0.001901,0.113516,0.001322,0.329337,0.045237,0.366273,0.062246,48
0.6,robust_mpc_replan,5,0.611111,0.050851,0.450092,0.002804,0.421722,0.003437,0.083333,0.033693,0.041667,0.024797,0.125,0.031517,0.361111,0.056991,0.413194,0.047639,0.740972,0.016623,0.238336,0.001914,0.112816,0.001536,0.338145,0.043936,0.349677,0.063297,48
0.6,robust_mpc_replan,6,0.638889,0.061771,0.452635,0.003173,0.424643,0.003837,0.097222,0.032013,0.038194,0.022264,0.076389,0.027439,0.336806,0.045088,0.375,0.061898,0.739331,0.017679,0.237553,0.002074,0.112664,0.001644,0.314805,0.053562,0.393911,0.068935,48
0.6,robust_mpc_replan,7,0.607639,0.070467,0.453171,0.003339,0.421969,0.00397,0.104167,0.040833,0.041667,0.02281,0.079861,0.030741,0.357639,0.046635,0.395833,0.059661,0.738709,0.016721,0.238353,0.001962,0.111892,0.001737,0.342209,0.061424,0.355718,0.085844,48
0.6,robust_mpc_replan,8,0.572917,0.056636,0.448103,0.003304,0.424468,0.004045,0.125,0.037037,0.038194,0.020027,0.065972,0.028754,0.371528,0.062461,0.440972,0.052818,0.745282,0.016779,0.237449,0.002277,0.113031,0.001881,0.371828,0.049122,0.319514,0.063071,48
0.6,robust_mpc_replan,9,0.555556,0.052678,0.449449,0.00299,0.421957,0.003291,0.09375,0.033561,0.059028,0.02834,0.079861,0.030741,0.395833,0.054697,0.416667,0.055874,0.742893,0.017868,0.237999,0.001836,0.112163,0.001403,0.386893,0.045789,0.295926,0.073908,48
0.7,active_viewpoint_reacquisition,0,0.506944,0.054118,0.407773,0.003133,0.27547,0.003822,0.166667,0.046646,0.0625,0.030175,0.069444,0.036175,0.409722,0.061483,0.215278,0.047608,0.776702,0.016727,0.245945,0.001907,0.146116,0.001545,0.42876,0.047841,0.184088,0.072459,48
0.7,active_viewpoint_reacquisition,1,0.545139,0.051227,0.411473,0.003292,0.276746,0.003775,0.135417,0.043122,0.083333,0.036393,0.104167,0.035902,0.347222,0.051314,0.263889,0.054877,0.770281,0.017212,0.249474,0.002113,0.145748,0.001794,0.394044,0.044027,0.19964,0.075494,48
0.7,active_viewpoint_reacquisition,2,0.5,0.061515,0.410051,0.00326,0.275402,0.004282,0.166667,0.048632,0.0625,0.023068,0.0625,0.026858,0.371528,0.056913,0.236111,0.041074,0.766688,0.017054,0.2467,0.001939,0.146302,0.001685,0.434063,0.053227,0.177427,0.068191,48
0.7,active_viewpoint_reacquisition,3,0.482639,0.056913,0.410342,0.003705,0.276605,0.003764,0.159722,0.045577,0.052083,0.026019,0.069444,0.033458,0.371528,0.062461,0.305556,0.052678,0.768,0.018674,0.247566,0.001544,0.146053,0.001823,0.448587,0.048809,0.179398,0.073412,48
0.7,active_viewpoint_reacquisition,4,0.493056,0.054118,0.40935,0.002937,0.274165,0.003529,0.194444,0.040494,0.083333,0.029179,0.086806,0.029162,0.364583,0.06572,0.246528,0.05053,0.767693,0.018978,0.245414,0.00197,0.146477,0.001898,0.440451,0.046982,0.122016,0.063122,48
0.7,active_viewpoint_reacquisition,5,0.503472,0.052818,0.411259,0.003227,0.276824,0.003191,0.149306,0.03797,0.055556,0.028078,0.104167,0.037196,0.385417,0.05767,0.229167,0.044172,0.770708,0.019207,0.247633,0.001778,0.147245,0.001803,0.43249,0.046213,0.18027,0.075849,48
0.7,active_viewpoint_reacquisition,6,0.513889,0.056575,0.413254,0.003183,0.273715,0.003416,0.114583,0.037866,0.038194,0.024296,0.069444,0.0305,0.336806,0.049106,0.267361,0.056496,0.773957,0.018921,0.246231,0.001854,0.146747,0.001515,0.42234,0.049233,0.244206,0.074265,48
0.7,active_viewpoint_reacquisition,7,0.53125,0.058888,0.412265,0.003281,0.276349,0.003913,0.173611,0.043452,0.076389,0.029111,0.086806,0.036379,0.371528,0.051687,0.256944,0.050501,0.771059,0.017784,0.246967,0.002081,0.147057,0.001301,0.408621,0.051443,0.179195,0.083173,48
0.7,active_viewpoint_reacquisition,8,0.517361,0.050763,0.410393,0.003497,0.276359,0.003726,0.15625,0.049025,0.069444,0.0305,0.100694,0.031875,0.347222,0.054008,0.298611,0.050501,0.77326,0.016777,0.24658,0.002173,0.14782,0.001639,0.419943,0.044312,0.172863,0.069533,48
0.7,active_viewpoint_reacquisition,9,0.510417,0.063338,0.408131,0.003438,0.275878,0.003416,0.111111,0.034158,0.034722,0.021658,0.069444,0.028908,0.378472,0.049346,0.246528,0.051457,0.768063,0.017897,0.246859,0.001594,0.145765,0.001615,0.42383,0.054772,0.247946,0.072133,48
0.7,conformal_goal_validity_filter,0,0.597222,0.05903,0.51298,0.002905,0.402897,0.004027,0.065972,0.028754,0.017361,0.014556,0.055556,0.022462,0.322917,0.049981,0.385417,0.049744,0.709197,0.017945,0.221172,0.002358,0.07371,0.001804,0.349113,0.050902,0.421371,0.064893,48
0.7,conformal_goal_validity_filter,1,0.607639,0.058754,0.515166,0.002516,0.403333,0.004152,0.097222,0.036175,0.020833,0.018518,0.104167,0.037196,0.326389,0.054118,0.357639,0.057533,0.71071,0.017671,0.220622,0.001927,0.073571,0.001777,0.340069,0.050662,0.379281,0.073437,48
0.7,conformal_goal_validity_filter,2,0.572917,0.058282,0.513461,0.00323,0.403783,0.003152,0.107639,0.042939,0.027778,0.017758,0.069444,0.027222,0.364583,0.056427,0.413194,0.059949,0.709651,0.018205,0.220782,0.002457,0.074406,0.001777,0.370885,0.050363,0.352407,0.078455,48
0.7,conformal_goal_validity_filter,3,0.631944,0.055838,0.510521,0.003016,0.404266,0.004669,0.086806,0.033678,0.034722,0.021658,0.083333,0.03767,0.378472,0.058955,0.354167,0.053826,0.706741,0.018032,0.22021,0.001888,0.072095,0.00174,0.319905,0.048589,0.408941,0.062324,48
0.7,conformal_goal_validity_filter,4,0.590278,0.058324,0.515847,0.002778,0.401929,0.004005,0.072917,0.033561,0.03125,0.020988,0.083333,0.036393,0.291667,0.059562,0.402778,0.052227,0.708066,0.017117,0.219832,0.001966,0.073262,0.001577,0.355979,0.050494,0.381716,0.0698,48
0.7,conformal_goal_validity_filter,5,0.572917,0.057465,0.513461,0.003141,0.404208,0.004501,0.069444,0.027222,0.034722,0.019351,0.072917,0.032121,0.322917,0.045001,0.378472,0.04739,0.71189,0.017987,0.220449,0.001696,0.072146,0.001787,0.371628,0.049881,0.367919,0.068863,48
0.7,conformal_goal_validity_filter,6,0.538194,0.059354,0.514894,0.003173,0.403903,0.003506,0.065972,0.031875,0.020833,0.015759,0.072917,0.032121,0.319444,0.059826,0.315972,0.049823,0.706286,0.017992,0.220233,0.002082,0.074073,0.001663,0.401196,0.05162,0.344319,0.069534,48
0.7,conformal_goal_validity_filter,7,0.625,0.044038,0.515524,0.003134,0.403361,0.003896,0.065972,0.027059,0.010417,0.011534,0.104167,0.037196,0.302083,0.058888,0.381944,0.060709,0.705786,0.017731,0.219851,0.00203,0.072486,0.001668,0.326459,0.038363,0.430691,0.055035,48
0.7,conformal_goal_validity_filter,8,0.618056,0.054985,0.515666,0.003322,0.405266,0.003504,0.069444,0.028908,0.03125,0.020988,0.090278,0.037618,0.295139,0.052594,0.385417,0.056844,0.711468,0.017782,0.219895,0.001709,0.072717,0.001523,0.331593,0.047233,0.404094,0.060609,48
0.7,conformal_goal_validity_filter,9,0.534722,0.05234,0.513463,0.002849,0.404611,0.003964,0.079861,0.027492,0.017361,0.017506,0.076389,0.029111,0.315972,0.062461,0.34375,0.052744,0.70872,0.018282,0.220105,0.001936,0.07322,0.001592,0.402427,0.045158,0.335728,0.06253,48
0.7,failure_aware_manipulation_policy,0,0.649306,0.054363,0.467406,0.003396,0.416343,0.003669,0.131944,0.041218,0.041667,0.02281,0.079861,0.029162,0.336806,0.052818,0.430556,0.058223,0.737225,0.018163,0.227834,0.002078,0.121866,0.001774,0.304079,0.046657,0.37698,0.069327,48
0.7,failure_aware_manipulation_policy,1,0.5625,0.054697,0.470637,0.002761,0.415336,0.003552,0.121528,0.034716,0.03125,0.018598,0.104167,0.037196,0.392361,0.056287,0.399306,0.056496,0.738247,0.017875,0.227879,0.002012,0.121481,0.001661,0.379783,0.047386,0.301941,0.066102,48
0.7,failure_aware_manipulation_policy,2,0.559028,0.050996,0.473548,0.003117,0.41856,0.00363,0.145833,0.04523,0.027778,0.024477,0.086806,0.036379,0.347222,0.061387,0.409722,0.044528,0.739676,0.017863,0.227979,0.00179,0.121341,0.001869,0.382819,0.04423,0.288654,0.069653,48
0.7,failure_aware_manipulation_policy,3,0.618056,0.062247,0.471253,0.002385,0.418451,0.003484,0.069444,0.027222,0.0625,0.026858,0.09375,0.034942,0.322917,0.063338,0.378472,0.053926,0.738814,0.019369,0.227419,0.002052,0.121892,0.001735,0.33124,0.054039,0.361194,0.074176,48
0.7,failure_aware_manipulation_policy,4,0.565972,0.069283,0.471562,0.003154,0.415524,0.004338,0.100694,0.038588,0.045139,0.02525,0.069444,0.027222,0.364583,0.055582,0.413194,0.055865,0.739854,0.01822,0.229291,0.001934,0.121009,0.001618,0.377855,0.060506,0.318954,0.072071,48
0.7,failure_aware_manipulation_policy,5,0.527778,0.062532,0.468714,0.002915,0.417539,0.004267,0.086806,0.033678,0.038194,0.022264,0.104167,0.038447,0.371528,0.046888,0.4375,0.059661,0.740348,0.017997,0.229278,0.001722,0.121592,0.001677,0.410875,0.054228,0.287551,0.080349,48
0.7,failure_aware_manipulation_policy,6,0.576389,0.056679,0.468591,0.003472,0.416136,0.004086,0.128472,0.035391,0.055556,0.026339,0.100694,0.034716,0.302083,0.057259,0.399306,0.050295,0.735946,0.018811,0.228775,0.001897,0.120326,0.001609,0.368344,0.049461,0.286243,0.07087,48
0.7,failure_aware_manipulation_policy,7,0.611111,0.049912,0.469644,0.003387,0.414837,0.004247,0.083333,0.040103,0.038194,0.027919,0.107639,0.035723,0.305556,0.055306,0.361111,0.054444,0.738797,0.017277,0.22923,0.002131,0.121992,0.001825,0.338837,0.043605,0.356897,0.066819,48
0.7,failure_aware_manipulation_policy,8,0.565972,0.062081,0.46865,0.002973,0.415292,0.004027,0.100694,0.030354,0.048611,0.023742,0.0625,0.025035,0.34375,0.053633,0.378472,0.053042,0.736698,0.018656,0.227875,0.001694,0.121949,0.00172,0.37745,0.054167,0.31781,0.069758,48
0.7,failure_aware_manipulation_policy,9,0.579861,0.066673,0.470285,0.003363,0.416997,0.00395,0.125,0.039509,0.048611,0.021658,0.09375,0.033561,0.309028,0.049585,0.416667,0.056714,0.733994,0.018815,0.227552,0.002245,0.12168,0.001579,0.363428,0.057448,0.297066,0.082125,48
0.7,goal_retargeting_heuristic,0,0.510417,0.056217,0.380019,0.003122,0.423035,0.004106,0.142361,0.040091,0.041667,0.02281,0.121528,0.037342,0.197917,0.039695,0.40625,0.068019,0.808793,0.017365,0.221114,0.002086,0.139354,0.001631,0.425175,0.048661,0.198173,0.068538,48
0.7,goal_retargeting_heuristic,1,0.555556,0.057815,0.384249,0.00359,0.423582,0.003226,0.086806,0.032243,0.052083,0.024133,0.100694,0.037342,0.263889,0.051314,0.395833,0.062752,0.803686,0.017377,0.222745,0.001806,0.139844,0.001692,0.385776,0.050054,0.283027,0.063396,48
0.7,goal_retargeting_heuristic,2,0.541667,0.056295,0.385935,0.0032,0.423192,0.003931,0.118056,0.045577,0.027778,0.020247,0.138889,0.039309,0.263889,0.052227,0.381944,0.058324,0.811851,0.017041,0.222293,0.001967,0.139053,0.001666,0.397968,0.04865,0.251277,0.078497,48
0.7,goal_retargeting_heuristic,3,0.600694,0.057327,0.384412,0.00315,0.4244,0.003996,0.131944,0.04235,0.045139,0.023302,0.131944,0.035013,0.229167,0.043088,0.451389,0.060709,0.810935,0.019124,0.222243,0.001492,0.139985,0.001765,0.345759,0.049055,0.291009,0.064404,48
0.7,goal_retargeting_heuristic,4,0.538194,0.049823,0.381536,0.003486,0.422674,0.003492,0.114583,0.037866,0.045139,0.021175,0.114583,0.037866,0.236111,0.044395,0.388889,0.052678,0.808533,0.017378,0.220801,0.002149,0.140426,0.001712,0.400883,0.042936,0.248632,0.066137,48
0.7,goal_retargeting_heuristic,5,0.565972,0.055653,0.382172,0.003269,0.425881,0.003567,0.118056,0.038855,0.048611,0.023742,0.107639,0.035723,0.295139,0.050763,0.368056,0.055838,0.812591,0.019132,0.223198,0.002068,0.139713,0.001458,0.377629,0.048107,0.274474,0.067774,48
0.7,goal_retargeting_heuristic,6,0.5625,0.055555,0.384968,0.002869,0.424116,0.003891,0.135417,0.042011,0.048611,0.023742,0.107639,0.041823,0.25,0.056714,0.395833,0.058863,0.810232,0.018744,0.223242,0.001697,0.139703,0.001665,0.379955,0.048043,0.255903,0.066759,48
0.7,goal_retargeting_heuristic,7,0.559028,0.051915,0.384546,0.003279,0.423395,0.003741,0.121528,0.038588,0.038194,0.024296,0.142361,0.04561,0.302083,0.05115,0.409722,0.050501,0.812156,0.017833,0.22146,0.00184,0.139214,0.001637,0.384489,0.045184,0.257396,0.064157,48
0.7,goal_retargeting_heuristic,8,0.548611,0.055838,0.38375,0.003072,0.42462,0.003642,0.111111,0.034158,0.052083,0.022086,0.107639,0.037024,0.256944,0.050501,0.364583,0.055582,0.81013,0.018131,0.220666,0.002016,0.140224,0.001658,0.3925,0.048383,0.253658,0.065905,48
0.7,goal_retargeting_heuristic,9,0.583333,0.053273,0.38309,0.003205,0.423544,0.003723,0.104167,0.034559,0.048611,0.021658,0.118056,0.036339,0.270833,0.063501,0.378472,0.051227,0.810537,0.018408,0.220169,0.001829,0.139734,0.001914,0.36046,0.046006,0.293684,0.067621,48
0.7,learned_goal_state_classifier,0,0.614583,0.059288,0.534431,0.003016,0.423795,0.004313,0.079861,0.030741,0.03125,0.020988,0.079861,0.027492,0.402778,0.055732,0.381944,0.053236,0.690689,0.017583,0.21702,0.002013,0.102896,0.001563,0.334661,0.051545,0.405737,0.063228,48
0.7,learned_goal_state_classifier,1,0.604167,0.053826,0.534795,0.002837,0.430124,0.003972,0.100694,0.036053,0.055556,0.022462,0.069444,0.028908,0.347222,0.051314,0.385417,0.05161,0.693599,0.01815,0.215338,0.001782,0.103863,0.001923,0.34321,0.046719,0.358534,0.069232,48
0.7,learned_goal_state_classifier,2,0.611111,0.056991,0.533355,0.002773,0.429548,0.003787,0.072917,0.036271,0.041667,0.024797,0.079861,0.036379,0.315972,0.055226,0.416667,0.059163,0.691944,0.017085,0.216054,0.002055,0.104241,0.001421,0.337719,0.049395,0.385323,0.064866,48
0.7,learned_goal_state_classifier,3,0.59375,0.062208,0.536019,0.00278,0.427412,0.003324,0.072917,0.033561,0.013889,0.01317,0.100694,0.037342,0.288194,0.048378,0.430556,0.055732,0.69273,0.018698,0.215889,0.00194,0.103746,0.001697,0.352453,0.053827,0.386269,0.075644,48
0.7,learned_goal_state_classifier,4,0.559028,0.057121,0.535555,0.002922,0.428337,0.003215,0.09375,0.032121,0.045139,0.021175,0.09375,0.036271,0.371528,0.053486,0.381944,0.051429,0.690752,0.018913,0.215852,0.002124,0.103326,0.001976,0.382869,0.049191,0.314165,0.058706,48
0.7,learned_goal_state_classifier,5,0.642361,0.054145,0.536716,0.00281,0.426465,0.003733,0.142361,0.047639,0.038194,0.022264,0.086806,0.033678,0.336806,0.053706,0.354167,0.059661,0.687908,0.017502,0.216928,0.001982,0.103704,0.001774,0.311188,0.046738,0.365846,0.080862,48
0.7,learned_goal_state_classifier,6,0.638889,0.052678,0.5366,0.002938,0.428342,0.004035,0.100694,0.033325,0.017361,0.014556,0.0625,0.031704,0.378472,0.057327,0.378472,0.04535,0.689034,0.018145,0.216141,0.001846,0.104762,0.001418,0.313847,0.045803,0.433639,0.057275,48
0.7,learned_goal_state_classifier,7,0.548611,0.067357,0.538963,0.003296,0.42805,0.003557,0.079861,0.032243,0.038194,0.020027,0.076389,0.030693,0.329861,0.04714,0.368056,0.058324,0.689376,0.018177,0.215478,0.002001,0.102911,0.001671,0.392268,0.057926,0.33306,0.074189,48
0.7,learned_goal_state_classifier,8,0.555556,0.069687,0.537866,0.003232,0.426143,0.003484,0.083333,0.036393,0.041667,0.020633,0.065972,0.023302,0.322917,0.053633,0.40625,0.056636,0.693919,0.017346,0.217119,0.00218,0.103717,0.001639,0.386933,0.060885,0.337869,0.079685,48
0.7,learned_goal_state_classifier,9,0.614583,0.05767,0.533188,0.002904,0.429308,0.004463,0.107639,0.034374,0.034722,0.019351,0.100694,0.037342,0.357639,0.055012,0.392361,0.057121,0.690253,0.018631,0.215895,0.002035,0.103299,0.001807,0.333217,0.04966,0.364079,0.063718,48
0.7,oracle_goal_state_supervisor,0,0.868056,0.037618,0.780192,0.003397,0.650471,0.0039,0.0,0.0,0.0,0.0,0.0,0.0,0.590278,0.050501,0.607639,0.052818,0.4949,0.018751,0.274342,0.001814,0.018976,0.00164,0.0,0.0,0.822077,0.038606,48
0.7,oracle_goal_state_supervisor,1,0.868056,0.04235,0.775706,0.002965,0.651016,0.003447,0.0,0.0,0.0,0.0,0.0,0.0,0.579861,0.059949,0.631944,0.046604,0.493524,0.018894,0.274751,0.002021,0.018447,0.001499,0.0,0.0,0.822579,0.042801,48
0.7,oracle_goal_state_supervisor,2,0.871528,0.03797,0.778619,0.003068,0.650254,0.004279,0.0,0.0,0.0,0.0,0.0,0.0,0.520833,0.058053,0.604167,0.066414,0.494257,0.017982,0.276874,0.001746,0.019092,0.00175,0.0,0.0,0.820233,0.038303,48
0.7,oracle_goal_state_supervisor,3,0.857639,0.038893,0.774474,0.002864,0.6494,0.003272,0.0,0.0,0.0,0.0,0.0,0.0,0.579861,0.056705,0.600694,0.051227,0.491477,0.018678,0.274942,0.001917,0.018356,0.001432,0.0,0.0,0.810875,0.038543,48
0.7,oracle_goal_state_supervisor,4,0.854167,0.044172,0.7748,0.003548,0.649872,0.003609,0.0,0.0,0.0,0.0,0.0,0.0,0.590278,0.056679,0.614583,0.062398,0.495041,0.019128,0.276449,0.00188,0.019297,0.001782,0.0,0.0,0.80798,0.044827,48
0.7,oracle_goal_state_supervisor,5,0.84375,0.038177,0.774029,0.003024,0.64997,0.003888,0.0,0.0,0.0,0.0,0.0,0.0,0.569444,0.060611,0.604167,0.059661,0.497214,0.01783,0.276787,0.001878,0.018997,0.001678,0.0,0.0,0.795472,0.039021,48
0.7,oracle_goal_state_supervisor,6,0.899306,0.030354,0.774074,0.003489,0.652593,0.003929,0.0,0.0,0.0,0.0,0.0,0.0,0.506944,0.060709,0.59375,0.05494,0.495215,0.018472,0.275212,0.001971,0.018704,0.001944,0.0,0.0,0.847183,0.031111,48
0.7,oracle_goal_state_supervisor,7,0.871528,0.042663,0.775088,0.002828,0.65272,0.003759,0.0,0.0,0.0,0.0,0.0,0.0,0.524306,0.056705,0.597222,0.053125,0.493084,0.018357,0.276453,0.00156,0.018814,0.001614,0.0,0.0,0.820457,0.04301,48
0.7,oracle_goal_state_supervisor,8,0.881944,0.033635,0.776029,0.003199,0.655185,0.004089,0.0,0.0,0.0,0.0,0.0,0.0,0.590278,0.058324,0.618056,0.051429,0.494779,0.018009,0.274867,0.001876,0.018922,0.00165,0.0,0.0,0.836364,0.034041,48
0.7,oracle_goal_state_supervisor,9,0.864583,0.038485,0.774515,0.002864,0.648859,0.004393,0.0,0.0,0.0,0.0,0.0,0.0,0.5625,0.054697,0.638889,0.053569,0.493359,0.017692,0.275107,0.00202,0.018997,0.00187,0.0,0.0,0.818012,0.038655,48
0.7,pomdp_belief_planner,0,0.635417,0.05115,0.473231,0.003685,0.368934,0.003379,0.131944,0.038855,0.065972,0.027059,0.121528,0.036053,0.3125,0.059661,0.347222,0.055732,0.731477,0.017979,0.226817,0.001981,0.125466,0.001702,0.316446,0.044352,0.307464,0.068545,48
0.7,pomdp_belief_planner,1,0.590278,0.049555,0.476597,0.002865,0.36806,0.003657,0.111111,0.034158,0.052083,0.024133,0.09375,0.029027,0.322917,0.056217,0.357639,0.044561,0.731929,0.016887,0.226521,0.001671,0.124655,0.001752,0.354766,0.042523,0.317129,0.069599,48
0.7,pomdp_belief_planner,2,0.527778,0.065488,0.471988,0.003181,0.370446,0.003403,0.163194,0.044027,0.052083,0.024133,0.107639,0.039496,0.302083,0.053853,0.350694,0.054363,0.732124,0.017072,0.225547,0.001943,0.124495,0.001872,0.409937,0.056592,0.209278,0.082073,48
0.7,pomdp_belief_planner,3,0.565972,0.058147,0.473903,0.003246,0.369731,0.003903,0.118056,0.040054,0.055556,0.022462,0.09375,0.032121,0.340278,0.056679,0.326389,0.053236,0.73252,0.017002,0.22641,0.001968,0.125462,0.001721,0.37639,0.050115,0.280046,0.075694,48
0.7,pomdp_belief_planner,4,0.586806,0.06596,0.472924,0.003237,0.37227,0.003505,0.090278,0.032198,0.055556,0.028078,0.097222,0.04221,0.364583,0.05115,0.298611,0.049555,0.732469,0.019581,0.227006,0.001706,0.126168,0.001941,0.358356,0.056743,0.316633,0.083492,48
0.7,pomdp_belief_planner,5,0.579861,0.066673,0.472163,0.002917,0.370067,0.003869,0.145833,0.041976,0.055556,0.024477,0.076389,0.029111,0.28125,0.05161,0.305556,0.056155,0.732597,0.01801,0.226529,0.001777,0.126024,0.001637,0.365517,0.057965,0.277893,0.080167,48
0.7,pomdp_belief_planner,6,0.534722,0.055838,0.471047,0.003648,0.36905,0.004429,0.107639,0.048133,0.072917,0.027349,0.107639,0.034374,0.381944,0.047608,0.347222,0.058223,0.728925,0.017965,0.226133,0.00143,0.124817,0.001556,0.405058,0.049035,0.231357,0.069857,48
0.7,pomdp_belief_planner,7,0.559028,0.057943,0.472944,0.003567,0.370265,0.003682,0.107639,0.034374,0.03125,0.018598,0.114583,0.041444,0.322917,0.057052,0.364583,0.047307,0.733359,0.018178,0.227383,0.002117,0.125684,0.001784,0.384376,0.050612,0.298324,0.070038,48
0.7,pomdp_belief_planner,8,0.576389,0.053236,0.476393,0.003646,0.370859,0.003699,0.15625,0.050918,0.048611,0.025657,0.107639,0.039496,0.3125,0.058863,0.34375,0.055369,0.731576,0.018166,0.228005,0.001684,0.123329,0.001708,0.368381,0.046119,0.267885,0.079456,48
0.7,pomdp_belief_planner,9,0.576389,0.054118,0.474152,0.002985,0.368837,0.003309,0.118056,0.037618,0.069444,0.027222,0.131944,0.043452,0.347222,0.060611,0.354167,0.046264,0.731389,0.017823,0.226799,0.002337,0.125011,0.001768,0.367402,0.047664,0.259277,0.070702,48
0.7,risk_budgeted_goal_recovery,0,0.618056,0.058324,0.522086,0.003185,0.442459,0.003322,0.065972,0.030354,0.010417,0.011534,0.111111,0.034158,0.340278,0.051429,0.493056,0.068747,0.698357,0.017898,0.245791,0.002145,0.084537,0.001764,0.331957,0.050931,0.414862,0.070131,48
0.7,risk_budgeted_goal_recovery,1,0.65625,0.058687,0.521242,0.00312,0.445871,0.004588,0.065972,0.031875,0.034722,0.019351,0.09375,0.032121,0.399306,0.060538,0.413194,0.052369,0.700787,0.018716,0.244732,0.00129,0.083123,0.001693,0.298739,0.051056,0.440814,0.067,48
0.7,risk_budgeted_goal_recovery,2,0.607639,0.052818,0.520678,0.00278,0.443563,0.004058,0.072917,0.033561,0.020833,0.015759,0.045139,0.02525,0.40625,0.056636,0.378472,0.048378,0.700055,0.018603,0.244442,0.001917,0.084061,0.001708,0.341365,0.046196,0.423655,0.059119,48
0.7,risk_budgeted_goal_recovery,3,0.6875,0.060448,0.520998,0.002917,0.441761,0.003496,0.097222,0.038702,0.027778,0.017758,0.0625,0.026858,0.413194,0.055012,0.440972,0.052818,0.702536,0.018313,0.245902,0.002171,0.084147,0.001664,0.271502,0.052543,0.472554,0.074744,48
0.7,risk_budgeted_goal_recovery,4,0.59375,0.055794,0.520168,0.003391,0.444666,0.003567,0.09375,0.032121,0.027778,0.020247,0.052083,0.026019,0.357639,0.060733,0.385417,0.056844,0.700096,0.018369,0.244618,0.002069,0.083706,0.001407,0.353114,0.048715,0.384884,0.070411,48
0.7,risk_budgeted_goal_recovery,5,0.697917,0.048296,0.519333,0.003048,0.441937,0.004135,0.0625,0.028565,0.013889,0.01317,0.079861,0.027492,0.402778,0.057405,0.482639,0.060927,0.700062,0.01808,0.246027,0.001625,0.083424,0.001543,0.26315,0.042325,0.512332,0.05922,48
0.7,risk_budgeted_goal_recovery,6,0.631944,0.062247,0.521084,0.003566,0.442798,0.003481,0.097222,0.038702,0.010417,0.011534,0.100694,0.043213,0.385417,0.05161,0.423611,0.063003,0.699162,0.017694,0.24449,0.001816,0.083844,0.00153,0.318904,0.053471,0.410707,0.070721,48
0.7,risk_budgeted_goal_recovery,7,0.659722,0.049555,0.522189,0.003071,0.444999,0.003779,0.111111,0.028078,0.020833,0.015759,0.069444,0.027222,0.392361,0.05006,0.423611,0.053236,0.69433,0.01708,0.246026,0.001903,0.083922,0.001826,0.295654,0.042511,0.43586,0.060764,48
0.7,risk_budgeted_goal_recovery,8,0.604167,0.058053,0.520637,0.002814,0.447034,0.003782,0.097222,0.032013,0.027778,0.020247,0.069444,0.028908,0.378472,0.061314,0.4375,0.057233,0.69669,0.017395,0.244608,0.001889,0.084367,0.001607,0.343731,0.05008,0.382695,0.065038,48
0.7,risk_budgeted_goal_recovery,9,0.638889,0.053569,0.521736,0.002973,0.445378,0.003447,0.107639,0.034374,0.013889,0.01317,0.083333,0.035069,0.368056,0.054985,0.409722,0.058324,0.698494,0.019043,0.245982,0.001868,0.083702,0.001721,0.312442,0.046138,0.413283,0.060762,48
0.7,risk_calibrated_goal_belief_revision_v5,0,0.784722,0.047608,0.709814,0.003014,0.595722,0.003777,0.013889,0.01317,0.0,0.0,0.0,0.0,0.545139,0.060538,0.600694,0.044295,0.545145,0.017829,0.271665,0.001914,0.03635,0.001696,0.186991,0.041344,0.720404,0.049465,48
0.7,risk_calibrated_goal_belief_revision_v5,1,0.732639,0.050295,0.710793,0.003306,0.595389,0.003478,0.013889,0.01317,0.0,0.0,0.0,0.0,0.534722,0.062247,0.527778,0.056991,0.545806,0.017838,0.273214,0.001875,0.035349,0.001918,0.232279,0.043631,0.664104,0.050334,48
0.7,risk_calibrated_goal_belief_revision_v5,2,0.795139,0.047886,0.710224,0.00322,0.596207,0.003262,0.013889,0.01317,0.0,0.0,0.006944,0.009522,0.496528,0.057121,0.586806,0.057533,0.547034,0.017223,0.2729,0.00175,0.036145,0.001797,0.178193,0.0417,0.722558,0.049822,48
0.7,risk_calibrated_goal_belief_revision_v5,3,0.802083,0.049266,0.712192,0.002644,0.594605,0.003598,0.010417,0.011534,0.003472,0.006806,0.010417,0.015088,0.461806,0.051687,0.607639,0.048133,0.545879,0.019286,0.271666,0.00194,0.035998,0.001709,0.171575,0.04272,0.725434,0.052487,48
0.7,risk_calibrated_goal_belief_revision_v5,4,0.753472,0.046635,0.710521,0.00286,0.596453,0.003584,0.017361,0.017506,0.0,0.0,0.006944,0.009522,0.513889,0.054008,0.59375,0.048541,0.543124,0.018271,0.270461,0.001698,0.03645,0.001321,0.214372,0.040645,0.680718,0.049037,48
0.7,risk_calibrated_goal_belief_revision_v5,5,0.767361,0.053042,0.712199,0.002769,0.594138,0.003943,0.013889,0.01317,0.0,0.0,0.013889,0.01317,0.520833,0.051121,0.614583,0.053412,0.54402,0.017199,0.273216,0.001845,0.035942,0.001833,0.202701,0.04625,0.693709,0.052977,48
0.7,risk_calibrated_goal_belief_revision_v5,6,0.770833,0.046264,0.711293,0.003641,0.594366,0.003769,0.010417,0.011534,0.0,0.0,0.0,0.0,0.541667,0.071142,0.631944,0.058324,0.545297,0.017246,0.269957,0.001764,0.035916,0.002014,0.19908,0.040233,0.710776,0.049307,48
0.7,risk_calibrated_goal_belief_revision_v5,7,0.770833,0.046264,0.709101,0.003189,0.598523,0.004102,0.006944,0.009522,0.0,0.0,0.006944,0.009522,0.513889,0.062909,0.583333,0.05054,0.543815,0.018468,0.273061,0.002125,0.03595,0.001778,0.200168,0.040563,0.704391,0.047455,48
0.7,risk_calibrated_goal_belief_revision_v5,8,0.732639,0.053042,0.711795,0.002157,0.594864,0.003876,0.013889,0.01317,0.0,0.0,0.003472,0.006806,0.538194,0.063957,0.590278,0.051429,0.549477,0.017859,0.272307,0.00179,0.036162,0.001887,0.232219,0.046128,0.665041,0.054344,48
0.7,risk_calibrated_goal_belief_revision_v5,9,0.788194,0.042105,0.711206,0.002338,0.597531,0.0032,0.024306,0.016817,0.0,0.0,0.020833,0.015759,0.496528,0.053706,0.597222,0.04221,0.545944,0.018752,0.272147,0.001896,0.035425,0.001743,0.183244,0.036321,0.701005,0.045259,48
0.7,robust_mpc_replan,0,0.579861,0.057533,0.43755,0.00337,0.412044,0.003487,0.100694,0.030354,0.041667,0.020633,0.090278,0.032198,0.361111,0.053569,0.385417,0.05429,0.762043,0.017145,0.238114,0.002527,0.118267,0.001406,0.365293,0.050326,0.318259,0.071283,48
0.7,robust_mpc_replan,1,0.600694,0.06578,0.438978,0.00354,0.412824,0.004125,0.072917,0.029027,0.041667,0.02281,0.107639,0.037024,0.336806,0.051915,0.430556,0.054008,0.765971,0.018596,0.237835,0.001996,0.11644,0.001842,0.347377,0.05763,0.353784,0.079169,48
0.7,robust_mpc_replan,2,0.576389,0.058324,0.439304,0.002909,0.416278,0.003971,0.114583,0.040287,0.027778,0.017758,0.121528,0.039794,0.364583,0.056427,0.402778,0.052227,0.766435,0.01881,0.238901,0.002237,0.117348,0.001682,0.367808,0.050664,0.301543,0.071231,48
0.7,robust_mpc_replan,3,0.548611,0.05913,0.439043,0.00315,0.412877,0.003909,0.135417,0.042011,0.027778,0.017758,0.086806,0.032243,0.347222,0.054008,0.364583,0.060473,0.760607,0.017911,0.237791,0.001508,0.116738,0.001763,0.391246,0.051052,0.281361,0.075657,48
0.7,robust_mpc_replan,4,0.569444,0.066562,0.437074,0.003011,0.41522,0.003463,0.121528,0.038588,0.038194,0.020027,0.090278,0.032198,0.277778,0.056155,0.402778,0.058223,0.761848,0.017944,0.237465,0.001731,0.11678,0.001916,0.374143,0.057878,0.295169,0.073847,48
0.7,robust_mpc_replan,5,0.569444,0.054877,0.438738,0.003546,0.4151,0.003777,0.107639,0.035723,0.024306,0.019427,0.09375,0.039992,0.333333,0.057542,0.440972,0.059553,0.76542,0.01829,0.236894,0.001792,0.11671,0.001343,0.374444,0.047577,0.322293,0.064272,48
0.7,robust_mpc_replan,6,0.600694,0.063587,0.436612,0.003296,0.414686,0.004088,0.135417,0.046296,0.034722,0.023742,0.097222,0.033458,0.34375,0.049981,0.354167,0.064974,0.766581,0.017973,0.238605,0.001938,0.116181,0.001797,0.346455,0.054954,0.318234,0.078908,48
0.7,robust_mpc_replan,7,0.538194,0.058552,0.439098,0.003514,0.413386,0.003727,0.138889,0.042766,0.045139,0.02525,0.076389,0.033635,0.3125,0.052939,0.388889,0.055306,0.763699,0.018198,0.237623,0.001882,0.115988,0.001587,0.402677,0.051135,0.25728,0.071823,48
0.7,robust_mpc_replan,8,0.527778,0.065488,0.438956,0.003299,0.415658,0.003758,0.104167,0.041976,0.052083,0.024133,0.111111,0.042766,0.354167,0.059661,0.392361,0.060342,0.761947,0.018038,0.238842,0.001984,0.116074,0.00193,0.410079,0.056566,0.249196,0.089806,48
0.7,robust_mpc_replan,9,0.625,0.049116,0.438408,0.003103,0.413689,0.003677,0.104167,0.039658,0.041667,0.028357,0.059028,0.026618,0.322917,0.048051,0.402778,0.053125,0.764222,0.01856,0.238747,0.001504,0.117077,0.001686,0.324211,0.042272,0.377364,0.064038,48
0.8,active_viewpoint_reacquisition,0,0.451389,0.05913,0.399642,0.003293,0.267579,0.003879,0.177083,0.048051,0.072917,0.034942,0.121528,0.033325,0.368056,0.058324,0.239583,0.043396,0.790134,0.018191,0.24793,0.001814,0.150584,0.001735,0.474933,0.050991,0.084849,0.082836,48
0.8,active_viewpoint_reacquisition,1,0.489583,0.069736,0.399883,0.003112,0.266956,0.003737,0.166667,0.038905,0.100694,0.034716,0.097222,0.039906,0.392361,0.050996,0.197917,0.045263,0.792991,0.019505,0.246579,0.002454,0.151491,0.001622,0.441316,0.059918,0.117862,0.076007,48
0.8,active_viewpoint_reacquisition,2,0.527778,0.056991,0.401918,0.003181,0.268844,0.003262,0.142361,0.040091,0.079861,0.036379,0.104167,0.038447,0.427083,0.056636,0.222222,0.052678,0.79702,0.019143,0.247821,0.00209,0.149512,0.001838,0.408466,0.049656,0.184548,0.071527,48
0.8,active_viewpoint_reacquisition,3,0.548611,0.061483,0.396639,0.00338,0.26858,0.003616,0.170139,0.048133,0.065972,0.028754,0.090278,0.033635,0.333333,0.062279,0.298611,0.05234,0.792744,0.019132,0.249109,0.0016,0.151378,0.001692,0.391305,0.053562,0.205753,0.087514,48
0.8,active_viewpoint_reacquisition,4,0.53125,0.062017,0.397771,0.002967,0.266299,0.003398,0.180556,0.046477,0.052083,0.024133,0.079861,0.032243,0.315972,0.051687,0.256944,0.051429,0.795506,0.018227,0.247837,0.001714,0.149723,0.001687,0.403764,0.053089,0.197169,0.079777,48
0.8,active_viewpoint_reacquisition,5,0.513889,0.059826,0.395374,0.003054,0.268121,0.004502,0.163194,0.048133,0.076389,0.030693,0.079861,0.027492,0.354167,0.059661,0.288194,0.051227,0.789975,0.019258,0.247453,0.002048,0.150755,0.001539,0.420708,0.051798,0.170181,0.078262,48
0.8,active_viewpoint_reacquisition,6,0.520833,0.067122,0.397335,0.003269,0.265465,0.0037,0.170139,0.040676,0.0625,0.026858,0.086806,0.035055,0.375,0.045099,0.239583,0.049505,0.793251,0.019473,0.248922,0.001897,0.150572,0.001843,0.415044,0.058044,0.188099,0.090584,48
0.8,active_viewpoint_reacquisition,7,0.541667,0.062658,0.396061,0.003657,0.265754,0.003248,0.163194,0.044027,0.055556,0.028078,0.100694,0.038588,0.336806,0.051915,0.256944,0.057508,0.796666,0.020064,0.247853,0.001733,0.150877,0.001629,0.395607,0.054048,0.200563,0.081726,48
0.8,active_viewpoint_reacquisition,8,0.534722,0.065937,0.398437,0.002901,0.264024,0.00411,0.15625,0.043937,0.041667,0.026637,0.118056,0.040054,0.326389,0.055838,0.277778,0.053569,0.79286,0.018009,0.247998,0.00199,0.149369,0.002222,0.402677,0.057059,0.203473,0.081236,48
0.8,active_viewpoint_reacquisition,9,0.569444,0.062909,0.397872,0.002725,0.265993,0.003436,0.197917,0.052067,0.083333,0.029179,0.069444,0.0305,0.361111,0.055306,0.260417,0.05319,0.794934,0.020055,0.245964,0.002033,0.15023,0.00176,0.373721,0.054398,0.207812,0.079395,48
0.8,conformal_goal_validity_filter,0,0.493056,0.051429,0.502145,0.002871,0.398367,0.004273,0.076389,0.027439,0.034722,0.021658,0.09375,0.030613,0.288194,0.059752,0.381944,0.058324,0.73653,0.019395,0.221885,0.001904,0.078151,0.001554,0.439156,0.044286,0.267023,0.057641,48
0.8,conformal_goal_validity_filter,1,0.569444,0.050383,0.499471,0.002679,0.395029,0.004075,0.111111,0.036823,0.034722,0.021658,0.079861,0.030741,0.340278,0.060709,0.385417,0.058485,0.734255,0.020028,0.222776,0.001888,0.077654,0.001618,0.373482,0.043929,0.332216,0.066429,48
0.8,conformal_goal_validity_filter,2,0.59375,0.064449,0.502882,0.00308,0.39614,0.003882,0.069444,0.036175,0.041667,0.020633,0.086806,0.032243,0.354167,0.060448,0.416667,0.056714,0.736653,0.019084,0.21882,0.001965,0.07761,0.001904,0.351527,0.055984,0.373576,0.079641,48
0.8,conformal_goal_validity_filter,3,0.552083,0.062398,0.502499,0.003196,0.392679,0.00302,0.083333,0.035069,0.034722,0.021658,0.111111,0.032744,0.284722,0.058324,0.385417,0.06008,0.73227,0.018982,0.220865,0.001954,0.076558,0.001777,0.38717,0.053672,0.308521,0.071766,48
0.8,conformal_goal_validity_filter,4,0.600694,0.059752,0.499843,0.003086,0.396314,0.004456,0.090278,0.032198,0.041667,0.024797,0.114583,0.037866,0.288194,0.055653,0.388889,0.051772,0.732576,0.018639,0.222081,0.001655,0.077431,0.001634,0.344451,0.051382,0.349617,0.073832,48
0.8,conformal_goal_validity_filter,5,0.548611,0.054118,0.500835,0.002958,0.396639,0.003147,0.118056,0.043452,0.038194,0.024296,0.072917,0.029027,0.350694,0.059354,0.378472,0.056496,0.735054,0.018052,0.220599,0.002254,0.077827,0.002213,0.390796,0.04695,0.30816,0.065601,48
0.8,conformal_goal_validity_filter,6,0.545139,0.048378,0.502989,0.003239,0.39588,0.004561,0.111111,0.040494,0.038194,0.022264,0.059028,0.024778,0.291667,0.058762,0.420139,0.05835,0.731533,0.017613,0.220046,0.001963,0.076233,0.001535,0.393896,0.041703,0.317309,0.06603,48
0.8,conformal_goal_validity_filter,7,0.597222,0.054877,0.503913,0.002839,0.396298,0.003834,0.086806,0.035055,0.024306,0.016817,0.107639,0.037024,0.333333,0.047649,0.378472,0.063587,0.729807,0.017963,0.221121,0.002146,0.07762,0.001644,0.347305,0.046902,0.370409,0.071043,48
0.8,conformal_goal_validity_filter,8,0.597222,0.052227,0.50452,0.003005,0.396324,0.003834,0.131944,0.044528,0.034722,0.019351,0.072917,0.030613,0.305556,0.058628,0.427083,0.061443,0.737059,0.018916,0.220662,0.001924,0.077104,0.001647,0.348903,0.045456,0.352228,0.064907,48
0.8,conformal_goal_validity_filter,9,0.583333,0.052378,0.504048,0.002705,0.395826,0.004037,0.086806,0.032243,0.027778,0.020247,0.097222,0.034843,0.319444,0.049436,0.395833,0.058053,0.7354,0.018889,0.220075,0.001599,0.077035,0.001417,0.361575,0.045532,0.356869,0.067581,48
0.8,failure_aware_manipulation_policy,0,0.611111,0.042766,0.456505,0.003221,0.406201,0.003821,0.152778,0.041074,0.059028,0.02834,0.079861,0.033678,0.378472,0.057327,0.447917,0.062398,0.76374,0.01793,0.229168,0.002053,0.126002,0.001933,0.336541,0.036798,0.3145,0.064243,48
0.8,failure_aware_manipulation_policy,1,0.631944,0.056679,0.456471,0.002789,0.410969,0.003909,0.111111,0.041646,0.048611,0.021658,0.079861,0.032243,0.340278,0.05234,0.430556,0.059826,0.760416,0.019562,0.226656,0.002007,0.124514,0.001708,0.318485,0.048904,0.366573,0.069517,48
0.8,failure_aware_manipulation_policy,2,0.5625,0.054697,0.457202,0.003406,0.407936,0.004266,0.09375,0.030613,0.041667,0.02281,0.083333,0.033693,0.388889,0.052678,0.34375,0.057052,0.762502,0.01967,0.227407,0.002024,0.126865,0.001655,0.378321,0.04727,0.317522,0.070018,48
0.8,failure_aware_manipulation_policy,3,0.583333,0.056714,0.458035,0.003078,0.409021,0.003685,0.114583,0.039095,0.038194,0.022264,0.121528,0.040966,0.333333,0.046646,0.388889,0.069005,0.76226,0.019234,0.227375,0.002172,0.125822,0.001732,0.36015,0.048624,0.30176,0.070992,48
0.8,failure_aware_manipulation_policy,4,0.614583,0.053412,0.454474,0.002922,0.407958,0.003105,0.104167,0.041976,0.041667,0.02281,0.097222,0.0305,0.295139,0.057739,0.447917,0.049744,0.765506,0.018635,0.228185,0.001898,0.125797,0.001914,0.332121,0.045678,0.352716,0.064029,48
0.8,failure_aware_manipulation_policy,5,0.572917,0.052293,0.456314,0.002915,0.407101,0.003984,0.121528,0.038588,0.048611,0.025657,0.111111,0.034158,0.319444,0.061387,0.350694,0.059354,0.761785,0.018899,0.228723,0.002357,0.125498,0.001687,0.369806,0.045573,0.27936,0.06556,48
0.8,failure_aware_manipulation_policy,6,0.524306,0.055865,0.455523,0.003557,0.406283,0.003507,0.125,0.039509,0.03125,0.018598,0.090278,0.038855,0.322917,0.049981,0.347222,0.061387,0.764671,0.018862,0.227114,0.001932,0.125317,0.001545,0.412457,0.048411,0.255958,0.06345,48
0.8,failure_aware_manipulation_policy,7,0.524306,0.061507,0.457327,0.003629,0.40778,0.003601,0.118056,0.037618,0.0625,0.026858,0.107639,0.031501,0.329861,0.058754,0.427083,0.05319,0.760295,0.01915,0.230369,0.002354,0.126838,0.001667,0.409838,0.052668,0.22549,0.080494,48
0.8,failure_aware_manipulation_policy,8,0.569444,0.057405,0.455817,0.003437,0.404585,0.003713,0.114583,0.043667,0.0625,0.028565,0.128472,0.036703,0.336806,0.050996,0.375,0.062658,0.764921,0.020123,0.226572,0.001723,0.126431,0.001762,0.373349,0.050238,0.263555,0.066749,48
0.8,failure_aware_manipulation_policy,9,0.59375,0.05494,0.456981,0.003131,0.407512,0.004474,0.09375,0.033561,0.065972,0.028754,0.114583,0.040287,0.361111,0.055306,0.347222,0.053125,0.763265,0.01807,0.228623,0.00223,0.12565,0.001577,0.352693,0.047944,0.296783,0.080025,48
0.8,goal_retargeting_heuristic,0,0.510417,0.048051,0.368895,0.003067,0.415861,0.00422,0.114583,0.041444,0.055556,0.034158,0.097222,0.032013,0.256944,0.053236,0.392361,0.051915,0.834226,0.019149,0.22187,0.002049,0.144427,0.001837,0.424419,0.041684,0.221668,0.07814,48
0.8,goal_retargeting_heuristic,1,0.5,0.065246,0.370933,0.003364,0.413966,0.003518,0.128472,0.043757,0.038194,0.02617,0.114583,0.036595,0.256944,0.049555,0.40625,0.058282,0.836838,0.019322,0.223053,0.002193,0.144339,0.001588,0.432276,0.055966,0.207908,0.090646,48
0.8,goal_retargeting_heuristic,2,0.486111,0.058223,0.369776,0.002758,0.416595,0.004063,0.180556,0.045448,0.059028,0.034374,0.111111,0.031266,0.236111,0.049436,0.329861,0.058754,0.830021,0.018446,0.222167,0.001786,0.144655,0.002099,0.444216,0.050089,0.128583,0.078847,48
0.8,goal_retargeting_heuristic,3,0.520833,0.061994,0.37095,0.003428,0.414775,0.00389,0.131944,0.044528,0.048611,0.021658,0.111111,0.039309,0.28125,0.048784,0.409722,0.068056,0.833921,0.018939,0.222192,0.001967,0.14503,0.001981,0.414011,0.053064,0.211316,0.073112,48
0.8,goal_retargeting_heuristic,4,0.548611,0.063003,0.371657,0.002789,0.415903,0.004068,0.090278,0.036339,0.069444,0.033458,0.159722,0.049555,0.263889,0.047483,0.364583,0.063525,0.831661,0.019392,0.221963,0.002149,0.144257,0.001764,0.389719,0.054534,0.226734,0.076645,48
0.8,goal_retargeting_heuristic,5,0.545139,0.051227,0.369604,0.003363,0.416656,0.003935,0.083333,0.032259,0.055556,0.028078,0.166667,0.049595,0.222222,0.048955,0.381944,0.051429,0.833721,0.019115,0.223604,0.002145,0.145523,0.001629,0.39386,0.044589,0.229322,0.057259,48
0.8,goal_retargeting_heuristic,6,0.53125,0.058079,0.367189,0.002832,0.416476,0.002909,0.118056,0.037618,0.0625,0.025035,0.083333,0.030757,0.263889,0.048469,0.447917,0.061635,0.833686,0.019437,0.221468,0.001807,0.143876,0.001668,0.406307,0.050213,0.236745,0.070255,48
0.8,goal_retargeting_heuristic,7,0.520833,0.057233,0.368803,0.002823,0.414974,0.003238,0.128472,0.040384,0.03125,0.020988,0.125,0.035737,0.3125,0.055555,0.399306,0.057327,0.832609,0.019246,0.221729,0.001696,0.14366,0.001723,0.413396,0.04924,0.225193,0.06857,48
0.8,goal_retargeting_heuristic,8,0.534722,0.053236,0.369951,0.002945,0.417969,0.004166,0.121528,0.034716,0.0625,0.026858,0.163194,0.048133,0.298611,0.060709,0.347222,0.058223,0.83013,0.019861,0.223529,0.001937,0.145152,0.001476,0.402957,0.046128,0.187987,0.064494,48
0.8,goal_retargeting_heuristic,9,0.538194,0.051687,0.369419,0.003425,0.413689,0.003749,0.121528,0.038588,0.055556,0.028078,0.121528,0.044295,0.267361,0.056496,0.378472,0.060538,0.835501,0.019466,0.221064,0.002083,0.144163,0.001991,0.40122,0.045354,0.220957,0.080026,48
0.8,learned_goal_state_classifier,0,0.618056,0.055838,0.522895,0.002939,0.416612,0.003774,0.079861,0.032243,0.038194,0.024296,0.072917,0.032121,0.375,0.056295,0.395833,0.049236,0.71219,0.019086,0.216683,0.00201,0.106848,0.001921,0.330235,0.047873,0.400336,0.068457,48
0.8,learned_goal_state_classifier,1,0.559028,0.064875,0.523025,0.00282,0.417934,0.003877,0.083333,0.029179,0.038194,0.024296,0.079861,0.033678,0.347222,0.052227,0.434028,0.06578,0.716747,0.019296,0.215715,0.002154,0.107457,0.001753,0.382395,0.056227,0.334868,0.067881,48
0.8,learned_goal_state_classifier,2,0.583333,0.053273,0.522057,0.003321,0.417167,0.003264,0.079861,0.030741,0.038194,0.02617,0.069444,0.028908,0.350694,0.046888,0.375,0.055449,0.71708,0.018315,0.217247,0.002375,0.108243,0.001889,0.360018,0.045889,0.362115,0.065103,48
0.8,learned_goal_state_classifier,3,0.604167,0.058053,0.519608,0.002647,0.416589,0.003511,0.097222,0.034843,0.048611,0.027439,0.076389,0.029111,0.350694,0.053486,0.375,0.055449,0.713017,0.019552,0.215965,0.001861,0.108355,0.001648,0.342813,0.050491,0.365391,0.07941,48
0.8,learned_goal_state_classifier,4,0.649306,0.046888,0.518544,0.002804,0.418541,0.003559,0.055556,0.024477,0.024306,0.016817,0.0625,0.030175,0.340278,0.05234,0.388889,0.052678,0.715477,0.019299,0.215507,0.001964,0.108683,0.001767,0.302414,0.040299,0.464735,0.056115,48
0.8,learned_goal_state_classifier,5,0.618056,0.060709,0.524209,0.002639,0.414892,0.00374,0.079861,0.030741,0.027778,0.020247,0.097222,0.038702,0.291667,0.050069,0.409722,0.051429,0.711878,0.018627,0.216877,0.001764,0.107072,0.00155,0.329723,0.052061,0.392167,0.074554,48
0.8,learned_goal_state_classifier,6,0.586806,0.063026,0.524568,0.003414,0.420203,0.003409,0.100694,0.037342,0.038194,0.022264,0.100694,0.031875,0.319444,0.059826,0.3125,0.053826,0.714677,0.01871,0.215619,0.001784,0.1094,0.001738,0.357929,0.054374,0.32759,0.076755,48
0.8,learned_goal_state_classifier,7,0.579861,0.051457,0.522047,0.003339,0.416762,0.003084,0.100694,0.037342,0.048611,0.025657,0.104167,0.037196,0.336806,0.05006,0.392361,0.050996,0.715204,0.017919,0.21718,0.001628,0.109197,0.001969,0.362162,0.044065,0.320417,0.069401,48
0.8,learned_goal_state_classifier,8,0.569444,0.056575,0.520968,0.003206,0.417956,0.003498,0.076389,0.032198,0.041667,0.024797,0.086806,0.029162,0.315972,0.045868,0.350694,0.043757,0.713131,0.018532,0.217444,0.001646,0.107683,0.001637,0.373067,0.049108,0.332721,0.061154,48
0.8,learned_goal_state_classifier,9,0.645833,0.059661,0.522667,0.003097,0.416606,0.003993,0.09375,0.032121,0.017361,0.014556,0.107639,0.035723,0.402778,0.057405,0.409722,0.058324,0.715085,0.018383,0.217358,0.001899,0.108243,0.001858,0.307115,0.052021,0.421263,0.066263,48
0.8,oracle_goal_state_supervisor,0,0.875,0.040688,0.762893,0.0036,0.642417,0.004499,0.0,0.0,0.0,0.0,0.0,0.0,0.579861,0.053264,0.618056,0.060709,0.518031,0.019252,0.275439,0.002041,0.023005,0.001496,0.0,0.0,0.82671,0.04064,48
0.8,oracle_goal_state_supervisor,1,0.826389,0.041218,0.761705,0.003022,0.644521,0.003589,0.0,0.0,0.0,0.0,0.0,0.0,0.552083,0.056844,0.649306,0.056076,0.515286,0.018557,0.276525,0.001906,0.023396,0.002198,0.0,0.0,0.777424,0.04135,48
0.8,oracle_goal_state_supervisor,2,0.875,0.032984,0.765536,0.003514,0.643115,0.003129,0.0,0.0,0.0,0.0,0.0,0.0,0.552083,0.049744,0.565972,0.053926,0.516812,0.018952,0.2756,0.001973,0.023902,0.001833,0.0,0.0,0.82248,0.033245,48
0.8,oracle_goal_state_supervisor,3,0.847222,0.041074,0.761816,0.003268,0.64326,0.003997,0.0,0.0,0.0,0.0,0.0,0.0,0.569444,0.052227,0.625,0.058762,0.513664,0.018885,0.276321,0.001779,0.023883,0.001821,0.0,0.0,0.798368,0.040793,48
0.8,oracle_goal_state_supervisor,4,0.895833,0.035902,0.76166,0.003309,0.643522,0.0031,0.0,0.0,0.0,0.0,0.0,0.0,0.496528,0.067027,0.621528,0.055653,0.51676,0.020034,0.273093,0.001624,0.022177,0.001726,0.0,0.0,0.843204,0.038607,48
0.8,oracle_goal_state_supervisor,5,0.888889,0.032744,0.762478,0.002803,0.643066,0.004493,0.0,0.0,0.0,0.0,0.0,0.0,0.506944,0.057508,0.565972,0.054796,0.516782,0.018333,0.276728,0.001837,0.02252,0.00195,0.0,0.0,0.83342,0.033654,48
0.8,oracle_goal_state_supervisor,6,0.854167,0.040833,0.764014,0.003718,0.641496,0.003763,0.0,0.0,0.0,0.0,0.0,0.0,0.569444,0.060611,0.611111,0.052678,0.520375,0.01839,0.274342,0.001606,0.024334,0.001591,0.0,0.0,0.804858,0.040988,48
0.8,oracle_goal_state_supervisor,7,0.868056,0.044528,0.762161,0.00316,0.642222,0.003877,0.0,0.0,0.0,0.0,0.0,0.0,0.548611,0.055838,0.604167,0.055555,0.516931,0.020936,0.277061,0.001894,0.022867,0.001481,0.0,0.0,0.816725,0.044678,48
0.8,oracle_goal_state_supervisor,8,0.885417,0.036595,0.760876,0.003576,0.642453,0.00373,0.0,0.0,0.0,0.0,0.0,0.0,0.583333,0.061515,0.628472,0.050763,0.518358,0.020123,0.275281,0.002156,0.024518,0.001473,0.0,0.0,0.837473,0.037723,48
0.8,oracle_goal_state_supervisor,9,0.819444,0.051314,0.764969,0.003219,0.64344,0.003338,0.0,0.0,0.0,0.0,0.003472,0.006806,0.5625,0.054697,0.614583,0.06536,0.516569,0.019558,0.275844,0.001884,0.023022,0.001944,0.0,0.0,0.767799,0.051762,48
0.8,pomdp_belief_planner,0,0.524306,0.062271,0.463037,0.00342,0.362267,0.004207,0.131944,0.038855,0.045139,0.027059,0.09375,0.032121,0.333333,0.051467,0.284722,0.048591,0.756376,0.018453,0.226423,0.002022,0.129119,0.001401,0.41175,0.053639,0.245246,0.076949,48
0.8,pomdp_belief_planner,1,0.559028,0.060342,0.462318,0.002861,0.363012,0.003841,0.194444,0.050851,0.052083,0.026019,0.121528,0.037342,0.333333,0.053273,0.322917,0.053633,0.754333,0.019023,0.227944,0.002134,0.129594,0.001407,0.382065,0.05245,0.20986,0.064906,48
0.8,pomdp_belief_planner,2,0.53125,0.054724,0.459082,0.003025,0.360581,0.002996,0.125,0.046136,0.052083,0.024133,0.100694,0.033325,0.3125,0.04523,0.302083,0.05115,0.758822,0.019457,0.227445,0.001751,0.130012,0.00176,0.405122,0.046979,0.233881,0.066295,48
0.8,pomdp_belief_planner,3,0.475694,0.063772,0.462697,0.003328,0.362514,0.003456,0.125,0.039509,0.065972,0.028754,0.083333,0.029179,0.291667,0.058762,0.361111,0.055306,0.755961,0.019537,0.227357,0.001717,0.129583,0.002027,0.454224,0.055296,0.177474,0.079261,48
0.8,pomdp_belief_planner,4,0.586806,0.056705,0.460815,0.003045,0.361333,0.00346,0.170139,0.042939,0.0625,0.030175,0.097222,0.043316,0.322917,0.050918,0.347222,0.052227,0.757174,0.018938,0.228524,0.001926,0.129321,0.001931,0.356492,0.048826,0.251528,0.072122,48
0.8,pomdp_belief_planner,5,0.548611,0.050501,0.461894,0.003122,0.361152,0.004107,0.138889,0.042766,0.065972,0.028754,0.0625,0.026858,0.333333,0.055021,0.329861,0.053706,0.752681,0.017725,0.225367,0.001797,0.129529,0.001979,0.390764,0.043737,0.256177,0.073102,48
0.8,pomdp_belief_planner,6,0.534722,0.061483,0.463332,0.003011,0.362519,0.003586,0.131944,0.040054,0.069444,0.0305,0.125,0.041835,0.336806,0.060342,0.309028,0.05835,0.758682,0.019378,0.227811,0.002408,0.128928,0.001389,0.403902,0.053691,0.205147,0.075087,48
0.8,pomdp_belief_planner,7,0.583333,0.061515,0.460292,0.003186,0.363331,0.004289,0.118056,0.035013,0.065972,0.030354,0.083333,0.033693,0.319444,0.052227,0.309028,0.053264,0.75702,0.019354,0.228729,0.001887,0.130265,0.001623,0.359556,0.052917,0.291277,0.067384,48
0.8,pomdp_belief_planner,8,0.579861,0.059155,0.460243,0.002796,0.362592,0.003992,0.138889,0.038086,0.083333,0.033693,0.086806,0.036379,0.371528,0.051687,0.336806,0.058754,0.754124,0.019243,0.225794,0.001821,0.130047,0.00162,0.362888,0.050604,0.250871,0.074619,48
0.8,pomdp_belief_planner,9,0.600694,0.065057,0.461945,0.003647,0.363188,0.0038,0.121528,0.031875,0.048611,0.023742,0.072917,0.027349,0.357639,0.055012,0.305556,0.051772,0.754731,0.019495,0.227045,0.001791,0.129098,0.001596,0.346422,0.05627,0.32574,0.070686,48
0.8,risk_budgeted_goal_recovery,0,0.65625,0.059487,0.507836,0.002421,0.435876,0.004005,0.107639,0.042939,0.045139,0.023302,0.090278,0.033635,0.357639,0.057533,0.427083,0.06371,0.722584,0.020129,0.247797,0.001811,0.088181,0.001922,0.297192,0.051356,0.396069,0.077395,48
0.8,risk_budgeted_goal_recovery,1,0.590278,0.061483,0.508958,0.00342,0.438742,0.003269,0.121528,0.038588,0.020833,0.015759,0.100694,0.036053,0.368056,0.056679,0.413194,0.055865,0.723343,0.019098,0.245764,0.001444,0.087537,0.001651,0.355072,0.053295,0.338274,0.07018,48
0.8,risk_budgeted_goal_recovery,2,0.635417,0.058079,0.505074,0.003339,0.43412,0.003802,0.086806,0.037657,0.010417,0.015088,0.079861,0.029162,0.340278,0.055838,0.416667,0.05054,0.723157,0.018994,0.246229,0.002115,0.088786,0.001816,0.315546,0.050381,0.430649,0.07219,48
0.8,risk_budgeted_goal_recovery,3,0.621528,0.053926,0.509045,0.003735,0.435709,0.00446,0.076389,0.030693,0.03125,0.018598,0.065972,0.027059,0.350694,0.057739,0.427083,0.06371,0.722085,0.019637,0.24486,0.00214,0.089965,0.001681,0.327325,0.046488,0.410251,0.062631,48
0.8,risk_budgeted_goal_recovery,4,0.635417,0.053853,0.510135,0.003252,0.434293,0.004045,0.083333,0.033693,0.027778,0.017758,0.079861,0.032243,0.329861,0.058754,0.458333,0.061898,0.722322,0.01882,0.245396,0.002016,0.088025,0.001529,0.314476,0.046356,0.420126,0.075991,48
0.8,risk_budgeted_goal_recovery,5,0.59375,0.059883,0.509196,0.00372,0.4342,0.003565,0.083333,0.030757,0.024306,0.016817,0.0625,0.030175,0.357639,0.054145,0.364583,0.062776,0.723441,0.01896,0.244836,0.001689,0.088359,0.001906,0.350913,0.051398,0.386214,0.073709,48
0.8,risk_budgeted_goal_recovery,6,0.586806,0.05835,0.508974,0.003086,0.437859,0.00325,0.086806,0.033678,0.024306,0.016817,0.072917,0.027349,0.329861,0.057943,0.4375,0.069884,0.723464,0.020047,0.247348,0.002219,0.088597,0.001759,0.357756,0.050161,0.370811,0.066064,48
0.8,risk_budgeted_goal_recovery,7,0.597222,0.051314,0.509325,0.002493,0.436078,0.004246,0.079861,0.033678,0.027778,0.017758,0.090278,0.033635,0.336806,0.05544,0.434028,0.04739,0.725982,0.01989,0.244626,0.001898,0.08861,0.001651,0.347963,0.044632,0.371561,0.058473,48
0.8,risk_budgeted_goal_recovery,8,0.642361,0.054145,0.506517,0.00321,0.43601,0.003713,0.072917,0.025561,0.024306,0.016817,0.104167,0.037196,0.309028,0.053264,0.440972,0.057121,0.722155,0.019359,0.245272,0.002127,0.087817,0.001735,0.309039,0.04639,0.415585,0.062699,48
0.8,risk_budgeted_goal_recovery,9,0.59375,0.060668,0.507881,0.003433,0.434319,0.003594,0.086806,0.033678,0.010417,0.011534,0.09375,0.034942,0.395833,0.052038,0.385417,0.056844,0.724475,0.019104,0.244454,0.002047,0.088014,0.001855,0.352218,0.05259,0.381645,0.071557,48
0.8,risk_calibrated_goal_belief_revision_v5,0,0.774306,0.052818,0.696681,0.003184,0.588827,0.003279,0.006944,0.009522,0.0,0.0,0.010417,0.011534,0.524306,0.061507,0.586806,0.049585,0.571542,0.018409,0.272256,0.002137,0.039754,0.00186,0.196073,0.046148,0.70475,0.051824,48
0.8,risk_calibrated_goal_belief_revision_v5,1,0.777778,0.047979,0.699163,0.003347,0.588001,0.004298,0.013889,0.01317,0.0,0.0,0.017361,0.014556,0.510417,0.053633,0.597222,0.049436,0.564861,0.019494,0.270332,0.002022,0.040741,0.001829,0.19229,0.041528,0.699438,0.048649,48
0.8,risk_calibrated_goal_belief_revision_v5,2,0.78125,0.041444,0.694936,0.003105,0.58735,0.003159,0.006944,0.009522,0.003472,0.006806,0.020833,0.015759,0.510417,0.053633,0.545139,0.053926,0.5705,0.019427,0.272451,0.002163,0.041322,0.001718,0.188826,0.035641,0.698769,0.043918,48
0.8,risk_calibrated_goal_belief_revision_v5,3,0.760417,0.049505,0.702108,0.003038,0.591815,0.003956,0.013889,0.01317,0.0,0.0,0.013889,0.01317,0.458333,0.057951,0.614583,0.066079,0.568259,0.018853,0.272282,0.002,0.041288,0.001928,0.207271,0.042921,0.680628,0.053372,48
0.8,risk_calibrated_goal_belief_revision_v5,4,0.770833,0.050187,0.700146,0.003329,0.588446,0.004166,0.006944,0.009522,0.003472,0.006806,0.017361,0.014556,0.46875,0.058079,0.565972,0.056496,0.569774,0.019729,0.272215,0.001818,0.039683,0.001667,0.197815,0.043311,0.689056,0.050159,48
0.8,risk_calibrated_goal_belief_revision_v5,5,0.767361,0.048378,0.6998,0.003273,0.589962,0.003679,0.013889,0.01317,0.0,0.0,0.010417,0.011534,0.447917,0.061635,0.555556,0.063284,0.570233,0.018685,0.272627,0.002255,0.039767,0.001699,0.201457,0.041889,0.686367,0.050798,48
0.8,risk_calibrated_goal_belief_revision_v5,6,0.736111,0.054877,0.697325,0.002707,0.587581,0.003981,0.006944,0.009522,0.0,0.0,0.010417,0.011534,0.461806,0.055226,0.597222,0.054877,0.567455,0.018819,0.273452,0.001975,0.039973,0.001698,0.228348,0.047565,0.662744,0.056233,48
0.8,risk_calibrated_goal_belief_revision_v5,7,0.756944,0.050501,0.69909,0.003163,0.587869,0.003508,0.010417,0.011534,0.0,0.0,0.013889,0.01317,0.479167,0.053826,0.552083,0.05161,0.568147,0.018572,0.273898,0.001846,0.039076,0.001829,0.209643,0.04353,0.678202,0.048724,48
0.8,risk_calibrated_goal_belief_revision_v5,8,0.760417,0.041158,0.701034,0.003734,0.585613,0.003075,0.013889,0.01317,0.0,0.0,0.006944,0.009522,0.5,0.057542,0.572917,0.062208,0.568724,0.019365,0.273144,0.002087,0.040251,0.00156,0.207619,0.035666,0.685423,0.046494,48
0.8,risk_calibrated_goal_belief_revision_v5,9,0.788194,0.046381,0.696852,0.002627,0.58874,0.004247,0.017361,0.014556,0.0,0.0,0.003472,0.006806,0.517361,0.056913,0.548611,0.058324,0.570946,0.019012,0.27237,0.002062,0.039946,0.001666,0.183925,0.040193,0.712949,0.050528,48
0.8,robust_mpc_replan,0,0.559028,0.059553,0.421095,0.003151,0.4076,0.004042,0.090278,0.040054,0.059028,0.032969,0.118056,0.041218,0.319444,0.051314,0.420139,0.06596,0.788594,0.018958,0.239707,0.002008,0.120914,0.001875,0.381503,0.051453,0.27176,0.073007,48
0.8,robust_mpc_replan,1,0.527778,0.06022,0.42599,0.003648,0.405966,0.003975,0.104167,0.038447,0.065972,0.033325,0.086806,0.038893,0.326389,0.048591,0.392361,0.064142,0.785154,0.019183,0.238467,0.002066,0.121568,0.001906,0.409378,0.052407,0.241777,0.076416,48
0.8,robust_mpc_replan,2,0.559028,0.064875,0.423922,0.00292,0.403911,0.003761,0.114583,0.037866,0.076389,0.038855,0.086806,0.033678,0.34375,0.051839,0.375,0.054589,0.787218,0.019225,0.237003,0.002266,0.120459,0.001662,0.381137,0.055841,0.259311,0.090424,48
0.8,robust_mpc_replan,3,0.576389,0.05234,0.426404,0.003327,0.405839,0.003652,0.118056,0.036339,0.038194,0.020027,0.107639,0.039496,0.315972,0.057739,0.378472,0.066496,0.785471,0.018743,0.236224,0.002241,0.120857,0.001754,0.366744,0.045292,0.299069,0.066699,48
0.8,robust_mpc_replan,4,0.625,0.057129,0.423109,0.003534,0.406729,0.003547,0.090278,0.033635,0.059028,0.02834,0.097222,0.034843,0.336806,0.049106,0.40625,0.060668,0.786414,0.019241,0.239192,0.001893,0.121327,0.001941,0.323475,0.049347,0.35148,0.075685,48
0.8,robust_mpc_replan,5,0.506944,0.060709,0.425232,0.002951,0.40671,0.003183,0.142361,0.04561,0.027778,0.017758,0.107639,0.037024,0.284722,0.048591,0.416667,0.064517,0.781278,0.020061,0.239291,0.002019,0.121948,0.00161,0.426213,0.052102,0.219444,0.06863,48
0.8,robust_mpc_replan,6,0.597222,0.059826,0.424106,0.003111,0.407002,0.003833,0.107639,0.032969,0.03125,0.020988,0.086806,0.038893,0.260417,0.043396,0.340278,0.049555,0.787743,0.020125,0.237837,0.001842,0.121898,0.001994,0.349566,0.052202,0.336745,0.066921,48
0.8,robust_mpc_replan,7,0.59375,0.057465,0.42309,0.00292,0.407799,0.003411,0.125,0.035737,0.055556,0.024477,0.118056,0.036339,0.288194,0.061314,0.4375,0.058053,0.786364,0.01992,0.238884,0.002594,0.121896,0.001708,0.350745,0.05009,0.282358,0.078821,48
0.8,robust_mpc_replan,8,0.524306,0.057533,0.424245,0.003319,0.404663,0.00297,0.128472,0.036703,0.052083,0.026019,0.107639,0.035723,0.329861,0.0656,0.420139,0.057533,0.78863,0.018469,0.23781,0.001883,0.120289,0.001723,0.412419,0.050059,0.226881,0.06698,48
0.8,robust_mpc_replan,9,0.579861,0.057533,0.424534,0.003596,0.407839,0.004268,0.138889,0.048955,0.03125,0.018598,0.100694,0.036053,0.354167,0.064242,0.350694,0.056076,0.785614,0.018952,0.238992,0.001524,0.121782,0.001844,0.364755,0.04989,0.294493,0.075034,48
0.9,active_viewpoint_reacquisition,0,0.534722,0.05913,0.382643,0.003577,0.260219,0.003775,0.166667,0.051467,0.059028,0.024778,0.104167,0.039658,0.402778,0.053125,0.239583,0.049505,0.816375,0.020884,0.248101,0.001935,0.154419,0.001491,0.400326,0.05096,0.197715,0.081034,48
0.9,active_viewpoint_reacquisition,1,0.5,0.056714,0.385307,0.003317,0.262002,0.003636,0.163194,0.051915,0.065972,0.027059,0.111111,0.032744,0.347222,0.054877,0.208333,0.046136,0.816902,0.020675,0.247298,0.001891,0.156453,0.00195,0.431266,0.048649,0.146119,0.073877,48
0.9,active_viewpoint_reacquisition,2,0.451389,0.047608,0.388188,0.003644,0.257346,0.003754,0.184028,0.052594,0.076389,0.029111,0.097222,0.036175,0.347222,0.059826,0.253472,0.05053,0.816739,0.01884,0.247461,0.002298,0.154556,0.001943,0.473858,0.040735,0.087499,0.061052,48
0.9,active_viewpoint_reacquisition,3,0.53125,0.066436,0.384856,0.003058,0.259995,0.00379,0.173611,0.048591,0.086806,0.038893,0.114583,0.035279,0.333333,0.053273,0.25,0.052378,0.820811,0.019477,0.247469,0.001664,0.154529,0.001922,0.404474,0.056974,0.161126,0.09486,48
0.9,active_viewpoint_reacquisition,4,0.489583,0.060277,0.384242,0.003272,0.260922,0.003926,0.190972,0.04561,0.09375,0.038791,0.086806,0.035055,0.347222,0.056575,0.1875,0.046264,0.815684,0.021574,0.248602,0.002011,0.155305,0.001708,0.439239,0.051071,0.116078,0.084607,48
0.9,active_viewpoint_reacquisition,5,0.472222,0.057815,0.384525,0.00392,0.258211,0.004182,0.152778,0.046477,0.0625,0.026858,0.090278,0.035013,0.350694,0.061699,0.239583,0.048541,0.816714,0.02042,0.248246,0.002078,0.154486,0.001828,0.455297,0.049939,0.142792,0.078618,48
0.9,active_viewpoint_reacquisition,6,0.479167,0.061226,0.38462,0.00368,0.256908,0.003642,0.166667,0.045621,0.065972,0.02525,0.079861,0.033678,0.319444,0.057405,0.28125,0.055155,0.81485,0.019814,0.247227,0.001814,0.154308,0.001914,0.451003,0.053113,0.144589,0.087959,48
0.9,active_viewpoint_reacquisition,7,0.489583,0.057875,0.386024,0.003185,0.259159,0.003393,0.163194,0.042939,0.104167,0.035902,0.090278,0.035013,0.354167,0.048266,0.253472,0.05053,0.816439,0.021086,0.247418,0.001686,0.155021,0.001828,0.441681,0.050386,0.109982,0.077907,48
0.9,active_viewpoint_reacquisition,8,0.5625,0.063501,0.385538,0.002921,0.261227,0.002975,0.180556,0.039906,0.072917,0.029027,0.079861,0.033678,0.326389,0.047608,0.243056,0.05234,0.817514,0.0199,0.246495,0.002243,0.154835,0.001586,0.377242,0.054507,0.20525,0.081253,48
0.9,active_viewpoint_reacquisition,9,0.486111,0.051314,0.386908,0.003296,0.261638,0.004083,0.173611,0.050501,0.069444,0.0305,0.104167,0.030175,0.340278,0.058324,0.260417,0.044472,0.821892,0.02067,0.247299,0.001823,0.15565,0.001818,0.444007,0.044123,0.126501,0.075596,48
0.9,conformal_goal_validity_filter,0,0.520833,0.061226,0.487811,0.002901,0.387704,0.00416,0.104167,0.035902,0.03125,0.018598,0.100694,0.037342,0.288194,0.056496,0.388889,0.057815,0.75792,0.020151,0.222163,0.002053,0.081268,0.001756,0.412761,0.052944,0.276435,0.069989,48
0.9,conformal_goal_validity_filter,1,0.590278,0.063749,0.487489,0.002742,0.387236,0.003678,0.111111,0.043859,0.03125,0.020988,0.086806,0.035055,0.302083,0.053853,0.375,0.057129,0.754997,0.019722,0.221768,0.001598,0.081998,0.001705,0.353078,0.054694,0.344351,0.076173,48
0.9,conformal_goal_validity_filter,2,0.590278,0.048591,0.489062,0.003601,0.385923,0.004163,0.131944,0.041218,0.024306,0.016817,0.086806,0.032243,0.277778,0.050851,0.361111,0.053569,0.758262,0.019093,0.219912,0.001854,0.081527,0.001969,0.354556,0.042274,0.334059,0.063424,48
0.9,conformal_goal_validity_filter,3,0.559028,0.048133,0.485908,0.002773,0.388131,0.003799,0.076389,0.035013,0.027778,0.017758,0.052083,0.024133,0.288194,0.053042,0.354167,0.052038,0.759445,0.019208,0.221911,0.00223,0.082545,0.001641,0.380444,0.041371,0.363739,0.061809,48
0.9,conformal_goal_validity_filter,4,0.565972,0.056496,0.488148,0.003096,0.388308,0.003742,0.090278,0.033635,0.045139,0.027059,0.09375,0.039992,0.253472,0.046635,0.378472,0.058147,0.76319,0.018366,0.219559,0.00218,0.081036,0.001726,0.374698,0.048971,0.313832,0.070189,48
0.9,conformal_goal_validity_filter,5,0.572917,0.049505,0.487563,0.002928,0.386966,0.004309,0.135417,0.042011,0.038194,0.022264,0.086806,0.035055,0.340278,0.051429,0.427083,0.062208,0.758444,0.020676,0.222315,0.002178,0.081601,0.002047,0.368378,0.042753,0.310187,0.064825,48
0.9,conformal_goal_validity_filter,6,0.583333,0.054154,0.489947,0.002974,0.388494,0.004595,0.100694,0.038588,0.034722,0.025657,0.107639,0.034374,0.288194,0.04535,0.434028,0.053926,0.758335,0.020725,0.221799,0.002018,0.081471,0.001943,0.360615,0.046896,0.334582,0.062555,48
0.9,conformal_goal_validity_filter,7,0.572917,0.060668,0.483841,0.002496,0.386401,0.003801,0.079861,0.035055,0.048611,0.025657,0.097222,0.025425,0.326389,0.054118,0.364583,0.054724,0.756788,0.020441,0.218821,0.001612,0.082655,0.001824,0.368964,0.052471,0.337775,0.073085,48
0.9,conformal_goal_validity_filter,8,0.555556,0.066206,0.489384,0.003251,0.388465,0.003637,0.121528,0.039794,0.027778,0.017758,0.083333,0.03767,0.291667,0.052828,0.361111,0.057815,0.75417,0.020001,0.220512,0.001883,0.08277,0.001875,0.383935,0.057135,0.305953,0.071125,48
0.9,conformal_goal_validity_filter,9,0.597222,0.061387,0.48873,0.003631,0.388004,0.003957,0.100694,0.033325,0.024306,0.019427,0.09375,0.032121,0.305556,0.052678,0.350694,0.054363,0.755475,0.019786,0.221454,0.001805,0.082956,0.001687,0.348753,0.053583,0.363384,0.069388,48
0.9,failure_aware_manipulation_policy,0,0.572917,0.059088,0.44408,0.002731,0.398934,0.004135,0.131944,0.04235,0.034722,0.021658,0.128472,0.03797,0.298611,0.05234,0.361111,0.056991,0.787619,0.020155,0.228725,0.001797,0.130215,0.001744,0.367961,0.050904,0.275502,0.079642,48
0.9,failure_aware_manipulation_policy,1,0.552083,0.05767,0.442599,0.002515,0.398382,0.004371,0.149306,0.043757,0.0625,0.028565,0.079861,0.030741,0.350694,0.056076,0.423611,0.056679,0.787485,0.020227,0.228081,0.001625,0.13018,0.002103,0.38688,0.050184,0.244294,0.066369,48
0.9,failure_aware_manipulation_policy,2,0.590278,0.05913,0.444365,0.002746,0.401033,0.003923,0.118056,0.038855,0.034722,0.027439,0.076389,0.025657,0.3125,0.051121,0.392361,0.058754,0.783147,0.020661,0.227114,0.002178,0.129416,0.001941,0.354924,0.051397,0.331451,0.072725,48
0.9,failure_aware_manipulation_policy,3,0.527778,0.047979,0.444446,0.002635,0.400815,0.00341,0.149306,0.040384,0.048611,0.027439,0.090278,0.032198,0.302083,0.052067,0.336806,0.046125,0.782558,0.02122,0.227817,0.00203,0.131161,0.001963,0.407616,0.041324,0.225848,0.065016,48
0.9,failure_aware_manipulation_policy,4,0.541667,0.050069,0.443736,0.003514,0.400308,0.004046,0.121528,0.039794,0.0625,0.030175,0.125,0.037037,0.315972,0.048864,0.381944,0.049555,0.786224,0.01992,0.227882,0.001807,0.131286,0.001826,0.395109,0.043049,0.224971,0.060606,48
0.9,failure_aware_manipulation_policy,5,0.618056,0.055838,0.445077,0.002819,0.40055,0.003874,0.097222,0.036175,0.038194,0.020027,0.097222,0.041074,0.232639,0.04535,0.368056,0.047608,0.784895,0.018964,0.229078,0.002131,0.130926,0.001611,0.329241,0.047952,0.354088,0.070896,48
0.9,failure_aware_manipulation_policy,6,0.559028,0.060342,0.444602,0.002815,0.402117,0.003822,0.131944,0.040054,0.052083,0.024133,0.09375,0.032121,0.34375,0.059487,0.361111,0.050851,0.783835,0.019592,0.228913,0.002437,0.130492,0.00169,0.381127,0.051957,0.260495,0.069368,48
0.9,failure_aware_manipulation_policy,7,0.559028,0.058754,0.444814,0.003221,0.399763,0.004277,0.138889,0.040494,0.059028,0.02834,0.097222,0.039906,0.364583,0.055582,0.378472,0.062081,0.787635,0.019979,0.230647,0.00205,0.129475,0.001956,0.381322,0.050862,0.254364,0.075277,48
0.9,failure_aware_manipulation_policy,8,0.579861,0.049585,0.444637,0.002999,0.399317,0.003547,0.145833,0.043088,0.045139,0.027059,0.131944,0.043452,0.347222,0.058223,0.354167,0.057233,0.787352,0.020179,0.227885,0.001835,0.130447,0.001919,0.362391,0.042222,0.259985,0.065777,48
0.9,failure_aware_manipulation_policy,9,0.583333,0.066681,0.442463,0.002793,0.398926,0.003008,0.114583,0.040287,0.03125,0.018598,0.125,0.046136,0.326389,0.056679,0.357639,0.057533,0.78165,0.020667,0.228529,0.001738,0.128499,0.001796,0.359579,0.057271,0.299296,0.074942,48
0.9,goal_retargeting_heuristic,0,0.496528,0.05544,0.356689,0.002658,0.407735,0.003797,0.125,0.038293,0.065972,0.031875,0.114583,0.039095,0.256944,0.049555,0.395833,0.058863,0.853247,0.019312,0.223322,0.001918,0.14808,0.002141,0.43361,0.047685,0.169871,0.061568,48
0.9,goal_retargeting_heuristic,1,0.541667,0.064883,0.356022,0.00328,0.40577,0.004268,0.135417,0.04087,0.052083,0.022086,0.083333,0.035069,0.253472,0.056705,0.385417,0.058485,0.859087,0.020304,0.223094,0.002262,0.148403,0.00177,0.394516,0.055547,0.237621,0.074153,48
0.9,goal_retargeting_heuristic,2,0.503472,0.061121,0.356967,0.002775,0.40861,0.003148,0.138889,0.044924,0.045139,0.023302,0.163194,0.048133,0.232639,0.049346,0.461806,0.061699,0.855094,0.019826,0.221591,0.002144,0.147393,0.001997,0.429617,0.052682,0.162959,0.076673,48
0.9,goal_retargeting_heuristic,3,0.506944,0.05913,0.359282,0.003144,0.409765,0.004202,0.149306,0.043757,0.048611,0.023742,0.083333,0.033693,0.267361,0.053926,0.381944,0.046604,0.854613,0.0207,0.223647,0.001916,0.147938,0.001788,0.425573,0.051004,0.196696,0.069961,48
0.9,goal_retargeting_heuristic,4,0.555556,0.056991,0.354113,0.003312,0.408972,0.003727,0.107639,0.039496,0.072917,0.032121,0.138889,0.035516,0.222222,0.042766,0.385417,0.05767,0.857051,0.020791,0.219851,0.001771,0.148994,0.001852,0.38383,0.049353,0.219501,0.05268,48
0.9,goal_retargeting_heuristic,5,0.524306,0.04561,0.355934,0.003598,0.407412,0.003654,0.104167,0.038447,0.045139,0.023302,0.125,0.037037,0.184028,0.041539,0.385417,0.052519,0.854528,0.020436,0.222797,0.001881,0.148322,0.001553,0.409832,0.039045,0.226523,0.061363,48
0.9,goal_retargeting_heuristic,6,0.503472,0.052818,0.354594,0.003154,0.407722,0.004004,0.125,0.039509,0.0625,0.023068,0.118056,0.037618,0.256944,0.040054,0.340278,0.058324,0.854055,0.018856,0.223411,0.002296,0.148465,0.001786,0.430071,0.045905,0.182561,0.071324,48
0.9,goal_retargeting_heuristic,7,0.496528,0.061121,0.357875,0.003637,0.40768,0.00395,0.142361,0.041254,0.065972,0.028754,0.135417,0.042011,0.239583,0.052293,0.326389,0.048591,0.854473,0.019054,0.221198,0.001601,0.149785,0.001933,0.434299,0.052349,0.150952,0.080835,48
0.9,goal_retargeting_heuristic,8,0.447917,0.059288,0.356348,0.003804,0.406199,0.004651,0.135417,0.037236,0.072917,0.032121,0.125,0.032984,0.222222,0.044924,0.378472,0.044295,0.856839,0.019226,0.223587,0.001898,0.147851,0.001573,0.476495,0.05082,0.107131,0.083041,48
0.9,goal_retargeting_heuristic,9,0.513889,0.058223,0.355695,0.002907,0.405995,0.004304,0.125,0.034388,0.090278,0.040054,0.131944,0.041218,0.21875,0.052519,0.350694,0.054363,0.856417,0.020553,0.223596,0.001679,0.148653,0.001679,0.419364,0.049657,0.157475,0.078187,48
0.9,learned_goal_state_classifier,0,0.597222,0.057405,0.509156,0.002922,0.409397,0.003357,0.107639,0.035723,0.041667,0.024797,0.086806,0.029162,0.3125,0.050187,0.368056,0.05234,0.735214,0.018604,0.216123,0.002135,0.111669,0.001639,0.34648,0.049086,0.337806,0.068813,48
0.9,learned_goal_state_classifier,1,0.611111,0.056155,0.506382,0.003354,0.408005,0.003673,0.097222,0.036175,0.048611,0.021658,0.107639,0.032969,0.295139,0.059354,0.40625,0.054072,0.739365,0.019814,0.216056,0.001751,0.111952,0.001889,0.33564,0.048541,0.346898,0.072928,48
0.9,learned_goal_state_classifier,2,0.621528,0.048378,0.5096,0.002807,0.40994,0.002993,0.083333,0.033693,0.038194,0.022264,0.065972,0.027059,0.336806,0.057121,0.409722,0.045577,0.736447,0.0207,0.217369,0.002092,0.112301,0.001719,0.327086,0.041929,0.402716,0.059259,48
0.9,learned_goal_state_classifier,3,0.590278,0.061483,0.510375,0.003277,0.411005,0.003458,0.128472,0.045868,0.048611,0.025657,0.090278,0.030693,0.295139,0.056076,0.371528,0.043757,0.736522,0.02003,0.218308,0.001571,0.110644,0.001973,0.353489,0.05297,0.311394,0.085955,48
0.9,learned_goal_state_classifier,4,0.59375,0.059883,0.506652,0.00278,0.411762,0.003123,0.118056,0.038855,0.038194,0.022264,0.079861,0.029162,0.305556,0.054444,0.357639,0.057533,0.738032,0.020081,0.217302,0.002105,0.113036,0.002059,0.350117,0.051557,0.338679,0.071988,48
0.9,learned_goal_state_classifier,5,0.583333,0.059957,0.508991,0.003408,0.40976,0.003333,0.128472,0.042663,0.041667,0.028357,0.083333,0.032259,0.34375,0.051839,0.416667,0.055021,0.738578,0.020631,0.215742,0.001915,0.112653,0.002023,0.35899,0.051558,0.317374,0.073782,48
0.9,learned_goal_state_classifier,6,0.534722,0.063749,0.508166,0.002802,0.411602,0.004426,0.097222,0.034843,0.038194,0.022264,0.100694,0.033325,0.288194,0.057327,0.399306,0.060538,0.737336,0.020324,0.217633,0.001667,0.11188,0.00196,0.40177,0.05465,0.2807,0.073344,48
0.9,learned_goal_state_classifier,7,0.611111,0.062532,0.509324,0.002922,0.410917,0.004176,0.052083,0.024133,0.027778,0.017758,0.097222,0.041074,0.326389,0.051429,0.395833,0.058053,0.736345,0.019884,0.215231,0.00201,0.111555,0.001715,0.335918,0.053927,0.401054,0.068291,48
0.9,learned_goal_state_classifier,8,0.604167,0.048266,0.509829,0.00285,0.411266,0.004332,0.086806,0.033678,0.048611,0.023742,0.086806,0.029162,0.298611,0.054985,0.361111,0.062532,0.734995,0.01948,0.216605,0.001926,0.111946,0.001926,0.341088,0.041039,0.35637,0.063916,48
0.9,learned_goal_state_classifier,9,0.548611,0.043452,0.507487,0.003276,0.411117,0.003711,0.125,0.037037,0.024306,0.016817,0.097222,0.041074,0.364583,0.052067,0.423611,0.054118,0.737265,0.018948,0.217397,0.001948,0.112243,0.001751,0.3901,0.037296,0.300254,0.057713,48
0.9,oracle_goal_state_supervisor,0,0.885417,0.037866,0.750327,0.003289,0.633909,0.003953,0.0,0.0,0.0,0.0,0.0,0.0,0.5625,0.053826,0.607639,0.0634,0.539523,0.019949,0.276147,0.001883,0.027739,0.001483,0.0,0.0,0.833359,0.03908,48
0.9,oracle_goal_state_supervisor,1,0.871528,0.041539,0.752034,0.003218,0.633754,0.004179,0.0,0.0,0.0,0.0,0.0,0.0,0.482639,0.052594,0.583333,0.060741,0.542953,0.02,0.275121,0.001812,0.027624,0.001646,0.0,0.0,0.813327,0.042456,48
0.9,oracle_goal_state_supervisor,2,0.864583,0.039695,0.749873,0.003071,0.636591,0.00345,0.0,0.0,0.0,0.0,0.0,0.0,0.513889,0.052227,0.59375,0.048541,0.540611,0.020129,0.274483,0.002018,0.027983,0.001885,0.0,0.0,0.809122,0.040367,48
0.9,oracle_goal_state_supervisor,3,0.888889,0.036823,0.747204,0.002804,0.634107,0.004059,0.0,0.0,0.0,0.0,0.0,0.0,0.583333,0.055021,0.559028,0.045088,0.542576,0.020237,0.274628,0.002045,0.027641,0.001592,0.0,0.0,0.836263,0.037893,48
0.9,oracle_goal_state_supervisor,4,0.892361,0.037024,0.748708,0.003632,0.635938,0.002929,0.0,0.0,0.0,0.0,0.0,0.0,0.524306,0.048622,0.670139,0.061121,0.539211,0.020495,0.275585,0.001851,0.028106,0.001744,0.0,0.0,0.840719,0.037867,48
0.9,oracle_goal_state_supervisor,5,0.861111,0.036823,0.751243,0.003458,0.632932,0.004727,0.0,0.0,0.0,0.0,0.0,0.0,0.538194,0.052594,0.635417,0.058079,0.543493,0.019634,0.275866,0.00172,0.027563,0.001753,0.0,0.0,0.808614,0.037057,48
0.9,oracle_goal_state_supervisor,6,0.847222,0.039906,0.749888,0.003551,0.635569,0.004704,0.0,0.0,0.0,0.0,0.0,0.0,0.510417,0.057052,0.611111,0.058628,0.539799,0.019607,0.276972,0.001968,0.02735,0.001778,0.0,0.0,0.79168,0.040744,48
0.9,oracle_goal_state_supervisor,7,0.836806,0.040676,0.748923,0.003077,0.636852,0.004429,0.0,0.0,0.0,0.0,0.0,0.0,0.559028,0.074386,0.600694,0.04535,0.543282,0.019646,0.27467,0.001751,0.027773,0.001606,0.0,0.0,0.784401,0.041148,48
0.9,oracle_goal_state_supervisor,8,0.868056,0.041218,0.748854,0.003389,0.635622,0.004168,0.0,0.0,0.0,0.0,0.0,0.0,0.527778,0.053569,0.628472,0.055226,0.541037,0.019557,0.27628,0.002122,0.027097,0.002024,0.0,0.0,0.81472,0.04082,48
0.9,oracle_goal_state_supervisor,9,0.836806,0.041823,0.749619,0.003414,0.635501,0.00415,0.0,0.0,0.0,0.0,0.0,0.0,0.559028,0.061121,0.618056,0.048591,0.538626,0.020027,0.275647,0.002165,0.028644,0.001806,0.0,0.0,0.784919,0.041355,48
0.9,pomdp_belief_planner,0,0.493056,0.048591,0.448346,0.003093,0.355161,0.003866,0.145833,0.049236,0.065972,0.02525,0.107639,0.040676,0.3125,0.052038,0.315972,0.047886,0.778655,0.019466,0.227712,0.002079,0.1336,0.001488,0.436265,0.041678,0.163552,0.068717,48
0.9,pomdp_belief_planner,1,0.524306,0.055865,0.447469,0.003232,0.353834,0.004092,0.145833,0.050187,0.038194,0.022264,0.104167,0.033162,0.309028,0.056705,0.305556,0.06022,0.782519,0.019885,0.225949,0.002026,0.133371,0.002227,0.410317,0.048065,0.224486,0.074995,48
0.9,pomdp_belief_planner,2,0.5625,0.061994,0.44763,0.002672,0.353591,0.004008,0.114583,0.044737,0.045139,0.021175,0.079861,0.030741,0.256944,0.05234,0.291667,0.04715,0.781151,0.020296,0.228287,0.002226,0.13353,0.001598,0.377739,0.053276,0.285111,0.072327,48
0.9,pomdp_belief_planner,3,0.486111,0.063656,0.448385,0.003573,0.354635,0.0037,0.142361,0.044561,0.055556,0.028078,0.097222,0.036175,0.368056,0.057508,0.305556,0.051772,0.780967,0.019462,0.227434,0.001675,0.133754,0.00154,0.443045,0.054443,0.180492,0.081135,48
0.9,pomdp_belief_planner,4,0.579861,0.056705,0.450457,0.004024,0.352859,0.003682,0.145833,0.046264,0.0625,0.026858,0.097222,0.039906,0.305556,0.048955,0.333333,0.055874,0.778731,0.019874,0.227858,0.001843,0.133322,0.001905,0.36239,0.048697,0.2592,0.076559,48
0.9,pomdp_belief_planner,5,0.565972,0.046381,0.448577,0.002804,0.354057,0.004118,0.131944,0.045577,0.065972,0.028754,0.100694,0.027059,0.364583,0.049266,0.284722,0.049555,0.780695,0.019806,0.227432,0.001884,0.13442,0.00172,0.374825,0.040407,0.250026,0.067948,48
0.9,pomdp_belief_planner,6,0.513889,0.061387,0.448306,0.003797,0.353303,0.003144,0.121528,0.040966,0.027778,0.017758,0.159722,0.038855,0.371528,0.054363,0.284722,0.051429,0.779174,0.020632,0.227932,0.001531,0.134142,0.001726,0.420563,0.052997,0.213453,0.070345,48
0.9,pomdp_belief_planner,7,0.527778,0.064027,0.449756,0.003017,0.353722,0.003275,0.114583,0.041444,0.0625,0.028565,0.079861,0.037657,0.291667,0.044038,0.305556,0.057815,0.779645,0.020405,0.227143,0.001906,0.133536,0.001997,0.407399,0.054692,0.234865,0.072875,48
0.9,pomdp_belief_planner,8,0.565972,0.052142,0.449372,0.00283,0.352966,0.004132,0.118056,0.037618,0.055556,0.024477,0.111111,0.034158,0.322917,0.048051,0.3125,0.053826,0.784532,0.019118,0.227134,0.001863,0.13262,0.001714,0.375071,0.044988,0.26986,0.060419,48
0.9,pomdp_belief_planner,9,0.5625,0.054697,0.447274,0.003014,0.351904,0.003633,0.159722,0.040054,0.086806,0.027492,0.100694,0.030354,0.326389,0.057508,0.326389,0.049555,0.780706,0.020489,0.228887,0.0018,0.133737,0.001957,0.377522,0.046746,0.213916,0.064866,48
0.9,risk_budgeted_goal_recovery,0,0.618056,0.065937,0.493924,0.003476,0.425435,0.003906,0.041667,0.024797,0.020833,0.015759,0.083333,0.033693,0.40625,0.054072,0.423611,0.061483,0.744212,0.019749,0.246834,0.001984,0.092263,0.001528,0.328583,0.056512,0.435405,0.074588,48
0.9,risk_budgeted_goal_recovery,1,0.607639,0.069112,0.49428,0.003099,0.428576,0.004149,0.072917,0.032121,0.024306,0.019427,0.069444,0.028908,0.309028,0.056705,0.413194,0.052369,0.744059,0.020131,0.245078,0.001962,0.092626,0.00163,0.337441,0.059249,0.399744,0.085129,48
0.9,risk_budgeted_goal_recovery,2,0.576389,0.065216,0.49336,0.003118,0.428331,0.004047,0.118056,0.038855,0.03125,0.018598,0.097222,0.03746,0.368056,0.05234,0.4375,0.059661,0.743578,0.020584,0.245963,0.001819,0.093075,0.001664,0.365613,0.056098,0.322157,0.078466,48
0.9,risk_budgeted_goal_recovery,3,0.621528,0.052142,0.495561,0.003526,0.428847,0.004415,0.072917,0.027349,0.020833,0.015759,0.097222,0.033458,0.364583,0.058079,0.451389,0.055838,0.749172,0.019556,0.246758,0.001982,0.091874,0.00178,0.326665,0.045035,0.405533,0.061105,48
0.9,risk_budgeted_goal_recovery,4,0.604167,0.058863,0.497154,0.003083,0.427852,0.004251,0.045139,0.023302,0.017361,0.014556,0.097222,0.03746,0.329861,0.057943,0.347222,0.061387,0.743465,0.020331,0.24524,0.002064,0.092458,0.001575,0.341937,0.050854,0.403368,0.066914,48
0.9,risk_budgeted_goal_recovery,5,0.597222,0.055732,0.496004,0.002737,0.431418,0.003953,0.097222,0.0305,0.013889,0.01317,0.072917,0.030613,0.333333,0.056714,0.413194,0.056705,0.739768,0.019708,0.247289,0.001773,0.092704,0.001775,0.34771,0.04822,0.380108,0.059275,48
0.9,risk_budgeted_goal_recovery,6,0.649306,0.055226,0.495221,0.003413,0.426714,0.003896,0.104167,0.039658,0.027778,0.017758,0.079861,0.030741,0.371528,0.054363,0.375,0.049116,0.748073,0.020052,0.246132,0.001801,0.091485,0.001775,0.30316,0.047734,0.410608,0.069231,48
0.9,risk_budgeted_goal_recovery,7,0.565972,0.056496,0.497661,0.003665,0.429324,0.003415,0.09375,0.033561,0.017361,0.014556,0.0625,0.026858,0.326389,0.054118,0.402778,0.057405,0.747516,0.019806,0.24386,0.002306,0.09238,0.001894,0.375035,0.04878,0.354771,0.063488,48
0.9,risk_budgeted_goal_recovery,8,0.611111,0.052678,0.496507,0.002741,0.426221,0.003635,0.069444,0.032013,0.034722,0.025657,0.083333,0.030757,0.368056,0.048591,0.486111,0.052227,0.746115,0.020103,0.246795,0.001772,0.09249,0.002094,0.335947,0.045547,0.392045,0.063537,48
0.9,risk_budgeted_goal_recovery,9,0.572917,0.052293,0.495575,0.002478,0.428202,0.00403,0.076389,0.032198,0.027778,0.020247,0.086806,0.040091,0.322917,0.055369,0.392361,0.061121,0.745018,0.020536,0.245186,0.001801,0.092705,0.001909,0.369036,0.04494,0.350404,0.070443,48
0.9,risk_calibrated_goal_belief_revision_v5,0,0.763889,0.052227,0.68594,0.003332,0.582567,0.003952,0.006944,0.009522,0.0,0.0,0.03125,0.023132,0.493056,0.066651,0.534722,0.05913,0.594789,0.020161,0.272903,0.001969,0.045024,0.001622,0.202812,0.04471,0.675359,0.053352,48
0.9,risk_calibrated_goal_belief_revision_v5,1,0.760417,0.046551,0.687226,0.003216,0.579109,0.003296,0.017361,0.014556,0.003472,0.006806,0.017361,0.014556,0.524306,0.05835,0.513889,0.057405,0.595187,0.019871,0.273758,0.001776,0.044497,0.001716,0.206618,0.040308,0.669625,0.050138,48
0.9,risk_calibrated_goal_belief_revision_v5,2,0.791667,0.04715,0.684973,0.002989,0.581044,0.003223,0.010417,0.011534,0.0,0.0,0.017361,0.014556,0.524306,0.057533,0.583333,0.059957,0.593017,0.019336,0.271572,0.002037,0.044795,0.001886,0.179616,0.04056,0.713443,0.047108,48
0.9,risk_calibrated_goal_belief_revision_v5,3,0.802083,0.043122,0.686997,0.002832,0.57767,0.003936,0.027778,0.017758,0.0,0.0,0.010417,0.011534,0.444444,0.056155,0.506944,0.063003,0.593925,0.019893,0.273167,0.001824,0.043929,0.001614,0.171025,0.037353,0.706432,0.044591,48
0.9,risk_calibrated_goal_belief_revision_v5,4,0.815972,0.041539,0.688595,0.003466,0.582156,0.004314,0.013889,0.01317,0.006944,0.009522,0.024306,0.016817,0.493056,0.054985,0.517361,0.061699,0.593511,0.02023,0.271131,0.001941,0.044242,0.001545,0.15904,0.035961,0.719493,0.046189,48
0.9,risk_calibrated_goal_belief_revision_v5,5,0.732639,0.050295,0.684373,0.003186,0.579342,0.004462,0.017361,0.014556,0.0,0.0,0.027778,0.017758,0.489583,0.057875,0.510417,0.057875,0.595108,0.019942,0.27277,0.001348,0.045139,0.001809,0.231036,0.043794,0.637303,0.055934,48
0.9,risk_calibrated_goal_belief_revision_v5,6,0.777778,0.042766,0.68694,0.003134,0.579981,0.003734,0.010417,0.011534,0.0,0.0,0.003472,0.006806,0.479167,0.063501,0.538194,0.057739,0.590927,0.020755,0.273271,0.001808,0.045125,0.002036,0.19281,0.037055,0.702173,0.046797,48
0.9,risk_calibrated_goal_belief_revision_v5,7,0.777778,0.055306,0.68496,0.00368,0.582869,0.003672,0.013889,0.01317,0.0,0.0,0.003472,0.006806,0.524306,0.063026,0.618056,0.051429,0.592028,0.020022,0.272119,0.002087,0.044809,0.00152,0.191343,0.04754,0.706561,0.056329,48
0.9,risk_calibrated_goal_belief_revision_v5,8,0.756944,0.045577,0.689112,0.003708,0.578127,0.003838,0.017361,0.014556,0.006944,0.009522,0.013889,0.01317,0.482639,0.061699,0.520833,0.057233,0.590221,0.021751,0.271397,0.001805,0.043682,0.001689,0.209752,0.039254,0.66424,0.054746,48
0.9,risk_calibrated_goal_belief_revision_v5,9,0.729167,0.046264,0.686203,0.003718,0.583006,0.003421,0.013889,0.01317,0.006944,0.009522,0.006944,0.009522,0.434028,0.057327,0.576389,0.065937,0.593229,0.020348,0.274308,0.001611,0.045401,0.001924,0.234048,0.039766,0.639846,0.048193,48
0.9,robust_mpc_replan,0,0.520833,0.065698,0.413586,0.00295,0.400643,0.003381,0.131944,0.041218,0.038194,0.020027,0.128472,0.03797,0.357639,0.053264,0.357639,0.053264,0.811042,0.019364,0.237282,0.001847,0.12554,0.001922,0.412601,0.056386,0.223766,0.081596,48
0.9,robust_mpc_replan,1,0.524306,0.053264,0.414029,0.003206,0.397547,0.003956,0.097222,0.041074,0.055556,0.024477,0.131944,0.036339,0.270833,0.046264,0.364583,0.052967,0.813321,0.019416,0.238869,0.001833,0.125171,0.001913,0.41015,0.045746,0.223779,0.060775,48
0.9,robust_mpc_replan,2,0.579861,0.06596,0.411773,0.002789,0.399031,0.004226,0.152778,0.046477,0.045139,0.021175,0.079861,0.029162,0.309028,0.053264,0.416667,0.059957,0.80756,0.020569,0.23764,0.001608,0.126432,0.002191,0.363436,0.057105,0.283275,0.081508,48
0.9,robust_mpc_replan,3,0.572917,0.054072,0.410393,0.003522,0.396668,0.003973,0.121528,0.043213,0.024306,0.016817,0.111111,0.042766,0.315972,0.056076,0.40625,0.060668,0.810153,0.019845,0.238001,0.001852,0.12596,0.0016,0.368371,0.046582,0.296784,0.062673,48
0.9,robust_mpc_replan,4,0.520833,0.054697,0.413724,0.003051,0.400064,0.003339,0.159722,0.050501,0.045139,0.023302,0.097222,0.03746,0.302083,0.047307,0.40625,0.05319,0.809269,0.01999,0.235759,0.002009,0.12522,0.001726,0.413021,0.046962,0.211546,0.079203,48
0.9,robust_mpc_replan,5,0.534722,0.054118,0.411757,0.003061,0.39522,0.004326,0.159722,0.050501,0.048611,0.025657,0.131944,0.043452,0.291667,0.051925,0.378472,0.058955,0.810913,0.019518,0.239136,0.001765,0.124666,0.001923,0.401497,0.046905,0.196988,0.070653,48
0.9,robust_mpc_replan,6,0.572917,0.051381,0.412136,0.003319,0.398018,0.00345,0.142361,0.044561,0.048611,0.023742,0.076389,0.032198,0.302083,0.058079,0.409722,0.056679,0.80907,0.019892,0.238101,0.002384,0.12539,0.00197,0.369241,0.044048,0.281106,0.068883,48
0.9,robust_mpc_replan,7,0.569444,0.062152,0.409406,0.003987,0.398625,0.004082,0.138889,0.040494,0.027778,0.017758,0.104167,0.031704,0.277778,0.045965,0.378472,0.058955,0.81108,0.020015,0.237243,0.002399,0.125873,0.002006,0.371801,0.053525,0.279105,0.071811,48
0.9,robust_mpc_replan,8,0.517361,0.057739,0.407916,0.002986,0.400054,0.003854,0.065972,0.030354,0.038194,0.020027,0.149306,0.055226,0.309028,0.054145,0.402778,0.05903,0.812967,0.019667,0.238782,0.0018,0.12555,0.001882,0.416842,0.049851,0.246515,0.070622,48
0.9,robust_mpc_replan,9,0.586806,0.059155,0.412727,0.002904,0.40067,0.003696,0.097222,0.038702,0.045139,0.02525,0.076389,0.030693,0.302083,0.06125,0.399306,0.053042,0.808471,0.020312,0.238354,0.002125,0.126141,0.001527,0.356273,0.050843,0.330908,0.07471,48
1.0,active_viewpoint_reacquisition,0,0.479167,0.0564,0.372742,0.002513,0.250729,0.003879,0.208333,0.044038,0.086806,0.032243,0.090278,0.030693,0.305556,0.064761,0.215278,0.041218,0.843439,0.021324,0.249053,0.001933,0.159756,0.002128,0.447802,0.048431,0.08722,0.074624,48
1.0,active_viewpoint_reacquisition,1,0.489583,0.057875,0.377221,0.003204,0.252038,0.003089,0.177083,0.048051,0.065972,0.030354,0.079861,0.032243,0.354167,0.051121,0.215278,0.054118,0.840275,0.021734,0.247771,0.001602,0.158434,0.002027,0.437996,0.04938,0.141617,0.069882,48
1.0,active_viewpoint_reacquisition,2,0.444444,0.059429,0.372537,0.004184,0.252078,0.003615,0.149306,0.045868,0.069444,0.025425,0.111111,0.036823,0.354167,0.059661,0.239583,0.049505,0.841046,0.021279,0.246325,0.002115,0.159552,0.00194,0.478033,0.05107,0.090852,0.080043,48
1.0,active_viewpoint_reacquisition,3,0.5,0.057542,0.371792,0.002891,0.251181,0.00424,0.152778,0.038702,0.048611,0.023742,0.100694,0.033325,0.336806,0.058754,0.229167,0.046264,0.840682,0.020759,0.248423,0.00198,0.157943,0.002002,0.429713,0.049109,0.172917,0.070965,48
1.0,active_viewpoint_reacquisition,4,0.489583,0.051839,0.373242,0.0032,0.248594,0.003656,0.21875,0.050686,0.0625,0.026858,0.083333,0.033693,0.371528,0.061699,0.256944,0.055838,0.840205,0.02064,0.247731,0.002374,0.159475,0.001797,0.440505,0.044587,0.119353,0.074102,48
1.0,active_viewpoint_reacquisition,5,0.510417,0.059487,0.371054,0.003219,0.255053,0.004136,0.215278,0.047608,0.069444,0.0305,0.100694,0.044295,0.364583,0.057259,0.243056,0.059924,0.837675,0.020272,0.247641,0.00196,0.15977,0.001892,0.420925,0.050965,0.125443,0.06984,48
1.0,active_viewpoint_reacquisition,6,0.527778,0.058628,0.372786,0.002877,0.250827,0.003129,0.197917,0.050217,0.079861,0.035055,0.114583,0.041444,0.361111,0.049912,0.1875,0.043088,0.843907,0.019892,0.2495,0.001715,0.159227,0.001767,0.405085,0.050029,0.13679,0.078463,48
1.0,active_viewpoint_reacquisition,7,0.486111,0.062152,0.371896,0.003049,0.251679,0.003925,0.142361,0.038893,0.072917,0.030613,0.086806,0.032243,0.361111,0.056155,0.211806,0.046381,0.837068,0.020499,0.250246,0.002171,0.159026,0.001932,0.441926,0.053296,0.157935,0.076784,48
1.0,active_viewpoint_reacquisition,8,0.510417,0.057875,0.371285,0.002928,0.251978,0.00424,0.211806,0.052142,0.065972,0.030354,0.111111,0.031266,0.309028,0.052369,0.184028,0.041539,0.840941,0.021756,0.247674,0.00183,0.159248,0.00185,0.419615,0.049536,0.118821,0.084228,48
1.0,active_viewpoint_reacquisition,9,0.53125,0.062017,0.369798,0.003759,0.251019,0.003704,0.184028,0.050763,0.069444,0.027222,0.100694,0.034716,0.368056,0.048591,0.215278,0.040054,0.839348,0.020666,0.247967,0.001931,0.159382,0.001588,0.402181,0.052694,0.163385,0.081292,48
1.0,conformal_goal_validity_filter,0,0.569444,0.057405,0.475316,0.002872,0.382227,0.004603,0.135417,0.035943,0.013889,0.01317,0.121528,0.040966,0.291667,0.044038,0.319444,0.057405,0.781431,0.020367,0.221238,0.00209,0.086194,0.002027,0.37037,0.049444,0.300211,0.06737,48
1.0,conformal_goal_validity_filter,1,0.590278,0.065216,0.474021,0.003259,0.380335,0.004625,0.121528,0.037342,0.038194,0.022264,0.100694,0.037342,0.302083,0.055582,0.392361,0.057943,0.781024,0.021143,0.221184,0.001993,0.086207,0.001806,0.351804,0.055803,0.325334,0.075693,48
1.0,conformal_goal_validity_filter,2,0.524306,0.060733,0.477366,0.00285,0.37806,0.004177,0.09375,0.033561,0.048611,0.029111,0.114583,0.036595,0.256944,0.054985,0.361111,0.047979,0.786013,0.020062,0.221389,0.001928,0.086636,0.001912,0.409617,0.052609,0.257174,0.068135,48
1.0,conformal_goal_validity_filter,3,0.506944,0.045577,0.477536,0.003134,0.381181,0.003734,0.100694,0.036053,0.024306,0.016817,0.142361,0.044561,0.274306,0.046125,0.336806,0.050996,0.781608,0.022056,0.220646,0.001777,0.086861,0.001671,0.424561,0.039305,0.23984,0.072337,48
1.0,conformal_goal_validity_filter,4,0.524306,0.059949,0.477246,0.002782,0.377841,0.003414,0.125,0.035737,0.017361,0.017506,0.121528,0.044295,0.232639,0.058147,0.329861,0.050996,0.778476,0.021002,0.222063,0.002254,0.087033,0.001505,0.410209,0.05118,0.254546,0.071681,48
1.0,conformal_goal_validity_filter,5,0.555556,0.061,0.473403,0.003448,0.379842,0.004057,0.104167,0.037196,0.052083,0.024133,0.076389,0.033635,0.270833,0.050187,0.350694,0.048864,0.781512,0.021045,0.22254,0.002264,0.086186,0.002038,0.382496,0.052468,0.29916,0.069939,48
1.0,conformal_goal_validity_filter,6,0.569444,0.059826,0.474748,0.003481,0.377291,0.00362,0.135417,0.04087,0.024306,0.016817,0.055556,0.028078,0.28125,0.055155,0.350694,0.063214,0.776039,0.021787,0.220784,0.001784,0.085899,0.001933,0.368657,0.050775,0.327631,0.075664,48
1.0,conformal_goal_validity_filter,7,0.565972,0.060538,0.47562,0.002954,0.378256,0.004146,0.121528,0.039794,0.024306,0.016817,0.104167,0.034559,0.288194,0.057327,0.368056,0.051429,0.77883,0.021262,0.220919,0.001869,0.086695,0.001849,0.37337,0.052229,0.312684,0.076943,48
1.0,conformal_goal_validity_filter,8,0.552083,0.063151,0.477693,0.002926,0.380046,0.003941,0.128472,0.040384,0.017361,0.014556,0.090278,0.033635,0.253472,0.04561,0.347222,0.054877,0.776077,0.02126,0.221169,0.001678,0.085644,0.001816,0.384092,0.054101,0.300608,0.077568,48
1.0,conformal_goal_validity_filter,9,0.545139,0.052142,0.477002,0.003192,0.378539,0.00387,0.079861,0.033678,0.038194,0.022264,0.107639,0.032969,0.326389,0.056679,0.333333,0.049595,0.777563,0.02042,0.221718,0.001814,0.085548,0.002088,0.390403,0.044347,0.302584,0.07399,48
1.0,failure_aware_manipulation_policy,0,0.53125,0.063525,0.430703,0.002995,0.393228,0.00397,0.194444,0.044924,0.048611,0.023742,0.09375,0.038791,0.336806,0.061121,0.354167,0.053826,0.804426,0.019651,0.228773,0.00193,0.134585,0.00167,0.402408,0.054249,0.193905,0.075055,48
1.0,failure_aware_manipulation_policy,1,0.559028,0.056287,0.429186,0.002801,0.393917,0.004255,0.118056,0.038855,0.059028,0.031501,0.114583,0.035279,0.291667,0.057951,0.378472,0.053042,0.808843,0.021942,0.229372,0.001892,0.135222,0.001991,0.377918,0.047718,0.249234,0.074635,48
1.0,failure_aware_manipulation_policy,2,0.576389,0.049555,0.429054,0.003717,0.392412,0.003965,0.100694,0.037342,0.048611,0.021658,0.107639,0.034374,0.270833,0.049236,0.378472,0.057327,0.806959,0.020569,0.229384,0.002493,0.134435,0.002209,0.364325,0.042589,0.293972,0.069323,48
1.0,failure_aware_manipulation_policy,3,0.597222,0.05903,0.430659,0.002296,0.391323,0.004211,0.121528,0.034716,0.034722,0.021658,0.111111,0.038086,0.263889,0.047483,0.319444,0.063656,0.811291,0.02093,0.229938,0.002291,0.134782,0.001967,0.345752,0.050178,0.302667,0.068344,48
1.0,failure_aware_manipulation_policy,4,0.590278,0.054118,0.430156,0.003357,0.38844,0.003252,0.121528,0.033325,0.055556,0.024477,0.114583,0.039095,0.305556,0.062532,0.357639,0.055865,0.80883,0.020324,0.22837,0.001932,0.134329,0.001884,0.35331,0.046192,0.284932,0.065824,48
1.0,failure_aware_manipulation_policy,5,0.541667,0.057951,0.427594,0.002755,0.391602,0.003906,0.131944,0.038855,0.038194,0.022264,0.111111,0.039309,0.25,0.052378,0.385417,0.055155,0.80813,0.020645,0.225957,0.001783,0.134957,0.001791,0.393718,0.049527,0.250655,0.067379,48
1.0,failure_aware_manipulation_policy,6,0.59375,0.051381,0.429706,0.002699,0.389829,0.004506,0.152778,0.03746,0.045139,0.028754,0.086806,0.032243,0.326389,0.054985,0.368056,0.063003,0.810471,0.020831,0.226935,0.00214,0.134532,0.001913,0.348724,0.0439,0.298318,0.06455,48
1.0,failure_aware_manipulation_policy,7,0.475694,0.05835,0.429628,0.003193,0.394307,0.003509,0.149306,0.048864,0.055556,0.026339,0.072917,0.030613,0.336806,0.057121,0.347222,0.062909,0.807756,0.022632,0.229358,0.001832,0.134194,0.00187,0.451021,0.050152,0.180015,0.075129,48
1.0,failure_aware_manipulation_policy,8,0.520833,0.055555,0.430429,0.003034,0.391573,0.003489,0.128472,0.039196,0.059028,0.024778,0.09375,0.034942,0.322917,0.061826,0.375,0.054589,0.807348,0.021746,0.22767,0.001966,0.135021,0.001836,0.411034,0.047647,0.219953,0.062823,48
1.0,failure_aware_manipulation_policy,9,0.489583,0.052744,0.430745,0.00298,0.394193,0.003716,0.125,0.04295,0.052083,0.027778,0.083333,0.033693,0.319444,0.053125,0.361111,0.052678,0.80693,0.021764,0.227352,0.001831,0.13396,0.002001,0.438995,0.045511,0.203567,0.068046,48
1.0,goal_retargeting_heuristic,0,0.527778,0.071031,0.345365,0.004151,0.400679,0.004114,0.118056,0.035013,0.059028,0.029962,0.121528,0.040966,0.243056,0.045577,0.375,0.057951,0.878596,0.021127,0.223003,0.001985,0.15268,0.001795,0.406333,0.06118,0.211173,0.080446,48
1.0,goal_retargeting_heuristic,1,0.524306,0.054145,0.341109,0.00292,0.400734,0.004189,0.15625,0.039396,0.059028,0.026618,0.145833,0.040833,0.246528,0.057533,0.364583,0.056427,0.877427,0.02145,0.222836,0.002116,0.152417,0.001967,0.408729,0.046335,0.169378,0.068458,48
1.0,goal_retargeting_heuristic,2,0.486111,0.057405,0.345594,0.002967,0.397195,0.003736,0.152778,0.038702,0.072917,0.025561,0.145833,0.040833,0.204861,0.044825,0.385417,0.058485,0.879603,0.020946,0.224604,0.001978,0.152025,0.001873,0.44205,0.049394,0.118427,0.066259,48
1.0,goal_retargeting_heuristic,3,0.524306,0.062271,0.34399,0.002914,0.401498,0.005136,0.15625,0.04604,0.041667,0.037037,0.104167,0.044172,0.211806,0.043213,0.357639,0.055012,0.87928,0.020085,0.22343,0.001825,0.153137,0.001912,0.409566,0.053812,0.196198,0.084278,48
1.0,goal_retargeting_heuristic,4,0.496528,0.05544,0.341878,0.003766,0.398847,0.0042,0.159722,0.043452,0.027778,0.020247,0.128472,0.035391,0.204861,0.050763,0.368056,0.050501,0.87834,0.019375,0.222264,0.002094,0.153757,0.001936,0.434923,0.047999,0.173661,0.065613,48
1.0,goal_retargeting_heuristic,5,0.510417,0.057052,0.344622,0.003081,0.399629,0.003836,0.142361,0.043486,0.079861,0.030741,0.128472,0.044825,0.236111,0.054008,0.357639,0.052369,0.87929,0.02112,0.222386,0.001836,0.152188,0.001475,0.42051,0.048469,0.147762,0.070527,48
1.0,goal_retargeting_heuristic,6,0.510417,0.055369,0.341024,0.002602,0.399043,0.003771,0.152778,0.04221,0.048611,0.027439,0.111111,0.036823,0.232639,0.052142,0.34375,0.055369,0.877466,0.02066,0.22306,0.002049,0.152879,0.001804,0.419872,0.047253,0.183998,0.071406,48
1.0,goal_retargeting_heuristic,7,0.53125,0.06125,0.347482,0.003409,0.398559,0.003886,0.149306,0.043757,0.052083,0.022086,0.15625,0.036917,0.21875,0.052519,0.347222,0.059826,0.880126,0.019982,0.222634,0.002102,0.152764,0.001902,0.403123,0.052701,0.173174,0.065254,48
1.0,goal_retargeting_heuristic,8,0.534722,0.065937,0.341186,0.003,0.397874,0.00377,0.125,0.045099,0.038194,0.020027,0.135417,0.049266,0.222222,0.048955,0.395833,0.057233,0.877805,0.020799,0.222941,0.002252,0.152863,0.001828,0.398605,0.056365,0.222579,0.081738,48
1.0,goal_retargeting_heuristic,9,0.510417,0.052744,0.347183,0.003512,0.399594,0.003778,0.125,0.044038,0.052083,0.029431,0.142361,0.043486,0.211806,0.052142,0.326389,0.048591,0.880143,0.020953,0.222033,0.002121,0.151809,0.001955,0.420572,0.045145,0.180099,0.065151,48
1.0,learned_goal_state_classifier,0,0.569444,0.052227,0.497765,0.003334,0.401626,0.004126,0.114583,0.032487,0.038194,0.020027,0.079861,0.029162,0.3125,0.055555,0.364583,0.056427,0.759897,0.021438,0.216787,0.001898,0.115964,0.001972,0.369693,0.044331,0.315862,0.061058,48
1.0,learned_goal_state_classifier,1,0.579861,0.061507,0.497584,0.00324,0.401592,0.00401,0.076389,0.033635,0.055556,0.022462,0.083333,0.035069,0.357639,0.060733,0.434028,0.053042,0.755517,0.020151,0.21713,0.002133,0.116809,0.001743,0.360749,0.052555,0.333734,0.077462,48
1.0,learned_goal_state_classifier,2,0.572917,0.048541,0.496574,0.003439,0.404014,0.003907,0.107639,0.03828,0.034722,0.021658,0.083333,0.029179,0.246528,0.053264,0.375,0.053716,0.76098,0.021377,0.217133,0.001903,0.116721,0.001987,0.36746,0.041451,0.316252,0.061467,48
1.0,learned_goal_state_classifier,3,0.618056,0.058324,0.496095,0.003302,0.404517,0.00343,0.069444,0.027222,0.03125,0.020988,0.09375,0.036271,0.357639,0.057533,0.350694,0.060927,0.76545,0.020818,0.217429,0.002055,0.117549,0.001963,0.328864,0.050571,0.394684,0.068215,48
1.0,learned_goal_state_classifier,4,0.618056,0.051429,0.494001,0.003327,0.404725,0.004217,0.097222,0.033458,0.034722,0.019351,0.111111,0.031266,0.329861,0.066317,0.40625,0.051381,0.75986,0.021887,0.217209,0.002006,0.115867,0.001658,0.329977,0.044481,0.358377,0.067229,48
1.0,learned_goal_state_classifier,5,0.604167,0.051121,0.496074,0.003099,0.402107,0.003998,0.086806,0.033678,0.027778,0.020247,0.111111,0.035516,0.361111,0.057815,0.427083,0.059088,0.760267,0.021163,0.217689,0.001926,0.115269,0.001695,0.340754,0.044098,0.367674,0.063999,48
1.0,learned_goal_state_classifier,6,0.548611,0.061483,0.497253,0.003072,0.403271,0.004116,0.090278,0.036339,0.045139,0.023302,0.104167,0.037196,0.28125,0.055155,0.381944,0.054985,0.760589,0.020292,0.217015,0.002129,0.11706,0.001834,0.387345,0.052692,0.286252,0.083155,48
1.0,learned_goal_state_classifier,7,0.625,0.054589,0.496022,0.003297,0.400845,0.004152,0.118056,0.036339,0.041667,0.024797,0.083333,0.030757,0.368056,0.053236,0.340278,0.047608,0.761498,0.020463,0.216321,0.001793,0.117255,0.001754,0.322586,0.046989,0.367465,0.064251,48
1.0,learned_goal_state_classifier,8,0.611111,0.055306,0.494944,0.003077,0.403307,0.004324,0.128472,0.036703,0.045139,0.030354,0.069444,0.0305,0.315972,0.047886,0.371528,0.056913,0.759298,0.021256,0.217618,0.002066,0.116373,0.001678,0.333154,0.047069,0.342341,0.063042,48
1.0,learned_goal_state_classifier,9,0.638889,0.056991,0.495385,0.002939,0.404937,0.003562,0.128472,0.03797,0.03125,0.018598,0.090278,0.029111,0.295139,0.056076,0.423611,0.062247,0.760809,0.021996,0.215054,0.001747,0.117137,0.001646,0.310588,0.049092,0.374186,0.073073,48
1.0,oracle_goal_state_supervisor,0,0.854167,0.044172,0.738701,0.003337,0.62677,0.003773,0.0,0.0,0.0,0.0,0.0,0.0,0.555556,0.059429,0.600694,0.049346,0.562594,0.020991,0.275344,0.001234,0.031638,0.001895,0.0,0.0,0.799597,0.043399,48
1.0,oracle_goal_state_supervisor,1,0.833333,0.047649,0.738229,0.003144,0.630503,0.004198,0.0,0.0,0.0,0.0,0.0,0.0,0.482639,0.06685,0.597222,0.057405,0.566567,0.019916,0.274224,0.001609,0.032776,0.001621,0.0,0.0,0.773754,0.048146,48
1.0,oracle_goal_state_supervisor,2,0.878472,0.034716,0.735563,0.002876,0.628227,0.003482,0.0,0.0,0.0,0.0,0.0,0.0,0.517361,0.06894,0.659722,0.051429,0.566565,0.020927,0.276622,0.001869,0.032233,0.002145,0.0,0.0,0.823374,0.034541,48
1.0,oracle_goal_state_supervisor,3,0.84375,0.050918,0.738194,0.002659,0.627763,0.00357,0.0,0.0,0.0,0.0,0.0,0.0,0.583333,0.059163,0.621528,0.052142,0.562674,0.020034,0.274691,0.001754,0.032954,0.001694,0.0,0.0,0.791829,0.052276,48
1.0,oracle_goal_state_supervisor,4,0.864583,0.038485,0.739366,0.002339,0.627152,0.004613,0.0,0.0,0.0,0.0,0.0,0.0,0.541667,0.052828,0.583333,0.059957,0.563565,0.021544,0.276936,0.002013,0.031828,0.001902,0.0,0.0,0.807773,0.038667,48
1.0,oracle_goal_state_supervisor,5,0.84375,0.040579,0.737318,0.003262,0.626177,0.003734,0.0,0.0,0.0,0.0,0.0,0.0,0.527778,0.059429,0.645833,0.054697,0.563627,0.021205,0.278079,0.001975,0.032567,0.001924,0.0,0.0,0.788339,0.040618,48
1.0,oracle_goal_state_supervisor,6,0.868056,0.04235,0.738334,0.00307,0.624636,0.003267,0.0,0.0,0.0,0.0,0.0,0.0,0.524306,0.055865,0.677083,0.043937,0.561222,0.02136,0.276444,0.001837,0.03244,0.002107,0.0,0.0,0.814449,0.042908,48
1.0,oracle_goal_state_supervisor,7,0.854167,0.037196,0.739691,0.003531,0.62677,0.00379,0.0,0.0,0.0,0.0,0.0,0.0,0.552083,0.056844,0.611111,0.051772,0.558877,0.020313,0.275019,0.001723,0.031591,0.001962,0.0,0.0,0.800117,0.037926,48
1.0,oracle_goal_state_supervisor,8,0.819444,0.04221,0.737851,0.003207,0.626297,0.003487,0.0,0.0,0.0,0.0,0.0,0.0,0.572917,0.055794,0.590278,0.063749,0.564849,0.021583,0.275695,0.002114,0.032068,0.001912,0.0,0.0,0.765207,0.042098,48
1.0,oracle_goal_state_supervisor,9,0.847222,0.041074,0.735765,0.003234,0.626507,0.003722,0.0,0.0,0.0,0.0,0.0,0.0,0.524306,0.051457,0.569444,0.055732,0.566309,0.021073,0.275726,0.001791,0.031564,0.00171,0.0,0.0,0.788934,0.040319,48
1.0,pomdp_belief_planner,0,0.559028,0.06189,0.43412,0.002915,0.34646,0.003957,0.125,0.044038,0.034722,0.019351,0.107639,0.039496,0.288194,0.053926,0.3125,0.0564,0.806206,0.021348,0.22956,0.001592,0.138465,0.001956,0.378956,0.053233,0.269272,0.076778,48
1.0,pomdp_belief_planner,1,0.541667,0.056295,0.434107,0.00293,0.347096,0.003951,0.125,0.037037,0.03125,0.018598,0.121528,0.036053,0.354167,0.058053,0.263889,0.049436,0.800942,0.020719,0.227178,0.002012,0.137456,0.00179,0.393762,0.048191,0.247944,0.068751,48
1.0,pomdp_belief_planner,2,0.590278,0.057508,0.435621,0.003872,0.347193,0.004048,0.204861,0.052594,0.069444,0.027222,0.125,0.035737,0.34375,0.050918,0.326389,0.055838,0.802156,0.021639,0.227737,0.00178,0.137227,0.001642,0.352688,0.049593,0.203969,0.076654,48
1.0,pomdp_belief_planner,3,0.590278,0.054985,0.437681,0.002908,0.343071,0.004081,0.149306,0.03797,0.0625,0.028565,0.100694,0.033325,0.319444,0.049436,0.277778,0.051772,0.802479,0.02087,0.228105,0.001984,0.138261,0.001726,0.35244,0.047285,0.272753,0.064083,48
1.0,pomdp_belief_planner,4,0.510417,0.052744,0.43542,0.00291,0.347139,0.004351,0.131944,0.037618,0.0625,0.026858,0.090278,0.027439,0.288194,0.053042,0.284722,0.057508,0.806055,0.020471,0.2281,0.001982,0.137808,0.002138,0.42256,0.045314,0.200915,0.071457,48
1.0,pomdp_belief_planner,5,0.538194,0.063957,0.433447,0.003281,0.345685,0.004429,0.107639,0.03828,0.09375,0.037552,0.145833,0.038447,0.329861,0.060342,0.361111,0.056991,0.807125,0.021689,0.227769,0.001979,0.138298,0.001671,0.396458,0.054536,0.186375,0.080566,48
1.0,pomdp_belief_planner,6,0.565972,0.056496,0.435024,0.002719,0.349108,0.003465,0.138889,0.040494,0.069444,0.032013,0.107639,0.032969,0.309028,0.051457,0.357639,0.056705,0.802821,0.021184,0.227314,0.002022,0.138474,0.001495,0.373155,0.048485,0.247825,0.0704,48
1.0,pomdp_belief_planner,7,0.559028,0.064142,0.434049,0.002578,0.346196,0.003411,0.149306,0.043757,0.0625,0.028565,0.100694,0.039794,0.302083,0.058079,0.333333,0.057542,0.800876,0.02096,0.226486,0.001504,0.137622,0.001961,0.379123,0.05487,0.233173,0.071619,48
1.0,pomdp_belief_planner,8,0.503472,0.05544,0.432652,0.003183,0.344697,0.004567,0.138889,0.041646,0.059028,0.026618,0.072917,0.027349,0.315972,0.056913,0.34375,0.050918,0.804478,0.020137,0.227013,0.002178,0.137731,0.001665,0.425647,0.047521,0.205906,0.07678,48
1.0,pomdp_belief_planner,9,0.524306,0.051457,0.436012,0.003188,0.345238,0.003489,0.142361,0.040091,0.065972,0.02525,0.107639,0.042939,0.322917,0.048051,0.298611,0.050501,0.802216,0.021236,0.229554,0.0022,0.137666,0.001735,0.408326,0.043742,0.189899,0.066462,48
1.0,risk_budgeted_goal_recovery,0,0.569444,0.05903,0.483591,0.003084,0.422261,0.003752,0.086806,0.029162,0.024306,0.016817,0.076389,0.033635,0.347222,0.052227,0.444444,0.069687,0.76645,0.020649,0.246724,0.002335,0.097753,0.001814,0.369009,0.049446,0.346995,0.059997,48
1.0,risk_budgeted_goal_recovery,1,0.579861,0.053264,0.484184,0.003115,0.417817,0.003767,0.09375,0.036271,0.020833,0.015759,0.069444,0.027222,0.361111,0.055306,0.364583,0.059685,0.768239,0.021262,0.246675,0.001855,0.098216,0.0017,0.360437,0.045624,0.356739,0.068311,48
1.0,risk_budgeted_goal_recovery,2,0.600694,0.058955,0.484324,0.003293,0.419095,0.004251,0.065972,0.02525,0.045139,0.02525,0.104167,0.034559,0.288194,0.051227,0.416667,0.052378,0.765515,0.020653,0.246278,0.001931,0.095599,0.001865,0.343416,0.050709,0.35215,0.061053,48
1.0,risk_budgeted_goal_recovery,3,0.604167,0.054697,0.481534,0.002859,0.420886,0.003819,0.079861,0.035055,0.017361,0.014556,0.072917,0.032121,0.354167,0.058053,0.385417,0.053412,0.77162,0.020298,0.246537,0.00222,0.096785,0.001886,0.34104,0.047297,0.392155,0.071486,48
1.0,risk_budgeted_goal_recovery,4,0.548611,0.072105,0.480041,0.003523,0.419526,0.003661,0.114583,0.036595,0.041667,0.02281,0.090278,0.035013,0.371528,0.045868,0.378472,0.053926,0.764264,0.021249,0.245106,0.001819,0.097629,0.001624,0.38975,0.062364,0.285131,0.090592,48
1.0,risk_budgeted_goal_recovery,5,0.638889,0.049912,0.483443,0.003237,0.419202,0.00374,0.055556,0.028078,0.041667,0.02281,0.09375,0.033561,0.315972,0.050763,0.333333,0.049595,0.77081,0.020877,0.246758,0.002176,0.096867,0.00204,0.310505,0.043124,0.408418,0.065626,48
1.0,risk_budgeted_goal_recovery,6,0.642361,0.047639,0.482034,0.002854,0.417849,0.003608,0.076389,0.030693,0.027778,0.020247,0.097222,0.036175,0.319444,0.043316,0.40625,0.059883,0.769457,0.021091,0.246365,0.001582,0.097181,0.001758,0.306479,0.040315,0.408654,0.061993,48
1.0,risk_budgeted_goal_recovery,7,0.621528,0.058955,0.482859,0.003159,0.421488,0.003159,0.079861,0.032243,0.03125,0.020988,0.090278,0.030693,0.302083,0.045263,0.392361,0.064875,0.76979,0.019891,0.248099,0.001991,0.096629,0.001929,0.324879,0.050183,0.382884,0.073038,48
1.0,risk_budgeted_goal_recovery,8,0.614583,0.05429,0.482685,0.003344,0.421598,0.004182,0.09375,0.036271,0.020833,0.015759,0.114583,0.033912,0.329861,0.050996,0.402778,0.063656,0.767037,0.021753,0.246323,0.002273,0.096791,0.001766,0.330706,0.046535,0.369088,0.064837,48
1.0,risk_budgeted_goal_recovery,9,0.5625,0.053826,0.48114,0.002829,0.420358,0.003542,0.083333,0.030757,0.006944,0.009522,0.111111,0.034158,0.305556,0.044924,0.402778,0.05903,0.768857,0.020583,0.246331,0.001901,0.097868,0.00169,0.376718,0.046681,0.338289,0.062181,48
1.0,risk_calibrated_goal_belief_revision_v5,0,0.736111,0.058223,0.67474,0.002813,0.572869,0.003766,0.020833,0.015759,0.0,0.0,0.017361,0.014556,0.4375,0.061226,0.583333,0.067386,0.616002,0.020918,0.273038,0.001761,0.04772,0.001515,0.227083,0.050057,0.642519,0.061462,48
1.0,risk_calibrated_goal_belief_revision_v5,1,0.743056,0.044528,0.670896,0.003396,0.572704,0.003492,0.017361,0.014556,0.003472,0.006806,0.027778,0.017758,0.465278,0.054985,0.538194,0.074861,0.619372,0.020776,0.271028,0.001805,0.048841,0.001754,0.220142,0.038058,0.642134,0.044467,48
1.0,risk_calibrated_goal_belief_revision_v5,2,0.809028,0.038893,0.67489,0.0034,0.571628,0.003934,0.010417,0.011534,0.0,0.0,0.013889,0.01317,0.482639,0.055226,0.579861,0.049585,0.617862,0.021766,0.272639,0.001924,0.049148,0.002043,0.164505,0.033497,0.72744,0.041723,48
1.0,risk_calibrated_goal_belief_revision_v5,3,0.708333,0.050069,0.671559,0.002982,0.570178,0.00457,0.024306,0.016817,0.0,0.0,0.024306,0.016817,0.503472,0.057121,0.493056,0.058324,0.618777,0.021084,0.272096,0.001593,0.048649,0.001915,0.251152,0.04306,0.608379,0.048461,48
1.0,risk_calibrated_goal_belief_revision_v5,4,0.71875,0.056006,0.672814,0.003534,0.572739,0.003878,0.017361,0.014556,0.003472,0.006806,0.006944,0.009522,0.472222,0.064027,0.520833,0.057233,0.613107,0.020848,0.273395,0.001629,0.048892,0.001944,0.242317,0.048031,0.62992,0.060575,48
1.0,risk_calibrated_goal_belief_revision_v5,5,0.729167,0.051121,0.67184,0.003043,0.570506,0.004503,0.020833,0.015759,0.0,0.0,0.010417,0.011534,0.520833,0.047276,0.541667,0.056295,0.615773,0.020897,0.27329,0.001873,0.048566,0.001781,0.233039,0.044118,0.642894,0.051182,48
1.0,risk_calibrated_goal_belief_revision_v5,6,0.739583,0.050452,0.671954,0.003043,0.573309,0.003538,0.020833,0.018518,0.0,0.0,0.013889,0.01317,0.5,0.059957,0.559028,0.05458,0.614153,0.021251,0.274567,0.002328,0.048898,0.002074,0.223537,0.043203,0.650349,0.053828,48
1.0,risk_calibrated_goal_belief_revision_v5,7,0.774306,0.04714,0.674652,0.003367,0.574389,0.00444,0.024306,0.016817,0.0,0.0,0.013889,0.01317,0.440972,0.057943,0.572917,0.065178,0.616812,0.020993,0.273511,0.00199,0.049321,0.001564,0.194263,0.040641,0.67945,0.051255,48
1.0,risk_calibrated_goal_belief_revision_v5,8,0.770833,0.047276,0.670915,0.003471,0.572575,0.004283,0.006944,0.009522,0.003472,0.006806,0.013889,0.01317,0.451389,0.05913,0.572917,0.054072,0.61471,0.020261,0.272586,0.002074,0.048723,0.001455,0.196287,0.040264,0.685919,0.048884,48
1.0,risk_calibrated_goal_belief_revision_v5,9,0.791667,0.050069,0.670558,0.003194,0.574028,0.004073,0.020833,0.015759,0.0,0.0,0.010417,0.015088,0.517361,0.056076,0.524306,0.063026,0.61615,0.021484,0.272994,0.001658,0.048554,0.001781,0.179148,0.04308,0.70446,0.051629,48
1.0,robust_mpc_replan,0,0.611111,0.064027,0.401525,0.003172,0.385358,0.003861,0.107639,0.037024,0.045139,0.021175,0.090278,0.035013,0.25,0.03767,0.392361,0.05544,0.831569,0.021394,0.237442,0.001721,0.129875,0.001926,0.334391,0.054956,0.33159,0.080392,48
1.0,robust_mpc_replan,1,0.559028,0.053706,0.400532,0.003598,0.389288,0.003395,0.177083,0.050918,0.072917,0.029027,0.135417,0.038485,0.284722,0.047608,0.413194,0.057533,0.833224,0.020269,0.238673,0.00225,0.13021,0.002073,0.378699,0.046121,0.186609,0.072918,48
1.0,robust_mpc_replan,2,0.607639,0.061121,0.39992,0.002847,0.387902,0.003723,0.149306,0.043757,0.052083,0.024133,0.15625,0.040579,0.288194,0.04739,0.409722,0.043452,0.835253,0.02134,0.238227,0.00179,0.129215,0.001609,0.337712,0.052577,0.264726,0.074678,48
1.0,robust_mpc_replan,3,0.552083,0.061635,0.400395,0.003468,0.39122,0.004226,0.125,0.045099,0.0625,0.028565,0.138889,0.040494,0.298611,0.054118,0.333333,0.053273,0.83681,0.021321,0.237092,0.001927,0.129023,0.001754,0.385486,0.053065,0.226713,0.08513,48
1.0,robust_mpc_replan,4,0.524306,0.051457,0.401516,0.003435,0.389439,0.004014,0.121528,0.036053,0.055556,0.026339,0.107639,0.034374,0.270833,0.048266,0.381944,0.057508,0.838212,0.020377,0.238952,0.001614,0.129797,0.001892,0.410867,0.044295,0.212083,0.061075,48
1.0,robust_mpc_replan,5,0.552083,0.048784,0.39775,0.002707,0.389693,0.003607,0.118056,0.041218,0.045139,0.023302,0.111111,0.041646,0.246528,0.053264,0.357639,0.057533,0.833826,0.020368,0.239688,0.002036,0.129783,0.001745,0.384909,0.041942,0.250538,0.061938,48
1.0,robust_mpc_replan,6,0.53125,0.067845,0.400395,0.002769,0.38971,0.004076,0.125,0.040688,0.052083,0.027778,0.104167,0.034559,0.246528,0.057533,0.375,0.051005,0.83504,0.019575,0.239279,0.002045,0.128957,0.001633,0.402827,0.058374,0.229235,0.089811,48
1.0,robust_mpc_replan,7,0.5625,0.057233,0.398932,0.003028,0.390603,0.003707,0.159722,0.044528,0.076389,0.035013,0.09375,0.041158,0.315972,0.054363,0.371528,0.053486,0.832825,0.021171,0.239086,0.002043,0.129589,0.001619,0.375694,0.048865,0.217781,0.082835,48
1.0,robust_mpc_replan,8,0.572917,0.059883,0.399259,0.003109,0.390084,0.003547,0.100694,0.031875,0.041667,0.024797,0.114583,0.04257,0.274306,0.052818,0.46875,0.058079,0.836622,0.019836,0.236473,0.001882,0.129577,0.001559,0.366573,0.051692,0.293033,0.070097,48
1.0,robust_mpc_replan,9,0.538194,0.06542,0.399398,0.002896,0.391703,0.003744,0.121528,0.033325,0.034722,0.021658,0.090278,0.032198,0.295139,0.048864,0.381944,0.060709,0.83184,0.02062,0.236896,0.002198,0.130601,0.001709,0.396972,0.056215,0.266589,0.077565,48
